{
	"start":	{
		"connected":	[{
				"socket":	5,
				"local_host":	"10.45.0.4",
				"local_port":	54848,
				"remote_host":	"10.45.0.1",
				"remote_port":	5201
			}],
		"version":	"iperf 3.18",
		"system_info":	"Linux localhost 4.19.113-22299651 #1 SMP PREEMPT Fri Nov 12 10:33:08 KST 2021 aarch64",
		"timestamp":	{
			"time":	"Thu, 30 Jul 2026 06:41:17 GMT",
			"timesecs":	1785393677
		},
		"connecting_to":	{
			"host":	"10.45.0.1",
			"port":	5201
		},
		"cookie":	"s3l5s64yrwkx3dyelrb2pxk35t3vblrdrnjl",
		"target_bitrate":	200000000,
		"fq_rate":	0,
		"sock_bufsize":	0,
		"sndbuf_actual":	229376,
		"rcvbuf_actual":	229376,
		"test_start":	{
			"protocol":	"UDP",
			"num_streams":	1,
			"blksize":	1348,
			"omit":	0,
			"duration":	1800,
			"bytes":	0,
			"blocks":	0,
			"reverse":	1,
			"tos":	0,
			"target_bitrate":	200000000,
			"bidir":	0,
			"fqrate":	0,
			"interval":	1
		}
	},
	"intervals":	[{
			"streams":	[{
					"socket":	5,
					"start":	0,
					"end":	1.001055,
					"seconds":	1.0010550022125244,
					"bytes":	12491916,
					"bits_per_second":	99830007.121610373,
					"jitter_ms":	0.0638211592409462,
					"lost_packets":	0,
					"packets":	9267,
					"lost_percent":	0,
					"omitted":	false,
					"sender":	false
				}],
			"sum":	{
				"start":	0,
				"end":	1.001055,
				"seconds":	1.0010550022125244,
				"bytes":	12491916,
				"bits_per_second":	99830007.121610373,
				"jitter_ms":	0.0638211592409462,
				"lost_packets":	0,
				"packets":	9267,
				"lost_percent":	0,
				"omitted":	false,
				"sender":	false
			}
		}, {
			"streams":	[{
					"socket":	5,
					"start":	1.001055,
					"end":	2.001094,
					"seconds":	1.0000389814376831,
					"bytes":	11932496,
					"bits_per_second":	95456246.978256956,
					"jitter_ms":	0.050845881399966833,
					"lost_packets":	0,
					"packets":	8852,
					"lost_percent":	0,
					"omitted":	false,
					"sender":	false
				}],
			"sum":	{
				"start":	1.001055,
				"end":	2.001094,
				"seconds":	1.0000389814376831,
				"bytes":	11932496,
				"bits_per_second":	95456246.978256956,
				"jitter_ms":	0.050845881399966833,
				"lost_packets":	0,
				"packets":	8852,
				"lost_percent":	0,
				"omitted":	false,
				"sender":	false
			}
		}, {
			"streams":	[{
					"socket":	5,
					"start":	2.001094,
					"end":	3.001102,
					"seconds":	1.0000079870224,
					"bytes":	11905536,
					"bits_per_second":	95243527.2878141,
					"jitter_ms":	0.1032654037512593,
					"lost_packets":	0,
					"packets":	8832,
					"lost_percent":	0,
					"omitted":	false,
					"sender":	false
				}],
			"sum":	{
				"start":	2.001094,
				"end":	3.001102,
				"seconds":	1.0000079870224,
				"bytes":	11905536,
				"bits_per_second":	95243527.2878141,
				"jitter_ms":	0.1032654037512593,
				"lost_packets":	0,
				"packets":	8832,
				"lost_percent":	0,
				"omitted":	false,
				"sender":	false
			}
		}, {
			"streams":	[{
					"socket":	5,
					"start":	3.001102,
					"end":	4.001072,
					"seconds":	0.999970018863678,
					"bytes":	11995852,
					"bits_per_second":	95969693.280457,
					"jitter_ms":	0.049141727896093765,
					"lost_packets":	0,
					"packets":	8899,
					"lost_percent":	0,
					"omitted":	false,
					"sender":	false
				}],
			"sum":	{
				"start":	3.001102,
				"end":	4.001072,
				"seconds":	0.999970018863678,
				"bytes":	11995852,
				"bits_per_second":	95969693.280457,
				"jitter_ms":	0.049141727896093765,
				"lost_packets":	0,
				"packets":	8899,
				"lost_percent":	0,
				"omitted":	false,
				"sender":	false
			}
		}, {
			"streams":	[{
					"socket":	5,
					"start":	4.001072,
					"end":	5.001053,
					"seconds":	0.99998098611831665,
					"bytes":	12049772,
					"bits_per_second":	96400008.938364223,
					"jitter_ms":	0.0494658801706166,
					"lost_packets":	0,
					"packets":	8939,
					"lost_percent":	0,
					"omitted":	false,
					"sender":	false
				}],
			"sum":	{
				"start":	4.001072,
				"end":	5.001053,
				"seconds":	0.99998098611831665,
				"bytes":	12049772,
				"bits_per_second":	96400008.938364223,
				"jitter_ms":	0.0494658801706166,
				"lost_packets":	0,
				"packets":	8939,
				"lost_percent":	0,
				"omitted":	false,
				"sender":	false
			}
		}, {
			"streams":	[{
					"socket":	5,
					"start":	5.001053,
					"end":	6.001068,
					"seconds":	1.0000150203704834,
					"bytes":	12006636,
					"bits_per_second":	96051645.2687025,
					"jitter_ms":	0.093802230716952234,
					"lost_packets":	0,
					"packets":	8907,
					"lost_percent":	0,
					"omitted":	false,
					"sender":	false
				}],
			"sum":	{
				"start":	5.001053,
				"end":	6.001068,
				"seconds":	1.0000150203704834,
				"bytes":	12006636,
				"bits_per_second":	96051645.2687025,
				"jitter_ms":	0.093802230716952234,
				"lost_packets":	0,
				"packets":	8907,
				"lost_percent":	0,
				"omitted":	false,
				"sender":	false
			}
		}, {
			"streams":	[{
					"socket":	5,
					"start":	6.001068,
					"end":	7.001065,
					"seconds":	0.99999701976776123,
					"bytes":	12016072,
					"bits_per_second":	96128862.486335054,
					"jitter_ms":	0.043338612199720974,
					"lost_packets":	0,
					"packets":	8914,
					"lost_percent":	0,
					"omitted":	false,
					"sender":	false
				}],
			"sum":	{
				"start":	6.001068,
				"end":	7.001065,
				"seconds":	0.99999701976776123,
				"bytes":	12016072,
				"bits_per_second":	96128862.486335054,
				"jitter_ms":	0.043338612199720974,
				"lost_packets":	0,
				"packets":	8914,
				"lost_percent":	0,
				"omitted":	false,
				"sender":	false
			}
		}, {
			"streams":	[{
					"socket":	5,
					"start":	7.001065,
					"end":	8.001092,
					"seconds":	1.0000269412994385,
					"bytes":	10421388,
					"bits_per_second":	83368857.934634537,
					"jitter_ms":	0.042082436955900221,
					"lost_packets":	1765,
					"packets":	9496,
					"lost_percent":	18.586773378264532,
					"omitted":	false,
					"sender":	false
				}],
			"sum":	{
				"start":	7.001065,
				"end":	8.001092,
				"seconds":	1.0000269412994385,
				"bytes":	10421388,
				"bits_per_second":	83368857.934634537,
				"jitter_ms":	0.042082436955900221,
				"lost_packets":	1765,
				"packets":	9496,
				"lost_percent":	18.586773378264532,
				"omitted":	false,
				"sender":	false
			}
		}, {
			"streams":	[{
					"socket":	5,
					"start":	8.001092,
					"end":	9.001098,
					"seconds":	1.0000059604644775,
					"bytes":	12025508,
					"bits_per_second":	96203490.582511768,
					"jitter_ms":	0.0739281263168668,
					"lost_packets":	9633,
					"packets":	18554,
					"lost_percent":	51.918723725342247,
					"omitted":	false,
					"sender":	false
				}],
			"sum":	{
				"start":	8.001092,
				"end":	9.001098,
				"seconds":	1.0000059604644775,
				"bytes":	12025508,
				"bits_per_second":	96203490.582511768,
				"jitter_ms":	0.0739281263168668,
				"lost_packets":	9633,
				"packets":	18554,
				"lost_percent":	51.918723725342247,
				"omitted":	false,
				"sender":	false
			}
		}, {
			"streams":	[{
					"socket":	5,
					"start":	9.001098,
					"end":	10.001093,
					"seconds":	0.999994993209839,
					"bytes":	11850268,
					"bits_per_second":	94802618.656818345,
					"jitter_ms":	0.078398277928970667,
					"lost_packets":	9494,
					"packets":	18285,
					"lost_percent":	51.922340716434235,
					"omitted":	false,
					"sender":	false
				}],
			"sum":	{
				"start":	9.001098,
				"end":	10.001093,
				"seconds":	0.999994993209839,
				"bytes":	11850268,
				"bits_per_second":	94802618.656818345,
				"jitter_ms":	0.078398277928970667,
				"lost_packets":	9494,
				"packets":	18285,
				"lost_percent":	51.922340716434235,
				"omitted":	false,
				"sender":	false
			}
		}, {
			"streams":	[{
					"socket":	5,
					"start":	10.001093,
					"end":	11.001089,
					"seconds":	0.9999960064888,
					"bytes":	12280280,
					"bits_per_second":	98242632.333052531,
					"jitter_ms":	0.033943377150550666,
					"lost_packets":	9784,
					"packets":	18894,
					"lost_percent":	51.783635016407324,
					"omitted":	false,
					"sender":	false
				}],
			"sum":	{
				"start":	10.001093,
				"end":	11.001089,
				"seconds":	0.9999960064888,
				"bytes":	12280280,
				"bits_per_second":	98242632.333052531,
				"jitter_ms":	0.033943377150550666,
				"lost_packets":	9784,
				"packets":	18894,
				"lost_percent":	51.783635016407324,
				"omitted":	false,
				"sender":	false
			}
		}, {
			"streams":	[{
					"socket":	5,
					"start":	11.001089,
					"end":	12.001238,
					"seconds":	1.0001490116119385,
					"bytes":	11931148,
					"bits_per_second":	95434963.0823158,
					"jitter_ms":	0.07683600049371,
					"lost_packets":	9608,
					"packets":	18459,
					"lost_percent":	52.050490275746249,
					"omitted":	false,
					"sender":	false
				}],
			"sum":	{
				"start":	11.001089,
				"end":	12.001238,
				"seconds":	1.0001490116119385,
				"bytes":	11931148,
				"bits_per_second":	95434963.0823158,
				"jitter_ms":	0.07683600049371,
				"lost_packets":	9608,
				"packets":	18459,
				"lost_percent":	52.050490275746249,
				"omitted":	false,
				"sender":	false
			}
		}, {
			"streams":	[{
					"socket":	5,
					"start":	12.001238,
					"end":	13.00049,
					"seconds":	0.99925202131271362,
					"bytes":	11850268,
					"bits_per_second":	94873107.062079072,
					"jitter_ms":	0.092108561798976155,
					"lost_packets":	9493,
					"packets":	18284,
					"lost_percent":	51.919711222927148,
					"omitted":	false,
					"sender":	false
				}],
			"sum":	{
				"start":	12.001238,
				"end":	13.00049,
				"seconds":	0.99925202131271362,
				"bytes":	11850268,
				"bits_per_second":	94873107.062079072,
				"jitter_ms":	0.092108561798976155,
				"lost_packets":	9493,
				"packets":	18284,
				"lost_percent":	51.919711222927148,
				"omitted":	false,
				"sender":	false
			}
		}, {
			"streams":	[{
					"socket":	5,
					"start":	13.00049,
					"end":	14.001072,
					"seconds":	1.0005819797515869,
					"bytes":	12161656,
					"bits_per_second":	97236658.233795956,
					"jitter_ms":	0.08116101357043147,
					"lost_packets":	9711,
					"packets":	18733,
					"lost_percent":	51.839000693962525,
					"omitted":	false,
					"sender":	false
				}],
			"sum":	{
				"start":	13.00049,
				"end":	14.001072,
				"seconds":	1.0005819797515869,
				"bytes":	12161656,
				"bits_per_second":	97236658.233795956,
				"jitter_ms":	0.08116101357043147,
				"lost_packets":	9711,
				"packets":	18733,
				"lost_percent":	51.839000693962525,
				"omitted":	false,
				"sender":	false
			}
		}, {
			"streams":	[{
					"socket":	5,
					"start":	14.001072,
					"end":	15.000166,
					"seconds":	0.999094009399414,
					"bytes":	12012028,
					"bits_per_second":	96183365.2248264,
					"jitter_ms":	0.072152496739125452,
					"lost_packets":	9710,
					"packets":	18621,
					"lost_percent":	52.145427205842864,
					"omitted":	false,
					"sender":	false
				}],
			"sum":	{
				"start":	14.001072,
				"end":	15.000166,
				"seconds":	0.999094009399414,
				"bytes":	12012028,
				"bits_per_second":	96183365.2248264,
				"jitter_ms":	0.072152496739125452,
				"lost_packets":	9710,
				"packets":	18621,
				"lost_percent":	52.145427205842864,
				"omitted":	false,
				"sender":	false
			}
		}, {
			"streams":	[{
					"socket":	5,
					"start":	15.000166,
					"end":	16.001066,
					"seconds":	1.0009000301361084,
					"bytes":	12013376,
					"bits_per_second":	96020586.57839264,
					"jitter_ms":	0.081456955932040623,
					"lost_packets":	9631,
					"packets":	18543,
					"lost_percent":	51.93873698969962,
					"omitted":	false,
					"sender":	false
				}],
			"sum":	{
				"start":	15.000166,
				"end":	16.001066,
				"seconds":	1.0009000301361084,
				"bytes":	12013376,
				"bits_per_second":	96020586.57839264,
				"jitter_ms":	0.081456955932040623,
				"lost_packets":	9631,
				"packets":	18543,
				"lost_percent":	51.93873698969962,
				"omitted":	false,
				"sender":	false
			}
		}, {
			"streams":	[{
					"socket":	5,
					"start":	16.001066,
					"end":	17.001074,
					"seconds":	1.0000079870224,
					"bytes":	11858356,
					"bits_per_second":	94866090.302411765,
					"jitter_ms":	0.089827424700754055,
					"lost_packets":	9637,
					"packets":	18434,
					"lost_percent":	52.2783986112618,
					"omitted":	false,
					"sender":	false
				}],
			"sum":	{
				"start":	16.001066,
				"end":	17.001074,
				"seconds":	1.0000079870224,
				"bytes":	11858356,
				"bits_per_second":	94866090.302411765,
				"jitter_ms":	0.089827424700754055,
				"lost_packets":	9637,
				"packets":	18434,
				"lost_percent":	52.2783986112618,
				"omitted":	false,
				"sender":	false
			}
		}, {
			"streams":	[{
					"socket":	5,
					"start":	17.001074,
					"end":	18.001065,
					"seconds":	0.999990999698639,
					"bytes":	12002592,
					"bits_per_second":	96021600.2233392,
					"jitter_ms":	0.034905717390860375,
					"lost_packets":	9697,
					"packets":	18601,
					"lost_percent":	52.131605827643675,
					"omitted":	false,
					"sender":	false
				}],
			"sum":	{
				"start":	17.001074,
				"end":	18.001065,
				"seconds":	0.999990999698639,
				"bytes":	12002592,
				"bits_per_second":	96021600.2233392,
				"jitter_ms":	0.034905717390860375,
				"lost_packets":	9697,
				"packets":	18601,
				"lost_percent":	52.131605827643675,
				"omitted":	false,
				"sender":	false
			}
		}, {
			"streams":	[{
					"socket":	5,
					"start":	18.001065,
					"end":	19.00106,
					"seconds":	0.999994993209839,
					"bytes":	11816568,
					"bits_per_second":	94533017.306980953,
					"jitter_ms":	0.0774629990952112,
					"lost_packets":	9543,
					"packets":	18309,
					"lost_percent":	52.121907258725216,
					"omitted":	false,
					"sender":	false
				}],
			"sum":	{
				"start":	18.001065,
				"end":	19.00106,
				"seconds":	0.999994993209839,
				"bytes":	11816568,
				"bits_per_second":	94533017.306980953,
				"jitter_ms":	0.0774629990952112,
				"lost_packets":	9543,
				"packets":	18309,
				"lost_percent":	52.121907258725216,
				"omitted":	false,
				"sender":	false
			}
		}, {
			"streams":	[{
					"socket":	5,
					"start":	19.00106,
					"end":	20.001088,
					"seconds":	1.0000280141830444,
					"bytes":	11990460,
					"bits_per_second":	95920992.851748452,
					"jitter_ms":	0.0729576400112879,
					"lost_packets":	9651,
					"packets":	18546,
					"lost_percent":	52.0381753477839,
					"omitted":	false,
					"sender":	false
				}],
			"sum":	{
				"start":	19.00106,
				"end":	20.001088,
				"seconds":	1.0000280141830444,
				"bytes":	11990460,
				"bits_per_second":	95920992.851748452,
				"jitter_ms":	0.0729576400112879,
				"lost_packets":	9651,
				"packets":	18546,
				"lost_percent":	52.0381753477839,
				"omitted":	false,
				"sender":	false
			}
		}, {
			"streams":	[{
					"socket":	5,
					"start":	20.001088,
					"end":	21.001076,
					"seconds":	0.9999880194664,
					"bytes":	12157612,
					"bits_per_second":	97262061.2513928,
					"jitter_ms":	0.0752803835701347,
					"lost_packets":	9563,
					"packets":	18582,
					"lost_percent":	51.463782154773433,
					"omitted":	false,
					"sender":	false
				}],
			"sum":	{
				"start":	20.001088,
				"end":	21.001076,
				"seconds":	0.9999880194664,
				"bytes":	12157612,
				"bits_per_second":	97262061.2513928,
				"jitter_ms":	0.0752803835701347,
				"lost_packets":	9563,
				"packets":	18582,
				"lost_percent":	51.463782154773433,
				"omitted":	false,
				"sender":	false
			}
		}, {
			"streams":	[{
					"socket":	5,
					"start":	21.001076,
					"end":	22.000168,
					"seconds":	0.9990919828414917,
					"bytes":	11989112,
					"bits_per_second":	96000065.706879765,
					"jitter_ms":	0.097454759378756167,
					"lost_packets":	9798,
					"packets":	18692,
					"lost_percent":	52.41814680077038,
					"omitted":	false,
					"sender":	false
				}],
			"sum":	{
				"start":	21.001076,
				"end":	22.000168,
				"seconds":	0.9990919828414917,
				"bytes":	11989112,
				"bits_per_second":	96000065.706879765,
				"jitter_ms":	0.097454759378756167,
				"lost_packets":	9798,
				"packets":	18692,
				"lost_percent":	52.41814680077038,
				"omitted":	false,
				"sender":	false
			}
		}, {
			"streams":	[{
					"socket":	5,
					"start":	22.000168,
					"end":	23.001067,
					"seconds":	1.0008989572525024,
					"bytes":	12071340,
					"bits_per_second":	96483985.0219142,
					"jitter_ms":	0.0979674093086727,
					"lost_packets":	9795,
					"packets":	18750,
					"lost_percent":	52.24,
					"omitted":	false,
					"sender":	false
				}],
			"sum":	{
				"start":	22.000168,
				"end":	23.001067,
				"seconds":	1.0008989572525024,
				"bytes":	12071340,
				"bits_per_second":	96483985.0219142,
				"jitter_ms":	0.0979674093086727,
				"lost_packets":	9795,
				"packets":	18750,
				"lost_percent":	52.24,
				"omitted":	false,
				"sender":	false
			}
		}, {
			"streams":	[{
					"socket":	5,
					"start":	23.001067,
					"end":	24.000575,
					"seconds":	0.999508023262024,
					"bytes":	12006636,
					"bits_per_second":	96100367.14514637,
					"jitter_ms":	0.0663975900850232,
					"lost_packets":	9016,
					"packets":	17923,
					"lost_percent":	50.304078558277077,
					"omitted":	false,
					"sender":	false
				}],
			"sum":	{
				"start":	23.001067,
				"end":	24.000575,
				"seconds":	0.999508023262024,
				"bytes":	12006636,
				"bits_per_second":	96100367.14514637,
				"jitter_ms":	0.0663975900850232,
				"lost_packets":	9016,
				"packets":	17923,
				"lost_percent":	50.304078558277077,
				"omitted":	false,
				"sender":	false
			}
		}, {
			"streams":	[{
					"socket":	5,
					"start":	24.000575,
					"end":	25.00253,
					"seconds":	1.0019550323486328,
					"bytes":	11857008,
					"bits_per_second":	94670979.173239574,
					"jitter_ms":	0.0793857722099649,
					"lost_packets":	10023,
					"packets":	18819,
					"lost_percent":	53.260003188267177,
					"omitted":	false,
					"sender":	false
				}],
			"sum":	{
				"start":	24.000575,
				"end":	25.00253,
				"seconds":	1.0019550323486328,
				"bytes":	11857008,
				"bits_per_second":	94670979.173239574,
				"jitter_ms":	0.0793857722099649,
				"lost_packets":	10023,
				"packets":	18819,
				"lost_percent":	53.260003188267177,
				"omitted":	false,
				"sender":	false
			}
		}, {
			"streams":	[{
					"socket":	5,
					"start":	25.00253,
					"end":	26.001096,
					"seconds":	0.998565971851349,
					"bytes":	12003940,
					"bits_per_second":	96169429.66918534,
					"jitter_ms":	0.085984629945899255,
					"lost_packets":	9788,
					"packets":	18693,
					"lost_percent":	52.361846680575617,
					"omitted":	false,
					"sender":	false
				}],
			"sum":	{
				"start":	25.00253,
				"end":	26.001096,
				"seconds":	0.998565971851349,
				"bytes":	12003940,
				"bits_per_second":	96169429.66918534,
				"jitter_ms":	0.085984629945899255,
				"lost_packets":	9788,
				"packets":	18693,
				"lost_percent":	52.361846680575617,
				"omitted":	false,
				"sender":	false
			}
		}, {
			"streams":	[{
					"socket":	5,
					"start":	26.001096,
					"end":	27.001095,
					"seconds":	0.99999898672103882,
					"bytes":	12146828,
					"bits_per_second":	97174722.465101838,
					"jitter_ms":	0.072033257266099354,
					"lost_packets":	9648,
					"packets":	18659,
					"lost_percent":	51.706951069189131,
					"omitted":	false,
					"sender":	false
				}],
			"sum":	{
				"start":	26.001096,
				"end":	27.001095,
				"seconds":	0.99999898672103882,
				"bytes":	12146828,
				"bits_per_second":	97174722.465101838,
				"jitter_ms":	0.072033257266099354,
				"lost_packets":	9648,
				"packets":	18659,
				"lost_percent":	51.706951069189131,
				"omitted":	false,
				"sender":	false
			}
		}, {
			"streams":	[{
					"socket":	5,
					"start":	27.001095,
					"end":	28.000228,
					"seconds":	0.99913299083709717,
					"bytes":	12029552,
					"bits_per_second":	96319926.258636355,
					"jitter_ms":	0.086544008092151042,
					"lost_packets":	9620,
					"packets":	18544,
					"lost_percent":	51.876617773943053,
					"omitted":	false,
					"sender":	false
				}],
			"sum":	{
				"start":	27.001095,
				"end":	28.000228,
				"seconds":	0.99913299083709717,
				"bytes":	12029552,
				"bits_per_second":	96319926.258636355,
				"jitter_ms":	0.086544008092151042,
				"lost_packets":	9620,
				"packets":	18544,
				"lost_percent":	51.876617773943053,
				"omitted":	false,
				"sender":	false
			}
		}, {
			"streams":	[{
					"socket":	5,
					"start":	28.000228,
					"end":	29.001103,
					"seconds":	1.0008749961853027,
					"bytes":	11840832,
					"bits_per_second":	94643842.998414,
					"jitter_ms":	0.0810294841988984,
					"lost_packets":	9504,
					"packets":	18288,
					"lost_percent":	51.968503937007874,
					"omitted":	false,
					"sender":	false
				}],
			"sum":	{
				"start":	28.000228,
				"end":	29.001103,
				"seconds":	1.0008749961853027,
				"bytes":	11840832,
				"bits_per_second":	94643842.998414,
				"jitter_ms":	0.0810294841988984,
				"lost_packets":	9504,
				"packets":	18288,
				"lost_percent":	51.968503937007874,
				"omitted":	false,
				"sender":	false
			}
		}, {
			"streams":	[{
					"socket":	5,
					"start":	29.001103,
					"end":	30.001092,
					"seconds":	0.99998897314071655,
					"bytes":	11987764,
					"bits_per_second":	95903169.510755032,
					"jitter_ms":	0.080191466720249946,
					"lost_packets":	9800,
					"packets":	18693,
					"lost_percent":	52.426041833841545,
					"omitted":	false,
					"sender":	false
				}],
			"sum":	{
				"start":	29.001103,
				"end":	30.001092,
				"seconds":	0.99998897314071655,
				"bytes":	11987764,
				"bits_per_second":	95903169.510755032,
				"jitter_ms":	0.080191466720249946,
				"lost_packets":	9800,
				"packets":	18693,
				"lost_percent":	52.426041833841545,
				"omitted":	false,
				"sender":	false
			}
		}, {
			"streams":	[{
					"socket":	5,
					"start":	30.001092,
					"end":	31.001067,
					"seconds":	0.999975025653839,
					"bytes":	12173788,
					"bits_per_second":	97392736.3199104,
					"jitter_ms":	0.074551040216783,
					"lost_packets":	9629,
					"packets":	18660,
					"lost_percent":	51.60235798499464,
					"omitted":	false,
					"sender":	false
				}],
			"sum":	{
				"start":	30.001092,
				"end":	31.001067,
				"seconds":	0.999975025653839,
				"bytes":	12173788,
				"bits_per_second":	97392736.3199104,
				"jitter_ms":	0.074551040216783,
				"lost_packets":	9629,
				"packets":	18660,
				"lost_percent":	51.60235798499464,
				"omitted":	false,
				"sender":	false
			}
		}, {
			"streams":	[{
					"socket":	5,
					"start":	31.001067,
					"end":	32.000203,
					"seconds":	0.999135971069336,
					"bytes":	12009332,
					"bits_per_second":	96157739.0684624,
					"jitter_ms":	0.0712785330230897,
					"lost_packets":	9637,
					"packets":	18546,
					"lost_percent":	51.962687371940042,
					"omitted":	false,
					"sender":	false
				}],
			"sum":	{
				"start":	31.001067,
				"end":	32.000203,
				"seconds":	0.999135971069336,
				"bytes":	12009332,
				"bits_per_second":	96157739.0684624,
				"jitter_ms":	0.0712785330230897,
				"lost_packets":	9637,
				"packets":	18546,
				"lost_percent":	51.962687371940042,
				"omitted":	false,
				"sender":	false
			}
		}, {
			"streams":	[{
					"socket":	5,
					"start":	32.000203,
					"end":	33.001115,
					"seconds":	1.0009119510650635,
					"bytes":	11869140,
					"bits_per_second":	94866606.297348171,
					"jitter_ms":	0.08951429496210217,
					"lost_packets":	9479,
					"packets":	18284,
					"lost_percent":	51.8431415445198,
					"omitted":	false,
					"sender":	false
				}],
			"sum":	{
				"start":	32.000203,
				"end":	33.001115,
				"seconds":	1.0009119510650635,
				"bytes":	11869140,
				"bits_per_second":	94866606.297348171,
				"jitter_ms":	0.08951429496210217,
				"lost_packets":	9479,
				"packets":	18284,
				"lost_percent":	51.8431415445198,
				"omitted":	false,
				"sender":	false
			}
		}, {
			"streams":	[{
					"socket":	5,
					"start":	33.001115,
					"end":	34.0011,
					"seconds":	0.9999849796295166,
					"bytes":	11990460,
					"bits_per_second":	95925120.830853552,
					"jitter_ms":	0.041023588346807437,
					"lost_packets":	9612,
					"packets":	18507,
					"lost_percent":	51.937104879234887,
					"omitted":	false,
					"sender":	false
				}],
			"sum":	{
				"start":	33.001115,
				"end":	34.0011,
				"seconds":	0.9999849796295166,
				"bytes":	11990460,
				"bits_per_second":	95925120.830853552,
				"jitter_ms":	0.041023588346807437,
				"lost_packets":	9612,
				"packets":	18507,
				"lost_percent":	51.937104879234887,
				"omitted":	false,
				"sender":	false
			}
		}, {
			"streams":	[{
					"socket":	5,
					"start":	34.0011,
					"end":	35.001087,
					"seconds":	0.999987006187439,
					"bytes":	12148176,
					"bits_per_second":	97186670.82538414,
					"jitter_ms":	0.10611321976945363,
					"lost_packets":	9832,
					"packets":	18844,
					"lost_percent":	52.175758862237316,
					"omitted":	false,
					"sender":	false
				}],
			"sum":	{
				"start":	34.0011,
				"end":	35.001087,
				"seconds":	0.999987006187439,
				"bytes":	12148176,
				"bits_per_second":	97186670.82538414,
				"jitter_ms":	0.10611321976945363,
				"lost_packets":	9832,
				"packets":	18844,
				"lost_percent":	52.175758862237316,
				"omitted":	false,
				"sender":	false
			}
		}, {
			"streams":	[{
					"socket":	5,
					"start":	35.001087,
					"end":	36.000235,
					"seconds":	0.99914801120758057,
					"bytes":	11706032,
					"bits_per_second":	93728111.300362557,
					"jitter_ms":	0.0727633576409335,
					"lost_packets":	9420,
					"packets":	18104,
					"lost_percent":	52.03269995581087,
					"omitted":	false,
					"sender":	false
				}],
			"sum":	{
				"start":	35.001087,
				"end":	36.000235,
				"seconds":	0.99914801120758057,
				"bytes":	11706032,
				"bits_per_second":	93728111.300362557,
				"jitter_ms":	0.0727633576409335,
				"lost_packets":	9420,
				"packets":	18104,
				"lost_percent":	52.03269995581087,
				"omitted":	false,
				"sender":	false
			}
		}, {
			"streams":	[{
					"socket":	5,
					"start":	36.000235,
					"end":	37.001097,
					"seconds":	1.0008620023727417,
					"bytes":	11813872,
					"bits_per_second":	94429577.4801551,
					"jitter_ms":	0.034765801334222371,
					"lost_packets":	9479,
					"packets":	18243,
					"lost_percent":	51.959655758373074,
					"omitted":	false,
					"sender":	false
				}],
			"sum":	{
				"start":	36.000235,
				"end":	37.001097,
				"seconds":	1.0008620023727417,
				"bytes":	11813872,
				"bits_per_second":	94429577.4801551,
				"jitter_ms":	0.034765801334222371,
				"lost_packets":	9479,
				"packets":	18243,
				"lost_percent":	51.959655758373074,
				"omitted":	false,
				"sender":	false
			}
		}, {
			"streams":	[{
					"socket":	5,
					"start":	37.001097,
					"end":	38.001087,
					"seconds":	0.99998998641967773,
					"bytes":	12003940,
					"bits_per_second":	96032481.628968343,
					"jitter_ms":	0.060894329776282528,
					"lost_packets":	9649,
					"packets":	18554,
					"lost_percent":	52.004958499514927,
					"omitted":	false,
					"sender":	false
				}],
			"sum":	{
				"start":	37.001097,
				"end":	38.001087,
				"seconds":	0.99998998641967773,
				"bytes":	12003940,
				"bits_per_second":	96032481.628968343,
				"jitter_ms":	0.060894329776282528,
				"lost_packets":	9649,
				"packets":	18554,
				"lost_percent":	52.004958499514927,
				"omitted":	false,
				"sender":	false
			}
		}, {
			"streams":	[{
					"socket":	5,
					"start":	38.001087,
					"end":	39.001059,
					"seconds":	0.99997198581695557,
					"bytes":	12179180,
					"bits_per_second":	97436169.594690174,
					"jitter_ms":	0.086337334818369457,
					"lost_packets":	9842,
					"packets":	18877,
					"lost_percent":	52.1375218519892,
					"omitted":	false,
					"sender":	false
				}],
			"sum":	{
				"start":	38.001087,
				"end":	39.001059,
				"seconds":	0.99997198581695557,
				"bytes":	12179180,
				"bits_per_second":	97436169.594690174,
				"jitter_ms":	0.086337334818369457,
				"lost_packets":	9842,
				"packets":	18877,
				"lost_percent":	52.1375218519892,
				"omitted":	false,
				"sender":	false
			}
		}, {
			"streams":	[{
					"socket":	5,
					"start":	39.001059,
					"end":	40.001063,
					"seconds":	1.0000040531158447,
					"bytes":	12020116,
					"bits_per_second":	96160538.2501988,
					"jitter_ms":	0.11608579587628957,
					"lost_packets":	10034,
					"packets":	18951,
					"lost_percent":	52.947074033032557,
					"omitted":	false,
					"sender":	false
				}],
			"sum":	{
				"start":	39.001059,
				"end":	40.001063,
				"seconds":	1.0000040531158447,
				"bytes":	12020116,
				"bits_per_second":	96160538.2501988,
				"jitter_ms":	0.11608579587628957,
				"lost_packets":	10034,
				"packets":	18951,
				"lost_percent":	52.947074033032557,
				"omitted":	false,
				"sender":	false
			}
		}, {
			"streams":	[{
					"socket":	5,
					"start":	40.001063,
					"end":	41.00106,
					"seconds":	0.99999701976776123,
					"bytes":	11831396,
					"bits_per_second":	94651450.083303,
					"jitter_ms":	0.058416255497995069,
					"lost_packets":	9554,
					"packets":	18331,
					"lost_percent":	52.119360645900386,
					"omitted":	false,
					"sender":	false
				}],
			"sum":	{
				"start":	40.001063,
				"end":	41.00106,
				"seconds":	0.99999701976776123,
				"bytes":	11831396,
				"bits_per_second":	94651450.083303,
				"jitter_ms":	0.058416255497995069,
				"lost_packets":	9554,
				"packets":	18331,
				"lost_percent":	52.119360645900386,
				"omitted":	false,
				"sender":	false
			}
		}, {
			"streams":	[{
					"socket":	5,
					"start":	41.00106,
					"end":	42.001122,
					"seconds":	1.0000619888305664,
					"bytes":	12034944,
					"bits_per_second":	96273584.1131064,
					"jitter_ms":	0.081540088170493,
					"lost_packets":	9575,
					"packets":	18503,
					"lost_percent":	51.748365129978922,
					"omitted":	false,
					"sender":	false
				}],
			"sum":	{
				"start":	41.00106,
				"end":	42.001122,
				"seconds":	1.0000619888305664,
				"bytes":	12034944,
				"bits_per_second":	96273584.1131064,
				"jitter_ms":	0.081540088170493,
				"lost_packets":	9575,
				"packets":	18503,
				"lost_percent":	51.748365129978922,
				"omitted":	false,
				"sender":	false
			}
		}, {
			"streams":	[{
					"socket":	5,
					"start":	42.001122,
					"end":	43.00108,
					"seconds":	0.99995797872543335,
					"bytes":	12176484,
					"bits_per_second":	97415965.543035254,
					"jitter_ms":	0.040687593899038949,
					"lost_packets":	9616,
					"packets":	18649,
					"lost_percent":	51.563086492573326,
					"omitted":	false,
					"sender":	false
				}],
			"sum":	{
				"start":	42.001122,
				"end":	43.00108,
				"seconds":	0.99995797872543335,
				"bytes":	12176484,
				"bits_per_second":	97415965.543035254,
				"jitter_ms":	0.040687593899038949,
				"lost_packets":	9616,
				"packets":	18649,
				"lost_percent":	51.563086492573326,
				"omitted":	false,
				"sender":	false
			}
		}, {
			"streams":	[{
					"socket":	5,
					"start":	43.00108,
					"end":	44.00108,
					"seconds":	1,
					"bytes":	11975632,
					"bits_per_second":	95805056,
					"jitter_ms":	0.086934235314441721,
					"lost_packets":	9782,
					"packets":	18666,
					"lost_percent":	52.405443051537553,
					"omitted":	false,
					"sender":	false
				}],
			"sum":	{
				"start":	43.00108,
				"end":	44.00108,
				"seconds":	1,
				"bytes":	11975632,
				"bits_per_second":	95805056,
				"jitter_ms":	0.086934235314441721,
				"lost_packets":	9782,
				"packets":	18666,
				"lost_percent":	52.405443051537553,
				"omitted":	false,
				"sender":	false
			}
		}, {
			"streams":	[{
					"socket":	5,
					"start":	44.00108,
					"end":	45.000165,
					"seconds":	0.999085009098053,
					"bytes":	11839484,
					"bits_per_second":	94802615.53069137,
					"jitter_ms":	0.032684390516258752,
					"lost_packets":	9537,
					"packets":	18320,
					"lost_percent":	52.057860262008731,
					"omitted":	false,
					"sender":	false
				}],
			"sum":	{
				"start":	44.00108,
				"end":	45.000165,
				"seconds":	0.999085009098053,
				"bytes":	11839484,
				"bits_per_second":	94802615.53069137,
				"jitter_ms":	0.032684390516258752,
				"lost_packets":	9537,
				"packets":	18320,
				"lost_percent":	52.057860262008731,
				"omitted":	false,
				"sender":	false
			}
		}, {
			"streams":	[{
					"socket":	5,
					"start":	45.000165,
					"end":	46.00017,
					"seconds":	1.0000050067901611,
					"bytes":	12006636,
					"bits_per_second":	96052607.0847519,
					"jitter_ms":	0.040562556979795349,
					"lost_packets":	9637,
					"packets":	18544,
					"lost_percent":	51.968291630716138,
					"omitted":	false,
					"sender":	false
				}],
			"sum":	{
				"start":	45.000165,
				"end":	46.00017,
				"seconds":	1.0000050067901611,
				"bytes":	12006636,
				"bits_per_second":	96052607.0847519,
				"jitter_ms":	0.040562556979795349,
				"lost_packets":	9637,
				"packets":	18544,
				"lost_percent":	51.968291630716138,
				"omitted":	false,
				"sender":	false
			}
		}, {
			"streams":	[{
					"socket":	5,
					"start":	46.00017,
					"end":	47.000255,
					"seconds":	1.00008499622345,
					"bytes":	12177832,
					"bits_per_second":	97414376.1459179,
					"jitter_ms":	0.087578832822701722,
					"lost_packets":	9739,
					"packets":	18773,
					"lost_percent":	51.877696692057739,
					"omitted":	false,
					"sender":	false
				}],
			"sum":	{
				"start":	46.00017,
				"end":	47.000255,
				"seconds":	1.00008499622345,
				"bytes":	12177832,
				"bits_per_second":	97414376.1459179,
				"jitter_ms":	0.087578832822701722,
				"lost_packets":	9739,
				"packets":	18773,
				"lost_percent":	51.877696692057739,
				"omitted":	false,
				"sender":	false
			}
		}, {
			"streams":	[{
					"socket":	5,
					"start":	47.000255,
					"end":	48.000247,
					"seconds":	0.9999920129776,
					"bytes":	12009332,
					"bits_per_second":	96075423.356558427,
					"jitter_ms":	0.074263531765305452,
					"lost_packets":	9677,
					"packets":	18586,
					"lost_percent":	52.0660712364145,
					"omitted":	false,
					"sender":	false
				}],
			"sum":	{
				"start":	47.000255,
				"end":	48.000247,
				"seconds":	0.9999920129776,
				"bytes":	12009332,
				"bits_per_second":	96075423.356558427,
				"jitter_ms":	0.074263531765305452,
				"lost_packets":	9677,
				"packets":	18586,
				"lost_percent":	52.0660712364145,
				"omitted":	false,
				"sender":	false
			}
		}, {
			"streams":	[{
					"socket":	5,
					"start":	48.000247,
					"end":	49.000202,
					"seconds":	0.99995499849319458,
					"bytes":	12148176,
					"bits_per_second":	97189781.686622,
					"jitter_ms":	0.045863022329855688,
					"lost_packets":	9894,
					"packets":	18906,
					"lost_percent":	52.332592827673757,
					"omitted":	false,
					"sender":	false
				}],
			"sum":	{
				"start":	48.000247,
				"end":	49.000202,
				"seconds":	0.99995499849319458,
				"bytes":	12148176,
				"bits_per_second":	97189781.686622,
				"jitter_ms":	0.045863022329855688,
				"lost_packets":	9894,
				"packets":	18906,
				"lost_percent":	52.332592827673757,
				"omitted":	false,
				"sender":	false
			}
		}, {
			"streams":	[{
					"socket":	5,
					"start":	49.000202,
					"end":	50.001111,
					"seconds":	1.0009089708328247,
					"bytes":	11683116,
					"bits_per_second":	93380048.2597641,
					"jitter_ms":	0.034579828423609932,
					"lost_packets":	9234,
					"packets":	17901,
					"lost_percent":	51.58371040723982,
					"omitted":	false,
					"sender":	false
				}],
			"sum":	{
				"start":	49.000202,
				"end":	50.001111,
				"seconds":	1.0009089708328247,
				"bytes":	11683116,
				"bits_per_second":	93380048.2597641,
				"jitter_ms":	0.034579828423609932,
				"lost_packets":	9234,
				"packets":	17901,
				"lost_percent":	51.58371040723982,
				"omitted":	false,
				"sender":	false
			}
		}, {
			"streams":	[{
					"socket":	5,
					"start":	50.001111,
					"end":	51.001093,
					"seconds":	0.99998199939727783,
					"bytes":	12183224,
					"bits_per_second":	97467546.4745824,
					"jitter_ms":	0.067637099303600831,
					"lost_packets":	9795,
					"packets":	18833,
					"lost_percent":	52.009770084426272,
					"omitted":	false,
					"sender":	false
				}],
			"sum":	{
				"start":	50.001111,
				"end":	51.001093,
				"seconds":	0.99998199939727783,
				"bytes":	12183224,
				"bits_per_second":	97467546.4745824,
				"jitter_ms":	0.067637099303600831,
				"lost_packets":	9795,
				"packets":	18833,
				"lost_percent":	52.009770084426272,
				"omitted":	false,
				"sender":	false
			}
		}, {
			"streams":	[{
					"socket":	5,
					"start":	51.001093,
					"end":	52.001145,
					"seconds":	1.0000519752502441,
					"bytes":	12059208,
					"bits_per_second":	96468650.0177746,
					"jitter_ms":	0.042599966258339388,
					"lost_packets":	9571,
					"packets":	18517,
					"lost_percent":	51.687638386347679,
					"omitted":	false,
					"sender":	false
				}],
			"sum":	{
				"start":	51.001093,
				"end":	52.001145,
				"seconds":	1.0000519752502441,
				"bytes":	12059208,
				"bits_per_second":	96468650.0177746,
				"jitter_ms":	0.042599966258339388,
				"lost_packets":	9571,
				"packets":	18517,
				"lost_percent":	51.687638386347679,
				"omitted":	false,
				"sender":	false
			}
		}, {
			"streams":	[{
					"socket":	5,
					"start":	52.001145,
					"end":	53.001073,
					"seconds":	0.99992799758911133,
					"bytes":	12246580,
					"bits_per_second":	97979694.7742419,
					"jitter_ms":	0.0491413243384552,
					"lost_packets":	9811,
					"packets":	18896,
					"lost_percent":	51.921041490262489,
					"omitted":	false,
					"sender":	false
				}],
			"sum":	{
				"start":	52.001145,
				"end":	53.001073,
				"seconds":	0.99992799758911133,
				"bytes":	12246580,
				"bits_per_second":	97979694.7742419,
				"jitter_ms":	0.0491413243384552,
				"lost_packets":	9811,
				"packets":	18896,
				"lost_percent":	51.921041490262489,
				"omitted":	false,
				"sender":	false
			}
		}, {
			"streams":	[{
					"socket":	5,
					"start":	53.001073,
					"end":	54.001076,
					"seconds":	1.0000029802322388,
					"bytes":	11679072,
					"bits_per_second":	93432297.5500547,
					"jitter_ms":	0.074967443651509952,
					"lost_packets":	9076,
					"packets":	17740,
					"lost_percent":	51.161217587373166,
					"omitted":	false,
					"sender":	false
				}],
			"sum":	{
				"start":	53.001073,
				"end":	54.001076,
				"seconds":	1.0000029802322388,
				"bytes":	11679072,
				"bits_per_second":	93432297.5500547,
				"jitter_ms":	0.074967443651509952,
				"lost_packets":	9076,
				"packets":	17740,
				"lost_percent":	51.161217587373166,
				"omitted":	false,
				"sender":	false
			}
		}, {
			"streams":	[{
					"socket":	5,
					"start":	54.001076,
					"end":	55.001078,
					"seconds":	1.0000020265579224,
					"bytes":	12086168,
					"bits_per_second":	96689148.053841,
					"jitter_ms":	0.0941357462958517,
					"lost_packets":	10060,
					"packets":	19026,
					"lost_percent":	52.8750131399138,
					"omitted":	false,
					"sender":	false
				}],
			"sum":	{
				"start":	54.001076,
				"end":	55.001078,
				"seconds":	1.0000020265579224,
				"bytes":	12086168,
				"bits_per_second":	96689148.053841,
				"jitter_ms":	0.0941357462958517,
				"lost_packets":	10060,
				"packets":	19026,
				"lost_percent":	52.8750131399138,
				"omitted":	false,
				"sender":	false
			}
		}, {
			"streams":	[{
					"socket":	5,
					"start":	55.001078,
					"end":	56.000207,
					"seconds":	0.99912899732589722,
					"bytes":	11711424,
					"bits_per_second":	93773068.593503758,
					"jitter_ms":	0.083957326083027722,
					"lost_packets":	9415,
					"packets":	18103,
					"lost_percent":	52.007954482682429,
					"omitted":	false,
					"sender":	false
				}],
			"sum":	{
				"start":	55.001078,
				"end":	56.000207,
				"seconds":	0.99912899732589722,
				"bytes":	11711424,
				"bits_per_second":	93773068.593503758,
				"jitter_ms":	0.083957326083027722,
				"lost_packets":	9415,
				"packets":	18103,
				"lost_percent":	52.007954482682429,
				"omitted":	false,
				"sender":	false
			}
		}, {
			"streams":	[{
					"socket":	5,
					"start":	56.000207,
					"end":	57.001089,
					"seconds":	1.0008820295333862,
					"bytes":	11997200,
					"bits_per_second":	95893019.5247336,
					"jitter_ms":	0.0689216805935767,
					"lost_packets":	9647,
					"packets":	18547,
					"lost_percent":	52.01380277133768,
					"omitted":	false,
					"sender":	false
				}],
			"sum":	{
				"start":	56.000207,
				"end":	57.001089,
				"seconds":	1.0008820295333862,
				"bytes":	11997200,
				"bits_per_second":	95893019.5247336,
				"jitter_ms":	0.0689216805935767,
				"lost_packets":	9647,
				"packets":	18547,
				"lost_percent":	52.01380277133768,
				"omitted":	false,
				"sender":	false
			}
		}, {
			"streams":	[{
					"socket":	5,
					"start":	57.001089,
					"end":	58.000169,
					"seconds":	0.999080002307892,
					"bytes":	12038988,
					"bits_per_second":	96400592.3224545,
					"jitter_ms":	0.0703632160730064,
					"lost_packets":	9615,
					"packets":	18546,
					"lost_percent":	51.844063409899711,
					"omitted":	false,
					"sender":	false
				}],
			"sum":	{
				"start":	57.001089,
				"end":	58.000169,
				"seconds":	0.999080002307892,
				"bytes":	12038988,
				"bits_per_second":	96400592.3224545,
				"jitter_ms":	0.0703632160730064,
				"lost_packets":	9615,
				"packets":	18546,
				"lost_percent":	51.844063409899711,
				"omitted":	false,
				"sender":	false
			}
		}, {
			"streams":	[{
					"socket":	5,
					"start":	58.000169,
					"end":	59.001065,
					"seconds":	1.0008959770202637,
					"bytes":	11959456,
					"bits_per_second":	95590001.555239543,
					"jitter_ms":	0.0523374318530162,
					"lost_packets":	9680,
					"packets":	18552,
					"lost_percent":	52.177662785683488,
					"omitted":	false,
					"sender":	false
				}],
			"sum":	{
				"start":	58.000169,
				"end":	59.001065,
				"seconds":	1.0008959770202637,
				"bytes":	11959456,
				"bits_per_second":	95590001.555239543,
				"jitter_ms":	0.0523374318530162,
				"lost_packets":	9680,
				"packets":	18552,
				"lost_percent":	52.177662785683488,
				"omitted":	false,
				"sender":	false
			}
		}, {
			"streams":	[{
					"socket":	5,
					"start":	59.001065,
					"end":	60.001104,
					"seconds":	1.0000389814376831,
					"bytes":	11919016,
					"bits_per_second":	95348411.181851327,
					"jitter_ms":	0.082572290463254844,
					"lost_packets":	9862,
					"packets":	18704,
					"lost_percent":	52.726689478186486,
					"omitted":	false,
					"sender":	false
				}],
			"sum":	{
				"start":	59.001065,
				"end":	60.001104,
				"seconds":	1.0000389814376831,
				"bytes":	11919016,
				"bits_per_second":	95348411.181851327,
				"jitter_ms":	0.082572290463254844,
				"lost_packets":	9862,
				"packets":	18704,
				"lost_percent":	52.726689478186486,
				"omitted":	false,
				"sender":	false
			}
		}, {
			"streams":	[{
					"socket":	5,
					"start":	60.001104,
					"end":	61.002047,
					"seconds":	1.0009429454803467,
					"bytes":	12017420,
					"bits_per_second":	96048791.2264203,
					"jitter_ms":	0.084246277460634,
					"lost_packets":	9649,
					"packets":	18564,
					"lost_percent":	51.976944624003444,
					"omitted":	false,
					"sender":	false
				}],
			"sum":	{
				"start":	60.001104,
				"end":	61.002047,
				"seconds":	1.0009429454803467,
				"bytes":	12017420,
				"bits_per_second":	96048791.2264203,
				"jitter_ms":	0.084246277460634,
				"lost_packets":	9649,
				"packets":	18564,
				"lost_percent":	51.976944624003444,
				"omitted":	false,
				"sender":	false
			}
		}, {
			"streams":	[{
					"socket":	5,
					"start":	61.002047,
					"end":	62.001061,
					"seconds":	0.99901401996612549,
					"bytes":	12180528,
					"bits_per_second":	97540396.883823648,
					"jitter_ms":	0.055542456674930643,
					"lost_packets":	9777,
					"packets":	18813,
					"lost_percent":	51.969382873544888,
					"omitted":	false,
					"sender":	false
				}],
			"sum":	{
				"start":	61.002047,
				"end":	62.001061,
				"seconds":	0.99901401996612549,
				"bytes":	12180528,
				"bits_per_second":	97540396.883823648,
				"jitter_ms":	0.055542456674930643,
				"lost_packets":	9777,
				"packets":	18813,
				"lost_percent":	51.969382873544888,
				"omitted":	false,
				"sender":	false
			}
		}, {
			"streams":	[{
					"socket":	5,
					"start":	62.001061,
					"end":	63.001087,
					"seconds":	1.0000259876251221,
					"bytes":	11991808,
					"bits_per_second":	95931970.9559016,
					"jitter_ms":	0.037066173510886,
					"lost_packets":	9621,
					"packets":	18517,
					"lost_percent":	51.9576605281633,
					"omitted":	false,
					"sender":	false
				}],
			"sum":	{
				"start":	62.001061,
				"end":	63.001087,
				"seconds":	1.0000259876251221,
				"bytes":	11991808,
				"bits_per_second":	95931970.9559016,
				"jitter_ms":	0.037066173510886,
				"lost_packets":	9621,
				"packets":	18517,
				"lost_percent":	51.9576605281633,
				"omitted":	false,
				"sender":	false
			}
		}, {
			"streams":	[{
					"socket":	5,
					"start":	63.001087,
					"end":	64.001134,
					"seconds":	1.000046968460083,
					"bytes":	11857008,
					"bits_per_second":	94851608.965990469,
					"jitter_ms":	0.087844872024520473,
					"lost_packets":	9326,
					"packets":	18122,
					"lost_percent":	51.462311003200533,
					"omitted":	false,
					"sender":	false
				}],
			"sum":	{
				"start":	63.001087,
				"end":	64.001134,
				"seconds":	1.000046968460083,
				"bytes":	11857008,
				"bits_per_second":	94851608.965990469,
				"jitter_ms":	0.087844872024520473,
				"lost_packets":	9326,
				"packets":	18122,
				"lost_percent":	51.462311003200533,
				"omitted":	false,
				"sender":	false
			}
		}, {
			"streams":	[{
					"socket":	5,
					"start":	64.001134,
					"end":	65.001112,
					"seconds":	0.999978005886078,
					"bytes":	11987764,
					"bits_per_second":	95904221.3283695,
					"jitter_ms":	0.084016890237685576,
					"lost_packets":	9839,
					"packets":	18732,
					"lost_percent":	52.5250907537903,
					"omitted":	false,
					"sender":	false
				}],
			"sum":	{
				"start":	64.001134,
				"end":	65.001112,
				"seconds":	0.999978005886078,
				"bytes":	11987764,
				"bits_per_second":	95904221.3283695,
				"jitter_ms":	0.084016890237685576,
				"lost_packets":	9839,
				"packets":	18732,
				"lost_percent":	52.5250907537903,
				"omitted":	false,
				"sender":	false
			}
		}, {
			"streams":	[{
					"socket":	5,
					"start":	65.001112,
					"end":	66.001086,
					"seconds":	0.999974012374878,
					"bytes":	12157612,
					"bits_per_second":	97263423.6453918,
					"jitter_ms":	0.07287169561914264,
					"lost_packets":	9789,
					"packets":	18808,
					"lost_percent":	52.047001276052747,
					"omitted":	false,
					"sender":	false
				}],
			"sum":	{
				"start":	65.001112,
				"end":	66.001086,
				"seconds":	0.999974012374878,
				"bytes":	12157612,
				"bits_per_second":	97263423.6453918,
				"jitter_ms":	0.07287169561914264,
				"lost_packets":	9789,
				"packets":	18808,
				"lost_percent":	52.047001276052747,
				"omitted":	false,
				"sender":	false
			}
		}, {
			"streams":	[{
					"socket":	5,
					"start":	66.001086,
					"end":	67.000289,
					"seconds":	0.99920302629470825,
					"bytes":	12013376,
					"bits_per_second":	96183663.850967839,
					"jitter_ms":	0.0811854479636795,
					"lost_packets":	9632,
					"packets":	18544,
					"lost_percent":	51.94132873166523,
					"omitted":	false,
					"sender":	false
				}],
			"sum":	{
				"start":	66.001086,
				"end":	67.000289,
				"seconds":	0.99920302629470825,
				"bytes":	12013376,
				"bits_per_second":	96183663.850967839,
				"jitter_ms":	0.0811854479636795,
				"lost_packets":	9632,
				"packets":	18544,
				"lost_percent":	51.94132873166523,
				"omitted":	false,
				"sender":	false
			}
		}, {
			"streams":	[{
					"socket":	5,
					"start":	67.000289,
					"end":	68.001077,
					"seconds":	1.0007879734039307,
					"bytes":	11852964,
					"bits_per_second":	94749052.266766146,
					"jitter_ms":	0.076116248517376472,
					"lost_packets":	9494,
					"packets":	18287,
					"lost_percent":	51.9166621096954,
					"omitted":	false,
					"sender":	false
				}],
			"sum":	{
				"start":	67.000289,
				"end":	68.001077,
				"seconds":	1.0007879734039307,
				"bytes":	11852964,
				"bits_per_second":	94749052.266766146,
				"jitter_ms":	0.076116248517376472,
				"lost_packets":	9494,
				"packets":	18287,
				"lost_percent":	51.9166621096954,
				"omitted":	false,
				"sender":	false
			}
		}, {
			"streams":	[{
					"socket":	5,
					"start":	68.001077,
					"end":	69.001097,
					"seconds":	1.0000200271606445,
					"bytes":	11994504,
					"bits_per_second":	95954110.3116183,
					"jitter_ms":	0.0793731327525766,
					"lost_packets":	9648,
					"packets":	18546,
					"lost_percent":	52.0219993529602,
					"omitted":	false,
					"sender":	false
				}],
			"sum":	{
				"start":	68.001077,
				"end":	69.001097,
				"seconds":	1.0000200271606445,
				"bytes":	11994504,
				"bits_per_second":	95954110.3116183,
				"jitter_ms":	0.0793731327525766,
				"lost_packets":	9648,
				"packets":	18546,
				"lost_percent":	52.0219993529602,
				"omitted":	false,
				"sender":	false
			}
		}, {
			"streams":	[{
					"socket":	5,
					"start":	69.001097,
					"end":	70.000192,
					"seconds":	0.99909502267837524,
					"bytes":	12185920,
					"bits_per_second":	97575663.762847856,
					"jitter_ms":	0.035107457078336041,
					"lost_packets":	9762,
					"packets":	18802,
					"lost_percent":	51.920008509733,
					"omitted":	false,
					"sender":	false
				}],
			"sum":	{
				"start":	69.001097,
				"end":	70.000192,
				"seconds":	0.99909502267837524,
				"bytes":	12185920,
				"bits_per_second":	97575663.762847856,
				"jitter_ms":	0.035107457078336041,
				"lost_packets":	9762,
				"packets":	18802,
				"lost_percent":	51.920008509733,
				"omitted":	false,
				"sender":	false
			}
		}, {
			"streams":	[{
					"socket":	5,
					"start":	70.000192,
					"end":	71.000196,
					"seconds":	1.0000040531158447,
					"bytes":	11976980,
					"bits_per_second":	95815451.64887476,
					"jitter_ms":	0.039472504121264025,
					"lost_packets":	9640,
					"packets":	18525,
					"lost_percent":	52.037786774628877,
					"omitted":	false,
					"sender":	false
				}],
			"sum":	{
				"start":	70.000192,
				"end":	71.000196,
				"seconds":	1.0000040531158447,
				"bytes":	11976980,
				"bits_per_second":	95815451.64887476,
				"jitter_ms":	0.039472504121264025,
				"lost_packets":	9640,
				"packets":	18525,
				"lost_percent":	52.037786774628877,
				"omitted":	false,
				"sender":	false
			}
		}, {
			"streams":	[{
					"socket":	5,
					"start":	71.000196,
					"end":	72.003758,
					"seconds":	1.0035619735717773,
					"bytes":	11866444,
					"bits_per_second":	94594608.504474431,
					"jitter_ms":	0.090029768006173377,
					"lost_packets":	9507,
					"packets":	18310,
					"lost_percent":	51.922446750409613,
					"omitted":	false,
					"sender":	false
				}],
			"sum":	{
				"start":	71.000196,
				"end":	72.003758,
				"seconds":	1.0035619735717773,
				"bytes":	11866444,
				"bits_per_second":	94594608.504474431,
				"jitter_ms":	0.090029768006173377,
				"lost_packets":	9507,
				"packets":	18310,
				"lost_percent":	51.922446750409613,
				"omitted":	false,
				"sender":	false
			}
		}, {
			"streams":	[{
					"socket":	5,
					"start":	72.003758,
					"end":	73.001088,
					"seconds":	0.99733000993728638,
					"bytes":	11831396,
					"bits_per_second":	94904562.238081872,
					"jitter_ms":	0.088796914528258844,
					"lost_packets":	9583,
					"packets":	18360,
					"lost_percent":	52.194989106753816,
					"omitted":	false,
					"sender":	false
				}],
			"sum":	{
				"start":	72.003758,
				"end":	73.001088,
				"seconds":	0.99733000993728638,
				"bytes":	11831396,
				"bits_per_second":	94904562.238081872,
				"jitter_ms":	0.088796914528258844,
				"lost_packets":	9583,
				"packets":	18360,
				"lost_percent":	52.194989106753816,
				"omitted":	false,
				"sender":	false
			}
		}, {
			"streams":	[{
					"socket":	5,
					"start":	73.001088,
					"end":	74.001106,
					"seconds":	1.0000180006027222,
					"bytes":	12555272,
					"bits_per_second":	100440368.01283813,
					"jitter_ms":	0.040762886985749085,
					"lost_packets":	9968,
					"packets":	19282,
					"lost_percent":	51.6958821698994,
					"omitted":	false,
					"sender":	false
				}],
			"sum":	{
				"start":	73.001088,
				"end":	74.001106,
				"seconds":	1.0000180006027222,
				"bytes":	12555272,
				"bits_per_second":	100440368.01283813,
				"jitter_ms":	0.040762886985749085,
				"lost_packets":	9968,
				"packets":	19282,
				"lost_percent":	51.6958821698994,
				"omitted":	false,
				"sender":	false
			}
		}, {
			"streams":	[{
					"socket":	5,
					"start":	74.001106,
					"end":	75.001078,
					"seconds":	0.99997198581695557,
					"bytes":	11444520,
					"bits_per_second":	91558724.942879871,
					"jitter_ms":	0.067895633528775645,
					"lost_packets":	9324,
					"packets":	17814,
					"lost_percent":	52.340855506904681,
					"omitted":	false,
					"sender":	false
				}],
			"sum":	{
				"start":	74.001106,
				"end":	75.001078,
				"seconds":	0.99997198581695557,
				"bytes":	11444520,
				"bits_per_second":	91558724.942879871,
				"jitter_ms":	0.067895633528775645,
				"lost_packets":	9324,
				"packets":	17814,
				"lost_percent":	52.340855506904681,
				"omitted":	false,
				"sender":	false
			}
		}, {
			"streams":	[{
					"socket":	5,
					"start":	75.001078,
					"end":	76.001224,
					"seconds":	1.0001460313797,
					"bytes":	12109084,
					"bits_per_second":	96858527.6155766,
					"jitter_ms":	0.0945764701191495,
					"lost_packets":	9745,
					"packets":	18728,
					"lost_percent":	52.034387014096538,
					"omitted":	false,
					"sender":	false
				}],
			"sum":	{
				"start":	75.001078,
				"end":	76.001224,
				"seconds":	1.0001460313797,
				"bytes":	12109084,
				"bits_per_second":	96858527.6155766,
				"jitter_ms":	0.0945764701191495,
				"lost_packets":	9745,
				"packets":	18728,
				"lost_percent":	52.034387014096538,
				"omitted":	false,
				"sender":	false
			}
		}, {
			"streams":	[{
					"socket":	5,
					"start":	76.001224,
					"end":	77.000188,
					"seconds":	0.998964011669159,
					"bytes":	11964848,
					"bits_per_second":	95818050.3820798,
					"jitter_ms":	0.087594637985348528,
					"lost_packets":	9818,
					"packets":	18694,
					"lost_percent":	52.519524981277414,
					"omitted":	false,
					"sender":	false
				}],
			"sum":	{
				"start":	76.001224,
				"end":	77.000188,
				"seconds":	0.998964011669159,
				"bytes":	11964848,
				"bits_per_second":	95818050.3820798,
				"jitter_ms":	0.087594637985348528,
				"lost_packets":	9818,
				"packets":	18694,
				"lost_percent":	52.519524981277414,
				"omitted":	false,
				"sender":	false
			}
		}, {
			"streams":	[{
					"socket":	5,
					"start":	77.000188,
					"end":	78.001111,
					"seconds":	1.0009230375289917,
					"bytes":	11857008,
					"bits_per_second":	94768589.0357504,
					"jitter_ms":	0.063432550594481329,
					"lost_packets":	9421,
					"packets":	18217,
					"lost_percent":	51.7154306417083,
					"omitted":	false,
					"sender":	false
				}],
			"sum":	{
				"start":	77.000188,
				"end":	78.001111,
				"seconds":	1.0009230375289917,
				"bytes":	11857008,
				"bits_per_second":	94768589.0357504,
				"jitter_ms":	0.063432550594481329,
				"lost_packets":	9421,
				"packets":	18217,
				"lost_percent":	51.7154306417083,
				"omitted":	false,
				"sender":	false
			}
		}, {
			"streams":	[{
					"socket":	5,
					"start":	78.001111,
					"end":	79.001068,
					"seconds":	0.999957025051117,
					"bytes":	12013376,
					"bits_per_second":	96111138.3712586,
					"jitter_ms":	0.074719710525487731,
					"lost_packets":	9780,
					"packets":	18692,
					"lost_percent":	52.321848919323777,
					"omitted":	false,
					"sender":	false
				}],
			"sum":	{
				"start":	78.001111,
				"end":	79.001068,
				"seconds":	0.999957025051117,
				"bytes":	12013376,
				"bits_per_second":	96111138.3712586,
				"jitter_ms":	0.074719710525487731,
				"lost_packets":	9780,
				"packets":	18692,
				"lost_percent":	52.321848919323777,
				"omitted":	false,
				"sender":	false
			}
		}, {
			"streams":	[{
					"socket":	5,
					"start":	79.001068,
					"end":	80.001164,
					"seconds":	1.0000959634780884,
					"bytes":	12141436,
					"bits_per_second":	97122167.8189766,
					"jitter_ms":	0.0829992327578322,
					"lost_packets":	9575,
					"packets":	18582,
					"lost_percent":	51.528360779248736,
					"omitted":	false,
					"sender":	false
				}],
			"sum":	{
				"start":	79.001068,
				"end":	80.001164,
				"seconds":	1.0000959634780884,
				"bytes":	12141436,
				"bits_per_second":	97122167.8189766,
				"jitter_ms":	0.0829992327578322,
				"lost_packets":	9575,
				"packets":	18582,
				"lost_percent":	51.528360779248736,
				"omitted":	false,
				"sender":	false
			}
		}, {
			"streams":	[{
					"socket":	5,
					"start":	80.001164,
					"end":	81.001062,
					"seconds":	0.99989801645278931,
					"bytes":	11999896,
					"bits_per_second":	96008959.3342369,
					"jitter_ms":	0.0800563213771848,
					"lost_packets":	9792,
					"packets":	18694,
					"lost_percent":	52.380442922862947,
					"omitted":	false,
					"sender":	false
				}],
			"sum":	{
				"start":	80.001164,
				"end":	81.001062,
				"seconds":	0.99989801645278931,
				"bytes":	11999896,
				"bits_per_second":	96008959.3342369,
				"jitter_ms":	0.0800563213771848,
				"lost_packets":	9792,
				"packets":	18694,
				"lost_percent":	52.380442922862947,
				"omitted":	false,
				"sender":	false
			}
		}, {
			"streams":	[{
					"socket":	5,
					"start":	81.001062,
					"end":	82.000216,
					"seconds":	0.999153971672058,
					"bytes":	12068644,
					"bits_per_second":	96630904.4825469,
					"jitter_ms":	0.08618524642598914,
					"lost_packets":	9704,
					"packets":	18657,
					"lost_percent":	52.012649407729,
					"omitted":	false,
					"sender":	false
				}],
			"sum":	{
				"start":	81.001062,
				"end":	82.000216,
				"seconds":	0.999153971672058,
				"bytes":	12068644,
				"bits_per_second":	96630904.4825469,
				"jitter_ms":	0.08618524642598914,
				"lost_packets":	9704,
				"packets":	18657,
				"lost_percent":	52.012649407729,
				"omitted":	false,
				"sender":	false
			}
		}, {
			"streams":	[{
					"socket":	5,
					"start":	82.000216,
					"end":	83.001089,
					"seconds":	1.0008729696273804,
					"bytes":	11997200,
					"bits_per_second":	95893887.548718542,
					"jitter_ms":	0.053213053454922978,
					"lost_packets":	9747,
					"packets":	18647,
					"lost_percent":	52.271142811176063,
					"omitted":	false,
					"sender":	false
				}],
			"sum":	{
				"start":	82.000216,
				"end":	83.001089,
				"seconds":	1.0008729696273804,
				"bytes":	11997200,
				"bits_per_second":	95893887.548718542,
				"jitter_ms":	0.053213053454922978,
				"lost_packets":	9747,
				"packets":	18647,
				"lost_percent":	52.271142811176063,
				"omitted":	false,
				"sender":	false
			}
		}, {
			"streams":	[{
					"socket":	5,
					"start":	83.001089,
					"end":	84.001082,
					"seconds":	0.99999302625656128,
					"bytes":	12167048,
					"bits_per_second":	97337062.80370307,
					"jitter_ms":	0.043185802429080822,
					"lost_packets":	9152,
					"packets":	18178,
					"lost_percent":	50.346572780283857,
					"omitted":	false,
					"sender":	false
				}],
			"sum":	{
				"start":	83.001089,
				"end":	84.001082,
				"seconds":	0.99999302625656128,
				"bytes":	12167048,
				"bits_per_second":	97337062.80370307,
				"jitter_ms":	0.043185802429080822,
				"lost_packets":	9152,
				"packets":	18178,
				"lost_percent":	50.346572780283857,
				"omitted":	false,
				"sender":	false
			}
		}, {
			"streams":	[{
					"socket":	5,
					"start":	84.001082,
					"end":	85.001059,
					"seconds":	0.9999769926071167,
					"bytes":	11662896,
					"bits_per_second":	93305314.712033674,
					"jitter_ms":	0.0959009922668005,
					"lost_packets":	10049,
					"packets":	18701,
					"lost_percent":	53.735094379979678,
					"omitted":	false,
					"sender":	false
				}],
			"sum":	{
				"start":	84.001082,
				"end":	85.001059,
				"seconds":	0.9999769926071167,
				"bytes":	11662896,
				"bits_per_second":	93305314.712033674,
				"jitter_ms":	0.0959009922668005,
				"lost_packets":	10049,
				"packets":	18701,
				"lost_percent":	53.735094379979678,
				"omitted":	false,
				"sender":	false
			}
		}, {
			"streams":	[{
					"socket":	5,
					"start":	85.001059,
					"end":	86.000269,
					"seconds":	0.999210000038147,
					"bytes":	12157612,
					"bits_per_second":	97337792.85264045,
					"jitter_ms":	0.077089726101946324,
					"lost_packets":	9789,
					"packets":	18808,
					"lost_percent":	52.047001276052747,
					"omitted":	false,
					"sender":	false
				}],
			"sum":	{
				"start":	85.001059,
				"end":	86.000269,
				"seconds":	0.999210000038147,
				"bytes":	12157612,
				"bits_per_second":	97337792.85264045,
				"jitter_ms":	0.077089726101946324,
				"lost_packets":	9789,
				"packets":	18808,
				"lost_percent":	52.047001276052747,
				"omitted":	false,
				"sender":	false
			}
		}, {
			"streams":	[{
					"socket":	5,
					"start":	86.000269,
					"end":	87.001064,
					"seconds":	1.0007950067520142,
					"bytes":	12013376,
					"bits_per_second":	96030662.974534854,
					"jitter_ms":	0.079123244344566357,
					"lost_packets":	9634,
					"packets":	18546,
					"lost_percent":	51.946511377116359,
					"omitted":	false,
					"sender":	false
				}],
			"sum":	{
				"start":	86.000269,
				"end":	87.001064,
				"seconds":	1.0007950067520142,
				"bytes":	12013376,
				"bits_per_second":	96030662.974534854,
				"jitter_ms":	0.079123244344566357,
				"lost_packets":	9634,
				"packets":	18546,
				"lost_percent":	51.946511377116359,
				"omitted":	false,
				"sender":	false
			}
		}, {
			"streams":	[{
					"socket":	5,
					"start":	87.001064,
					"end":	88.001077,
					"seconds":	1.000012993812561,
					"bytes":	11827352,
					"bits_per_second":	94617586.5568153,
					"jitter_ms":	0.06539560247408735,
					"lost_packets":	9366,
					"packets":	18140,
					"lost_percent":	51.631753031973538,
					"omitted":	false,
					"sender":	false
				}],
			"sum":	{
				"start":	87.001064,
				"end":	88.001077,
				"seconds":	1.000012993812561,
				"bytes":	11827352,
				"bits_per_second":	94617586.5568153,
				"jitter_ms":	0.06539560247408735,
				"lost_packets":	9366,
				"packets":	18140,
				"lost_percent":	51.631753031973538,
				"omitted":	false,
				"sender":	false
			}
		}, {
			"streams":	[{
					"socket":	5,
					"start":	88.001077,
					"end":	89.001097,
					"seconds":	1.0000200271606445,
					"bytes":	11994504,
					"bits_per_second":	95954110.3116183,
					"jitter_ms":	0.081233835757317754,
					"lost_packets":	9645,
					"packets":	18543,
					"lost_percent":	52.014237178450088,
					"omitted":	false,
					"sender":	false
				}],
			"sum":	{
				"start":	88.001077,
				"end":	89.001097,
				"seconds":	1.0000200271606445,
				"bytes":	11994504,
				"bits_per_second":	95954110.3116183,
				"jitter_ms":	0.081233835757317754,
				"lost_packets":	9645,
				"packets":	18543,
				"lost_percent":	52.014237178450088,
				"omitted":	false,
				"sender":	false
			}
		}, {
			"streams":	[{
					"socket":	5,
					"start":	89.001097,
					"end":	90.00024,
					"seconds":	0.99914300441741943,
					"bytes":	11861052,
					"bits_per_second":	94969804.7031091,
					"jitter_ms":	0.06882289274492337,
					"lost_packets":	9564,
					"packets":	18363,
					"lost_percent":	52.082992975004082,
					"omitted":	false,
					"sender":	false
				}],
			"sum":	{
				"start":	89.001097,
				"end":	90.00024,
				"seconds":	0.99914300441741943,
				"bytes":	11861052,
				"bits_per_second":	94969804.7031091,
				"jitter_ms":	0.06882289274492337,
				"lost_packets":	9564,
				"packets":	18363,
				"lost_percent":	52.082992975004082,
				"omitted":	false,
				"sender":	false
			}
		}, {
			"streams":	[{
					"socket":	5,
					"start":	90.00024,
					"end":	91.001096,
					"seconds":	1.0008560419082642,
					"bytes":	12017420,
					"bits_per_second":	96057131.070216268,
					"jitter_ms":	0.0777666287433173,
					"lost_packets":	9778,
					"packets":	18693,
					"lost_percent":	52.308350719520675,
					"omitted":	false,
					"sender":	false
				}],
			"sum":	{
				"start":	90.00024,
				"end":	91.001096,
				"seconds":	1.0008560419082642,
				"bytes":	12017420,
				"bits_per_second":	96057131.070216268,
				"jitter_ms":	0.0777666287433173,
				"lost_packets":	9778,
				"packets":	18693,
				"lost_percent":	52.308350719520675,
				"omitted":	false,
				"sender":	false
			}
		}, {
			"streams":	[{
					"socket":	5,
					"start":	91.001096,
					"end":	92.000184,
					"seconds":	0.99908798933029175,
					"bytes":	11909580,
					"bits_per_second":	95363612.6322225,
					"jitter_ms":	0.078071279761143,
					"lost_packets":	9747,
					"packets":	18582,
					"lost_percent":	52.45398773006135,
					"omitted":	false,
					"sender":	false
				}],
			"sum":	{
				"start":	91.001096,
				"end":	92.000184,
				"seconds":	0.99908798933029175,
				"bytes":	11909580,
				"bits_per_second":	95363612.6322225,
				"jitter_ms":	0.078071279761143,
				"lost_packets":	9747,
				"packets":	18582,
				"lost_percent":	52.45398773006135,
				"omitted":	false,
				"sender":	false
			}
		}, {
			"streams":	[{
					"socket":	5,
					"start":	92.000184,
					"end":	93.001095,
					"seconds":	1.0009109973907471,
					"bytes":	12018768,
					"bits_per_second":	96062631.1936343,
					"jitter_ms":	0.087883755110054779,
					"lost_packets":	9777,
					"packets":	18693,
					"lost_percent":	52.303001123415186,
					"omitted":	false,
					"sender":	false
				}],
			"sum":	{
				"start":	92.000184,
				"end":	93.001095,
				"seconds":	1.0009109973907471,
				"bytes":	12018768,
				"bits_per_second":	96062631.1936343,
				"jitter_ms":	0.087883755110054779,
				"lost_packets":	9777,
				"packets":	18693,
				"lost_percent":	52.303001123415186,
				"omitted":	false,
				"sender":	false
			}
		}, {
			"streams":	[{
					"socket":	5,
					"start":	93.001095,
					"end":	94.001099,
					"seconds":	1.0000040531158447,
					"bytes":	12017420,
					"bits_per_second":	96138970.337616026,
					"jitter_ms":	0.074843810418286458,
					"lost_packets":	9244,
					"packets":	18159,
					"lost_percent":	50.9058868880445,
					"omitted":	false,
					"sender":	false
				}],
			"sum":	{
				"start":	93.001095,
				"end":	94.001099,
				"seconds":	1.0000040531158447,
				"bytes":	12017420,
				"bits_per_second":	96138970.337616026,
				"jitter_ms":	0.074843810418286458,
				"lost_packets":	9244,
				"packets":	18159,
				"lost_percent":	50.9058868880445,
				"omitted":	false,
				"sender":	false
			}
		}, {
			"streams":	[{
					"socket":	5,
					"start":	94.001099,
					"end":	95.001113,
					"seconds":	1.0000139474868774,
					"bytes":	12025508,
					"bits_per_second":	96202722.213794351,
					"jitter_ms":	0.0827029441344353,
					"lost_packets":	9865,
					"packets":	18786,
					"lost_percent":	52.512509315447673,
					"omitted":	false,
					"sender":	false
				}],
			"sum":	{
				"start":	94.001099,
				"end":	95.001113,
				"seconds":	1.0000139474868774,
				"bytes":	12025508,
				"bits_per_second":	96202722.213794351,
				"jitter_ms":	0.0827029441344353,
				"lost_packets":	9865,
				"packets":	18786,
				"lost_percent":	52.512509315447673,
				"omitted":	false,
				"sender":	false
			}
		}, {
			"streams":	[{
					"socket":	5,
					"start":	95.001113,
					"end":	96.001111,
					"seconds":	0.99999797344207764,
					"bytes":	12005288,
					"bits_per_second":	96042498.6356865,
					"jitter_ms":	0.0672798885439944,
					"lost_packets":	9644,
					"packets":	18550,
					"lost_percent":	51.98921832884097,
					"omitted":	false,
					"sender":	false
				}],
			"sum":	{
				"start":	95.001113,
				"end":	96.001111,
				"seconds":	0.99999797344207764,
				"bytes":	12005288,
				"bits_per_second":	96042498.6356865,
				"jitter_ms":	0.0672798885439944,
				"lost_packets":	9644,
				"packets":	18550,
				"lost_percent":	51.98921832884097,
				"omitted":	false,
				"sender":	false
			}
		}, {
			"streams":	[{
					"socket":	5,
					"start":	96.001111,
					"end":	97.001102,
					"seconds":	0.999990999698639,
					"bytes":	11990460,
					"bits_per_second":	95924543.349798068,
					"jitter_ms":	0.0765411030010236,
					"lost_packets":	9647,
					"packets":	18542,
					"lost_percent":	52.027828713191674,
					"omitted":	false,
					"sender":	false
				}],
			"sum":	{
				"start":	96.001111,
				"end":	97.001102,
				"seconds":	0.999990999698639,
				"bytes":	11990460,
				"bits_per_second":	95924543.349798068,
				"jitter_ms":	0.0765411030010236,
				"lost_packets":	9647,
				"packets":	18542,
				"lost_percent":	52.027828713191674,
				"omitted":	false,
				"sender":	false
			}
		}, {
			"streams":	[{
					"socket":	5,
					"start":	97.001102,
					"end":	98.00107,
					"seconds":	0.99996799230575562,
					"bytes":	12071340,
					"bits_per_second":	96573811.105017871,
					"jitter_ms":	0.043358167221776232,
					"lost_packets":	9714,
					"packets":	18669,
					"lost_percent":	52.032781616583641,
					"omitted":	false,
					"sender":	false
				}],
			"sum":	{
				"start":	97.001102,
				"end":	98.00107,
				"seconds":	0.99996799230575562,
				"bytes":	12071340,
				"bits_per_second":	96573811.105017871,
				"jitter_ms":	0.043358167221776232,
				"lost_packets":	9714,
				"packets":	18669,
				"lost_percent":	52.032781616583641,
				"omitted":	false,
				"sender":	false
			}
		}, {
			"streams":	[{
					"socket":	5,
					"start":	98.00107,
					"end":	99.000193,
					"seconds":	0.999122977256775,
					"bytes":	12092908,
					"bits_per_second":	96828184.520009249,
					"jitter_ms":	0.067763489238349475,
					"lost_packets":	9715,
					"packets":	18686,
					"lost_percent":	51.990795247779083,
					"omitted":	false,
					"sender":	false
				}],
			"sum":	{
				"start":	98.00107,
				"end":	99.000193,
				"seconds":	0.999122977256775,
				"bytes":	12092908,
				"bits_per_second":	96828184.520009249,
				"jitter_ms":	0.067763489238349475,
				"lost_packets":	9715,
				"packets":	18686,
				"lost_percent":	51.990795247779083,
				"omitted":	false,
				"sender":	false
			}
		}, {
			"streams":	[{
					"socket":	5,
					"start":	99.000193,
					"end":	100.000237,
					"seconds":	1.0000439882278442,
					"bytes":	11877228,
					"bits_per_second":	95013644.5181566,
					"jitter_ms":	0.093418318585917523,
					"lost_packets":	9530,
					"packets":	18341,
					"lost_percent":	51.96008941715283,
					"omitted":	false,
					"sender":	false
				}],
			"sum":	{
				"start":	99.000193,
				"end":	100.000237,
				"seconds":	1.0000439882278442,
				"bytes":	11877228,
				"bits_per_second":	95013644.5181566,
				"jitter_ms":	0.093418318585917523,
				"lost_packets":	9530,
				"packets":	18341,
				"lost_percent":	51.96008941715283,
				"omitted":	false,
				"sender":	false
			}
		}, {
			"streams":	[{
					"socket":	5,
					"start":	100.000237,
					"end":	101.000217,
					"seconds":	0.99997997283935547,
					"bytes":	11968892,
					"bits_per_second":	95753053.6617879,
					"jitter_ms":	0.036674717927086362,
					"lost_packets":	9586,
					"packets":	18465,
					"lost_percent":	51.91443271053344,
					"omitted":	false,
					"sender":	false
				}],
			"sum":	{
				"start":	100.000237,
				"end":	101.000217,
				"seconds":	0.99997997283935547,
				"bytes":	11968892,
				"bits_per_second":	95753053.6617879,
				"jitter_ms":	0.036674717927086362,
				"lost_packets":	9586,
				"packets":	18465,
				"lost_percent":	51.91443271053344,
				"omitted":	false,
				"sender":	false
			}
		}, {
			"streams":	[{
					"socket":	5,
					"start":	101.000217,
					"end":	102.000787,
					"seconds":	1.0005700588226318,
					"bytes":	12149524,
					"bits_per_second":	97140816.0207897,
					"jitter_ms":	0.031227686280188641,
					"lost_packets":	9813,
					"packets":	18826,
					"lost_percent":	52.124721130351638,
					"omitted":	false,
					"sender":	false
				}],
			"sum":	{
				"start":	101.000217,
				"end":	102.000787,
				"seconds":	1.0005700588226318,
				"bytes":	12149524,
				"bits_per_second":	97140816.0207897,
				"jitter_ms":	0.031227686280188641,
				"lost_packets":	9813,
				"packets":	18826,
				"lost_percent":	52.124721130351638,
				"omitted":	false,
				"sender":	false
			}
		}, {
			"streams":	[{
					"socket":	5,
					"start":	102.000787,
					"end":	103.001065,
					"seconds":	1.0002779960632324,
					"bytes":	11979676,
					"bits_per_second":	95810772.982295662,
					"jitter_ms":	0.077439389038127471,
					"lost_packets":	9569,
					"packets":	18456,
					"lost_percent":	51.847637624620717,
					"omitted":	false,
					"sender":	false
				}],
			"sum":	{
				"start":	102.000787,
				"end":	103.001065,
				"seconds":	1.0002779960632324,
				"bytes":	11979676,
				"bits_per_second":	95810772.982295662,
				"jitter_ms":	0.077439389038127471,
				"lost_packets":	9569,
				"packets":	18456,
				"lost_percent":	51.847637624620717,
				"omitted":	false,
				"sender":	false
			}
		}, {
			"streams":	[{
					"socket":	5,
					"start":	103.001065,
					"end":	104.001063,
					"seconds":	0.99999797344207764,
					"bytes":	12001244,
					"bits_per_second":	96010146.570123166,
					"jitter_ms":	0.078976321188269263,
					"lost_packets":	9662,
					"packets":	18565,
					"lost_percent":	52.044169135469971,
					"omitted":	false,
					"sender":	false
				}],
			"sum":	{
				"start":	103.001065,
				"end":	104.001063,
				"seconds":	0.99999797344207764,
				"bytes":	12001244,
				"bits_per_second":	96010146.570123166,
				"jitter_ms":	0.078976321188269263,
				"lost_packets":	9662,
				"packets":	18565,
				"lost_percent":	52.044169135469971,
				"omitted":	false,
				"sender":	false
			}
		}, {
			"streams":	[{
					"socket":	5,
					"start":	104.001063,
					"end":	105.001074,
					"seconds":	1.0000109672546387,
					"bytes":	11859704,
					"bits_per_second":	94876591.464262158,
					"jitter_ms":	0.0816815611410871,
					"lost_packets":	9562,
					"packets":	18360,
					"lost_percent":	52.0806100217865,
					"omitted":	false,
					"sender":	false
				}],
			"sum":	{
				"start":	104.001063,
				"end":	105.001074,
				"seconds":	1.0000109672546387,
				"bytes":	11859704,
				"bits_per_second":	94876591.464262158,
				"jitter_ms":	0.0816815611410871,
				"lost_packets":	9562,
				"packets":	18360,
				"lost_percent":	52.0806100217865,
				"omitted":	false,
				"sender":	false
			}
		}, {
			"streams":	[{
					"socket":	5,
					"start":	105.001074,
					"end":	106.001099,
					"seconds":	1.0000250339508057,
					"bytes":	12038988,
					"bits_per_second":	96309492.9928903,
					"jitter_ms":	0.067061720854919543,
					"lost_packets":	9619,
					"packets":	18550,
					"lost_percent":	51.8544474393531,
					"omitted":	false,
					"sender":	false
				}],
			"sum":	{
				"start":	105.001074,
				"end":	106.001099,
				"seconds":	1.0000250339508057,
				"bytes":	12038988,
				"bits_per_second":	96309492.9928903,
				"jitter_ms":	0.067061720854919543,
				"lost_packets":	9619,
				"packets":	18550,
				"lost_percent":	51.8544474393531,
				"omitted":	false,
				"sender":	false
			}
		}, {
			"streams":	[{
					"socket":	5,
					"start":	106.001099,
					"end":	107.001062,
					"seconds":	0.99996298551559448,
					"bytes":	12153568,
					"bits_per_second":	97232142.9976407,
					"jitter_ms":	0.027106405101141762,
					"lost_packets":	9783,
					"packets":	18799,
					"lost_percent":	52.040002127772752,
					"omitted":	false,
					"sender":	false
				}],
			"sum":	{
				"start":	106.001099,
				"end":	107.001062,
				"seconds":	0.99996298551559448,
				"bytes":	12153568,
				"bits_per_second":	97232142.9976407,
				"jitter_ms":	0.027106405101141762,
				"lost_packets":	9783,
				"packets":	18799,
				"lost_percent":	52.040002127772752,
				"omitted":	false,
				"sender":	false
			}
		}, {
			"streams":	[{
					"socket":	5,
					"start":	107.001062,
					"end":	108.000279,
					"seconds":	0.99921697378158569,
					"bytes":	11951368,
					"bits_per_second":	95685868.543801546,
					"jitter_ms":	0.089457836835773324,
					"lost_packets":	9681,
					"packets":	18547,
					"lost_percent":	52.197120828166277,
					"omitted":	false,
					"sender":	false
				}],
			"sum":	{
				"start":	107.001062,
				"end":	108.000279,
				"seconds":	0.99921697378158569,
				"bytes":	11951368,
				"bits_per_second":	95685868.543801546,
				"jitter_ms":	0.089457836835773324,
				"lost_packets":	9681,
				"packets":	18547,
				"lost_percent":	52.197120828166277,
				"omitted":	false,
				"sender":	false
			}
		}, {
			"streams":	[{
					"socket":	5,
					"start":	108.000279,
					"end":	109.001103,
					"seconds":	1.000823974609375,
					"bytes":	11834092,
					"bits_per_second":	94594792.2929715,
					"jitter_ms":	0.032281113391807378,
					"lost_packets":	9506,
					"packets":	18285,
					"lost_percent":	51.987968280010939,
					"omitted":	false,
					"sender":	false
				}],
			"sum":	{
				"start":	108.000279,
				"end":	109.001103,
				"seconds":	1.000823974609375,
				"bytes":	11834092,
				"bits_per_second":	94594792.2929715,
				"jitter_ms":	0.032281113391807378,
				"lost_packets":	9506,
				"packets":	18285,
				"lost_percent":	51.987968280010939,
				"omitted":	false,
				"sender":	false
			}
		}, {
			"streams":	[{
					"socket":	5,
					"start":	109.001103,
					"end":	110.001095,
					"seconds":	0.9999920129776,
					"bytes":	12022812,
					"bits_per_second":	96183264.2178858,
					"jitter_ms":	0.0845561751870663,
					"lost_packets":	9630,
					"packets":	18549,
					"lost_percent":	51.916545366327028,
					"omitted":	false,
					"sender":	false
				}],
			"sum":	{
				"start":	109.001103,
				"end":	110.001095,
				"seconds":	0.9999920129776,
				"bytes":	12022812,
				"bits_per_second":	96183264.2178858,
				"jitter_ms":	0.0845561751870663,
				"lost_packets":	9630,
				"packets":	18549,
				"lost_percent":	51.916545366327028,
				"omitted":	false,
				"sender":	false
			}
		}, {
			"streams":	[{
					"socket":	5,
					"start":	110.001095,
					"end":	111.001071,
					"seconds":	0.99997597932815552,
					"bytes":	11991808,
					"bits_per_second":	95936768.465633139,
					"jitter_ms":	0.067376618031180072,
					"lost_packets":	9689,
					"packets":	18585,
					"lost_percent":	52.133440947000267,
					"omitted":	false,
					"sender":	false
				}],
			"sum":	{
				"start":	110.001095,
				"end":	111.001071,
				"seconds":	0.99997597932815552,
				"bytes":	11991808,
				"bits_per_second":	95936768.465633139,
				"jitter_ms":	0.067376618031180072,
				"lost_packets":	9689,
				"packets":	18585,
				"lost_percent":	52.133440947000267,
				"omitted":	false,
				"sender":	false
			}
		}, {
			"streams":	[{
					"socket":	5,
					"start":	111.001071,
					"end":	112.001103,
					"seconds":	1.0000319480895996,
					"bytes":	12148176,
					"bits_per_second":	97182303.2110695,
					"jitter_ms":	0.067735193439387623,
					"lost_packets":	9759,
					"packets":	18771,
					"lost_percent":	51.989771455969311,
					"omitted":	false,
					"sender":	false
				}],
			"sum":	{
				"start":	111.001071,
				"end":	112.001103,
				"seconds":	1.0000319480895996,
				"bytes":	12148176,
				"bits_per_second":	97182303.2110695,
				"jitter_ms":	0.067735193439387623,
				"lost_packets":	9759,
				"packets":	18771,
				"lost_percent":	51.989771455969311,
				"omitted":	false,
				"sender":	false
			}
		}, {
			"streams":	[{
					"socket":	5,
					"start":	112.001103,
					"end":	113.000164,
					"seconds":	0.9990609884262085,
					"bytes":	12018768,
					"bits_per_second":	96240514.95741266,
					"jitter_ms":	0.085766084589001743,
					"lost_packets":	9587,
					"packets":	18503,
					"lost_percent":	51.8132194779225,
					"omitted":	false,
					"sender":	false
				}],
			"sum":	{
				"start":	112.001103,
				"end":	113.000164,
				"seconds":	0.9990609884262085,
				"bytes":	12018768,
				"bits_per_second":	96240514.95741266,
				"jitter_ms":	0.085766084589001743,
				"lost_packets":	9587,
				"packets":	18503,
				"lost_percent":	51.8132194779225,
				"omitted":	false,
				"sender":	false
			}
		}, {
			"streams":	[{
					"socket":	5,
					"start":	113.000164,
					"end":	114.000176,
					"seconds":	1.0000120401382446,
					"bytes":	11993156,
					"bits_per_second":	95944092.8198587,
					"jitter_ms":	0.067102089201622625,
					"lost_packets":	9264,
					"packets":	18161,
					"lost_percent":	51.010406915918729,
					"omitted":	false,
					"sender":	false
				}],
			"sum":	{
				"start":	113.000164,
				"end":	114.000176,
				"seconds":	1.0000120401382446,
				"bytes":	11993156,
				"bits_per_second":	95944092.8198587,
				"jitter_ms":	0.067102089201622625,
				"lost_packets":	9264,
				"packets":	18161,
				"lost_percent":	51.010406915918729,
				"omitted":	false,
				"sender":	false
			}
		}, {
			"streams":	[{
					"socket":	5,
					"start":	114.000176,
					"end":	115.001117,
					"seconds":	1.0009410381317139,
					"bytes":	11989112,
					"bits_per_second":	95822723.163618371,
					"jitter_ms":	0.047262539777700376,
					"lost_packets":	10069,
					"packets":	18963,
					"lost_percent":	53.09813848019828,
					"omitted":	false,
					"sender":	false
				}],
			"sum":	{
				"start":	114.000176,
				"end":	115.001117,
				"seconds":	1.0009410381317139,
				"bytes":	11989112,
				"bits_per_second":	95822723.163618371,
				"jitter_ms":	0.047262539777700376,
				"lost_packets":	10069,
				"packets":	18963,
				"lost_percent":	53.09813848019828,
				"omitted":	false,
				"sender":	false
			}
		}, {
			"streams":	[{
					"socket":	5,
					"start":	115.001117,
					"end":	116.00107,
					"seconds":	0.99995297193527222,
					"bytes":	12171092,
					"bits_per_second":	97373315.278573677,
					"jitter_ms":	0.097722051436341342,
					"lost_packets":	9874,
					"packets":	18903,
					"lost_percent":	52.2350949584722,
					"omitted":	false,
					"sender":	false
				}],
			"sum":	{
				"start":	115.001117,
				"end":	116.00107,
				"seconds":	0.99995297193527222,
				"bytes":	12171092,
				"bits_per_second":	97373315.278573677,
				"jitter_ms":	0.097722051436341342,
				"lost_packets":	9874,
				"packets":	18903,
				"lost_percent":	52.2350949584722,
				"omitted":	false,
				"sender":	false
			}
		}, {
			"streams":	[{
					"socket":	5,
					"start":	116.00107,
					"end":	117.000203,
					"seconds":	0.99913299083709717,
					"bytes":	11813872,
					"bits_per_second":	94592988.98819913,
					"jitter_ms":	0.03136171839711175,
					"lost_packets":	9429,
					"packets":	18193,
					"lost_percent":	51.827626010003847,
					"omitted":	false,
					"sender":	false
				}],
			"sum":	{
				"start":	116.00107,
				"end":	117.000203,
				"seconds":	0.99913299083709717,
				"bytes":	11813872,
				"bits_per_second":	94592988.98819913,
				"jitter_ms":	0.03136171839711175,
				"lost_packets":	9429,
				"packets":	18193,
				"lost_percent":	51.827626010003847,
				"omitted":	false,
				"sender":	false
			}
		}, {
			"streams":	[{
					"socket":	5,
					"start":	117.000203,
					"end":	118.00105,
					"seconds":	1.0008469820022583,
					"bytes":	11873184,
					"bits_per_second":	94905089.0976116,
					"jitter_ms":	0.0814954996915744,
					"lost_packets":	9481,
					"packets":	18289,
					"lost_percent":	51.839903767291815,
					"omitted":	false,
					"sender":	false
				}],
			"sum":	{
				"start":	117.000203,
				"end":	118.00105,
				"seconds":	1.0008469820022583,
				"bytes":	11873184,
				"bits_per_second":	94905089.0976116,
				"jitter_ms":	0.0814954996915744,
				"lost_packets":	9481,
				"packets":	18289,
				"lost_percent":	51.839903767291815,
				"omitted":	false,
				"sender":	false
			}
		}, {
			"streams":	[{
					"socket":	5,
					"start":	118.00105,
					"end":	119.001084,
					"seconds":	1.000033974647522,
					"bytes":	12012028,
					"bits_per_second":	96092959.275579274,
					"jitter_ms":	0.070638034759310034,
					"lost_packets":	9634,
					"packets":	18545,
					"lost_percent":	51.9493124831491,
					"omitted":	false,
					"sender":	false
				}],
			"sum":	{
				"start":	118.00105,
				"end":	119.001084,
				"seconds":	1.000033974647522,
				"bytes":	12012028,
				"bits_per_second":	96092959.275579274,
				"jitter_ms":	0.070638034759310034,
				"lost_packets":	9634,
				"packets":	18545,
				"lost_percent":	51.9493124831491,
				"omitted":	false,
				"sender":	false
			}
		}, {
			"streams":	[{
					"socket":	5,
					"start":	119.001084,
					"end":	120.001065,
					"seconds":	0.99998098611831665,
					"bytes":	12157612,
					"bits_per_second":	97262745.34233214,
					"jitter_ms":	0.087605906836485933,
					"lost_packets":	9787,
					"packets":	18806,
					"lost_percent":	52.041901520791235,
					"omitted":	false,
					"sender":	false
				}],
			"sum":	{
				"start":	119.001084,
				"end":	120.001065,
				"seconds":	0.99998098611831665,
				"bytes":	12157612,
				"bits_per_second":	97262745.34233214,
				"jitter_ms":	0.087605906836485933,
				"lost_packets":	9787,
				"packets":	18806,
				"lost_percent":	52.041901520791235,
				"omitted":	false,
				"sender":	false
			}
		}, {
			"streams":	[{
					"socket":	5,
					"start":	120.001065,
					"end":	121.001083,
					"seconds":	1.0000180006027222,
					"bytes":	12010680,
					"bits_per_second":	96083710.4353004,
					"jitter_ms":	0.079543113148354327,
					"lost_packets":	9638,
					"packets":	18548,
					"lost_percent":	51.9624757386241,
					"omitted":	false,
					"sender":	false
				}],
			"sum":	{
				"start":	120.001065,
				"end":	121.001083,
				"seconds":	1.0000180006027222,
				"bytes":	12010680,
				"bits_per_second":	96083710.4353004,
				"jitter_ms":	0.079543113148354327,
				"lost_packets":	9638,
				"packets":	18548,
				"lost_percent":	51.9624757386241,
				"omitted":	false,
				"sender":	false
			}
		}, {
			"streams":	[{
					"socket":	5,
					"start":	121.001083,
					"end":	122.001078,
					"seconds":	0.999994993209839,
					"bytes":	11927104,
					"bits_per_second":	95417309.7344476,
					"jitter_ms":	0.10170658053223426,
					"lost_packets":	9698,
					"packets":	18546,
					"lost_percent":	52.291599266688237,
					"omitted":	false,
					"sender":	false
				}],
			"sum":	{
				"start":	121.001083,
				"end":	122.001078,
				"seconds":	0.999994993209839,
				"bytes":	11927104,
				"bits_per_second":	95417309.7344476,
				"jitter_ms":	0.10170658053223426,
				"lost_packets":	9698,
				"packets":	18546,
				"lost_percent":	52.291599266688237,
				"omitted":	false,
				"sender":	false
			}
		}, {
			"streams":	[{
					"socket":	5,
					"start":	122.001078,
					"end":	123.001063,
					"seconds":	0.9999849796295166,
					"bytes":	11869140,
					"bits_per_second":	94954546.2524638,
					"jitter_ms":	0.0900763882307894,
					"lost_packets":	9479,
					"packets":	18284,
					"lost_percent":	51.8431415445198,
					"omitted":	false,
					"sender":	false
				}],
			"sum":	{
				"start":	122.001078,
				"end":	123.001063,
				"seconds":	0.9999849796295166,
				"bytes":	11869140,
				"bits_per_second":	94954546.2524638,
				"jitter_ms":	0.0900763882307894,
				"lost_packets":	9479,
				"packets":	18284,
				"lost_percent":	51.8431415445198,
				"omitted":	false,
				"sender":	false
			}
		}, {
			"streams":	[{
					"socket":	5,
					"start":	123.001063,
					"end":	124.001065,
					"seconds":	1.0000020265579224,
					"bytes":	12007984,
					"bits_per_second":	96063677.321393669,
					"jitter_ms":	0.08661180973938884,
					"lost_packets":	9786,
					"packets":	18694,
					"lost_percent":	52.348347063228843,
					"omitted":	false,
					"sender":	false
				}],
			"sum":	{
				"start":	123.001063,
				"end":	124.001065,
				"seconds":	1.0000020265579224,
				"bytes":	12007984,
				"bits_per_second":	96063677.321393669,
				"jitter_ms":	0.08661180973938884,
				"lost_packets":	9786,
				"packets":	18694,
				"lost_percent":	52.348347063228843,
				"omitted":	false,
				"sender":	false
			}
		}, {
			"streams":	[{
					"socket":	5,
					"start":	124.001065,
					"end":	125.001115,
					"seconds":	1.0000499486923218,
					"bytes":	12072688,
					"bits_per_second":	96576680.121119171,
					"jitter_ms":	0.061237717886746222,
					"lost_packets":	9596,
					"packets":	18552,
					"lost_percent":	51.724881414402759,
					"omitted":	false,
					"sender":	false
				}],
			"sum":	{
				"start":	124.001065,
				"end":	125.001115,
				"seconds":	1.0000499486923218,
				"bytes":	12072688,
				"bits_per_second":	96576680.121119171,
				"jitter_ms":	0.061237717886746222,
				"lost_packets":	9596,
				"packets":	18552,
				"lost_percent":	51.724881414402759,
				"omitted":	false,
				"sender":	false
			}
		}, {
			"streams":	[{
					"socket":	5,
					"start":	125.001115,
					"end":	126.001102,
					"seconds":	0.999987006187439,
					"bytes":	12118520,
					"bits_per_second":	96949419.742588043,
					"jitter_ms":	0.0901154380675941,
					"lost_packets":	9661,
					"packets":	18651,
					"lost_percent":	51.798831161868,
					"omitted":	false,
					"sender":	false
				}],
			"sum":	{
				"start":	125.001115,
				"end":	126.001102,
				"seconds":	0.999987006187439,
				"bytes":	12118520,
				"bits_per_second":	96949419.742588043,
				"jitter_ms":	0.0901154380675941,
				"lost_packets":	9661,
				"packets":	18651,
				"lost_percent":	51.798831161868,
				"omitted":	false,
				"sender":	false
			}
		}, {
			"streams":	[{
					"socket":	5,
					"start":	126.001102,
					"end":	127.001061,
					"seconds":	0.99995899200439453,
					"bytes":	11843528,
					"bits_per_second":	94752109.594093844,
					"jitter_ms":	0.08838916023615466,
					"lost_packets":	9648,
					"packets":	18434,
					"lost_percent":	52.338070955842468,
					"omitted":	false,
					"sender":	false
				}],
			"sum":	{
				"start":	126.001102,
				"end":	127.001061,
				"seconds":	0.99995899200439453,
				"bytes":	11843528,
				"bits_per_second":	94752109.594093844,
				"jitter_ms":	0.08838916023615466,
				"lost_packets":	9648,
				"packets":	18434,
				"lost_percent":	52.338070955842468,
				"omitted":	false,
				"sender":	false
			}
		}, {
			"streams":	[{
					"socket":	5,
					"start":	127.001061,
					"end":	128.001087,
					"seconds":	1.0000259876251221,
					"bytes":	12001244,
					"bits_per_second":	96007456.9941987,
					"jitter_ms":	0.0855869733612716,
					"lost_packets":	9497,
					"packets":	18400,
					"lost_percent":	51.6141304347826,
					"omitted":	false,
					"sender":	false
				}],
			"sum":	{
				"start":	127.001061,
				"end":	128.001087,
				"seconds":	1.0000259876251221,
				"bytes":	12001244,
				"bits_per_second":	96007456.9941987,
				"jitter_ms":	0.0855869733612716,
				"lost_packets":	9497,
				"packets":	18400,
				"lost_percent":	51.6141304347826,
				"omitted":	false,
				"sender":	false
			}
		}, {
			"streams":	[{
					"socket":	5,
					"start":	128.001087,
					"end":	129.001073,
					"seconds":	0.99998599290847778,
					"bytes":	11529444,
					"bits_per_second":	92236843.9699152,
					"jitter_ms":	0.071706785001549728,
					"lost_packets":	9253,
					"packets":	17806,
					"lost_percent":	51.965629563068632,
					"omitted":	false,
					"sender":	false
				}],
			"sum":	{
				"start":	128.001087,
				"end":	129.001073,
				"seconds":	0.99998599290847778,
				"bytes":	11529444,
				"bits_per_second":	92236843.9699152,
				"jitter_ms":	0.071706785001549728,
				"lost_packets":	9253,
				"packets":	17806,
				"lost_percent":	51.965629563068632,
				"omitted":	false,
				"sender":	false
			}
		}, {
			"streams":	[{
					"socket":	5,
					"start":	129.001073,
					"end":	130.00114,
					"seconds":	1.0000669956207275,
					"bytes":	12020116,
					"bits_per_second":	96154486.070519969,
					"jitter_ms":	0.071663878473076842,
					"lost_packets":	9629,
					"packets":	18546,
					"lost_percent":	51.91955138574356,
					"omitted":	false,
					"sender":	false
				}],
			"sum":	{
				"start":	129.001073,
				"end":	130.00114,
				"seconds":	1.0000669956207275,
				"bytes":	12020116,
				"bits_per_second":	96154486.070519969,
				"jitter_ms":	0.071663878473076842,
				"lost_packets":	9629,
				"packets":	18546,
				"lost_percent":	51.91955138574356,
				"omitted":	false,
				"sender":	false
			}
		}, {
			"streams":	[{
					"socket":	5,
					"start":	130.00114,
					"end":	131.001097,
					"seconds":	0.999957025051117,
					"bytes":	12153568,
					"bits_per_second":	97232722.571282268,
					"jitter_ms":	0.0772738330829447,
					"lost_packets":	9788,
					"packets":	18804,
					"lost_percent":	52.052754733035528,
					"omitted":	false,
					"sender":	false
				}],
			"sum":	{
				"start":	130.00114,
				"end":	131.001097,
				"seconds":	0.999957025051117,
				"bytes":	12153568,
				"bits_per_second":	97232722.571282268,
				"jitter_ms":	0.0772738330829447,
				"lost_packets":	9788,
				"packets":	18804,
				"lost_percent":	52.052754733035528,
				"omitted":	false,
				"sender":	false
			}
		}, {
			"streams":	[{
					"socket":	5,
					"start":	131.001097,
					"end":	132.001067,
					"seconds":	0.999970018863678,
					"bytes":	11990460,
					"bits_per_second":	95926555.987151951,
					"jitter_ms":	0.0827977496866697,
					"lost_packets":	9651,
					"packets":	18546,
					"lost_percent":	52.0381753477839,
					"omitted":	false,
					"sender":	false
				}],
			"sum":	{
				"start":	131.001097,
				"end":	132.001067,
				"seconds":	0.999970018863678,
				"bytes":	11990460,
				"bits_per_second":	95926555.987151951,
				"jitter_ms":	0.0827977496866697,
				"lost_packets":	9651,
				"packets":	18546,
				"lost_percent":	52.0381753477839,
				"omitted":	false,
				"sender":	false
			}
		}, {
			"streams":	[{
					"socket":	5,
					"start":	132.001067,
					"end":	133.001063,
					"seconds":	0.9999960064888,
					"bytes":	11919016,
					"bits_per_second":	95352508.7913118,
					"jitter_ms":	0.0518236663611438,
					"lost_packets":	10305,
					"packets":	19147,
					"lost_percent":	53.8204418446754,
					"omitted":	false,
					"sender":	false
				}],
			"sum":	{
				"start":	132.001067,
				"end":	133.001063,
				"seconds":	0.9999960064888,
				"bytes":	11919016,
				"bits_per_second":	95352508.7913118,
				"jitter_ms":	0.0518236663611438,
				"lost_packets":	10305,
				"packets":	19147,
				"lost_percent":	53.8204418446754,
				"omitted":	false,
				"sender":	false
			}
		}, {
			"streams":	[{
					"socket":	5,
					"start":	133.001063,
					"end":	134.001091,
					"seconds":	1.0000280141830444,
					"bytes":	11940584,
					"bits_per_second":	95521996.029318467,
					"jitter_ms":	0.032223083336722615,
					"lost_packets":	9622,
					"packets":	18480,
					"lost_percent":	52.067099567099568,
					"omitted":	false,
					"sender":	false
				}],
			"sum":	{
				"start":	133.001063,
				"end":	134.001091,
				"seconds":	1.0000280141830444,
				"bytes":	11940584,
				"bits_per_second":	95521996.029318467,
				"jitter_ms":	0.032223083336722615,
				"lost_packets":	9622,
				"packets":	18480,
				"lost_percent":	52.067099567099568,
				"omitted":	false,
				"sender":	false
			}
		}, {
			"streams":	[{
					"socket":	5,
					"start":	134.001091,
					"end":	135.001058,
					"seconds":	0.99996697902679443,
					"bytes":	12125260,
					"bits_per_second":	97005283.208857641,
					"jitter_ms":	0.0841126266447198,
					"lost_packets":	9758,
					"packets":	18753,
					"lost_percent":	52.034341172079131,
					"omitted":	false,
					"sender":	false
				}],
			"sum":	{
				"start":	134.001091,
				"end":	135.001058,
				"seconds":	0.99996697902679443,
				"bytes":	12125260,
				"bits_per_second":	97005283.208857641,
				"jitter_ms":	0.0841126266447198,
				"lost_packets":	9758,
				"packets":	18753,
				"lost_percent":	52.034341172079131,
				"omitted":	false,
				"sender":	false
			}
		}, {
			"streams":	[{
					"socket":	5,
					"start":	135.001058,
					"end":	136.000202,
					"seconds":	0.99914401769638062,
					"bytes":	11840832,
					"bits_per_second":	94807809.8074401,
					"jitter_ms":	0.084452164314370234,
					"lost_packets":	9501,
					"packets":	18285,
					"lost_percent":	51.960623461853977,
					"omitted":	false,
					"sender":	false
				}],
			"sum":	{
				"start":	135.001058,
				"end":	136.000202,
				"seconds":	0.99914401769638062,
				"bytes":	11840832,
				"bits_per_second":	94807809.8074401,
				"jitter_ms":	0.084452164314370234,
				"lost_packets":	9501,
				"packets":	18285,
				"lost_percent":	51.960623461853977,
				"omitted":	false,
				"sender":	false
			}
		}, {
			"streams":	[{
					"socket":	5,
					"start":	136.000202,
					"end":	137.000191,
					"seconds":	0.99998897314071655,
					"bytes":	12060556,
					"bits_per_second":	96485511.93216297,
					"jitter_ms":	0.084933590514381277,
					"lost_packets":	9654,
					"packets":	18601,
					"lost_percent":	51.900435460459114,
					"omitted":	false,
					"sender":	false
				}],
			"sum":	{
				"start":	136.000202,
				"end":	137.000191,
				"seconds":	0.99998897314071655,
				"bytes":	12060556,
				"bits_per_second":	96485511.93216297,
				"jitter_ms":	0.084933590514381277,
				"lost_packets":	9654,
				"packets":	18601,
				"lost_percent":	51.900435460459114,
				"omitted":	false,
				"sender":	false
			}
		}, {
			"streams":	[{
					"socket":	5,
					"start":	137.000191,
					"end":	138.001094,
					"seconds":	1.0009030103683472,
					"bytes":	12028204,
					"bits_per_second":	96138817.650860637,
					"jitter_ms":	0.0409865641731632,
					"lost_packets":	9620,
					"packets":	18543,
					"lost_percent":	51.879415412824244,
					"omitted":	false,
					"sender":	false
				}],
			"sum":	{
				"start":	137.000191,
				"end":	138.001094,
				"seconds":	1.0009030103683472,
				"bytes":	12028204,
				"bits_per_second":	96138817.650860637,
				"jitter_ms":	0.0409865641731632,
				"lost_packets":	9620,
				"packets":	18543,
				"lost_percent":	51.879415412824244,
				"omitted":	false,
				"sender":	false
			}
		}, {
			"streams":	[{
					"socket":	5,
					"start":	138.001094,
					"end":	139.001059,
					"seconds":	0.999965012073517,
					"bytes":	11950020,
					"bits_per_second":	95603504.968403369,
					"jitter_ms":	0.085067806927738923,
					"lost_packets":	9629,
					"packets":	18494,
					"lost_percent":	52.065534768032876,
					"omitted":	false,
					"sender":	false
				}],
			"sum":	{
				"start":	138.001094,
				"end":	139.001059,
				"seconds":	0.999965012073517,
				"bytes":	11950020,
				"bits_per_second":	95603504.968403369,
				"jitter_ms":	0.085067806927738923,
				"lost_packets":	9629,
				"packets":	18494,
				"lost_percent":	52.065534768032876,
				"omitted":	false,
				"sender":	false
			}
		}, {
			"streams":	[{
					"socket":	5,
					"start":	139.001059,
					"end":	140.001516,
					"seconds":	1.0004570484161377,
					"bytes":	12007984,
					"bits_per_second":	96019986.217381775,
					"jitter_ms":	0.077516411506269,
					"lost_packets":	9640,
					"packets":	18548,
					"lost_percent":	51.973258572352812,
					"omitted":	false,
					"sender":	false
				}],
			"sum":	{
				"start":	139.001059,
				"end":	140.001516,
				"seconds":	1.0004570484161377,
				"bytes":	12007984,
				"bits_per_second":	96019986.217381775,
				"jitter_ms":	0.077516411506269,
				"lost_packets":	9640,
				"packets":	18548,
				"lost_percent":	51.973258572352812,
				"omitted":	false,
				"sender":	false
			}
		}, {
			"streams":	[{
					"socket":	5,
					"start":	140.001516,
					"end":	141.001081,
					"seconds":	0.9995650053024292,
					"bytes":	12137392,
					"bits_per_second":	97141391.9904305,
					"jitter_ms":	0.0831751227489295,
					"lost_packets":	9800,
					"packets":	18804,
					"lost_percent":	52.116570942352688,
					"omitted":	false,
					"sender":	false
				}],
			"sum":	{
				"start":	140.001516,
				"end":	141.001081,
				"seconds":	0.9995650053024292,
				"bytes":	12137392,
				"bits_per_second":	97141391.9904305,
				"jitter_ms":	0.0831751227489295,
				"lost_packets":	9800,
				"packets":	18804,
				"lost_percent":	52.116570942352688,
				"omitted":	false,
				"sender":	false
			}
		}, {
			"streams":	[{
					"socket":	5,
					"start":	141.001081,
					"end":	142.001069,
					"seconds":	0.9999880194664,
					"bytes":	12010680,
					"bits_per_second":	96086591.168634,
					"jitter_ms":	0.0891401360737293,
					"lost_packets":	9635,
					"packets":	18545,
					"lost_percent":	51.954704772175788,
					"omitted":	false,
					"sender":	false
				}],
			"sum":	{
				"start":	141.001081,
				"end":	142.001069,
				"seconds":	0.9999880194664,
				"bytes":	12010680,
				"bits_per_second":	96086591.168634,
				"jitter_ms":	0.0891401360737293,
				"lost_packets":	9635,
				"packets":	18545,
				"lost_percent":	51.954704772175788,
				"omitted":	false,
				"sender":	false
			}
		}, {
			"streams":	[{
					"socket":	5,
					"start":	142.001069,
					"end":	143.001094,
					"seconds":	1.0000250339508057,
					"bytes":	11830048,
					"bits_per_second":	94638014.836592242,
					"jitter_ms":	0.0855183699801062,
					"lost_packets":	9530,
					"packets":	18306,
					"lost_percent":	52.059434065333768,
					"omitted":	false,
					"sender":	false
				}],
			"sum":	{
				"start":	142.001069,
				"end":	143.001094,
				"seconds":	1.0000250339508057,
				"bytes":	11830048,
				"bits_per_second":	94638014.836592242,
				"jitter_ms":	0.0855183699801062,
				"lost_packets":	9530,
				"packets":	18306,
				"lost_percent":	52.059434065333768,
				"omitted":	false,
				"sender":	false
			}
		}, {
			"streams":	[{
					"socket":	5,
					"start":	143.001094,
					"end":	144.001071,
					"seconds":	0.9999769926071167,
					"bytes":	12013376,
					"bits_per_second":	96109219.222566366,
					"jitter_ms":	0.058399081973710375,
					"lost_packets":	9490,
					"packets":	18402,
					"lost_percent":	51.5704814694055,
					"omitted":	false,
					"sender":	false
				}],
			"sum":	{
				"start":	143.001094,
				"end":	144.001071,
				"seconds":	0.9999769926071167,
				"bytes":	12013376,
				"bits_per_second":	96109219.222566366,
				"jitter_ms":	0.058399081973710375,
				"lost_packets":	9490,
				"packets":	18402,
				"lost_percent":	51.5704814694055,
				"omitted":	false,
				"sender":	false
			}
		}, {
			"streams":	[{
					"socket":	5,
					"start":	144.001071,
					"end":	145.001072,
					"seconds":	1.0000009536743164,
					"bytes":	12160308,
					"bits_per_second":	97282371.22430113,
					"jitter_ms":	0.082431230604723932,
					"lost_packets":	9911,
					"packets":	18932,
					"lost_percent":	52.350517642087468,
					"omitted":	false,
					"sender":	false
				}],
			"sum":	{
				"start":	144.001071,
				"end":	145.001072,
				"seconds":	1.0000009536743164,
				"bytes":	12160308,
				"bits_per_second":	97282371.22430113,
				"jitter_ms":	0.082431230604723932,
				"lost_packets":	9911,
				"packets":	18932,
				"lost_percent":	52.350517642087468,
				"omitted":	false,
				"sender":	false
			}
		}, {
			"streams":	[{
					"socket":	5,
					"start":	145.001072,
					"end":	146.000279,
					"seconds":	0.9992070198059082,
					"bytes":	12020116,
					"bits_per_second":	96237242.22702004,
					"jitter_ms":	0.074826114986159542,
					"lost_packets":	9630,
					"packets":	18547,
					"lost_percent":	51.922143742923382,
					"omitted":	false,
					"sender":	false
				}],
			"sum":	{
				"start":	145.001072,
				"end":	146.000279,
				"seconds":	0.9992070198059082,
				"bytes":	12020116,
				"bits_per_second":	96237242.22702004,
				"jitter_ms":	0.074826114986159542,
				"lost_packets":	9630,
				"packets":	18547,
				"lost_percent":	51.922143742923382,
				"omitted":	false,
				"sender":	false
			}
		}, {
			"streams":	[{
					"socket":	5,
					"start":	146.000279,
					"end":	147.000469,
					"seconds":	1.0001900196075439,
					"bytes":	12199400,
					"bits_per_second":	97576658.521642268,
					"jitter_ms":	0.07453361853079464,
					"lost_packets":	9792,
					"packets":	18842,
					"lost_percent":	51.969005413438062,
					"omitted":	false,
					"sender":	false
				}],
			"sum":	{
				"start":	146.000279,
				"end":	147.000469,
				"seconds":	1.0001900196075439,
				"bytes":	12199400,
				"bits_per_second":	97576658.521642268,
				"jitter_ms":	0.07453361853079464,
				"lost_packets":	9792,
				"packets":	18842,
				"lost_percent":	51.969005413438062,
				"omitted":	false,
				"sender":	false
			}
		}, {
			"streams":	[{
					"socket":	5,
					"start":	147.000469,
					"end":	148.001064,
					"seconds":	1.0005949735641479,
					"bytes":	11830048,
					"bits_per_second":	94584108.955582932,
					"jitter_ms":	0.04076760550806395,
					"lost_packets":	9447,
					"packets":	18223,
					"lost_percent":	51.8410799539044,
					"omitted":	false,
					"sender":	false
				}],
			"sum":	{
				"start":	147.000469,
				"end":	148.001064,
				"seconds":	1.0005949735641479,
				"bytes":	11830048,
				"bits_per_second":	94584108.955582932,
				"jitter_ms":	0.04076760550806395,
				"lost_packets":	9447,
				"packets":	18223,
				"lost_percent":	51.8410799539044,
				"omitted":	false,
				"sender":	false
			}
		}, {
			"streams":	[{
					"socket":	5,
					"start":	148.001064,
					"end":	149.000215,
					"seconds":	0.99915099143981934,
					"bytes":	12038988,
					"bits_per_second":	96393743.113050833,
					"jitter_ms":	0.088609332701807653,
					"lost_packets":	9639,
					"packets":	18570,
					"lost_percent":	51.906300484652668,
					"omitted":	false,
					"sender":	false
				}],
			"sum":	{
				"start":	148.001064,
				"end":	149.000215,
				"seconds":	0.99915099143981934,
				"bytes":	12038988,
				"bits_per_second":	96393743.113050833,
				"jitter_ms":	0.088609332701807653,
				"lost_packets":	9639,
				"packets":	18570,
				"lost_percent":	51.906300484652668,
				"omitted":	false,
				"sender":	false
			}
		}, {
			"streams":	[{
					"socket":	5,
					"start":	149.000215,
					"end":	150.000194,
					"seconds":	0.999979019165039,
					"bytes":	12036292,
					"bits_per_second":	96292356.2940354,
					"jitter_ms":	0.032617520132383858,
					"lost_packets":	9616,
					"packets":	18545,
					"lost_percent":	51.852251280668646,
					"omitted":	false,
					"sender":	false
				}],
			"sum":	{
				"start":	149.000215,
				"end":	150.000194,
				"seconds":	0.999979019165039,
				"bytes":	12036292,
				"bits_per_second":	96292356.2940354,
				"jitter_ms":	0.032617520132383858,
				"lost_packets":	9616,
				"packets":	18545,
				"lost_percent":	51.852251280668646,
				"omitted":	false,
				"sender":	false
			}
		}, {
			"streams":	[{
					"socket":	5,
					"start":	150.000194,
					"end":	151.001068,
					"seconds":	1.0008740425109863,
					"bytes":	12183224,
					"bits_per_second":	97380677.148423642,
					"jitter_ms":	0.0664083434690166,
					"lost_packets":	9866,
					"packets":	18904,
					"lost_percent":	52.19001269572577,
					"omitted":	false,
					"sender":	false
				}],
			"sum":	{
				"start":	150.000194,
				"end":	151.001068,
				"seconds":	1.0008740425109863,
				"bytes":	12183224,
				"bits_per_second":	97380677.148423642,
				"jitter_ms":	0.0664083434690166,
				"lost_packets":	9866,
				"packets":	18904,
				"lost_percent":	52.19001269572577,
				"omitted":	false,
				"sender":	false
			}
		}, {
			"streams":	[{
					"socket":	5,
					"start":	151.001068,
					"end":	152.000203,
					"seconds":	0.99913501739501953,
					"bytes":	11676376,
					"bits_per_second":	93491876.8471798,
					"jitter_ms":	0.036248889170742121,
					"lost_packets":	9246,
					"packets":	17908,
					"lost_percent":	51.630556176010721,
					"omitted":	false,
					"sender":	false
				}],
			"sum":	{
				"start":	151.001068,
				"end":	152.000203,
				"seconds":	0.99913501739501953,
				"bytes":	11676376,
				"bits_per_second":	93491876.8471798,
				"jitter_ms":	0.036248889170742121,
				"lost_packets":	9246,
				"packets":	17908,
				"lost_percent":	51.630556176010721,
				"omitted":	false,
				"sender":	false
			}
		}, {
			"streams":	[{
					"socket":	5,
					"start":	152.000203,
					"end":	153.000208,
					"seconds":	1.0000050067901611,
					"bytes":	12176484,
					"bits_per_second":	97411384.2816396,
					"jitter_ms":	0.0885343235326734,
					"lost_packets":	9794,
					"packets":	18827,
					"lost_percent":	52.021033621925959,
					"omitted":	false,
					"sender":	false
				}],
			"sum":	{
				"start":	152.000203,
				"end":	153.000208,
				"seconds":	1.0000050067901611,
				"bytes":	12176484,
				"bits_per_second":	97411384.2816396,
				"jitter_ms":	0.0885343235326734,
				"lost_packets":	9794,
				"packets":	18827,
				"lost_percent":	52.021033621925959,
				"omitted":	false,
				"sender":	false
			}
		}, {
			"streams":	[{
					"socket":	5,
					"start":	153.000208,
					"end":	154.001096,
					"seconds":	1.0008879899978638,
					"bytes":	11859704,
					"bits_per_second":	94793456.35889037,
					"jitter_ms":	0.086800914069399757,
					"lost_packets":	9489,
					"packets":	18287,
					"lost_percent":	51.88932028216766,
					"omitted":	false,
					"sender":	false
				}],
			"sum":	{
				"start":	153.000208,
				"end":	154.001096,
				"seconds":	1.0008879899978638,
				"bytes":	11859704,
				"bits_per_second":	94793456.35889037,
				"jitter_ms":	0.086800914069399757,
				"lost_packets":	9489,
				"packets":	18287,
				"lost_percent":	51.88932028216766,
				"omitted":	false,
				"sender":	false
			}
		}, {
			"streams":	[{
					"socket":	5,
					"start":	154.001096,
					"end":	155.000168,
					"seconds":	0.999072015285492,
					"bytes":	12090212,
					"bits_per_second":	96811535.6252483,
					"jitter_ms":	0.041806141065755018,
					"lost_packets":	9811,
					"packets":	18780,
					"lost_percent":	52.241746538871141,
					"omitted":	false,
					"sender":	false
				}],
			"sum":	{
				"start":	154.001096,
				"end":	155.000168,
				"seconds":	0.999072015285492,
				"bytes":	12090212,
				"bits_per_second":	96811535.6252483,
				"jitter_ms":	0.041806141065755018,
				"lost_packets":	9811,
				"packets":	18780,
				"lost_percent":	52.241746538871141,
				"omitted":	false,
				"sender":	false
			}
		}, {
			"streams":	[{
					"socket":	5,
					"start":	155.000168,
					"end":	156.001097,
					"seconds":	1.0009289979934692,
					"bytes":	11999896,
					"bits_per_second":	95910067.7395165,
					"jitter_ms":	0.038347210374215589,
					"lost_packets":	9645,
					"packets":	18547,
					"lost_percent":	52.003019356230119,
					"omitted":	false,
					"sender":	false
				}],
			"sum":	{
				"start":	155.000168,
				"end":	156.001097,
				"seconds":	1.0009289979934692,
				"bytes":	11999896,
				"bits_per_second":	95910067.7395165,
				"jitter_ms":	0.038347210374215589,
				"lost_packets":	9645,
				"packets":	18547,
				"lost_percent":	52.003019356230119,
				"omitted":	false,
				"sender":	false
			}
		}, {
			"streams":	[{
					"socket":	5,
					"start":	156.001097,
					"end":	157.001059,
					"seconds":	0.9999619722366333,
					"bytes":	12022812,
					"bits_per_second":	96186153.744293734,
					"jitter_ms":	0.067509051171664433,
					"lost_packets":	9656,
					"packets":	18575,
					"lost_percent":	51.98384925975774,
					"omitted":	false,
					"sender":	false
				}],
			"sum":	{
				"start":	156.001097,
				"end":	157.001059,
				"seconds":	0.9999619722366333,
				"bytes":	12022812,
				"bits_per_second":	96186153.744293734,
				"jitter_ms":	0.067509051171664433,
				"lost_packets":	9656,
				"packets":	18575,
				"lost_percent":	51.98384925975774,
				"omitted":	false,
				"sender":	false
			}
		}, {
			"streams":	[{
					"socket":	5,
					"start":	157.001059,
					"end":	158.001103,
					"seconds":	1.0000439882278442,
					"bytes":	11832744,
					"bits_per_second":	94657788.17164667,
					"jitter_ms":	0.033032561227564337,
					"lost_packets":	9482,
					"packets":	18260,
					"lost_percent":	51.9277108433735,
					"omitted":	false,
					"sender":	false
				}],
			"sum":	{
				"start":	157.001059,
				"end":	158.001103,
				"seconds":	1.0000439882278442,
				"bytes":	11832744,
				"bits_per_second":	94657788.17164667,
				"jitter_ms":	0.033032561227564337,
				"lost_packets":	9482,
				"packets":	18260,
				"lost_percent":	51.9277108433735,
				"omitted":	false,
				"sender":	false
			}
		}, {
			"streams":	[{
					"socket":	5,
					"start":	158.001103,
					"end":	159.00106,
					"seconds":	0.999957025051117,
					"bytes":	12161656,
					"bits_per_second":	97297429.352052853,
					"jitter_ms":	0.068477895994035934,
					"lost_packets":	9808,
					"packets":	18830,
					"lost_percent":	52.087095061072759,
					"omitted":	false,
					"sender":	false
				}],
			"sum":	{
				"start":	158.001103,
				"end":	159.00106,
				"seconds":	0.999957025051117,
				"bytes":	12161656,
				"bits_per_second":	97297429.352052853,
				"jitter_ms":	0.068477895994035934,
				"lost_packets":	9808,
				"packets":	18830,
				"lost_percent":	52.087095061072759,
				"omitted":	false,
				"sender":	false
			}
		}, {
			"streams":	[{
					"socket":	5,
					"start":	159.00106,
					"end":	160.000182,
					"seconds":	0.9991220235824585,
					"bytes":	11863748,
					"bits_per_second":	94993385.952688873,
					"jitter_ms":	0.0836519233249177,
					"lost_packets":	9483,
					"packets":	18284,
					"lost_percent":	51.865018595493325,
					"omitted":	false,
					"sender":	false
				}],
			"sum":	{
				"start":	159.00106,
				"end":	160.000182,
				"seconds":	0.9991220235824585,
				"bytes":	11863748,
				"bits_per_second":	94993385.952688873,
				"jitter_ms":	0.0836519233249177,
				"lost_packets":	9483,
				"packets":	18284,
				"lost_percent":	51.865018595493325,
				"omitted":	false,
				"sender":	false
			}
		}, {
			"streams":	[{
					"socket":	5,
					"start":	160.000182,
					"end":	161.002717,
					"seconds":	1.0025349855422974,
					"bytes":	12154916,
					"bits_per_second":	96993451.0040073,
					"jitter_ms":	0.0889645140385624,
					"lost_packets":	9788,
					"packets":	18805,
					"lost_percent":	52.049986705663386,
					"omitted":	false,
					"sender":	false
				}],
			"sum":	{
				"start":	160.000182,
				"end":	161.002717,
				"seconds":	1.0025349855422974,
				"bytes":	12154916,
				"bits_per_second":	96993451.0040073,
				"jitter_ms":	0.0889645140385624,
				"lost_packets":	9788,
				"packets":	18805,
				"lost_percent":	52.049986705663386,
				"omitted":	false,
				"sender":	false
			}
		}, {
			"streams":	[{
					"socket":	5,
					"start":	161.002717,
					"end":	162.000152,
					"seconds":	0.997434973716736,
					"bytes":	11882620,
					"bits_per_second":	95305420.9095706,
					"jitter_ms":	0.059108497934832055,
					"lost_packets":	9477,
					"packets":	18292,
					"lost_percent":	51.809534222610978,
					"omitted":	false,
					"sender":	false
				}],
			"sum":	{
				"start":	161.002717,
				"end":	162.000152,
				"seconds":	0.997434973716736,
				"bytes":	11882620,
				"bits_per_second":	95305420.9095706,
				"jitter_ms":	0.059108497934832055,
				"lost_packets":	9477,
				"packets":	18292,
				"lost_percent":	51.809534222610978,
				"omitted":	false,
				"sender":	false
			}
		}, {
			"streams":	[{
					"socket":	5,
					"start":	162.000152,
					"end":	163.000186,
					"seconds":	1.000033974647522,
					"bytes":	12009332,
					"bits_per_second":	96071392.008319572,
					"jitter_ms":	0.0906569128359995,
					"lost_packets":	9631,
					"packets":	18540,
					"lost_percent":	51.947141316073356,
					"omitted":	false,
					"sender":	false
				}],
			"sum":	{
				"start":	162.000152,
				"end":	163.000186,
				"seconds":	1.000033974647522,
				"bytes":	12009332,
				"bits_per_second":	96071392.008319572,
				"jitter_ms":	0.0906569128359995,
				"lost_packets":	9631,
				"packets":	18540,
				"lost_percent":	51.947141316073356,
				"omitted":	false,
				"sender":	false
			}
		}, {
			"streams":	[{
					"socket":	5,
					"start":	163.000186,
					"end":	164.001059,
					"seconds":	1.0008729696273804,
					"bytes":	12013376,
					"bits_per_second":	96023182.6779977,
					"jitter_ms":	0.0837452355654988,
					"lost_packets":	9635,
					"packets":	18547,
					"lost_percent":	51.9491022806923,
					"omitted":	false,
					"sender":	false
				}],
			"sum":	{
				"start":	163.000186,
				"end":	164.001059,
				"seconds":	1.0008729696273804,
				"bytes":	12013376,
				"bits_per_second":	96023182.6779977,
				"jitter_ms":	0.0837452355654988,
				"lost_packets":	9635,
				"packets":	18547,
				"lost_percent":	51.9491022806923,
				"omitted":	false,
				"sender":	false
			}
		}, {
			"streams":	[{
					"socket":	5,
					"start":	164.001059,
					"end":	165.001095,
					"seconds":	1.0000360012054443,
					"bytes":	11846224,
					"bits_per_second":	94766380.29607375,
					"jitter_ms":	0.072835419685463532,
					"lost_packets":	9723,
					"packets":	18511,
					"lost_percent":	52.5255253632975,
					"omitted":	false,
					"sender":	false
				}],
			"sum":	{
				"start":	164.001059,
				"end":	165.001095,
				"seconds":	1.0000360012054443,
				"bytes":	11846224,
				"bits_per_second":	94766380.29607375,
				"jitter_ms":	0.072835419685463532,
				"lost_packets":	9723,
				"packets":	18511,
				"lost_percent":	52.5255253632975,
				"omitted":	false,
				"sender":	false
			}
		}, {
			"streams":	[{
					"socket":	5,
					"start":	165.001095,
					"end":	166.000175,
					"seconds":	0.999080002307892,
					"bytes":	12111780,
					"bits_per_second":	96983464.56357114,
					"jitter_ms":	0.091296843307075257,
					"lost_packets":	9596,
					"packets":	18581,
					"lost_percent":	51.644152629029655,
					"omitted":	false,
					"sender":	false
				}],
			"sum":	{
				"start":	165.001095,
				"end":	166.000175,
				"seconds":	0.999080002307892,
				"bytes":	12111780,
				"bits_per_second":	96983464.56357114,
				"jitter_ms":	0.091296843307075257,
				"lost_packets":	9596,
				"packets":	18581,
				"lost_percent":	51.644152629029655,
				"omitted":	false,
				"sender":	false
			}
		}, {
			"streams":	[{
					"socket":	5,
					"start":	166.000175,
					"end":	167.001065,
					"seconds":	1.0008900165557861,
					"bytes":	11971588,
					"bits_per_second":	95687540.5047683,
					"jitter_ms":	0.07715765602300087,
					"lost_packets":	9666,
					"packets":	18547,
					"lost_percent":	52.116245214859546,
					"omitted":	false,
					"sender":	false
				}],
			"sum":	{
				"start":	166.000175,
				"end":	167.001065,
				"seconds":	1.0008900165557861,
				"bytes":	11971588,
				"bits_per_second":	95687540.5047683,
				"jitter_ms":	0.07715765602300087,
				"lost_packets":	9666,
				"packets":	18547,
				"lost_percent":	52.116245214859546,
				"omitted":	false,
				"sender":	false
			}
		}, {
			"streams":	[{
					"socket":	5,
					"start":	167.001065,
					"end":	168.001084,
					"seconds":	1.0000189542770386,
					"bytes":	11869140,
					"bits_per_second":	94951320.2663705,
					"jitter_ms":	0.0738386701524753,
					"lost_packets":	9559,
					"packets":	18364,
					"lost_percent":	52.052929644957523,
					"omitted":	false,
					"sender":	false
				}],
			"sum":	{
				"start":	167.001065,
				"end":	168.001084,
				"seconds":	1.0000189542770386,
				"bytes":	11869140,
				"bits_per_second":	94951320.2663705,
				"jitter_ms":	0.0738386701524753,
				"lost_packets":	9559,
				"packets":	18364,
				"lost_percent":	52.052929644957523,
				"omitted":	false,
				"sender":	false
			}
		}, {
			"streams":	[{
					"socket":	5,
					"start":	168.001084,
					"end":	169.001062,
					"seconds":	0.999978005886078,
					"bytes":	12173788,
					"bits_per_second":	97392446.0605538,
					"jitter_ms":	0.035247213574581569,
					"lost_packets":	9952,
					"packets":	18983,
					"lost_percent":	52.425854712110834,
					"omitted":	false,
					"sender":	false
				}],
			"sum":	{
				"start":	168.001084,
				"end":	169.001062,
				"seconds":	0.999978005886078,
				"bytes":	12173788,
				"bits_per_second":	97392446.0605538,
				"jitter_ms":	0.035247213574581569,
				"lost_packets":	9952,
				"packets":	18983,
				"lost_percent":	52.425854712110834,
				"omitted":	false,
				"sender":	false
			}
		}, {
			"streams":	[{
					"socket":	5,
					"start":	169.001062,
					"end":	170.000163,
					"seconds":	0.99910098314285278,
					"bytes":	11778824,
					"bits_per_second":	94315383.119312555,
					"jitter_ms":	0.038681506322382819,
					"lost_packets":	9546,
					"packets":	18284,
					"lost_percent":	52.2095821483264,
					"omitted":	false,
					"sender":	false
				}],
			"sum":	{
				"start":	169.001062,
				"end":	170.000163,
				"seconds":	0.99910098314285278,
				"bytes":	11778824,
				"bits_per_second":	94315383.119312555,
				"jitter_ms":	0.038681506322382819,
				"lost_packets":	9546,
				"packets":	18284,
				"lost_percent":	52.2095821483264,
				"omitted":	false,
				"sender":	false
			}
		}, {
			"streams":	[{
					"socket":	5,
					"start":	170.000163,
					"end":	171.000168,
					"seconds":	1.0000050067901611,
					"bytes":	12336896,
					"bits_per_second":	98694673.856477976,
					"jitter_ms":	0.083500919068413434,
					"lost_packets":	9957,
					"packets":	19109,
					"lost_percent":	52.106337327960645,
					"omitted":	false,
					"sender":	false
				}],
			"sum":	{
				"start":	170.000163,
				"end":	171.000168,
				"seconds":	1.0000050067901611,
				"bytes":	12336896,
				"bits_per_second":	98694673.856477976,
				"jitter_ms":	0.083500919068413434,
				"lost_packets":	9957,
				"packets":	19109,
				"lost_percent":	52.106337327960645,
				"omitted":	false,
				"sender":	false
			}
		}, {
			"streams":	[{
					"socket":	5,
					"start":	171.000168,
					"end":	172.001062,
					"seconds":	1.0008939504623413,
					"bytes":	11859704,
					"bits_per_second":	94792891.8505036,
					"jitter_ms":	0.0497361966804263,
					"lost_packets":	9448,
					"packets":	18246,
					"lost_percent":	51.7812123205086,
					"omitted":	false,
					"sender":	false
				}],
			"sum":	{
				"start":	171.000168,
				"end":	172.001062,
				"seconds":	1.0008939504623413,
				"bytes":	11859704,
				"bits_per_second":	94792891.8505036,
				"jitter_ms":	0.0497361966804263,
				"lost_packets":	9448,
				"packets":	18246,
				"lost_percent":	51.7812123205086,
				"omitted":	false,
				"sender":	false
			}
		}, {
			"streams":	[{
					"socket":	5,
					"start":	172.001062,
					"end":	173.000159,
					"seconds":	0.99909698963165283,
					"bytes":	12347680,
					"bits_per_second":	98870721.286447629,
					"jitter_ms":	0.051134197538035178,
					"lost_packets":	9434,
					"packets":	18594,
					"lost_percent":	50.736796816177261,
					"omitted":	false,
					"sender":	false
				}],
			"sum":	{
				"start":	172.001062,
				"end":	173.000159,
				"seconds":	0.99909698963165283,
				"bytes":	12347680,
				"bits_per_second":	98870721.286447629,
				"jitter_ms":	0.051134197538035178,
				"lost_packets":	9434,
				"packets":	18594,
				"lost_percent":	50.736796816177261,
				"omitted":	false,
				"sender":	false
			}
		}, {
			"streams":	[{
					"socket":	5,
					"start":	173.000159,
					"end":	174.000247,
					"seconds":	1.0000879764556885,
					"bytes":	12171092,
					"bits_per_second":	97360170.597265631,
					"jitter_ms":	0.08285126250099463,
					"lost_packets":	9991,
					"packets":	19020,
					"lost_percent":	52.528916929547847,
					"omitted":	false,
					"sender":	false
				}],
			"sum":	{
				"start":	173.000159,
				"end":	174.000247,
				"seconds":	1.0000879764556885,
				"bytes":	12171092,
				"bits_per_second":	97360170.597265631,
				"jitter_ms":	0.08285126250099463,
				"lost_packets":	9991,
				"packets":	19020,
				"lost_percent":	52.528916929547847,
				"omitted":	false,
				"sender":	false
			}
		}, {
			"streams":	[{
					"socket":	5,
					"start":	174.000247,
					"end":	175.000198,
					"seconds":	0.99995100498199463,
					"bytes":	11716816,
					"bits_per_second":	93739120.749908954,
					"jitter_ms":	0.063159808106724877,
					"lost_packets":	9636,
					"packets":	18328,
					"lost_percent":	52.575294631165427,
					"omitted":	false,
					"sender":	false
				}],
			"sum":	{
				"start":	174.000247,
				"end":	175.000198,
				"seconds":	0.99995100498199463,
				"bytes":	11716816,
				"bits_per_second":	93739120.749908954,
				"jitter_ms":	0.063159808106724877,
				"lost_packets":	9636,
				"packets":	18328,
				"lost_percent":	52.575294631165427,
				"omitted":	false,
				"sender":	false
			}
		}, {
			"streams":	[{
					"socket":	5,
					"start":	175.000198,
					"end":	176.001067,
					"seconds":	1.0008690357208252,
					"bytes":	11871836,
					"bits_per_second":	94892223.2683513,
					"jitter_ms":	0.0508504431465113,
					"lost_packets":	9446,
					"packets":	18253,
					"lost_percent":	51.750397194981645,
					"omitted":	false,
					"sender":	false
				}],
			"sum":	{
				"start":	175.000198,
				"end":	176.001067,
				"seconds":	1.0008690357208252,
				"bytes":	11871836,
				"bits_per_second":	94892223.2683513,
				"jitter_ms":	0.0508504431465113,
				"lost_packets":	9446,
				"packets":	18253,
				"lost_percent":	51.750397194981645,
				"omitted":	false,
				"sender":	false
			}
		}, {
			"streams":	[{
					"socket":	5,
					"start":	176.001067,
					"end":	177.000167,
					"seconds":	0.99910002946853638,
					"bytes":	12022812,
					"bits_per_second":	96269135.38493593,
					"jitter_ms":	0.028135493988815107,
					"lost_packets":	9627,
					"packets":	18546,
					"lost_percent":	51.908767389194438,
					"omitted":	false,
					"sender":	false
				}],
			"sum":	{
				"start":	176.001067,
				"end":	177.000167,
				"seconds":	0.99910002946853638,
				"bytes":	12022812,
				"bits_per_second":	96269135.38493593,
				"jitter_ms":	0.028135493988815107,
				"lost_packets":	9627,
				"packets":	18546,
				"lost_percent":	51.908767389194438,
				"omitted":	false,
				"sender":	false
			}
		}, {
			"streams":	[{
					"socket":	5,
					"start":	177.000167,
					"end":	178.000171,
					"seconds":	1.0000040531158447,
					"bytes":	11844876,
					"bits_per_second":	94758623.9323199,
					"jitter_ms":	0.039014982919227684,
					"lost_packets":	9485,
					"packets":	18272,
					"lost_percent":	51.910026269702279,
					"omitted":	false,
					"sender":	false
				}],
			"sum":	{
				"start":	177.000167,
				"end":	178.000171,
				"seconds":	1.0000040531158447,
				"bytes":	11844876,
				"bits_per_second":	94758623.9323199,
				"jitter_ms":	0.039014982919227684,
				"lost_packets":	9485,
				"packets":	18272,
				"lost_percent":	51.910026269702279,
				"omitted":	false,
				"sender":	false
			}
		}, {
			"streams":	[{
					"socket":	5,
					"start":	178.000171,
					"end":	179.0002,
					"seconds":	1.0000289678573608,
					"bytes":	12020116,
					"bits_per_second":	96158142.504643843,
					"jitter_ms":	0.0391184754047869,
					"lost_packets":	9629,
					"packets":	18546,
					"lost_percent":	51.91955138574356,
					"omitted":	false,
					"sender":	false
				}],
			"sum":	{
				"start":	178.000171,
				"end":	179.0002,
				"seconds":	1.0000289678573608,
				"bytes":	12020116,
				"bits_per_second":	96158142.504643843,
				"jitter_ms":	0.0391184754047869,
				"lost_packets":	9629,
				"packets":	18546,
				"lost_percent":	51.91955138574356,
				"omitted":	false,
				"sender":	false
			}
		}, {
			"streams":	[{
					"socket":	5,
					"start":	179.0002,
					"end":	180.000328,
					"seconds":	1.0001280307769775,
					"bytes":	12165700,
					"bits_per_second":	97313140.9229575,
					"jitter_ms":	0.060667534730564569,
					"lost_packets":	9793,
					"packets":	18818,
					"lost_percent":	52.040599426081414,
					"omitted":	false,
					"sender":	false
				}],
			"sum":	{
				"start":	179.0002,
				"end":	180.000328,
				"seconds":	1.0001280307769775,
				"bytes":	12165700,
				"bits_per_second":	97313140.9229575,
				"jitter_ms":	0.060667534730564569,
				"lost_packets":	9793,
				"packets":	18818,
				"lost_percent":	52.040599426081414,
				"omitted":	false,
				"sender":	false
			}
		}, {
			"streams":	[{
					"socket":	5,
					"start":	180.000328,
					"end":	181.000322,
					"seconds":	0.99999397993087769,
					"bytes":	12005288,
					"bits_per_second":	96042882.184789464,
					"jitter_ms":	0.055876504242015762,
					"lost_packets":	9640,
					"packets":	18546,
					"lost_percent":	51.978863366763726,
					"omitted":	false,
					"sender":	false
				}],
			"sum":	{
				"start":	180.000328,
				"end":	181.000322,
				"seconds":	0.99999397993087769,
				"bytes":	12005288,
				"bits_per_second":	96042882.184789464,
				"jitter_ms":	0.055876504242015762,
				"lost_packets":	9640,
				"packets":	18546,
				"lost_percent":	51.978863366763726,
				"omitted":	false,
				"sender":	false
			}
		}, {
			"streams":	[{
					"socket":	5,
					"start":	181.000322,
					"end":	182.000205,
					"seconds":	0.999882996082306,
					"bytes":	11844876,
					"bits_per_second":	94770096.472567543,
					"jitter_ms":	0.036135961329998752,
					"lost_packets":	9488,
					"packets":	18275,
					"lost_percent":	51.917920656634749,
					"omitted":	false,
					"sender":	false
				}],
			"sum":	{
				"start":	181.000322,
				"end":	182.000205,
				"seconds":	0.999882996082306,
				"bytes":	11844876,
				"bits_per_second":	94770096.472567543,
				"jitter_ms":	0.036135961329998752,
				"lost_packets":	9488,
				"packets":	18275,
				"lost_percent":	51.917920656634749,
				"omitted":	false,
				"sender":	false
			}
		}, {
			"streams":	[{
					"socket":	5,
					"start":	182.000205,
					"end":	183.000406,
					"seconds":	1.0002009868621826,
					"bytes":	12005288,
					"bits_per_second":	96023004.637600541,
					"jitter_ms":	0.039582693374962626,
					"lost_packets":	9639,
					"packets":	18545,
					"lost_percent":	51.976273928282559,
					"omitted":	false,
					"sender":	false
				}],
			"sum":	{
				"start":	182.000205,
				"end":	183.000406,
				"seconds":	1.0002009868621826,
				"bytes":	12005288,
				"bits_per_second":	96023004.637600541,
				"jitter_ms":	0.039582693374962626,
				"lost_packets":	9639,
				"packets":	18545,
				"lost_percent":	51.976273928282559,
				"omitted":	false,
				"sender":	false
			}
		}, {
			"streams":	[{
					"socket":	5,
					"start":	183.000406,
					"end":	184.00106,
					"seconds":	1.0006539821624756,
					"bytes":	12078080,
					"bits_per_second":	96561490.507625952,
					"jitter_ms":	0.052471950066108532,
					"lost_packets":	9656,
					"packets":	18616,
					"lost_percent":	51.869359690588738,
					"omitted":	false,
					"sender":	false
				}],
			"sum":	{
				"start":	183.000406,
				"end":	184.00106,
				"seconds":	1.0006539821624756,
				"bytes":	12078080,
				"bits_per_second":	96561490.507625952,
				"jitter_ms":	0.052471950066108532,
				"lost_packets":	9656,
				"packets":	18616,
				"lost_percent":	51.869359690588738,
				"omitted":	false,
				"sender":	false
			}
		}, {
			"streams":	[{
					"socket":	5,
					"start":	184.00106,
					"end":	185.000198,
					"seconds":	0.9991379976272583,
					"bytes":	12160308,
					"bits_per_second":	97366394.06270735,
					"jitter_ms":	0.037229788653054277,
					"lost_packets":	9809,
					"packets":	18830,
					"lost_percent":	52.0924057355284,
					"omitted":	false,
					"sender":	false
				}],
			"sum":	{
				"start":	184.00106,
				"end":	185.000198,
				"seconds":	0.9991379976272583,
				"bytes":	12160308,
				"bits_per_second":	97366394.06270735,
				"jitter_ms":	0.037229788653054277,
				"lost_packets":	9809,
				"packets":	18830,
				"lost_percent":	52.0924057355284,
				"omitted":	false,
				"sender":	false
			}
		}, {
			"streams":	[{
					"socket":	5,
					"start":	185.000198,
					"end":	186.00022,
					"seconds":	1.0000220537185669,
					"bytes":	11927104,
					"bits_per_second":	95414727.75044705,
					"jitter_ms":	0.059016995498477116,
					"lost_packets":	9616,
					"packets":	18464,
					"lost_percent":	52.079722703639511,
					"omitted":	false,
					"sender":	false
				}],
			"sum":	{
				"start":	185.000198,
				"end":	186.00022,
				"seconds":	1.0000220537185669,
				"bytes":	11927104,
				"bits_per_second":	95414727.75044705,
				"jitter_ms":	0.059016995498477116,
				"lost_packets":	9616,
				"packets":	18464,
				"lost_percent":	52.079722703639511,
				"omitted":	false,
				"sender":	false
			}
		}, {
			"streams":	[{
					"socket":	5,
					"start":	186.00022,
					"end":	187.000157,
					"seconds":	0.99993699789047241,
					"bytes":	11834092,
					"bits_per_second":	94678700.9578877,
					"jitter_ms":	0.043749838892650758,
					"lost_packets":	9642,
					"packets":	18421,
					"lost_percent":	52.342435264100757,
					"omitted":	false,
					"sender":	false
				}],
			"sum":	{
				"start":	186.00022,
				"end":	187.000157,
				"seconds":	0.99993699789047241,
				"bytes":	11834092,
				"bits_per_second":	94678700.9578877,
				"jitter_ms":	0.043749838892650758,
				"lost_packets":	9642,
				"packets":	18421,
				"lost_percent":	52.342435264100757,
				"omitted":	false,
				"sender":	false
			}
		}, {
			"streams":	[{
					"socket":	5,
					"start":	187.000157,
					"end":	188.001074,
					"seconds":	1.0009169578552246,
					"bytes":	11866444,
					"bits_per_second":	94844583.5141212,
					"jitter_ms":	0.0727440152466771,
					"lost_packets":	9567,
					"packets":	18370,
					"lost_percent":	52.079477408818725,
					"omitted":	false,
					"sender":	false
				}],
			"sum":	{
				"start":	187.000157,
				"end":	188.001074,
				"seconds":	1.0009169578552246,
				"bytes":	11866444,
				"bits_per_second":	94844583.5141212,
				"jitter_ms":	0.0727440152466771,
				"lost_packets":	9567,
				"packets":	18370,
				"lost_percent":	52.079477408818725,
				"omitted":	false,
				"sender":	false
			}
		}, {
			"streams":	[{
					"socket":	5,
					"start":	188.001074,
					"end":	189.000209,
					"seconds":	0.99913501739501953,
					"bytes":	12012028,
					"bits_per_second":	96179417.523114651,
					"jitter_ms":	0.072911651543801,
					"lost_packets":	9635,
					"packets":	18546,
					"lost_percent":	51.95190337539092,
					"omitted":	false,
					"sender":	false
				}],
			"sum":	{
				"start":	188.001074,
				"end":	189.000209,
				"seconds":	0.99913501739501953,
				"bytes":	12012028,
				"bits_per_second":	96179417.523114651,
				"jitter_ms":	0.072911651543801,
				"lost_packets":	9635,
				"packets":	18546,
				"lost_percent":	51.95190337539092,
				"omitted":	false,
				"sender":	false
			}
		}, {
			"streams":	[{
					"socket":	5,
					"start":	189.000209,
					"end":	190.001069,
					"seconds":	1.0008599758148193,
					"bytes":	12150872,
					"bits_per_second":	97123452.1800734,
					"jitter_ms":	0.045440774652718452,
					"lost_packets":	9708,
					"packets":	18722,
					"lost_percent":	51.853434462130117,
					"omitted":	false,
					"sender":	false
				}],
			"sum":	{
				"start":	189.000209,
				"end":	190.001069,
				"seconds":	1.0008599758148193,
				"bytes":	12150872,
				"bits_per_second":	97123452.1800734,
				"jitter_ms":	0.045440774652718452,
				"lost_packets":	9708,
				"packets":	18722,
				"lost_percent":	51.853434462130117,
				"omitted":	false,
				"sender":	false
			}
		}, {
			"streams":	[{
					"socket":	5,
					"start":	190.001069,
					"end":	191.000169,
					"seconds":	0.99910002946853638,
					"bytes":	11906884,
					"bits_per_second":	95340875.978824869,
					"jitter_ms":	0.038379951384676758,
					"lost_packets":	9566,
					"packets":	18399,
					"lost_percent":	51.991956084569814,
					"omitted":	false,
					"sender":	false
				}],
			"sum":	{
				"start":	190.001069,
				"end":	191.000169,
				"seconds":	0.99910002946853638,
				"bytes":	11906884,
				"bits_per_second":	95340875.978824869,
				"jitter_ms":	0.038379951384676758,
				"lost_packets":	9566,
				"packets":	18399,
				"lost_percent":	51.991956084569814,
				"omitted":	false,
				"sender":	false
			}
		}, {
			"streams":	[{
					"socket":	5,
					"start":	191.000169,
					"end":	192.001077,
					"seconds":	1.0009080171585083,
					"bytes":	12127956,
					"bits_per_second":	96935628.7857917,
					"jitter_ms":	0.05761824870979898,
					"lost_packets":	9821,
					"packets":	18818,
					"lost_percent":	52.189393134233178,
					"omitted":	false,
					"sender":	false
				}],
			"sum":	{
				"start":	191.000169,
				"end":	192.001077,
				"seconds":	1.0009080171585083,
				"bytes":	12127956,
				"bits_per_second":	96935628.7857917,
				"jitter_ms":	0.05761824870979898,
				"lost_packets":	9821,
				"packets":	18818,
				"lost_percent":	52.189393134233178,
				"omitted":	false,
				"sender":	false
			}
		}, {
			"streams":	[{
					"socket":	5,
					"start":	192.001077,
					"end":	193.001067,
					"seconds":	0.99998998641967773,
					"bytes":	12006636,
					"bits_per_second":	96054049.8449434,
					"jitter_ms":	0.0682514779900721,
					"lost_packets":	9619,
					"packets":	18526,
					"lost_percent":	51.921623664039728,
					"omitted":	false,
					"sender":	false
				}],
			"sum":	{
				"start":	192.001077,
				"end":	193.001067,
				"seconds":	0.99998998641967773,
				"bytes":	12006636,
				"bits_per_second":	96054049.8449434,
				"jitter_ms":	0.0682514779900721,
				"lost_packets":	9619,
				"packets":	18526,
				"lost_percent":	51.921623664039728,
				"omitted":	false,
				"sender":	false
			}
		}, {
			"streams":	[{
					"socket":	5,
					"start":	193.001067,
					"end":	194.000359,
					"seconds":	0.999292016029358,
					"bytes":	11852964,
					"bits_per_second":	94890893.2313677,
					"jitter_ms":	0.0475551918668459,
					"lost_packets":	9501,
					"packets":	18294,
					"lost_percent":	51.935060675631355,
					"omitted":	false,
					"sender":	false
				}],
			"sum":	{
				"start":	193.001067,
				"end":	194.000359,
				"seconds":	0.999292016029358,
				"bytes":	11852964,
				"bits_per_second":	94890893.2313677,
				"jitter_ms":	0.0475551918668459,
				"lost_packets":	9501,
				"packets":	18294,
				"lost_percent":	51.935060675631355,
				"omitted":	false,
				"sender":	false
			}
		}, {
			"streams":	[{
					"socket":	5,
					"start":	194.000359,
					"end":	195.000182,
					"seconds":	0.999822974205017,
					"bytes":	12257364,
					"bits_per_second":	98076274.0303792,
					"jitter_ms":	0.0628911431003714,
					"lost_packets":	9778,
					"packets":	18871,
					"lost_percent":	51.814954162471516,
					"omitted":	false,
					"sender":	false
				}],
			"sum":	{
				"start":	194.000359,
				"end":	195.000182,
				"seconds":	0.999822974205017,
				"bytes":	12257364,
				"bits_per_second":	98076274.0303792,
				"jitter_ms":	0.0628911431003714,
				"lost_packets":	9778,
				"packets":	18871,
				"lost_percent":	51.814954162471516,
				"omitted":	false,
				"sender":	false
			}
		}, {
			"streams":	[{
					"socket":	5,
					"start":	195.000182,
					"end":	196.00018,
					"seconds":	0.99999797344207764,
					"bytes":	11944628,
					"bits_per_second":	95557217.652236477,
					"jitter_ms":	0.055515252807586617,
					"lost_packets":	9632,
					"packets":	18493,
					"lost_percent":	52.084572540961446,
					"omitted":	false,
					"sender":	false
				}],
			"sum":	{
				"start":	195.000182,
				"end":	196.00018,
				"seconds":	0.99999797344207764,
				"bytes":	11944628,
				"bits_per_second":	95557217.652236477,
				"jitter_ms":	0.055515252807586617,
				"lost_packets":	9632,
				"packets":	18493,
				"lost_percent":	52.084572540961446,
				"omitted":	false,
				"sender":	false
			}
		}, {
			"streams":	[{
					"socket":	5,
					"start":	196.00018,
					"end":	197.001075,
					"seconds":	1.0008950233459473,
					"bytes":	11952716,
					"bits_per_second":	95536220.851953924,
					"jitter_ms":	0.064836603663590245,
					"lost_packets":	9678,
					"packets":	18545,
					"lost_percent":	52.186573200323537,
					"omitted":	false,
					"sender":	false
				}],
			"sum":	{
				"start":	196.00018,
				"end":	197.001075,
				"seconds":	1.0008950233459473,
				"bytes":	11952716,
				"bits_per_second":	95536220.851953924,
				"jitter_ms":	0.064836603663590245,
				"lost_packets":	9678,
				"packets":	18545,
				"lost_percent":	52.186573200323537,
				"omitted":	false,
				"sender":	false
			}
		}, {
			"streams":	[{
					"socket":	5,
					"start":	197.001075,
					"end":	198.001073,
					"seconds":	0.99999797344207764,
					"bytes":	11817916,
					"bits_per_second":	94543519.597918645,
					"jitter_ms":	0.041910159110950918,
					"lost_packets":	9508,
					"packets":	18275,
					"lost_percent":	52.027359781121753,
					"omitted":	false,
					"sender":	false
				}],
			"sum":	{
				"start":	197.001075,
				"end":	198.001073,
				"seconds":	0.99999797344207764,
				"bytes":	11817916,
				"bits_per_second":	94543519.597918645,
				"jitter_ms":	0.041910159110950918,
				"lost_packets":	9508,
				"packets":	18275,
				"lost_percent":	52.027359781121753,
				"omitted":	false,
				"sender":	false
			}
		}, {
			"streams":	[{
					"socket":	5,
					"start":	198.001073,
					"end":	199.001071,
					"seconds":	0.99999797344207764,
					"bytes":	12020116,
					"bits_per_second":	96161122.8760854,
					"jitter_ms":	0.0437445413849148,
					"lost_packets":	9776,
					"packets":	18693,
					"lost_percent":	52.2976515273097,
					"omitted":	false,
					"sender":	false
				}],
			"sum":	{
				"start":	198.001073,
				"end":	199.001071,
				"seconds":	0.99999797344207764,
				"bytes":	12020116,
				"bits_per_second":	96161122.8760854,
				"jitter_ms":	0.0437445413849148,
				"lost_packets":	9776,
				"packets":	18693,
				"lost_percent":	52.2976515273097,
				"omitted":	false,
				"sender":	false
			}
		}, {
			"streams":	[{
					"socket":	5,
					"start":	199.001071,
					"end":	200.000159,
					"seconds":	0.99908798933029175,
					"bytes":	12183224,
					"bits_per_second":	97554762.984722927,
					"jitter_ms":	0.0602277176179344,
					"lost_packets":	9613,
					"packets":	18651,
					"lost_percent":	51.5414723071149,
					"omitted":	false,
					"sender":	false
				}],
			"sum":	{
				"start":	199.001071,
				"end":	200.000159,
				"seconds":	0.99908798933029175,
				"bytes":	12183224,
				"bits_per_second":	97554762.984722927,
				"jitter_ms":	0.0602277176179344,
				"lost_packets":	9613,
				"packets":	18651,
				"lost_percent":	51.5414723071149,
				"omitted":	false,
				"sender":	false
			}
		}, {
			"streams":	[{
					"socket":	5,
					"start":	200.000159,
					"end":	201.000684,
					"seconds":	1.0005249977111816,
					"bytes":	11997200,
					"bits_per_second":	95927238.419389844,
					"jitter_ms":	0.055672879124985863,
					"lost_packets":	9665,
					"packets":	18565,
					"lost_percent":	52.06032857527606,
					"omitted":	false,
					"sender":	false
				}],
			"sum":	{
				"start":	200.000159,
				"end":	201.000684,
				"seconds":	1.0005249977111816,
				"bytes":	11997200,
				"bits_per_second":	95927238.419389844,
				"jitter_ms":	0.055672879124985863,
				"lost_packets":	9665,
				"packets":	18565,
				"lost_percent":	52.06032857527606,
				"omitted":	false,
				"sender":	false
			}
		}, {
			"streams":	[{
					"socket":	5,
					"start":	201.000684,
					"end":	202.001057,
					"seconds":	1.0003730058670044,
					"bytes":	11859704,
					"bits_per_second":	94842255.282339752,
					"jitter_ms":	0.0418225386088837,
					"lost_packets":	9624,
					"packets":	18422,
					"lost_percent":	52.241884703072415,
					"omitted":	false,
					"sender":	false
				}],
			"sum":	{
				"start":	201.000684,
				"end":	202.001057,
				"seconds":	1.0003730058670044,
				"bytes":	11859704,
				"bits_per_second":	94842255.282339752,
				"jitter_ms":	0.0418225386088837,
				"lost_packets":	9624,
				"packets":	18422,
				"lost_percent":	52.241884703072415,
				"omitted":	false,
				"sender":	false
			}
		}, {
			"streams":	[{
					"socket":	5,
					"start":	202.001057,
					"end":	203.001071,
					"seconds":	1.0000139474868774,
					"bytes":	12029552,
					"bits_per_second":	96235073.762571543,
					"jitter_ms":	0.030248691892270758,
					"lost_packets":	9292,
					"packets":	18216,
					"lost_percent":	51.010101010101,
					"omitted":	false,
					"sender":	false
				}],
			"sum":	{
				"start":	202.001057,
				"end":	203.001071,
				"seconds":	1.0000139474868774,
				"bytes":	12029552,
				"bits_per_second":	96235073.762571543,
				"jitter_ms":	0.030248691892270758,
				"lost_packets":	9292,
				"packets":	18216,
				"lost_percent":	51.010101010101,
				"omitted":	false,
				"sender":	false
			}
		}, {
			"streams":	[{
					"socket":	5,
					"start":	203.001071,
					"end":	204.001069,
					"seconds":	0.99999797344207764,
					"bytes":	12235796,
					"bits_per_second":	97886566.3727966,
					"jitter_ms":	0.084335033111373942,
					"lost_packets":	9435,
					"packets":	18512,
					"lost_percent":	50.96694036300778,
					"omitted":	false,
					"sender":	false
				}],
			"sum":	{
				"start":	203.001071,
				"end":	204.001069,
				"seconds":	0.99999797344207764,
				"bytes":	12235796,
				"bits_per_second":	97886566.3727966,
				"jitter_ms":	0.084335033111373942,
				"lost_packets":	9435,
				"packets":	18512,
				"lost_percent":	50.96694036300778,
				"omitted":	false,
				"sender":	false
			}
		}, {
			"streams":	[{
					"socket":	5,
					"start":	204.001069,
					"end":	205.001056,
					"seconds":	0.999987006187439,
					"bytes":	11768040,
					"bits_per_second":	94145543.3095432,
					"jitter_ms":	0.0398076403813153,
					"lost_packets":	10180,
					"packets":	18910,
					"lost_percent":	53.8339502908514,
					"omitted":	false,
					"sender":	false
				}],
			"sum":	{
				"start":	204.001069,
				"end":	205.001056,
				"seconds":	0.999987006187439,
				"bytes":	11768040,
				"bits_per_second":	94145543.3095432,
				"jitter_ms":	0.0398076403813153,
				"lost_packets":	10180,
				"packets":	18910,
				"lost_percent":	53.8339502908514,
				"omitted":	false,
				"sender":	false
			}
		}, {
			"streams":	[{
					"socket":	5,
					"start":	205.001056,
					"end":	206.000161,
					"seconds":	0.99910497665405273,
					"bytes":	12020116,
					"bits_per_second":	96247071.375860453,
					"jitter_ms":	0.038070197425601915,
					"lost_packets":	9482,
					"packets":	18399,
					"lost_percent":	51.5354095331268,
					"omitted":	false,
					"sender":	false
				}],
			"sum":	{
				"start":	205.001056,
				"end":	206.000161,
				"seconds":	0.99910497665405273,
				"bytes":	12020116,
				"bits_per_second":	96247071.375860453,
				"jitter_ms":	0.038070197425601915,
				"lost_packets":	9482,
				"packets":	18399,
				"lost_percent":	51.5354095331268,
				"omitted":	false,
				"sender":	false
			}
		}, {
			"streams":	[{
					"socket":	5,
					"start":	206.000161,
					"end":	207.001056,
					"seconds":	1.0008950233459473,
					"bytes":	12188616,
					"bits_per_second":	97421733.274316832,
					"jitter_ms":	0.060822704230744914,
					"lost_packets":	9923,
					"packets":	18965,
					"lost_percent":	52.3226997099921,
					"omitted":	false,
					"sender":	false
				}],
			"sum":	{
				"start":	206.000161,
				"end":	207.001056,
				"seconds":	1.0008950233459473,
				"bytes":	12188616,
				"bits_per_second":	97421733.274316832,
				"jitter_ms":	0.060822704230744914,
				"lost_packets":	9923,
				"packets":	18965,
				"lost_percent":	52.3226997099921,
				"omitted":	false,
				"sender":	false
			}
		}, {
			"streams":	[{
					"socket":	5,
					"start":	207.001056,
					"end":	208.000216,
					"seconds":	0.99915999174118042,
					"bytes":	11983720,
					"bits_per_second":	95950359.094075724,
					"jitter_ms":	0.0638255053520567,
					"lost_packets":	9656,
					"packets":	18546,
					"lost_percent":	52.0651353391567,
					"omitted":	false,
					"sender":	false
				}],
			"sum":	{
				"start":	207.001056,
				"end":	208.000216,
				"seconds":	0.99915999174118042,
				"bytes":	11983720,
				"bits_per_second":	95950359.094075724,
				"jitter_ms":	0.0638255053520567,
				"lost_packets":	9656,
				"packets":	18546,
				"lost_percent":	52.0651353391567,
				"omitted":	false,
				"sender":	false
			}
		}, {
			"streams":	[{
					"socket":	5,
					"start":	208.000216,
					"end":	209.000225,
					"seconds":	1.0000089406967163,
					"bytes":	11817916,
					"bits_per_second":	94542482.724335149,
					"jitter_ms":	0.038501796960552129,
					"lost_packets":	9360,
					"packets":	18127,
					"lost_percent":	51.635681579963588,
					"omitted":	false,
					"sender":	false
				}],
			"sum":	{
				"start":	208.000216,
				"end":	209.000225,
				"seconds":	1.0000089406967163,
				"bytes":	11817916,
				"bits_per_second":	94542482.724335149,
				"jitter_ms":	0.038501796960552129,
				"lost_packets":	9360,
				"packets":	18127,
				"lost_percent":	51.635681579963588,
				"omitted":	false,
				"sender":	false
			}
		}, {
			"streams":	[{
					"socket":	5,
					"start":	209.000225,
					"end":	210.001075,
					"seconds":	1.0008499622344971,
					"bytes":	12169744,
					"bits_per_second":	97275271.692710757,
					"jitter_ms":	0.067016798198346841,
					"lost_packets":	9937,
					"packets":	18965,
					"lost_percent":	52.396519905088319,
					"omitted":	false,
					"sender":	false
				}],
			"sum":	{
				"start":	209.000225,
				"end":	210.001075,
				"seconds":	1.0008499622344971,
				"bytes":	12169744,
				"bits_per_second":	97275271.692710757,
				"jitter_ms":	0.067016798198346841,
				"lost_packets":	9937,
				"packets":	18965,
				"lost_percent":	52.396519905088319,
				"omitted":	false,
				"sender":	false
			}
		}, {
			"streams":	[{
					"socket":	5,
					"start":	210.001075,
					"end":	211.001059,
					"seconds":	0.9999840259552002,
					"bytes":	11817916,
					"bits_per_second":	94544838.263482,
					"jitter_ms":	0.040843339371012539,
					"lost_packets":	9507,
					"packets":	18274,
					"lost_percent":	52.0247345956003,
					"omitted":	false,
					"sender":	false
				}],
			"sum":	{
				"start":	210.001075,
				"end":	211.001059,
				"seconds":	0.9999840259552002,
				"bytes":	11817916,
				"bits_per_second":	94544838.263482,
				"jitter_ms":	0.040843339371012539,
				"lost_packets":	9507,
				"packets":	18274,
				"lost_percent":	52.0247345956003,
				"omitted":	false,
				"sender":	false
			}
		}, {
			"streams":	[{
					"socket":	5,
					"start":	211.001059,
					"end":	212.001075,
					"seconds":	1.0000159740448,
					"bytes":	12181876,
					"bits_per_second":	97453451.274203449,
					"jitter_ms":	0.060433301677289865,
					"lost_packets":	9783,
					"packets":	18820,
					"lost_percent":	51.981934112646123,
					"omitted":	false,
					"sender":	false
				}],
			"sum":	{
				"start":	211.001059,
				"end":	212.001075,
				"seconds":	1.0000159740448,
				"bytes":	12181876,
				"bits_per_second":	97453451.274203449,
				"jitter_ms":	0.060433301677289865,
				"lost_packets":	9783,
				"packets":	18820,
				"lost_percent":	51.981934112646123,
				"omitted":	false,
				"sender":	false
			}
		}, {
			"streams":	[{
					"socket":	5,
					"start":	212.001075,
					"end":	213.001061,
					"seconds":	0.99998599290847778,
					"bytes":	11696596,
					"bits_per_second":	93574078.700684473,
					"jitter_ms":	0.066062870542916222,
					"lost_packets":	9420,
					"packets":	18097,
					"lost_percent":	52.052826435320775,
					"omitted":	false,
					"sender":	false
				}],
			"sum":	{
				"start":	212.001075,
				"end":	213.001061,
				"seconds":	0.99998599290847778,
				"bytes":	11696596,
				"bits_per_second":	93574078.700684473,
				"jitter_ms":	0.066062870542916222,
				"lost_packets":	9420,
				"packets":	18097,
				"lost_percent":	52.052826435320775,
				"omitted":	false,
				"sender":	false
			}
		}, {
			"streams":	[{
					"socket":	5,
					"start":	213.001061,
					"end":	214.000246,
					"seconds":	0.999185025691986,
					"bytes":	12171092,
					"bits_per_second":	97448153.741662845,
					"jitter_ms":	0.044137048028340148,
					"lost_packets":	9543,
					"packets":	18572,
					"lost_percent":	51.3838035752746,
					"omitted":	false,
					"sender":	false
				}],
			"sum":	{
				"start":	213.001061,
				"end":	214.000246,
				"seconds":	0.999185025691986,
				"bytes":	12171092,
				"bits_per_second":	97448153.741662845,
				"jitter_ms":	0.044137048028340148,
				"lost_packets":	9543,
				"packets":	18572,
				"lost_percent":	51.3838035752746,
				"omitted":	false,
				"sender":	false
			}
		}, {
			"streams":	[{
					"socket":	5,
					"start":	214.000246,
					"end":	215.000231,
					"seconds":	0.9999849796295166,
					"bytes":	11839484,
					"bits_per_second":	94717294.6888574,
					"jitter_ms":	0.060563906128973485,
					"lost_packets":	9590,
					"packets":	18373,
					"lost_percent":	52.1961574048876,
					"omitted":	false,
					"sender":	false
				}],
			"sum":	{
				"start":	214.000246,
				"end":	215.000231,
				"seconds":	0.9999849796295166,
				"bytes":	11839484,
				"bits_per_second":	94717294.6888574,
				"jitter_ms":	0.060563906128973485,
				"lost_packets":	9590,
				"packets":	18373,
				"lost_percent":	52.1961574048876,
				"omitted":	false,
				"sender":	false
			}
		}, {
			"streams":	[{
					"socket":	5,
					"start":	215.000231,
					"end":	216.001057,
					"seconds":	1.0008260011672974,
					"bytes":	11948672,
					"bits_per_second":	95510484.2285381,
					"jitter_ms":	0.0613980517612188,
					"lost_packets":	9682,
					"packets":	18546,
					"lost_percent":	52.205327294295266,
					"omitted":	false,
					"sender":	false
				}],
			"sum":	{
				"start":	215.000231,
				"end":	216.001057,
				"seconds":	1.0008260011672974,
				"bytes":	11948672,
				"bits_per_second":	95510484.2285381,
				"jitter_ms":	0.0613980517612188,
				"lost_packets":	9682,
				"packets":	18546,
				"lost_percent":	52.205327294295266,
				"omitted":	false,
				"sender":	false
			}
		}, {
			"streams":	[{
					"socket":	5,
					"start":	216.001057,
					"end":	217.001074,
					"seconds":	1.0000170469284058,
					"bytes":	12083472,
					"bits_per_second":	96666128.139434338,
					"jitter_ms":	0.033223379502924436,
					"lost_packets":	9760,
					"packets":	18724,
					"lost_percent":	52.1256141850032,
					"omitted":	false,
					"sender":	false
				}],
			"sum":	{
				"start":	216.001057,
				"end":	217.001074,
				"seconds":	1.0000170469284058,
				"bytes":	12083472,
				"bits_per_second":	96666128.139434338,
				"jitter_ms":	0.033223379502924436,
				"lost_packets":	9760,
				"packets":	18724,
				"lost_percent":	52.1256141850032,
				"omitted":	false,
				"sender":	false
			}
		}, {
			"streams":	[{
					"socket":	5,
					"start":	217.001074,
					"end":	218.001071,
					"seconds":	0.99999701976776123,
					"bytes":	11964848,
					"bits_per_second":	95719069.2650561,
					"jitter_ms":	0.041159686081226825,
					"lost_packets":	9814,
					"packets":	18690,
					"lost_percent":	52.509363295880149,
					"omitted":	false,
					"sender":	false
				}],
			"sum":	{
				"start":	217.001074,
				"end":	218.001071,
				"seconds":	0.99999701976776123,
				"bytes":	11964848,
				"bits_per_second":	95719069.2650561,
				"jitter_ms":	0.041159686081226825,
				"lost_packets":	9814,
				"packets":	18690,
				"lost_percent":	52.509363295880149,
				"omitted":	false,
				"sender":	false
			}
		}, {
			"streams":	[{
					"socket":	5,
					"start":	218.001071,
					"end":	219.001074,
					"seconds":	1.0000029802322388,
					"bytes":	12149524,
					"bits_per_second":	97195902.3336384,
					"jitter_ms":	0.062896945104658541,
					"lost_packets":	9805,
					"packets":	18818,
					"lost_percent":	52.104368158146457,
					"omitted":	false,
					"sender":	false
				}],
			"sum":	{
				"start":	218.001071,
				"end":	219.001074,
				"seconds":	1.0000029802322388,
				"bytes":	12149524,
				"bits_per_second":	97195902.3336384,
				"jitter_ms":	0.062896945104658541,
				"lost_packets":	9805,
				"packets":	18818,
				"lost_percent":	52.104368158146457,
				"omitted":	false,
				"sender":	false
			}
		}, {
			"streams":	[{
					"socket":	5,
					"start":	219.001074,
					"end":	220.000178,
					"seconds":	0.99910402297973633,
					"bytes":	12003940,
					"bits_per_second":	96117639.1959616,
					"jitter_ms":	0.063981328202253732,
					"lost_packets":	9641,
					"packets":	18546,
					"lost_percent":	51.98425536503828,
					"omitted":	false,
					"sender":	false
				}],
			"sum":	{
				"start":	219.001074,
				"end":	220.000178,
				"seconds":	0.99910402297973633,
				"bytes":	12003940,
				"bits_per_second":	96117639.1959616,
				"jitter_ms":	0.063981328202253732,
				"lost_packets":	9641,
				"packets":	18546,
				"lost_percent":	51.98425536503828,
				"omitted":	false,
				"sender":	false
			}
		}, {
			"streams":	[{
					"socket":	5,
					"start":	220.000178,
					"end":	221.000162,
					"seconds":	0.9999840259552002,
					"bytes":	11506528,
					"bits_per_second":	92053694.469839454,
					"jitter_ms":	0.055212394472935168,
					"lost_packets":	9270,
					"packets":	17806,
					"lost_percent":	52.0611029989891,
					"omitted":	false,
					"sender":	false
				}],
			"sum":	{
				"start":	220.000178,
				"end":	221.000162,
				"seconds":	0.9999840259552002,
				"bytes":	11506528,
				"bits_per_second":	92053694.469839454,
				"jitter_ms":	0.055212394472935168,
				"lost_packets":	9270,
				"packets":	17806,
				"lost_percent":	52.0611029989891,
				"omitted":	false,
				"sender":	false
			}
		}, {
			"streams":	[{
					"socket":	5,
					"start":	221.000162,
					"end":	222.000157,
					"seconds":	0.999994993209839,
					"bytes":	12038988,
					"bits_per_second":	96312386.2159077,
					"jitter_ms":	0.050152169063520338,
					"lost_packets":	9467,
					"packets":	18398,
					"lost_percent":	51.456680073921078,
					"omitted":	false,
					"sender":	false
				}],
			"sum":	{
				"start":	221.000162,
				"end":	222.000157,
				"seconds":	0.999994993209839,
				"bytes":	12038988,
				"bits_per_second":	96312386.2159077,
				"jitter_ms":	0.050152169063520338,
				"lost_packets":	9467,
				"packets":	18398,
				"lost_percent":	51.456680073921078,
				"omitted":	false,
				"sender":	false
			}
		}, {
			"streams":	[{
					"socket":	5,
					"start":	222.000157,
					"end":	223.001061,
					"seconds":	1.0009039640426636,
					"bytes":	11827352,
					"bits_per_second":	94533361.240606368,
					"jitter_ms":	0.033964570084620345,
					"lost_packets":	9501,
					"packets":	18275,
					"lost_percent":	51.9890560875513,
					"omitted":	false,
					"sender":	false
				}],
			"sum":	{
				"start":	222.000157,
				"end":	223.001061,
				"seconds":	1.0009039640426636,
				"bytes":	11827352,
				"bits_per_second":	94533361.240606368,
				"jitter_ms":	0.033964570084620345,
				"lost_packets":	9501,
				"packets":	18275,
				"lost_percent":	51.9890560875513,
				"omitted":	false,
				"sender":	false
			}
		}, {
			"streams":	[{
					"socket":	5,
					"start":	223.001061,
					"end":	224.001068,
					"seconds":	1.0000070333480835,
					"bytes":	12009332,
					"bits_per_second":	96073980.278254941,
					"jitter_ms":	0.040258476698223113,
					"lost_packets":	9636,
					"packets":	18545,
					"lost_percent":	51.960097061202482,
					"omitted":	false,
					"sender":	false
				}],
			"sum":	{
				"start":	223.001061,
				"end":	224.001068,
				"seconds":	1.0000070333480835,
				"bytes":	12009332,
				"bits_per_second":	96073980.278254941,
				"jitter_ms":	0.040258476698223113,
				"lost_packets":	9636,
				"packets":	18545,
				"lost_percent":	51.960097061202482,
				"omitted":	false,
				"sender":	false
			}
		}, {
			"streams":	[{
					"socket":	5,
					"start":	224.001068,
					"end":	225.000217,
					"seconds":	0.99914902448654175,
					"bytes":	12044380,
					"bits_per_second":	96437105.615467548,
					"jitter_ms":	0.039333673643998646,
					"lost_packets":	10499,
					"packets":	19434,
					"lost_percent":	54.0238756817948,
					"omitted":	false,
					"sender":	false
				}],
			"sum":	{
				"start":	224.001068,
				"end":	225.000217,
				"seconds":	0.99914902448654175,
				"bytes":	12044380,
				"bits_per_second":	96437105.615467548,
				"jitter_ms":	0.039333673643998646,
				"lost_packets":	10499,
				"packets":	19434,
				"lost_percent":	54.0238756817948,
				"omitted":	false,
				"sender":	false
			}
		}, {
			"streams":	[{
					"socket":	5,
					"start":	225.000217,
					"end":	226.001061,
					"seconds":	1.0008440017700195,
					"bytes":	12017420,
					"bits_per_second":	96058286.636054128,
					"jitter_ms":	0.040988797051104,
					"lost_packets":	9631,
					"packets":	18546,
					"lost_percent":	51.930335382292675,
					"omitted":	false,
					"sender":	false
				}],
			"sum":	{
				"start":	225.000217,
				"end":	226.001061,
				"seconds":	1.0008440017700195,
				"bytes":	12017420,
				"bits_per_second":	96058286.636054128,
				"jitter_ms":	0.040988797051104,
				"lost_packets":	9631,
				"packets":	18546,
				"lost_percent":	51.930335382292675,
				"omitted":	false,
				"sender":	false
			}
		}, {
			"streams":	[{
					"socket":	5,
					"start":	226.001061,
					"end":	227.001073,
					"seconds":	1.0000120401382446,
					"bytes":	12163004,
					"bits_per_second":	97302860.460108459,
					"jitter_ms":	0.063574367803960322,
					"lost_packets":	9795,
					"packets":	18818,
					"lost_percent":	52.05122754809225,
					"omitted":	false,
					"sender":	false
				}],
			"sum":	{
				"start":	226.001061,
				"end":	227.001073,
				"seconds":	1.0000120401382446,
				"bytes":	12163004,
				"bits_per_second":	97302860.460108459,
				"jitter_ms":	0.063574367803960322,
				"lost_packets":	9795,
				"packets":	18818,
				"lost_percent":	52.05122754809225,
				"omitted":	false,
				"sender":	false
			}
		}, {
			"streams":	[{
					"socket":	5,
					"start":	227.001073,
					"end":	228.001062,
					"seconds":	0.99998897314071655,
					"bytes":	12002592,
					"bits_per_second":	96021794.8188196,
					"jitter_ms":	0.059939894557365044,
					"lost_packets":	9495,
					"packets":	18399,
					"lost_percent":	51.6060655470406,
					"omitted":	false,
					"sender":	false
				}],
			"sum":	{
				"start":	227.001073,
				"end":	228.001062,
				"seconds":	0.99998897314071655,
				"bytes":	12002592,
				"bits_per_second":	96021794.8188196,
				"jitter_ms":	0.059939894557365044,
				"lost_packets":	9495,
				"packets":	18399,
				"lost_percent":	51.6060655470406,
				"omitted":	false,
				"sender":	false
			}
		}, {
			"streams":	[{
					"socket":	5,
					"start":	228.001062,
					"end":	229.000211,
					"seconds":	0.99914902448654175,
					"bytes":	11866444,
					"bits_per_second":	95012405.230325773,
					"jitter_ms":	0.043510526137111857,
					"lost_packets":	9469,
					"packets":	18272,
					"lost_percent":	51.822460595446586,
					"omitted":	false,
					"sender":	false
				}],
			"sum":	{
				"start":	228.001062,
				"end":	229.000211,
				"seconds":	0.99914902448654175,
				"bytes":	11866444,
				"bits_per_second":	95012405.230325773,
				"jitter_ms":	0.043510526137111857,
				"lost_packets":	9469,
				"packets":	18272,
				"lost_percent":	51.822460595446586,
				"omitted":	false,
				"sender":	false
			}
		}, {
			"streams":	[{
					"socket":	5,
					"start":	229.000211,
					"end":	230.000238,
					"seconds":	1.0000269412994385,
					"bytes":	12167048,
					"bits_per_second":	97333761.7019805,
					"jitter_ms":	0.065549511601141169,
					"lost_packets":	9941,
					"packets":	18967,
					"lost_percent":	52.412084146148572,
					"omitted":	false,
					"sender":	false
				}],
			"sum":	{
				"start":	229.000211,
				"end":	230.000238,
				"seconds":	1.0000269412994385,
				"bytes":	12167048,
				"bits_per_second":	97333761.7019805,
				"jitter_ms":	0.065549511601141169,
				"lost_packets":	9941,
				"packets":	18967,
				"lost_percent":	52.412084146148572,
				"omitted":	false,
				"sender":	false
			}
		}, {
			"streams":	[{
					"socket":	5,
					"start":	230.000238,
					"end":	231.000153,
					"seconds":	0.99991500377655029,
					"bytes":	11836788,
					"bits_per_second":	94702353.3423859,
					"jitter_ms":	0.041565329220670431,
					"lost_packets":	9345,
					"packets":	18126,
					"lost_percent":	51.555776233035417,
					"omitted":	false,
					"sender":	false
				}],
			"sum":	{
				"start":	230.000238,
				"end":	231.000153,
				"seconds":	0.99991500377655029,
				"bytes":	11836788,
				"bits_per_second":	94702353.3423859,
				"jitter_ms":	0.041565329220670431,
				"lost_packets":	9345,
				"packets":	18126,
				"lost_percent":	51.555776233035417,
				"omitted":	false,
				"sender":	false
			}
		}, {
			"streams":	[{
					"socket":	5,
					"start":	231.000153,
					"end":	232.00106,
					"seconds":	1.0009069442749023,
					"bytes":	12163004,
					"bits_per_second":	97215862.629958063,
					"jitter_ms":	0.059675803801567277,
					"lost_packets":	9795,
					"packets":	18818,
					"lost_percent":	52.05122754809225,
					"omitted":	false,
					"sender":	false
				}],
			"sum":	{
				"start":	231.000153,
				"end":	232.00106,
				"seconds":	1.0009069442749023,
				"bytes":	12163004,
				"bits_per_second":	97215862.629958063,
				"jitter_ms":	0.059675803801567277,
				"lost_packets":	9795,
				"packets":	18818,
				"lost_percent":	52.05122754809225,
				"omitted":	false,
				"sender":	false
			}
		}, {
			"streams":	[{
					"socket":	5,
					"start":	232.00106,
					"end":	233.000233,
					"seconds":	0.99917298555374146,
					"bytes":	11857008,
					"bits_per_second":	94934576.26602143,
					"jitter_ms":	0.0432163238560226,
					"lost_packets":	9459,
					"packets":	18255,
					"lost_percent":	51.815940838126544,
					"omitted":	false,
					"sender":	false
				}],
			"sum":	{
				"start":	232.00106,
				"end":	233.000233,
				"seconds":	0.99917298555374146,
				"bytes":	11857008,
				"bits_per_second":	94934576.26602143,
				"jitter_ms":	0.0432163238560226,
				"lost_packets":	9459,
				"packets":	18255,
				"lost_percent":	51.815940838126544,
				"omitted":	false,
				"sender":	false
			}
		}, {
			"streams":	[{
					"socket":	5,
					"start":	233.000233,
					"end":	234.00022,
					"seconds":	0.999987006187439,
					"bytes":	12185920,
					"bits_per_second":	97488626.7489428,
					"jitter_ms":	0.041546546449635312,
					"lost_packets":	9303,
					"packets":	18343,
					"lost_percent":	50.7168947282342,
					"omitted":	false,
					"sender":	false
				}],
			"sum":	{
				"start":	233.000233,
				"end":	234.00022,
				"seconds":	0.999987006187439,
				"bytes":	12185920,
				"bits_per_second":	97488626.7489428,
				"jitter_ms":	0.041546546449635312,
				"lost_packets":	9303,
				"packets":	18343,
				"lost_percent":	50.7168947282342,
				"omitted":	false,
				"sender":	false
			}
		}, {
			"streams":	[{
					"socket":	5,
					"start":	234.00022,
					"end":	235.000493,
					"seconds":	1.0002729892730713,
					"bytes":	11892056,
					"bits_per_second":	95110483.8581501,
					"jitter_ms":	0.061150680224087081,
					"lost_packets":	10014,
					"packets":	18836,
					"lost_percent":	53.164153748141857,
					"omitted":	false,
					"sender":	false
				}],
			"sum":	{
				"start":	234.00022,
				"end":	235.000493,
				"seconds":	1.0002729892730713,
				"bytes":	11892056,
				"bits_per_second":	95110483.8581501,
				"jitter_ms":	0.061150680224087081,
				"lost_packets":	10014,
				"packets":	18836,
				"lost_percent":	53.164153748141857,
				"omitted":	false,
				"sender":	false
			}
		}, {
			"streams":	[{
					"socket":	5,
					"start":	235.000493,
					"end":	236.001072,
					"seconds":	1.0005789995193481,
					"bytes":	12142784,
					"bits_per_second":	97086059.218377158,
					"jitter_ms":	0.081445326995945574,
					"lost_packets":	9890,
					"packets":	18898,
					"lost_percent":	52.333580273044767,
					"omitted":	false,
					"sender":	false
				}],
			"sum":	{
				"start":	235.000493,
				"end":	236.001072,
				"seconds":	1.0005789995193481,
				"bytes":	12142784,
				"bits_per_second":	97086059.218377158,
				"jitter_ms":	0.081445326995945574,
				"lost_packets":	9890,
				"packets":	18898,
				"lost_percent":	52.333580273044767,
				"omitted":	false,
				"sender":	false
			}
		}, {
			"streams":	[{
					"socket":	5,
					"start":	236.001072,
					"end":	237.001073,
					"seconds":	1.0000009536743164,
					"bytes":	11812524,
					"bits_per_second":	94500101.877679944,
					"jitter_ms":	0.0337641323912697,
					"lost_packets":	9367,
					"packets":	18130,
					"lost_percent":	51.6657473800331,
					"omitted":	false,
					"sender":	false
				}],
			"sum":	{
				"start":	236.001072,
				"end":	237.001073,
				"seconds":	1.0000009536743164,
				"bytes":	11812524,
				"bits_per_second":	94500101.877679944,
				"jitter_ms":	0.0337641323912697,
				"lost_packets":	9367,
				"packets":	18130,
				"lost_percent":	51.6657473800331,
				"omitted":	false,
				"sender":	false
			}
		}, {
			"streams":	[{
					"socket":	5,
					"start":	237.001073,
					"end":	238.000459,
					"seconds":	0.9993860125541687,
					"bytes":	11990460,
					"bits_per_second":	95982612.118859068,
					"jitter_ms":	0.046894239050798342,
					"lost_packets":	9647,
					"packets":	18542,
					"lost_percent":	52.027828713191674,
					"omitted":	false,
					"sender":	false
				}],
			"sum":	{
				"start":	237.001073,
				"end":	238.000459,
				"seconds":	0.9993860125541687,
				"bytes":	11990460,
				"bits_per_second":	95982612.118859068,
				"jitter_ms":	0.046894239050798342,
				"lost_packets":	9647,
				"packets":	18542,
				"lost_percent":	52.027828713191674,
				"omitted":	false,
				"sender":	false
			}
		}, {
			"streams":	[{
					"socket":	5,
					"start":	238.000459,
					"end":	239.001062,
					"seconds":	1.0006029605865479,
					"bytes":	12176484,
					"bits_per_second":	97353171.874384329,
					"jitter_ms":	0.053023456900686348,
					"lost_packets":	9787,
					"packets":	18820,
					"lost_percent":	52.00318809776833,
					"omitted":	false,
					"sender":	false
				}],
			"sum":	{
				"start":	238.000459,
				"end":	239.001062,
				"seconds":	1.0006029605865479,
				"bytes":	12176484,
				"bits_per_second":	97353171.874384329,
				"jitter_ms":	0.053023456900686348,
				"lost_packets":	9787,
				"packets":	18820,
				"lost_percent":	52.00318809776833,
				"omitted":	false,
				"sender":	false
			}
		}, {
			"streams":	[{
					"socket":	5,
					"start":	239.001062,
					"end":	240.003012,
					"seconds":	1.0019500255584717,
					"bytes":	11999896,
					"bits_per_second":	95812331.504749,
					"jitter_ms":	0.065600593937331031,
					"lost_packets":	9790,
					"packets":	18692,
					"lost_percent":	52.375347742349668,
					"omitted":	false,
					"sender":	false
				}],
			"sum":	{
				"start":	239.001062,
				"end":	240.003012,
				"seconds":	1.0019500255584717,
				"bytes":	11999896,
				"bits_per_second":	95812331.504749,
				"jitter_ms":	0.065600593937331031,
				"lost_packets":	9790,
				"packets":	18692,
				"lost_percent":	52.375347742349668,
				"omitted":	false,
				"sender":	false
			}
		}, {
			"streams":	[{
					"socket":	5,
					"start":	240.003012,
					"end":	241.001074,
					"seconds":	0.998062014579773,
					"bytes":	11850268,
					"bits_per_second":	94986225.9209572,
					"jitter_ms":	0.046861179552910887,
					"lost_packets":	9334,
					"packets":	18125,
					"lost_percent":	51.497931034482761,
					"omitted":	false,
					"sender":	false
				}],
			"sum":	{
				"start":	240.003012,
				"end":	241.001074,
				"seconds":	0.998062014579773,
				"bytes":	11850268,
				"bits_per_second":	94986225.9209572,
				"jitter_ms":	0.046861179552910887,
				"lost_packets":	9334,
				"packets":	18125,
				"lost_percent":	51.497931034482761,
				"omitted":	false,
				"sender":	false
			}
		}, {
			"streams":	[{
					"socket":	5,
					"start":	241.001074,
					"end":	242.000161,
					"seconds":	0.99908697605133057,
					"bytes":	11999896,
					"bits_per_second":	96086897.638697475,
					"jitter_ms":	0.0457368393697368,
					"lost_packets":	9645,
					"packets":	18547,
					"lost_percent":	52.003019356230119,
					"omitted":	false,
					"sender":	false
				}],
			"sum":	{
				"start":	241.001074,
				"end":	242.000161,
				"seconds":	0.99908697605133057,
				"bytes":	11999896,
				"bits_per_second":	96086897.638697475,
				"jitter_ms":	0.0457368393697368,
				"lost_packets":	9645,
				"packets":	18547,
				"lost_percent":	52.003019356230119,
				"omitted":	false,
				"sender":	false
			}
		}, {
			"streams":	[{
					"socket":	5,
					"start":	242.000161,
					"end":	243.00106,
					"seconds":	1.0008989572525024,
					"bytes":	12150872,
					"bits_per_second":	97119669.5686806,
					"jitter_ms":	0.05902352755726166,
					"lost_packets":	9804,
					"packets":	18818,
					"lost_percent":	52.099054097141035,
					"omitted":	false,
					"sender":	false
				}],
			"sum":	{
				"start":	242.000161,
				"end":	243.00106,
				"seconds":	1.0008989572525024,
				"bytes":	12150872,
				"bits_per_second":	97119669.5686806,
				"jitter_ms":	0.05902352755726166,
				"lost_packets":	9804,
				"packets":	18818,
				"lost_percent":	52.099054097141035,
				"omitted":	false,
				"sender":	false
			}
		}, {
			"streams":	[{
					"socket":	5,
					"start":	243.00106,
					"end":	244.000185,
					"seconds":	0.99912500381469727,
					"bytes":	12002592,
					"bits_per_second":	96104827.357326835,
					"jitter_ms":	0.062855725065528265,
					"lost_packets":	9642,
					"packets":	18546,
					"lost_percent":	51.989647363312841,
					"omitted":	false,
					"sender":	false
				}],
			"sum":	{
				"start":	243.00106,
				"end":	244.000185,
				"seconds":	0.99912500381469727,
				"bytes":	12002592,
				"bits_per_second":	96104827.357326835,
				"jitter_ms":	0.062855725065528265,
				"lost_packets":	9642,
				"packets":	18546,
				"lost_percent":	51.989647363312841,
				"omitted":	false,
				"sender":	false
			}
		}, {
			"streams":	[{
					"socket":	5,
					"start":	244.000185,
					"end":	245.00108,
					"seconds":	1.0008950233459473,
					"bytes":	11834092,
					"bits_per_second":	94588077.462422863,
					"jitter_ms":	0.040744665991112775,
					"lost_packets":	9495,
					"packets":	18274,
					"lost_percent":	51.9590675276349,
					"omitted":	false,
					"sender":	false
				}],
			"sum":	{
				"start":	244.000185,
				"end":	245.00108,
				"seconds":	1.0008950233459473,
				"bytes":	11834092,
				"bits_per_second":	94588077.462422863,
				"jitter_ms":	0.040744665991112775,
				"lost_packets":	9495,
				"packets":	18274,
				"lost_percent":	51.9590675276349,
				"omitted":	false,
				"sender":	false
			}
		}, {
			"streams":	[{
					"socket":	5,
					"start":	245.00108,
					"end":	246.001072,
					"seconds":	0.9999920129776,
					"bytes":	12001244,
					"bits_per_second":	96010718.839762,
					"jitter_ms":	0.043739937361581362,
					"lost_packets":	9643,
					"packets":	18546,
					"lost_percent":	51.9950393615874,
					"omitted":	false,
					"sender":	false
				}],
			"sum":	{
				"start":	245.00108,
				"end":	246.001072,
				"seconds":	0.9999920129776,
				"bytes":	12001244,
				"bits_per_second":	96010718.839762,
				"jitter_ms":	0.043739937361581362,
				"lost_packets":	9643,
				"packets":	18546,
				"lost_percent":	51.9950393615874,
				"omitted":	false,
				"sender":	false
			}
		}, {
			"streams":	[{
					"socket":	5,
					"start":	246.001072,
					"end":	247.001075,
					"seconds":	1.0000029802322388,
					"bytes":	12152220,
					"bits_per_second":	97217470.26936093,
					"jitter_ms":	0.058932672046920272,
					"lost_packets":	9803,
					"packets":	18818,
					"lost_percent":	52.093740036135614,
					"omitted":	false,
					"sender":	false
				}],
			"sum":	{
				"start":	246.001072,
				"end":	247.001075,
				"seconds":	1.0000029802322388,
				"bytes":	12152220,
				"bits_per_second":	97217470.26936093,
				"jitter_ms":	0.058932672046920272,
				"lost_packets":	9803,
				"packets":	18818,
				"lost_percent":	52.093740036135614,
				"omitted":	false,
				"sender":	false
			}
		}, {
			"streams":	[{
					"socket":	5,
					"start":	247.001075,
					"end":	248.001067,
					"seconds":	0.9999920129776,
					"bytes":	12020116,
					"bits_per_second":	96161696.0456203,
					"jitter_ms":	0.0617652231586946,
					"lost_packets":	9630,
					"packets":	18547,
					"lost_percent":	51.922143742923382,
					"omitted":	false,
					"sender":	false
				}],
			"sum":	{
				"start":	247.001075,
				"end":	248.001067,
				"seconds":	0.9999920129776,
				"bytes":	12020116,
				"bits_per_second":	96161696.0456203,
				"jitter_ms":	0.0617652231586946,
				"lost_packets":	9630,
				"packets":	18547,
				"lost_percent":	51.922143742923382,
				"omitted":	false,
				"sender":	false
			}
		}, {
			"streams":	[{
					"socket":	5,
					"start":	248.001067,
					"end":	249.000164,
					"seconds":	0.99909698963165283,
					"bytes":	11834092,
					"bits_per_second":	94758303.730755866,
					"jitter_ms":	0.042242596438995021,
					"lost_packets":	9494,
					"packets":	18273,
					"lost_percent":	51.9564384611175,
					"omitted":	false,
					"sender":	false
				}],
			"sum":	{
				"start":	248.001067,
				"end":	249.000164,
				"seconds":	0.99909698963165283,
				"bytes":	11834092,
				"bits_per_second":	94758303.730755866,
				"jitter_ms":	0.042242596438995021,
				"lost_packets":	9494,
				"packets":	18273,
				"lost_percent":	51.9564384611175,
				"omitted":	false,
				"sender":	false
			}
		}, {
			"streams":	[{
					"socket":	5,
					"start":	249.000164,
					"end":	250.001083,
					"seconds":	1.000918984413147,
					"bytes":	12018768,
					"bits_per_second":	96061864.6436946,
					"jitter_ms":	0.042210773246420738,
					"lost_packets":	9630,
					"packets":	18546,
					"lost_percent":	51.924943384018114,
					"omitted":	false,
					"sender":	false
				}],
			"sum":	{
				"start":	249.000164,
				"end":	250.001083,
				"seconds":	1.000918984413147,
				"bytes":	12018768,
				"bits_per_second":	96061864.6436946,
				"jitter_ms":	0.042210773246420738,
				"lost_packets":	9630,
				"packets":	18546,
				"lost_percent":	51.924943384018114,
				"omitted":	false,
				"sender":	false
			}
		}, {
			"streams":	[{
					"socket":	5,
					"start":	250.001083,
					"end":	251.001079,
					"seconds":	0.9999960064888,
					"bytes":	12169744,
					"bits_per_second":	97358340.8016244,
					"jitter_ms":	0.0628596783960123,
					"lost_packets":	9790,
					"packets":	18818,
					"lost_percent":	52.02465724306515,
					"omitted":	false,
					"sender":	false
				}],
			"sum":	{
				"start":	250.001083,
				"end":	251.001079,
				"seconds":	0.9999960064888,
				"bytes":	12169744,
				"bits_per_second":	97358340.8016244,
				"jitter_ms":	0.0628596783960123,
				"lost_packets":	9790,
				"packets":	18818,
				"lost_percent":	52.02465724306515,
				"omitted":	false,
				"sender":	false
			}
		}, {
			"streams":	[{
					"socket":	5,
					"start":	251.001079,
					"end":	252.00107,
					"seconds":	0.999990999698639,
					"bytes":	12032248,
					"bits_per_second":	96258850.3586619,
					"jitter_ms":	0.057546619640162659,
					"lost_packets":	9620,
					"packets":	18546,
					"lost_percent":	51.8710234012725,
					"omitted":	false,
					"sender":	false
				}],
			"sum":	{
				"start":	251.001079,
				"end":	252.00107,
				"seconds":	0.999990999698639,
				"bytes":	12032248,
				"bits_per_second":	96258850.3586619,
				"jitter_ms":	0.057546619640162659,
				"lost_packets":	9620,
				"packets":	18546,
				"lost_percent":	51.8710234012725,
				"omitted":	false,
				"sender":	false
			}
		}, {
			"streams":	[{
					"socket":	5,
					"start":	252.00107,
					"end":	253.00107,
					"seconds":	1,
					"bytes":	11893404,
					"bits_per_second":	95147232,
					"jitter_ms":	0.066400447263489565,
					"lost_packets":	9498,
					"packets":	18321,
					"lost_percent":	51.842148354347472,
					"omitted":	false,
					"sender":	false
				}],
			"sum":	{
				"start":	252.00107,
				"end":	253.00107,
				"seconds":	1,
				"bytes":	11893404,
				"bits_per_second":	95147232,
				"jitter_ms":	0.066400447263489565,
				"lost_packets":	9498,
				"packets":	18321,
				"lost_percent":	51.842148354347472,
				"omitted":	false,
				"sender":	false
			}
		}, {
			"streams":	[{
					"socket":	5,
					"start":	253.00107,
					"end":	254.000179,
					"seconds":	0.99910902976989746,
					"bytes":	11952716,
					"bits_per_second":	95707000.087890729,
					"jitter_ms":	0.034490481883790058,
					"lost_packets":	9616,
					"packets":	18483,
					"lost_percent":	52.0261862251799,
					"omitted":	false,
					"sender":	false
				}],
			"sum":	{
				"start":	253.00107,
				"end":	254.000179,
				"seconds":	0.99910902976989746,
				"bytes":	11952716,
				"bits_per_second":	95707000.087890729,
				"jitter_ms":	0.034490481883790058,
				"lost_packets":	9616,
				"packets":	18483,
				"lost_percent":	52.0261862251799,
				"omitted":	false,
				"sender":	false
			}
		}, {
			"streams":	[{
					"socket":	5,
					"start":	254.000179,
					"end":	255.000164,
					"seconds":	0.9999849796295166,
					"bytes":	12157612,
					"bits_per_second":	97262356.916634977,
					"jitter_ms":	0.065090269205542325,
					"lost_packets":	9814,
					"packets":	18833,
					"lost_percent":	52.110656825784524,
					"omitted":	false,
					"sender":	false
				}],
			"sum":	{
				"start":	254.000179,
				"end":	255.000164,
				"seconds":	0.9999849796295166,
				"bytes":	12157612,
				"bits_per_second":	97262356.916634977,
				"jitter_ms":	0.065090269205542325,
				"lost_packets":	9814,
				"packets":	18833,
				"lost_percent":	52.110656825784524,
				"omitted":	false,
				"sender":	false
			}
		}, {
			"streams":	[{
					"socket":	5,
					"start":	255.000164,
					"end":	256.001065,
					"seconds":	1.0009009838104248,
					"bytes":	11857008,
					"bits_per_second":	94770677.1541811,
					"jitter_ms":	0.045880123299780425,
					"lost_packets":	9479,
					"packets":	18275,
					"lost_percent":	51.8686730506156,
					"omitted":	false,
					"sender":	false
				}],
			"sum":	{
				"start":	255.000164,
				"end":	256.001065,
				"seconds":	1.0009009838104248,
				"bytes":	11857008,
				"bits_per_second":	94770677.1541811,
				"jitter_ms":	0.045880123299780425,
				"lost_packets":	9479,
				"packets":	18275,
				"lost_percent":	51.8686730506156,
				"omitted":	false,
				"sender":	false
			}
		}, {
			"streams":	[{
					"socket":	5,
					"start":	256.001065,
					"end":	257.000207,
					"seconds":	0.99914199113845825,
					"bytes":	12013376,
					"bits_per_second":	96189539.4772591,
					"jitter_ms":	0.04088319969070147,
					"lost_packets":	9634,
					"packets":	18546,
					"lost_percent":	51.946511377116359,
					"omitted":	false,
					"sender":	false
				}],
			"sum":	{
				"start":	256.001065,
				"end":	257.000207,
				"seconds":	0.99914199113845825,
				"bytes":	12013376,
				"bits_per_second":	96189539.4772591,
				"jitter_ms":	0.04088319969070147,
				"lost_packets":	9634,
				"packets":	18546,
				"lost_percent":	51.946511377116359,
				"omitted":	false,
				"sender":	false
			}
		}, {
			"streams":	[{
					"socket":	5,
					"start":	257.000207,
					"end":	258.001077,
					"seconds":	1.0008699893951416,
					"bytes":	12158960,
					"bits_per_second":	97187128.2290964,
					"jitter_ms":	0.059238203273506033,
					"lost_packets":	9798,
					"packets":	18818,
					"lost_percent":	52.067169731108514,
					"omitted":	false,
					"sender":	false
				}],
			"sum":	{
				"start":	257.000207,
				"end":	258.001077,
				"seconds":	1.0008699893951416,
				"bytes":	12158960,
				"bits_per_second":	97187128.2290964,
				"jitter_ms":	0.059238203273506033,
				"lost_packets":	9798,
				"packets":	18818,
				"lost_percent":	52.067169731108514,
				"omitted":	false,
				"sender":	false
			}
		}, {
			"streams":	[{
					"socket":	5,
					"start":	258.001077,
					"end":	259.001057,
					"seconds":	0.99997997283935547,
					"bytes":	11824656,
					"bits_per_second":	94599142.552224725,
					"jitter_ms":	0.0534569632273668,
					"lost_packets":	9552,
					"packets":	18324,
					"lost_percent":	52.128356254093,
					"omitted":	false,
					"sender":	false
				}],
			"sum":	{
				"start":	258.001077,
				"end":	259.001057,
				"seconds":	0.99997997283935547,
				"bytes":	11824656,
				"bits_per_second":	94599142.552224725,
				"jitter_ms":	0.0534569632273668,
				"lost_packets":	9552,
				"packets":	18324,
				"lost_percent":	52.128356254093,
				"omitted":	false,
				"sender":	false
			}
		}, {
			"streams":	[{
					"socket":	5,
					"start":	259.001057,
					"end":	260.000171,
					"seconds":	0.99911397695541382,
					"bytes":	12003940,
					"bits_per_second":	96116681.5948622,
					"jitter_ms":	0.041201177935919688,
					"lost_packets":	9591,
					"packets":	18496,
					"lost_percent":	51.854455017301035,
					"omitted":	false,
					"sender":	false
				}],
			"sum":	{
				"start":	259.001057,
				"end":	260.000171,
				"seconds":	0.99911397695541382,
				"bytes":	12003940,
				"bits_per_second":	96116681.5948622,
				"jitter_ms":	0.041201177935919688,
				"lost_packets":	9591,
				"packets":	18496,
				"lost_percent":	51.854455017301035,
				"omitted":	false,
				"sender":	false
			}
		}, {
			"streams":	[{
					"socket":	5,
					"start":	260.000171,
					"end":	261.00106,
					"seconds":	1.00088894367218,
					"bytes":	12010680,
					"bits_per_second":	96000101.317405239,
					"jitter_ms":	0.0430020643199413,
					"lost_packets":	9634,
					"packets":	18544,
					"lost_percent":	51.9521138912856,
					"omitted":	false,
					"sender":	false
				}],
			"sum":	{
				"start":	260.000171,
				"end":	261.00106,
				"seconds":	1.00088894367218,
				"bytes":	12010680,
				"bits_per_second":	96000101.317405239,
				"jitter_ms":	0.0430020643199413,
				"lost_packets":	9634,
				"packets":	18544,
				"lost_percent":	51.9521138912856,
				"omitted":	false,
				"sender":	false
			}
		}, {
			"streams":	[{
					"socket":	5,
					"start":	261.00106,
					"end":	262.000258,
					"seconds":	0.999198019504547,
					"bytes":	12153568,
					"bits_per_second":	97306581.9808278,
					"jitter_ms":	0.0634159717134459,
					"lost_packets":	9804,
					"packets":	18820,
					"lost_percent":	52.093517534537725,
					"omitted":	false,
					"sender":	false
				}],
			"sum":	{
				"start":	261.00106,
				"end":	262.000258,
				"seconds":	0.999198019504547,
				"bytes":	12153568,
				"bits_per_second":	97306581.9808278,
				"jitter_ms":	0.0634159717134459,
				"lost_packets":	9804,
				"packets":	18820,
				"lost_percent":	52.093517534537725,
				"omitted":	false,
				"sender":	false
			}
		}, {
			"streams":	[{
					"socket":	5,
					"start":	262.000258,
					"end":	263.000223,
					"seconds":	0.999965012073517,
					"bytes":	12002592,
					"bits_per_second":	96024095.6840004,
					"jitter_ms":	0.058432578643458959,
					"lost_packets":	9549,
					"packets":	18453,
					"lost_percent":	51.747683303527879,
					"omitted":	false,
					"sender":	false
				}],
			"sum":	{
				"start":	262.000258,
				"end":	263.000223,
				"seconds":	0.999965012073517,
				"bytes":	12002592,
				"bits_per_second":	96024095.6840004,
				"jitter_ms":	0.058432578643458959,
				"lost_packets":	9549,
				"packets":	18453,
				"lost_percent":	51.747683303527879,
				"omitted":	false,
				"sender":	false
			}
		}, {
			"streams":	[{
					"socket":	5,
					"start":	263.000223,
					"end":	264.000216,
					"seconds":	0.99999302625656128,
					"bytes":	12017420,
					"bits_per_second":	96140030.4559066,
					"jitter_ms":	0.0416575087201642,
					"lost_packets":	9230,
					"packets":	18145,
					"lost_percent":	50.868007715624138,
					"omitted":	false,
					"sender":	false
				}],
			"sum":	{
				"start":	263.000223,
				"end":	264.000216,
				"seconds":	0.99999302625656128,
				"bytes":	12017420,
				"bits_per_second":	96140030.4559066,
				"jitter_ms":	0.0416575087201642,
				"lost_packets":	9230,
				"packets":	18145,
				"lost_percent":	50.868007715624138,
				"omitted":	false,
				"sender":	false
			}
		}, {
			"streams":	[{
					"socket":	5,
					"start":	264.000216,
					"end":	265.001061,
					"seconds":	1.0008449554443359,
					"bytes":	11866444,
					"bits_per_second":	94851406.78743203,
					"jitter_ms":	0.039513676582949457,
					"lost_packets":	9966,
					"packets":	18769,
					"lost_percent":	53.098193830252,
					"omitted":	false,
					"sender":	false
				}],
			"sum":	{
				"start":	264.000216,
				"end":	265.001061,
				"seconds":	1.0008449554443359,
				"bytes":	11866444,
				"bits_per_second":	94851406.78743203,
				"jitter_ms":	0.039513676582949457,
				"lost_packets":	9966,
				"packets":	18769,
				"lost_percent":	53.098193830252,
				"omitted":	false,
				"sender":	false
			}
		}, {
			"streams":	[{
					"socket":	5,
					"start":	265.001061,
					"end":	266.001076,
					"seconds":	1.0000150203704834,
					"bytes":	12132000,
					"bits_per_second":	97054542.204819,
					"jitter_ms":	0.052755363522017831,
					"lost_packets":	9800,
					"packets":	18800,
					"lost_percent":	52.127659574468083,
					"omitted":	false,
					"sender":	false
				}],
			"sum":	{
				"start":	265.001061,
				"end":	266.001076,
				"seconds":	1.0000150203704834,
				"bytes":	12132000,
				"bits_per_second":	97054542.204819,
				"jitter_ms":	0.052755363522017831,
				"lost_packets":	9800,
				"packets":	18800,
				"lost_percent":	52.127659574468083,
				"omitted":	false,
				"sender":	false
			}
		}, {
			"streams":	[{
					"socket":	5,
					"start":	266.001076,
					"end":	267.001078,
					"seconds":	1.0000020265579224,
					"bytes":	11989112,
					"bits_per_second":	95912701.627354667,
					"jitter_ms":	0.053884458135485466,
					"lost_packets":	9669,
					"packets":	18563,
					"lost_percent":	52.087485858966765,
					"omitted":	false,
					"sender":	false
				}],
			"sum":	{
				"start":	266.001076,
				"end":	267.001078,
				"seconds":	1.0000020265579224,
				"bytes":	11989112,
				"bits_per_second":	95912701.627354667,
				"jitter_ms":	0.053884458135485466,
				"lost_packets":	9669,
				"packets":	18563,
				"lost_percent":	52.087485858966765,
				"omitted":	false,
				"sender":	false
			}
		}, {
			"streams":	[{
					"socket":	5,
					"start":	267.001078,
					"end":	268.001057,
					"seconds":	0.999979019165039,
					"bytes":	12184572,
					"bits_per_second":	97478621.18286325,
					"jitter_ms":	0.039963399665141681,
					"lost_packets":	9866,
					"packets":	18905,
					"lost_percent":	52.1872520497223,
					"omitted":	false,
					"sender":	false
				}],
			"sum":	{
				"start":	267.001078,
				"end":	268.001057,
				"seconds":	0.999979019165039,
				"bytes":	12184572,
				"bits_per_second":	97478621.18286325,
				"jitter_ms":	0.039963399665141681,
				"lost_packets":	9866,
				"packets":	18905,
				"lost_percent":	52.1872520497223,
				"omitted":	false,
				"sender":	false
			}
		}, {
			"streams":	[{
					"socket":	5,
					"start":	268.001057,
					"end":	269.000195,
					"seconds":	0.9991379976272583,
					"bytes":	11683116,
					"bits_per_second":	93545564.498557225,
					"jitter_ms":	0.04003268401664703,
					"lost_packets":	9248,
					"packets":	17915,
					"lost_percent":	51.621546190343288,
					"omitted":	false,
					"sender":	false
				}],
			"sum":	{
				"start":	268.001057,
				"end":	269.000195,
				"seconds":	0.9991379976272583,
				"bytes":	11683116,
				"bits_per_second":	93545564.498557225,
				"jitter_ms":	0.04003268401664703,
				"lost_packets":	9248,
				"packets":	17915,
				"lost_percent":	51.621546190343288,
				"omitted":	false,
				"sender":	false
			}
		}, {
			"streams":	[{
					"socket":	5,
					"start":	269.000195,
					"end":	270.001079,
					"seconds":	1.0008840560913086,
					"bytes":	12099648,
					"bits_per_second":	96711685.4453813,
					"jitter_ms":	0.054653289476400822,
					"lost_packets":	9788,
					"packets":	18764,
					"lost_percent":	52.1637177574078,
					"omitted":	false,
					"sender":	false
				}],
			"sum":	{
				"start":	269.000195,
				"end":	270.001079,
				"seconds":	1.0008840560913086,
				"bytes":	12099648,
				"bits_per_second":	96711685.4453813,
				"jitter_ms":	0.054653289476400822,
				"lost_packets":	9788,
				"packets":	18764,
				"lost_percent":	52.1637177574078,
				"omitted":	false,
				"sender":	false
			}
		}, {
			"streams":	[{
					"socket":	5,
					"start":	270.001079,
					"end":	271.000152,
					"seconds":	0.999073028564453,
					"bytes":	12069992,
					"bits_per_second":	96649527.3511136,
					"jitter_ms":	0.055524120639390516,
					"lost_packets":	9648,
					"packets":	18602,
					"lost_percent":	51.8653908181916,
					"omitted":	false,
					"sender":	false
				}],
			"sum":	{
				"start":	270.001079,
				"end":	271.000152,
				"seconds":	0.999073028564453,
				"bytes":	12069992,
				"bits_per_second":	96649527.3511136,
				"jitter_ms":	0.055524120639390516,
				"lost_packets":	9648,
				"packets":	18602,
				"lost_percent":	51.8653908181916,
				"omitted":	false,
				"sender":	false
			}
		}, {
			"streams":	[{
					"socket":	5,
					"start":	271.000152,
					"end":	272.001058,
					"seconds":	1.0009059906005859,
					"bytes":	12025508,
					"bits_per_second":	96116982.9169206,
					"jitter_ms":	0.060619187774903369,
					"lost_packets":	9623,
					"packets":	18544,
					"lost_percent":	51.8927955133736,
					"omitted":	false,
					"sender":	false
				}],
			"sum":	{
				"start":	271.000152,
				"end":	272.001058,
				"seconds":	1.0009059906005859,
				"bytes":	12025508,
				"bits_per_second":	96116982.9169206,
				"jitter_ms":	0.060619187774903369,
				"lost_packets":	9623,
				"packets":	18544,
				"lost_percent":	51.8927955133736,
				"omitted":	false,
				"sender":	false
			}
		}, {
			"streams":	[{
					"socket":	5,
					"start":	272.001058,
					"end":	273.000207,
					"seconds":	0.99914902448654175,
					"bytes":	11877228,
					"bits_per_second":	95098750.708213165,
					"jitter_ms":	0.036813542574288975,
					"lost_packets":	9465,
					"packets":	18276,
					"lost_percent":	51.7892317793828,
					"omitted":	false,
					"sender":	false
				}],
			"sum":	{
				"start":	272.001058,
				"end":	273.000207,
				"seconds":	0.99914902448654175,
				"bytes":	11877228,
				"bits_per_second":	95098750.708213165,
				"jitter_ms":	0.036813542574288975,
				"lost_packets":	9465,
				"packets":	18276,
				"lost_percent":	51.7892317793828,
				"omitted":	false,
				"sender":	false
			}
		}, {
			"streams":	[{
					"socket":	5,
					"start":	273.000207,
					"end":	274.00106,
					"seconds":	1.0008529424667358,
					"bytes":	12153568,
					"bits_per_second":	97145684.320383027,
					"jitter_ms":	0.0630701962375065,
					"lost_packets":	9800,
					"packets":	18816,
					"lost_percent":	52.083333333333336,
					"omitted":	false,
					"sender":	false
				}],
			"sum":	{
				"start":	273.000207,
				"end":	274.00106,
				"seconds":	1.0008529424667358,
				"bytes":	12153568,
				"bits_per_second":	97145684.320383027,
				"jitter_ms":	0.0630701962375065,
				"lost_packets":	9800,
				"packets":	18816,
				"lost_percent":	52.083333333333336,
				"omitted":	false,
				"sender":	false
			}
		}, {
			"streams":	[{
					"socket":	5,
					"start":	274.00106,
					"end":	275.000182,
					"seconds":	0.9991220235824585,
					"bytes":	12003940,
					"bits_per_second":	96115907.5001357,
					"jitter_ms":	0.035239706196110422,
					"lost_packets":	9632,
					"packets":	18537,
					"lost_percent":	51.960942978907049,
					"omitted":	false,
					"sender":	false
				}],
			"sum":	{
				"start":	274.00106,
				"end":	275.000182,
				"seconds":	0.9991220235824585,
				"bytes":	12003940,
				"bits_per_second":	96115907.5001357,
				"jitter_ms":	0.035239706196110422,
				"lost_packets":	9632,
				"packets":	18537,
				"lost_percent":	51.960942978907049,
				"omitted":	false,
				"sender":	false
			}
		}, {
			"streams":	[{
					"socket":	5,
					"start":	275.000182,
					"end":	276.001066,
					"seconds":	1.0008840560913086,
					"bytes":	11859704,
					"bits_per_second":	94793828.9381088,
					"jitter_ms":	0.040415509943179585,
					"lost_packets":	9485,
					"packets":	18283,
					"lost_percent":	51.878794508559864,
					"omitted":	false,
					"sender":	false
				}],
			"sum":	{
				"start":	275.000182,
				"end":	276.001066,
				"seconds":	1.0008840560913086,
				"bytes":	11859704,
				"bits_per_second":	94793828.9381088,
				"jitter_ms":	0.040415509943179585,
				"lost_packets":	9485,
				"packets":	18283,
				"lost_percent":	51.878794508559864,
				"omitted":	false,
				"sender":	false
			}
		}, {
			"streams":	[{
					"socket":	5,
					"start":	276.001066,
					"end":	277.001076,
					"seconds":	1.0000100135803223,
					"bytes":	12022812,
					"bits_per_second":	96181532.878495,
					"jitter_ms":	0.036085838175175015,
					"lost_packets":	9629,
					"packets":	18548,
					"lost_percent":	51.91395298684494,
					"omitted":	false,
					"sender":	false
				}],
			"sum":	{
				"start":	276.001066,
				"end":	277.001076,
				"seconds":	1.0000100135803223,
				"bytes":	12022812,
				"bits_per_second":	96181532.878495,
				"jitter_ms":	0.036085838175175015,
				"lost_packets":	9629,
				"packets":	18548,
				"lost_percent":	51.91395298684494,
				"omitted":	false,
				"sender":	false
			}
		}, {
			"streams":	[{
					"socket":	5,
					"start":	277.001076,
					"end":	278.001058,
					"seconds":	0.99998199939727783,
					"bytes":	12165700,
					"bits_per_second":	97327351.950996473,
					"jitter_ms":	0.0624240619094285,
					"lost_packets":	9791,
					"packets":	18816,
					"lost_percent":	52.035501700680271,
					"omitted":	false,
					"sender":	false
				}],
			"sum":	{
				"start":	277.001076,
				"end":	278.001058,
				"seconds":	0.99998199939727783,
				"bytes":	12165700,
				"bits_per_second":	97327351.950996473,
				"jitter_ms":	0.0624240619094285,
				"lost_packets":	9791,
				"packets":	18816,
				"lost_percent":	52.035501700680271,
				"omitted":	false,
				"sender":	false
			}
		}, {
			"streams":	[{
					"socket":	5,
					"start":	278.001058,
					"end":	279.00095,
					"seconds":	0.999891996383667,
					"bytes":	11991808,
					"bits_per_second":	95944826.388218373,
					"jitter_ms":	0.0748046800097299,
					"lost_packets":	9651,
					"packets":	18547,
					"lost_percent":	52.0353696015528,
					"omitted":	false,
					"sender":	false
				}],
			"sum":	{
				"start":	278.001058,
				"end":	279.00095,
				"seconds":	0.999891996383667,
				"bytes":	11991808,
				"bits_per_second":	95944826.388218373,
				"jitter_ms":	0.0748046800097299,
				"lost_packets":	9651,
				"packets":	18547,
				"lost_percent":	52.0353696015528,
				"omitted":	false,
				"sender":	false
			}
		}, {
			"streams":	[{
					"socket":	5,
					"start":	279.00095,
					"end":	280.001072,
					"seconds":	1.0001219511032104,
					"bytes":	12192660,
					"bits_per_second":	97529386.183759451,
					"jitter_ms":	0.0664500450996379,
					"lost_packets":	9795,
					"packets":	18840,
					"lost_percent":	51.9904458598726,
					"omitted":	false,
					"sender":	false
				}],
			"sum":	{
				"start":	279.00095,
				"end":	280.001072,
				"seconds":	1.0001219511032104,
				"bytes":	12192660,
				"bits_per_second":	97529386.183759451,
				"jitter_ms":	0.0664500450996379,
				"lost_packets":	9795,
				"packets":	18840,
				"lost_percent":	51.9904458598726,
				"omitted":	false,
				"sender":	false
			}
		}, {
			"streams":	[{
					"socket":	5,
					"start":	280.001072,
					"end":	281.000262,
					"seconds":	0.99918997287750244,
					"bytes":	12013376,
					"bits_per_second":	96184920.394294649,
					"jitter_ms":	0.061930979255049416,
					"lost_packets":	9634,
					"packets":	18546,
					"lost_percent":	51.946511377116359,
					"omitted":	false,
					"sender":	false
				}],
			"sum":	{
				"start":	280.001072,
				"end":	281.000262,
				"seconds":	0.99918997287750244,
				"bytes":	12013376,
				"bits_per_second":	96184920.394294649,
				"jitter_ms":	0.061930979255049416,
				"lost_packets":	9634,
				"packets":	18546,
				"lost_percent":	51.946511377116359,
				"omitted":	false,
				"sender":	false
			}
		}, {
			"streams":	[{
					"socket":	5,
					"start":	281.000262,
					"end":	282.000156,
					"seconds":	0.99989402294158936,
					"bytes":	11855660,
					"bits_per_second":	94855332.489111766,
					"jitter_ms":	0.0644997008266979,
					"lost_packets":	9456,
					"packets":	18251,
					"lost_percent":	51.8108596789217,
					"omitted":	false,
					"sender":	false
				}],
			"sum":	{
				"start":	281.000262,
				"end":	282.000156,
				"seconds":	0.99989402294158936,
				"bytes":	11855660,
				"bits_per_second":	94855332.489111766,
				"jitter_ms":	0.0644997008266979,
				"lost_packets":	9456,
				"packets":	18251,
				"lost_percent":	51.8108596789217,
				"omitted":	false,
				"sender":	false
			}
		}, {
			"streams":	[{
					"socket":	5,
					"start":	282.000156,
					"end":	283.001072,
					"seconds":	1.0009160041809082,
					"bytes":	12026856,
					"bits_per_second":	96126795.4534673,
					"jitter_ms":	0.059063600815692445,
					"lost_packets":	9549,
					"packets":	18471,
					"lost_percent":	51.697255156732176,
					"omitted":	false,
					"sender":	false
				}],
			"sum":	{
				"start":	282.000156,
				"end":	283.001072,
				"seconds":	1.0009160041809082,
				"bytes":	12026856,
				"bits_per_second":	96126795.4534673,
				"jitter_ms":	0.059063600815692445,
				"lost_packets":	9549,
				"packets":	18471,
				"lost_percent":	51.697255156732176,
				"omitted":	false,
				"sender":	false
			}
		}, {
			"streams":	[{
					"socket":	5,
					"start":	283.001072,
					"end":	284.000194,
					"seconds":	0.9991220235824585,
					"bytes":	11866444,
					"bits_per_second":	95014972.9055244,
					"jitter_ms":	0.040993493678902877,
					"lost_packets":	9527,
					"packets":	18330,
					"lost_percent":	51.974904528096019,
					"omitted":	false,
					"sender":	false
				}],
			"sum":	{
				"start":	283.001072,
				"end":	284.000194,
				"seconds":	0.9991220235824585,
				"bytes":	11866444,
				"bits_per_second":	95014972.9055244,
				"jitter_ms":	0.040993493678902877,
				"lost_packets":	9527,
				"packets":	18330,
				"lost_percent":	51.974904528096019,
				"omitted":	false,
				"sender":	false
			}
		}, {
			"streams":	[{
					"socket":	5,
					"start":	284.000194,
					"end":	285.001073,
					"seconds":	1.0008790493011475,
					"bytes":	12168396,
					"bits_per_second":	97261670.196785077,
					"jitter_ms":	0.0638608760896095,
					"lost_packets":	9810,
					"packets":	18837,
					"lost_percent":	52.078356426182516,
					"omitted":	false,
					"sender":	false
				}],
			"sum":	{
				"start":	284.000194,
				"end":	285.001073,
				"seconds":	1.0008790493011475,
				"bytes":	12168396,
				"bits_per_second":	97261670.196785077,
				"jitter_ms":	0.0638608760896095,
				"lost_packets":	9810,
				"packets":	18837,
				"lost_percent":	52.078356426182516,
				"omitted":	false,
				"sender":	false
			}
		}, {
			"streams":	[{
					"socket":	5,
					"start":	285.001073,
					"end":	286.001074,
					"seconds":	1.0000009536743164,
					"bytes":	11994504,
					"bits_per_second":	95955940.489284053,
					"jitter_ms":	0.075669364011106771,
					"lost_packets":	9647,
					"packets":	18545,
					"lost_percent":	52.019412240496088,
					"omitted":	false,
					"sender":	false
				}],
			"sum":	{
				"start":	285.001073,
				"end":	286.001074,
				"seconds":	1.0000009536743164,
				"bytes":	11994504,
				"bits_per_second":	95955940.489284053,
				"jitter_ms":	0.075669364011106771,
				"lost_packets":	9647,
				"packets":	18545,
				"lost_percent":	52.019412240496088,
				"omitted":	false,
				"sender":	false
			}
		}, {
			"streams":	[{
					"socket":	5,
					"start":	286.001074,
					"end":	287.000175,
					"seconds":	0.99910098314285278,
					"bytes":	12006636,
					"bits_per_second":	96139519.0482624,
					"jitter_ms":	0.0669699892305963,
					"lost_packets":	9788,
					"packets":	18695,
					"lost_percent":	52.356244985290182,
					"omitted":	false,
					"sender":	false
				}],
			"sum":	{
				"start":	286.001074,
				"end":	287.000175,
				"seconds":	0.99910098314285278,
				"bytes":	12006636,
				"bits_per_second":	96139519.0482624,
				"jitter_ms":	0.0669699892305963,
				"lost_packets":	9788,
				"packets":	18695,
				"lost_percent":	52.356244985290182,
				"omitted":	false,
				"sender":	false
			}
		}, {
			"streams":	[{
					"socket":	5,
					"start":	287.000175,
					"end":	288.000226,
					"seconds":	1.0000510215759277,
					"bytes":	11831396,
					"bits_per_second":	94646338.9946287,
					"jitter_ms":	0.042636270211144078,
					"lost_packets":	9496,
					"packets":	18273,
					"lost_percent":	51.967383571389483,
					"omitted":	false,
					"sender":	false
				}],
			"sum":	{
				"start":	287.000175,
				"end":	288.000226,
				"seconds":	1.0000510215759277,
				"bytes":	11831396,
				"bits_per_second":	94646338.9946287,
				"jitter_ms":	0.042636270211144078,
				"lost_packets":	9496,
				"packets":	18273,
				"lost_percent":	51.967383571389483,
				"omitted":	false,
				"sender":	false
			}
		}, {
			"streams":	[{
					"socket":	5,
					"start":	288.000226,
					"end":	289.000226,
					"seconds":	1,
					"bytes":	12156264,
					"bits_per_second":	97250112,
					"jitter_ms":	0.0635084603231626,
					"lost_packets":	9801,
					"packets":	18819,
					"lost_percent":	52.0803443328551,
					"omitted":	false,
					"sender":	false
				}],
			"sum":	{
				"start":	288.000226,
				"end":	289.000226,
				"seconds":	1,
				"bytes":	12156264,
				"bits_per_second":	97250112,
				"jitter_ms":	0.0635084603231626,
				"lost_packets":	9801,
				"packets":	18819,
				"lost_percent":	52.0803443328551,
				"omitted":	false,
				"sender":	false
			}
		}, {
			"streams":	[{
					"socket":	5,
					"start":	289.000226,
					"end":	290.001068,
					"seconds":	1.0008419752120972,
					"bytes":	11994504,
					"bits_per_second":	95875307.367744163,
					"jitter_ms":	0.0778697316290481,
					"lost_packets":	9648,
					"packets":	18546,
					"lost_percent":	52.0219993529602,
					"omitted":	false,
					"sender":	false
				}],
			"sum":	{
				"start":	289.000226,
				"end":	290.001068,
				"seconds":	1.0008419752120972,
				"bytes":	11994504,
				"bits_per_second":	95875307.367744163,
				"jitter_ms":	0.0778697316290481,
				"lost_packets":	9648,
				"packets":	18546,
				"lost_percent":	52.0219993529602,
				"omitted":	false,
				"sender":	false
			}
		}, {
			"streams":	[{
					"socket":	5,
					"start":	290.001068,
					"end":	291.001065,
					"seconds":	0.99999701976776123,
					"bytes":	12013376,
					"bits_per_second":	96107294.4220572,
					"jitter_ms":	0.0665617733465581,
					"lost_packets":	9485,
					"packets":	18397,
					"lost_percent":	51.557319128118714,
					"omitted":	false,
					"sender":	false
				}],
			"sum":	{
				"start":	290.001068,
				"end":	291.001065,
				"seconds":	0.99999701976776123,
				"bytes":	12013376,
				"bits_per_second":	96107294.4220572,
				"jitter_ms":	0.0665617733465581,
				"lost_packets":	9485,
				"packets":	18397,
				"lost_percent":	51.557319128118714,
				"omitted":	false,
				"sender":	false
			}
		}, {
			"streams":	[{
					"socket":	5,
					"start":	291.001065,
					"end":	292.000185,
					"seconds":	0.999119997024536,
					"bytes":	12032248,
					"bits_per_second":	96342765.9206746,
					"jitter_ms":	0.058844448748871146,
					"lost_packets":	9769,
					"packets":	18695,
					"lost_percent":	52.254613533030223,
					"omitted":	false,
					"sender":	false
				}],
			"sum":	{
				"start":	291.001065,
				"end":	292.000185,
				"seconds":	0.999119997024536,
				"bytes":	12032248,
				"bits_per_second":	96342765.9206746,
				"jitter_ms":	0.058844448748871146,
				"lost_packets":	9769,
				"packets":	18695,
				"lost_percent":	52.254613533030223,
				"omitted":	false,
				"sender":	false
			}
		}, {
			"streams":	[{
					"socket":	5,
					"start":	292.000185,
					"end":	293.00107,
					"seconds":	1.000885009765625,
					"bytes":	12481132,
					"bits_per_second":	99760766.7472025,
					"jitter_ms":	0.051768184015838131,
					"lost_packets":	9289,
					"packets":	18548,
					"lost_percent":	50.080871252965281,
					"omitted":	false,
					"sender":	false
				}],
			"sum":	{
				"start":	292.000185,
				"end":	293.00107,
				"seconds":	1.000885009765625,
				"bytes":	12481132,
				"bits_per_second":	99760766.7472025,
				"jitter_ms":	0.051768184015838131,
				"lost_packets":	9289,
				"packets":	18548,
				"lost_percent":	50.080871252965281,
				"omitted":	false,
				"sender":	false
			}
		}, {
			"streams":	[{
					"socket":	5,
					"start":	293.00107,
					"end":	294.001058,
					"seconds":	0.9999880194664,
					"bytes":	11908232,
					"bits_per_second":	95266997.3494627,
					"jitter_ms":	0.082164059816058621,
					"lost_packets":	9390,
					"packets":	18224,
					"lost_percent":	51.525460930640911,
					"omitted":	false,
					"sender":	false
				}],
			"sum":	{
				"start":	293.00107,
				"end":	294.001058,
				"seconds":	0.9999880194664,
				"bytes":	11908232,
				"bits_per_second":	95266997.3494627,
				"jitter_ms":	0.082164059816058621,
				"lost_packets":	9390,
				"packets":	18224,
				"lost_percent":	51.525460930640911,
				"omitted":	false,
				"sender":	false
			}
		}, {
			"streams":	[{
					"socket":	5,
					"start":	294.001058,
					"end":	295.001072,
					"seconds":	1.0000139474868774,
					"bytes":	11633240,
					"bits_per_second":	93064621.982406139,
					"jitter_ms":	0.064460012404783162,
					"lost_packets":	10088,
					"packets":	18718,
					"lost_percent":	53.8946468639812,
					"omitted":	false,
					"sender":	false
				}],
			"sum":	{
				"start":	294.001058,
				"end":	295.001072,
				"seconds":	1.0000139474868774,
				"bytes":	11633240,
				"bits_per_second":	93064621.982406139,
				"jitter_ms":	0.064460012404783162,
				"lost_packets":	10088,
				"packets":	18718,
				"lost_percent":	53.8946468639812,
				"omitted":	false,
				"sender":	false
			}
		}, {
			"streams":	[{
					"socket":	5,
					"start":	295.001072,
					"end":	296.000217,
					"seconds":	0.999144971370697,
					"bytes":	11862400,
					"bits_per_second":	94980410.970602825,
					"jitter_ms":	0.042265390278445579,
					"lost_packets":	9621,
					"packets":	18421,
					"lost_percent":	52.22843493838554,
					"omitted":	false,
					"sender":	false
				}],
			"sum":	{
				"start":	295.001072,
				"end":	296.000217,
				"seconds":	0.999144971370697,
				"bytes":	11862400,
				"bits_per_second":	94980410.970602825,
				"jitter_ms":	0.042265390278445579,
				"lost_packets":	9621,
				"packets":	18421,
				"lost_percent":	52.22843493838554,
				"omitted":	false,
				"sender":	false
			}
		}, {
			"streams":	[{
					"socket":	5,
					"start":	296.000217,
					"end":	297.001076,
					"seconds":	1.0008590221405029,
					"bytes":	12002592,
					"bits_per_second":	95938322.8565435,
					"jitter_ms":	0.038663136546710032,
					"lost_packets":	9644,
					"packets":	18548,
					"lost_percent":	51.994824239810221,
					"omitted":	false,
					"sender":	false
				}],
			"sum":	{
				"start":	296.000217,
				"end":	297.001076,
				"seconds":	1.0008590221405029,
				"bytes":	12002592,
				"bits_per_second":	95938322.8565435,
				"jitter_ms":	0.038663136546710032,
				"lost_packets":	9644,
				"packets":	18548,
				"lost_percent":	51.994824239810221,
				"omitted":	false,
				"sender":	false
			}
		}, {
			"streams":	[{
					"socket":	5,
					"start":	297.001076,
					"end":	298.001061,
					"seconds":	0.9999849796295166,
					"bytes":	12180528,
					"bits_per_second":	97445687.670330822,
					"jitter_ms":	0.045141203889546275,
					"lost_packets":	9782,
					"packets":	18818,
					"lost_percent":	51.982144755021785,
					"omitted":	false,
					"sender":	false
				}],
			"sum":	{
				"start":	297.001076,
				"end":	298.001061,
				"seconds":	0.9999849796295166,
				"bytes":	12180528,
				"bits_per_second":	97445687.670330822,
				"jitter_ms":	0.045141203889546275,
				"lost_packets":	9782,
				"packets":	18818,
				"lost_percent":	51.982144755021785,
				"omitted":	false,
				"sender":	false
			}
		}, {
			"streams":	[{
					"socket":	5,
					"start":	298.001061,
					"end":	299.000181,
					"seconds":	0.999119997024536,
					"bytes":	12010680,
					"bits_per_second":	96170069.947704554,
					"jitter_ms":	0.0603747159288548,
					"lost_packets":	9635,
					"packets":	18545,
					"lost_percent":	51.954704772175788,
					"omitted":	false,
					"sender":	false
				}],
			"sum":	{
				"start":	298.001061,
				"end":	299.000181,
				"seconds":	0.999119997024536,
				"bytes":	12010680,
				"bits_per_second":	96170069.947704554,
				"jitter_ms":	0.0603747159288548,
				"lost_packets":	9635,
				"packets":	18545,
				"lost_percent":	51.954704772175788,
				"omitted":	false,
				"sender":	false
			}
		}, {
			"streams":	[{
					"socket":	5,
					"start":	299.000181,
					"end":	300.000246,
					"seconds":	1.0000649690628052,
					"bytes":	11831396,
					"bits_per_second":	94645019.001816273,
					"jitter_ms":	0.043733160249618978,
					"lost_packets":	9496,
					"packets":	18273,
					"lost_percent":	51.967383571389483,
					"omitted":	false,
					"sender":	false
				}],
			"sum":	{
				"start":	299.000181,
				"end":	300.000246,
				"seconds":	1.0000649690628052,
				"bytes":	11831396,
				"bits_per_second":	94645019.001816273,
				"jitter_ms":	0.043733160249618978,
				"lost_packets":	9496,
				"packets":	18273,
				"lost_percent":	51.967383571389483,
				"omitted":	false,
				"sender":	false
			}
		}, {
			"streams":	[{
					"socket":	5,
					"start":	300.000246,
					"end":	301.000224,
					"seconds":	0.999978005886078,
					"bytes":	11991808,
					"bits_per_second":	95936574.039938733,
					"jitter_ms":	0.0454652697903191,
					"lost_packets":	9650,
					"packets":	18546,
					"lost_percent":	52.03278334950933,
					"omitted":	false,
					"sender":	false
				}],
			"sum":	{
				"start":	300.000246,
				"end":	301.000224,
				"seconds":	0.999978005886078,
				"bytes":	11991808,
				"bits_per_second":	95936574.039938733,
				"jitter_ms":	0.0454652697903191,
				"lost_packets":	9650,
				"packets":	18546,
				"lost_percent":	52.03278334950933,
				"omitted":	false,
				"sender":	false
			}
		}, {
			"streams":	[{
					"socket":	5,
					"start":	301.000224,
					"end":	302.00016,
					"seconds":	0.99993598461151123,
					"bytes":	12158960,
					"bits_per_second":	97277907.2830261,
					"jitter_ms":	0.060975046587070071,
					"lost_packets":	9799,
					"packets":	18819,
					"lost_percent":	52.069716775599126,
					"omitted":	false,
					"sender":	false
				}],
			"sum":	{
				"start":	301.000224,
				"end":	302.00016,
				"seconds":	0.99993598461151123,
				"bytes":	12158960,
				"bits_per_second":	97277907.2830261,
				"jitter_ms":	0.060975046587070071,
				"lost_packets":	9799,
				"packets":	18819,
				"lost_percent":	52.069716775599126,
				"omitted":	false,
				"sender":	false
			}
		}, {
			"streams":	[{
					"socket":	5,
					"start":	302.00016,
					"end":	303.001092,
					"seconds":	1.000931978225708,
					"bytes":	12014724,
					"bits_per_second":	96028295.719337732,
					"jitter_ms":	0.060046077215731235,
					"lost_packets":	9633,
					"packets":	18546,
					"lost_percent":	51.9411193788418,
					"omitted":	false,
					"sender":	false
				}],
			"sum":	{
				"start":	302.00016,
				"end":	303.001092,
				"seconds":	1.000931978225708,
				"bytes":	12014724,
				"bits_per_second":	96028295.719337732,
				"jitter_ms":	0.060046077215731235,
				"lost_packets":	9633,
				"packets":	18546,
				"lost_percent":	51.9411193788418,
				"omitted":	false,
				"sender":	false
			}
		}, {
			"streams":	[{
					"socket":	5,
					"start":	303.001092,
					"end":	304.001072,
					"seconds":	0.99997997283935547,
					"bytes":	11894752,
					"bits_per_second":	95159921.783040464,
					"jitter_ms":	0.06623373926057545,
					"lost_packets":	9349,
					"packets":	18173,
					"lost_percent":	51.444450558520884,
					"omitted":	false,
					"sender":	false
				}],
			"sum":	{
				"start":	303.001092,
				"end":	304.001072,
				"seconds":	0.99997997283935547,
				"bytes":	11894752,
				"bits_per_second":	95159921.783040464,
				"jitter_ms":	0.06623373926057545,
				"lost_packets":	9349,
				"packets":	18173,
				"lost_percent":	51.444450558520884,
				"omitted":	false,
				"sender":	false
			}
		}, {
			"streams":	[{
					"socket":	5,
					"start":	304.001072,
					"end":	305.000155,
					"seconds":	0.99908298254013062,
					"bytes":	11939236,
					"bits_per_second":	95601556.2963144,
					"jitter_ms":	0.04512634032405017,
					"lost_packets":	9789,
					"packets":	18646,
					"lost_percent":	52.499195537916982,
					"omitted":	false,
					"sender":	false
				}],
			"sum":	{
				"start":	304.001072,
				"end":	305.000155,
				"seconds":	0.99908298254013062,
				"bytes":	11939236,
				"bits_per_second":	95601556.2963144,
				"jitter_ms":	0.04512634032405017,
				"lost_packets":	9789,
				"packets":	18646,
				"lost_percent":	52.499195537916982,
				"omitted":	false,
				"sender":	false
			}
		}, {
			"streams":	[{
					"socket":	5,
					"start":	305.000155,
					"end":	306.000253,
					"seconds":	1.0000979900360107,
					"bytes":	12253320,
					"bits_per_second":	98016955.315019,
					"jitter_ms":	0.053915446133023279,
					"lost_packets":	9675,
					"packets":	18765,
					"lost_percent":	51.558752997601921,
					"omitted":	false,
					"sender":	false
				}],
			"sum":	{
				"start":	305.000155,
				"end":	306.000253,
				"seconds":	1.0000979900360107,
				"bytes":	12253320,
				"bits_per_second":	98016955.315019,
				"jitter_ms":	0.053915446133023279,
				"lost_packets":	9675,
				"packets":	18765,
				"lost_percent":	51.558752997601921,
				"omitted":	false,
				"sender":	false
			}
		}, {
			"streams":	[{
					"socket":	5,
					"start":	306.000253,
					"end":	307.001508,
					"seconds":	1.0012550354003906,
					"bytes":	11944628,
					"bits_per_second":	95437246.876654,
					"jitter_ms":	0.040880236674829179,
					"lost_packets":	9504,
					"packets":	18365,
					"lost_percent":	51.750612578273888,
					"omitted":	false,
					"sender":	false
				}],
			"sum":	{
				"start":	306.000253,
				"end":	307.001508,
				"seconds":	1.0012550354003906,
				"bytes":	11944628,
				"bits_per_second":	95437246.876654,
				"jitter_ms":	0.040880236674829179,
				"lost_packets":	9504,
				"packets":	18365,
				"lost_percent":	51.750612578273888,
				"omitted":	false,
				"sender":	false
			}
		}, {
			"streams":	[{
					"socket":	5,
					"start":	307.001508,
					"end":	308.000184,
					"seconds":	0.99867600202560425,
					"bytes":	11851616,
					"bits_per_second":	94938626.5492431,
					"jitter_ms":	0.041208847636147676,
					"lost_packets":	9569,
					"packets":	18361,
					"lost_percent":	52.115897826915749,
					"omitted":	false,
					"sender":	false
				}],
			"sum":	{
				"start":	307.001508,
				"end":	308.000184,
				"seconds":	0.99867600202560425,
				"bytes":	11851616,
				"bits_per_second":	94938626.5492431,
				"jitter_ms":	0.041208847636147676,
				"lost_packets":	9569,
				"packets":	18361,
				"lost_percent":	52.115897826915749,
				"omitted":	false,
				"sender":	false
			}
		}, {
			"streams":	[{
					"socket":	5,
					"start":	308.000184,
					"end":	309.001072,
					"seconds":	1.0008879899978638,
					"bytes":	12158960,
					"bits_per_second":	97185380.3543068,
					"jitter_ms":	0.19998538654337883,
					"lost_packets":	9798,
					"packets":	18818,
					"lost_percent":	52.067169731108514,
					"omitted":	false,
					"sender":	false
				}],
			"sum":	{
				"start":	308.000184,
				"end":	309.001072,
				"seconds":	1.0008879899978638,
				"bytes":	12158960,
				"bits_per_second":	97185380.3543068,
				"jitter_ms":	0.19998538654337883,
				"lost_packets":	9798,
				"packets":	18818,
				"lost_percent":	52.067169731108514,
				"omitted":	false,
				"sender":	false
			}
		}, {
			"streams":	[{
					"socket":	5,
					"start":	309.001072,
					"end":	310.001061,
					"seconds":	0.99998897314071655,
					"bytes":	12183224,
					"bits_per_second":	97466866.7534245,
					"jitter_ms":	0.088942203906026224,
					"lost_packets":	9816,
					"packets":	18854,
					"lost_percent":	52.063222658321841,
					"omitted":	false,
					"sender":	false
				}],
			"sum":	{
				"start":	309.001072,
				"end":	310.001061,
				"seconds":	0.99998897314071655,
				"bytes":	12183224,
				"bits_per_second":	97466866.7534245,
				"jitter_ms":	0.088942203906026224,
				"lost_packets":	9816,
				"packets":	18854,
				"lost_percent":	52.063222658321841,
				"omitted":	false,
				"sender":	false
			}
		}, {
			"streams":	[{
					"socket":	5,
					"start":	310.001061,
					"end":	311.001061,
					"seconds":	1,
					"bytes":	12029552,
					"bits_per_second":	96236416,
					"jitter_ms":	0.050000201021059364,
					"lost_packets":	9614,
					"packets":	18538,
					"lost_percent":	51.861042183622828,
					"omitted":	false,
					"sender":	false
				}],
			"sum":	{
				"start":	310.001061,
				"end":	311.001061,
				"seconds":	1,
				"bytes":	12029552,
				"bits_per_second":	96236416,
				"jitter_ms":	0.050000201021059364,
				"lost_packets":	9614,
				"packets":	18538,
				"lost_percent":	51.861042183622828,
				"omitted":	false,
				"sender":	false
			}
		}, {
			"streams":	[{
					"socket":	5,
					"start":	311.001061,
					"end":	312.001074,
					"seconds":	1.000012993812561,
					"bytes":	12020116,
					"bits_per_second":	96159678.5191614,
					"jitter_ms":	0.064453070506160434,
					"lost_packets":	9772,
					"packets":	18689,
					"lost_percent":	52.28744181069078,
					"omitted":	false,
					"sender":	false
				}],
			"sum":	{
				"start":	311.001061,
				"end":	312.001074,
				"seconds":	1.000012993812561,
				"bytes":	12020116,
				"bits_per_second":	96159678.5191614,
				"jitter_ms":	0.064453070506160434,
				"lost_packets":	9772,
				"packets":	18689,
				"lost_percent":	52.28744181069078,
				"omitted":	false,
				"sender":	false
			}
		}, {
			"streams":	[{
					"socket":	5,
					"start":	312.001074,
					"end":	313.00106,
					"seconds":	0.99998599290847778,
					"bytes":	11842180,
					"bits_per_second":	94738767.0145803,
					"jitter_ms":	0.059381515769017769,
					"lost_packets":	9225,
					"packets":	18010,
					"lost_percent":	51.221543586896168,
					"omitted":	false,
					"sender":	false
				}],
			"sum":	{
				"start":	312.001074,
				"end":	313.00106,
				"seconds":	0.99998599290847778,
				"bytes":	11842180,
				"bits_per_second":	94738767.0145803,
				"jitter_ms":	0.059381515769017769,
				"lost_packets":	9225,
				"packets":	18010,
				"lost_percent":	51.221543586896168,
				"omitted":	false,
				"sender":	false
			}
		}, {
			"streams":	[{
					"socket":	5,
					"start":	313.00106,
					"end":	314.001072,
					"seconds":	1.0000120401382446,
					"bytes":	12013376,
					"bits_per_second":	96105850.872269377,
					"jitter_ms":	0.0550634097541295,
					"lost_packets":	9634,
					"packets":	18546,
					"lost_percent":	51.946511377116359,
					"omitted":	false,
					"sender":	false
				}],
			"sum":	{
				"start":	313.00106,
				"end":	314.001072,
				"seconds":	1.0000120401382446,
				"bytes":	12013376,
				"bits_per_second":	96105850.872269377,
				"jitter_ms":	0.0550634097541295,
				"lost_packets":	9634,
				"packets":	18546,
				"lost_percent":	51.946511377116359,
				"omitted":	false,
				"sender":	false
			}
		}, {
			"streams":	[{
					"socket":	5,
					"start":	314.001072,
					"end":	315.000215,
					"seconds":	0.99914300441741943,
					"bytes":	11873184,
					"bits_per_second":	95066943.951015458,
					"jitter_ms":	0.0781736681246748,
					"lost_packets":	9566,
					"packets":	18374,
					"lost_percent":	52.062697289648419,
					"omitted":	false,
					"sender":	false
				}],
			"sum":	{
				"start":	314.001072,
				"end":	315.000215,
				"seconds":	0.99914300441741943,
				"bytes":	11873184,
				"bits_per_second":	95066943.951015458,
				"jitter_ms":	0.0781736681246748,
				"lost_packets":	9566,
				"packets":	18374,
				"lost_percent":	52.062697289648419,
				"omitted":	false,
				"sender":	false
			}
		}, {
			"streams":	[{
					"socket":	5,
					"start":	315.000215,
					"end":	316.001062,
					"seconds":	1.0008469820022583,
					"bytes":	12016072,
					"bits_per_second":	96047225.728441164,
					"jitter_ms":	0.061444729672620248,
					"lost_packets":	9636,
					"packets":	18550,
					"lost_percent":	51.946091644204849,
					"omitted":	false,
					"sender":	false
				}],
			"sum":	{
				"start":	315.000215,
				"end":	316.001062,
				"seconds":	1.0008469820022583,
				"bytes":	12016072,
				"bits_per_second":	96047225.728441164,
				"jitter_ms":	0.061444729672620248,
				"lost_packets":	9636,
				"packets":	18550,
				"lost_percent":	51.946091644204849,
				"omitted":	false,
				"sender":	false
			}
		}, {
			"streams":	[{
					"socket":	5,
					"start":	316.001062,
					"end":	317.001076,
					"seconds":	1.0000139474868774,
					"bytes":	12013376,
					"bits_per_second":	96105667.567462757,
					"jitter_ms":	0.0847140527932145,
					"lost_packets":	9629,
					"packets":	18541,
					"lost_percent":	51.933552667062187,
					"omitted":	false,
					"sender":	false
				}],
			"sum":	{
				"start":	316.001062,
				"end":	317.001076,
				"seconds":	1.0000139474868774,
				"bytes":	12013376,
				"bits_per_second":	96105667.567462757,
				"jitter_ms":	0.0847140527932145,
				"lost_packets":	9629,
				"packets":	18541,
				"lost_percent":	51.933552667062187,
				"omitted":	false,
				"sender":	false
			}
		}, {
			"streams":	[{
					"socket":	5,
					"start":	317.001076,
					"end":	318.001057,
					"seconds":	0.99998098611831665,
					"bytes":	12029552,
					"bits_per_second":	96238245.862620249,
					"jitter_ms":	0.0782709721289797,
					"lost_packets":	9623,
					"packets":	18547,
					"lost_percent":	51.8844017900469,
					"omitted":	false,
					"sender":	false
				}],
			"sum":	{
				"start":	317.001076,
				"end":	318.001057,
				"seconds":	0.99998098611831665,
				"bytes":	12029552,
				"bits_per_second":	96238245.862620249,
				"jitter_ms":	0.0782709721289797,
				"lost_packets":	9623,
				"packets":	18547,
				"lost_percent":	51.8844017900469,
				"omitted":	false,
				"sender":	false
			}
		}, {
			"streams":	[{
					"socket":	5,
					"start":	318.001057,
					"end":	319.001073,
					"seconds":	1.0000159740448,
					"bytes":	12153568,
					"bits_per_second":	97226990.891691744,
					"jitter_ms":	0.031643064116523,
					"lost_packets":	9804,
					"packets":	18820,
					"lost_percent":	52.093517534537725,
					"omitted":	false,
					"sender":	false
				}],
			"sum":	{
				"start":	318.001057,
				"end":	319.001073,
				"seconds":	1.0000159740448,
				"bytes":	12153568,
				"bits_per_second":	97226990.891691744,
				"jitter_ms":	0.031643064116523,
				"lost_packets":	9804,
				"packets":	18820,
				"lost_percent":	52.093517534537725,
				"omitted":	false,
				"sender":	false
			}
		}, {
			"streams":	[{
					"socket":	5,
					"start":	319.001073,
					"end":	320.00107,
					"seconds":	0.99999701976776123,
					"bytes":	12187268,
					"bits_per_second":	97498434.567977935,
					"jitter_ms":	0.043194700343788923,
					"lost_packets":	9798,
					"packets":	18839,
					"lost_percent":	52.0091299962843,
					"omitted":	false,
					"sender":	false
				}],
			"sum":	{
				"start":	319.001073,
				"end":	320.00107,
				"seconds":	0.99999701976776123,
				"bytes":	12187268,
				"bits_per_second":	97498434.567977935,
				"jitter_ms":	0.043194700343788923,
				"lost_packets":	9798,
				"packets":	18839,
				"lost_percent":	52.0091299962843,
				"omitted":	false,
				"sender":	false
			}
		}, {
			"streams":	[{
					"socket":	5,
					"start":	320.00107,
					"end":	321.000273,
					"seconds":	0.99920302629470825,
					"bytes":	11839484,
					"bits_per_second":	94791418.2678468,
					"jitter_ms":	0.032097219181539967,
					"lost_packets":	9471,
					"packets":	18254,
					"lost_percent":	51.884518461707025,
					"omitted":	false,
					"sender":	false
				}],
			"sum":	{
				"start":	320.00107,
				"end":	321.000273,
				"seconds":	0.99920302629470825,
				"bytes":	11839484,
				"bits_per_second":	94791418.2678468,
				"jitter_ms":	0.032097219181539967,
				"lost_packets":	9471,
				"packets":	18254,
				"lost_percent":	51.884518461707025,
				"omitted":	false,
				"sender":	false
			}
		}, {
			"streams":	[{
					"socket":	5,
					"start":	321.000273,
					"end":	322.00024,
					"seconds":	0.99996697902679443,
					"bytes":	12007984,
					"bits_per_second":	96067044.227293372,
					"jitter_ms":	0.056496080113321967,
					"lost_packets":	9630,
					"packets":	18538,
					"lost_percent":	51.947351386341566,
					"omitted":	false,
					"sender":	false
				}],
			"sum":	{
				"start":	321.000273,
				"end":	322.00024,
				"seconds":	0.99996697902679443,
				"bytes":	12007984,
				"bits_per_second":	96067044.227293372,
				"jitter_ms":	0.056496080113321967,
				"lost_packets":	9630,
				"packets":	18538,
				"lost_percent":	51.947351386341566,
				"omitted":	false,
				"sender":	false
			}
		}, {
			"streams":	[{
					"socket":	5,
					"start":	322.00024,
					"end":	323.000209,
					"seconds":	0.9999690055847168,
					"bytes":	11882620,
					"bits_per_second":	95063906.450194955,
					"jitter_ms":	0.062296596272288625,
					"lost_packets":	9449,
					"packets":	18264,
					"lost_percent":	51.735654840122649,
					"omitted":	false,
					"sender":	false
				}],
			"sum":	{
				"start":	322.00024,
				"end":	323.000209,
				"seconds":	0.9999690055847168,
				"bytes":	11882620,
				"bits_per_second":	95063906.450194955,
				"jitter_ms":	0.062296596272288625,
				"lost_packets":	9449,
				"packets":	18264,
				"lost_percent":	51.735654840122649,
				"omitted":	false,
				"sender":	false
			}
		}, {
			"streams":	[{
					"socket":	5,
					"start":	323.000209,
					"end":	324.000201,
					"seconds":	0.9999920129776,
					"bytes":	12022812,
					"bits_per_second":	96183264.2178858,
					"jitter_ms":	0.036195162592052028,
					"lost_packets":	9638,
					"packets":	18557,
					"lost_percent":	51.937274343913352,
					"omitted":	false,
					"sender":	false
				}],
			"sum":	{
				"start":	323.000209,
				"end":	324.000201,
				"seconds":	0.9999920129776,
				"bytes":	12022812,
				"bits_per_second":	96183264.2178858,
				"jitter_ms":	0.036195162592052028,
				"lost_packets":	9638,
				"packets":	18557,
				"lost_percent":	51.937274343913352,
				"omitted":	false,
				"sender":	false
			}
		}, {
			"streams":	[{
					"socket":	5,
					"start":	324.000201,
					"end":	325.001059,
					"seconds":	1.000857949256897,
					"bytes":	12167048,
					"bits_per_second":	97252945.907327771,
					"jitter_ms":	0.089401103864978571,
					"lost_packets":	9802,
					"packets":	18828,
					"lost_percent":	52.060760569364774,
					"omitted":	false,
					"sender":	false
				}],
			"sum":	{
				"start":	324.000201,
				"end":	325.001059,
				"seconds":	1.000857949256897,
				"bytes":	12167048,
				"bits_per_second":	97252945.907327771,
				"jitter_ms":	0.089401103864978571,
				"lost_packets":	9802,
				"packets":	18828,
				"lost_percent":	52.060760569364774,
				"omitted":	false,
				"sender":	false
			}
		}, {
			"streams":	[{
					"socket":	5,
					"start":	325.001059,
					"end":	326.001072,
					"seconds":	1.000012993812561,
					"bytes":	12013376,
					"bits_per_second":	96105759.219778657,
					"jitter_ms":	0.035335144932864528,
					"lost_packets":	9630,
					"packets":	18542,
					"lost_percent":	51.936144968180351,
					"omitted":	false,
					"sender":	false
				}],
			"sum":	{
				"start":	325.001059,
				"end":	326.001072,
				"seconds":	1.000012993812561,
				"bytes":	12013376,
				"bits_per_second":	96105759.219778657,
				"jitter_ms":	0.035335144932864528,
				"lost_packets":	9630,
				"packets":	18542,
				"lost_percent":	51.936144968180351,
				"omitted":	false,
				"sender":	false
			}
		}, {
			"streams":	[{
					"socket":	5,
					"start":	326.001072,
					"end":	327.000216,
					"seconds":	0.99914401769638062,
					"bytes":	11855660,
					"bits_per_second":	94926535.4344758,
					"jitter_ms":	0.034947727988386086,
					"lost_packets":	9510,
					"packets":	18305,
					"lost_percent":	51.953018301010651,
					"omitted":	false,
					"sender":	false
				}],
			"sum":	{
				"start":	326.001072,
				"end":	327.000216,
				"seconds":	0.99914401769638062,
				"bytes":	11855660,
				"bits_per_second":	94926535.4344758,
				"jitter_ms":	0.034947727988386086,
				"lost_packets":	9510,
				"packets":	18305,
				"lost_percent":	51.953018301010651,
				"omitted":	false,
				"sender":	false
			}
		}, {
			"streams":	[{
					"socket":	5,
					"start":	327.000216,
					"end":	328.001075,
					"seconds":	1.0008590221405029,
					"bytes":	11987764,
					"bits_per_second":	95819800.669726133,
					"jitter_ms":	0.082733597158989675,
					"lost_packets":	9675,
					"packets":	18568,
					"lost_percent":	52.105773373545887,
					"omitted":	false,
					"sender":	false
				}],
			"sum":	{
				"start":	327.000216,
				"end":	328.001075,
				"seconds":	1.0008590221405029,
				"bytes":	11987764,
				"bits_per_second":	95819800.669726133,
				"jitter_ms":	0.082733597158989675,
				"lost_packets":	9675,
				"packets":	18568,
				"lost_percent":	52.105773373545887,
				"omitted":	false,
				"sender":	false
			}
		}, {
			"streams":	[{
					"socket":	5,
					"start":	328.001075,
					"end":	329.001077,
					"seconds":	1.0000020265579224,
					"bytes":	12111780,
					"bits_per_second":	96894043.638608232,
					"jitter_ms":	0.0830964799292763,
					"lost_packets":	9783,
					"packets":	18768,
					"lost_percent":	52.125959079283888,
					"omitted":	false,
					"sender":	false
				}],
			"sum":	{
				"start":	328.001075,
				"end":	329.001077,
				"seconds":	1.0000020265579224,
				"bytes":	12111780,
				"bits_per_second":	96894043.638608232,
				"jitter_ms":	0.0830964799292763,
				"lost_packets":	9783,
				"packets":	18768,
				"lost_percent":	52.125959079283888,
				"omitted":	false,
				"sender":	false
			}
		}, {
			"streams":	[{
					"socket":	5,
					"start":	329.001077,
					"end":	330.00107,
					"seconds":	0.99999302625656128,
					"bytes":	12013376,
					"bits_per_second":	96107678.230290473,
					"jitter_ms":	0.083408312016253941,
					"lost_packets":	9637,
					"packets":	18549,
					"lost_percent":	51.954283249770874,
					"omitted":	false,
					"sender":	false
				}],
			"sum":	{
				"start":	329.001077,
				"end":	330.00107,
				"seconds":	0.99999302625656128,
				"bytes":	12013376,
				"bits_per_second":	96107678.230290473,
				"jitter_ms":	0.083408312016253941,
				"lost_packets":	9637,
				"packets":	18549,
				"lost_percent":	51.954283249770874,
				"omitted":	false,
				"sender":	false
			}
		}, {
			"streams":	[{
					"socket":	5,
					"start":	330.00107,
					"end":	331.00016,
					"seconds":	0.999090015888214,
					"bytes":	11824656,
					"bits_per_second":	94683408.397291273,
					"jitter_ms":	0.042536830538799475,
					"lost_packets":	9541,
					"packets":	18313,
					"lost_percent":	52.099601376071647,
					"omitted":	false,
					"sender":	false
				}],
			"sum":	{
				"start":	330.00107,
				"end":	331.00016,
				"seconds":	0.999090015888214,
				"bytes":	11824656,
				"bits_per_second":	94683408.397291273,
				"jitter_ms":	0.042536830538799475,
				"lost_packets":	9541,
				"packets":	18313,
				"lost_percent":	52.099601376071647,
				"omitted":	false,
				"sender":	false
			}
		}, {
			"streams":	[{
					"socket":	5,
					"start":	331.00016,
					"end":	332.001063,
					"seconds":	1.0009030103683472,
					"bytes":	12168396,
					"bits_per_second":	97259341.805930629,
					"jitter_ms":	0.037168459096274843,
					"lost_packets":	9746,
					"packets":	18773,
					"lost_percent":	51.91498428594258,
					"omitted":	false,
					"sender":	false
				}],
			"sum":	{
				"start":	331.00016,
				"end":	332.001063,
				"seconds":	1.0009030103683472,
				"bytes":	12168396,
				"bits_per_second":	97259341.805930629,
				"jitter_ms":	0.037168459096274843,
				"lost_packets":	9746,
				"packets":	18773,
				"lost_percent":	51.91498428594258,
				"omitted":	false,
				"sender":	false
			}
		}, {
			"streams":	[{
					"socket":	5,
					"start":	332.001063,
					"end":	333.001074,
					"seconds":	1.0000109672546387,
					"bytes":	11835440,
					"bits_per_second":	94682481.59311454,
					"jitter_ms":	0.0486008286364814,
					"lost_packets":	9500,
					"packets":	18280,
					"lost_percent":	51.969365426695845,
					"omitted":	false,
					"sender":	false
				}],
			"sum":	{
				"start":	332.001063,
				"end":	333.001074,
				"seconds":	1.0000109672546387,
				"bytes":	11835440,
				"bits_per_second":	94682481.59311454,
				"jitter_ms":	0.0486008286364814,
				"lost_packets":	9500,
				"packets":	18280,
				"lost_percent":	51.969365426695845,
				"omitted":	false,
				"sender":	false
			}
		}, {
			"streams":	[{
					"socket":	5,
					"start":	333.001074,
					"end":	334.000258,
					"seconds":	0.999184012413025,
					"bytes":	12181876,
					"bits_per_second":	97534595.018836,
					"jitter_ms":	0.0556308575412451,
					"lost_packets":	9766,
					"packets":	18803,
					"lost_percent":	51.938520448864544,
					"omitted":	false,
					"sender":	false
				}],
			"sum":	{
				"start":	333.001074,
				"end":	334.000258,
				"seconds":	0.999184012413025,
				"bytes":	12181876,
				"bits_per_second":	97534595.018836,
				"jitter_ms":	0.0556308575412451,
				"lost_packets":	9766,
				"packets":	18803,
				"lost_percent":	51.938520448864544,
				"omitted":	false,
				"sender":	false
			}
		}, {
			"streams":	[{
					"socket":	5,
					"start":	334.000258,
					"end":	335.000163,
					"seconds":	0.999904990196228,
					"bytes":	12013376,
					"bits_per_second":	96116139.9755984,
					"jitter_ms":	0.067213546744098643,
					"lost_packets":	9650,
					"packets":	18562,
					"lost_percent":	51.9879323348777,
					"omitted":	false,
					"sender":	false
				}],
			"sum":	{
				"start":	334.000258,
				"end":	335.000163,
				"seconds":	0.999904990196228,
				"bytes":	12013376,
				"bits_per_second":	96116139.9755984,
				"jitter_ms":	0.067213546744098643,
				"lost_packets":	9650,
				"packets":	18562,
				"lost_percent":	51.9879323348777,
				"omitted":	false,
				"sender":	false
			}
		}, {
			"streams":	[{
					"socket":	5,
					"start":	335.000163,
					"end":	336.000223,
					"seconds":	1.000059962272644,
					"bytes":	11815220,
					"bits_per_second":	94516092.600286245,
					"jitter_ms":	0.046412987176512113,
					"lost_packets":	9509,
					"packets":	18274,
					"lost_percent":	52.035679106927873,
					"omitted":	false,
					"sender":	false
				}],
			"sum":	{
				"start":	335.000163,
				"end":	336.000223,
				"seconds":	1.000059962272644,
				"bytes":	11815220,
				"bits_per_second":	94516092.600286245,
				"jitter_ms":	0.046412987176512113,
				"lost_packets":	9509,
				"packets":	18274,
				"lost_percent":	52.035679106927873,
				"omitted":	false,
				"sender":	false
			}
		}, {
			"streams":	[{
					"socket":	5,
					"start":	336.000223,
					"end":	337.000204,
					"seconds":	0.99998098611831665,
					"bytes":	12156264,
					"bits_per_second":	97251961.137282535,
					"jitter_ms":	0.066018848955232662,
					"lost_packets":	9800,
					"packets":	18818,
					"lost_percent":	52.077797853119357,
					"omitted":	false,
					"sender":	false
				}],
			"sum":	{
				"start":	336.000223,
				"end":	337.000204,
				"seconds":	0.99998098611831665,
				"bytes":	12156264,
				"bits_per_second":	97251961.137282535,
				"jitter_ms":	0.066018848955232662,
				"lost_packets":	9800,
				"packets":	18818,
				"lost_percent":	52.077797853119357,
				"omitted":	false,
				"sender":	false
			}
		}, {
			"streams":	[{
					"socket":	5,
					"start":	337.000204,
					"end":	338.001062,
					"seconds":	1.000857949256897,
					"bytes":	12020116,
					"bits_per_second":	96078497.524445131,
					"jitter_ms":	0.062805156149531735,
					"lost_packets":	9628,
					"packets":	18545,
					"lost_percent":	51.916958748988947,
					"omitted":	false,
					"sender":	false
				}],
			"sum":	{
				"start":	337.000204,
				"end":	338.001062,
				"seconds":	1.000857949256897,
				"bytes":	12020116,
				"bits_per_second":	96078497.524445131,
				"jitter_ms":	0.062805156149531735,
				"lost_packets":	9628,
				"packets":	18545,
				"lost_percent":	51.916958748988947,
				"omitted":	false,
				"sender":	false
			}
		}, {
			"streams":	[{
					"socket":	5,
					"start":	338.001062,
					"end":	339.001077,
					"seconds":	1.0000150203704834,
					"bytes":	11870488,
					"bits_per_second":	94962477.628404,
					"jitter_ms":	0.041246630129252351,
					"lost_packets":	9471,
					"packets":	18277,
					"lost_percent":	51.819226350057448,
					"omitted":	false,
					"sender":	false
				}],
			"sum":	{
				"start":	338.001062,
				"end":	339.001077,
				"seconds":	1.0000150203704834,
				"bytes":	11870488,
				"bits_per_second":	94962477.628404,
				"jitter_ms":	0.041246630129252351,
				"lost_packets":	9471,
				"packets":	18277,
				"lost_percent":	51.819226350057448,
				"omitted":	false,
				"sender":	false
			}
		}, {
			"streams":	[{
					"socket":	5,
					"start":	339.001077,
					"end":	340.001061,
					"seconds":	0.9999840259552002,
					"bytes":	11983720,
					"bits_per_second":	95871291.452304676,
					"jitter_ms":	0.069156254051050442,
					"lost_packets":	9703,
					"packets":	18593,
					"lost_percent":	52.186306674554942,
					"omitted":	false,
					"sender":	false
				}],
			"sum":	{
				"start":	339.001077,
				"end":	340.001061,
				"seconds":	0.9999840259552002,
				"bytes":	11983720,
				"bits_per_second":	95871291.452304676,
				"jitter_ms":	0.069156254051050442,
				"lost_packets":	9703,
				"packets":	18593,
				"lost_percent":	52.186306674554942,
				"omitted":	false,
				"sender":	false
			}
		}, {
			"streams":	[{
					"socket":	5,
					"start":	340.001061,
					"end":	341.000238,
					"seconds":	0.99917697906494141,
					"bytes":	12025508,
					"bits_per_second":	96283307.177503765,
					"jitter_ms":	0.0621187468245533,
					"lost_packets":	9700,
					"packets":	18621,
					"lost_percent":	52.09172439718597,
					"omitted":	false,
					"sender":	false
				}],
			"sum":	{
				"start":	340.001061,
				"end":	341.000238,
				"seconds":	0.99917697906494141,
				"bytes":	12025508,
				"bits_per_second":	96283307.177503765,
				"jitter_ms":	0.0621187468245533,
				"lost_packets":	9700,
				"packets":	18621,
				"lost_percent":	52.09172439718597,
				"omitted":	false,
				"sender":	false
			}
		}, {
			"streams":	[{
					"socket":	5,
					"start":	341.000238,
					"end":	342.00106,
					"seconds":	1.0008219480514526,
					"bytes":	12133348,
					"bits_per_second":	96987065.67035614,
					"jitter_ms":	0.088259584829432,
					"lost_packets":	9688,
					"packets":	18689,
					"lost_percent":	51.837979560169082,
					"omitted":	false,
					"sender":	false
				}],
			"sum":	{
				"start":	341.000238,
				"end":	342.00106,
				"seconds":	1.0008219480514526,
				"bytes":	12133348,
				"bits_per_second":	96987065.67035614,
				"jitter_ms":	0.088259584829432,
				"lost_packets":	9688,
				"packets":	18689,
				"lost_percent":	51.837979560169082,
				"omitted":	false,
				"sender":	false
			}
		}, {
			"streams":	[{
					"socket":	5,
					"start":	342.00106,
					"end":	343.000178,
					"seconds":	0.99911797046661377,
					"bytes":	12172440,
					"bits_per_second":	97465487.438406557,
					"jitter_ms":	0.031659331271197945,
					"lost_packets":	9866,
					"packets":	18896,
					"lost_percent":	52.2121083827265,
					"omitted":	false,
					"sender":	false
				}],
			"sum":	{
				"start":	342.00106,
				"end":	343.000178,
				"seconds":	0.99911797046661377,
				"bytes":	12172440,
				"bits_per_second":	97465487.438406557,
				"jitter_ms":	0.031659331271197945,
				"lost_packets":	9866,
				"packets":	18896,
				"lost_percent":	52.2121083827265,
				"omitted":	false,
				"sender":	false
			}
		}, {
			"streams":	[{
					"socket":	5,
					"start":	343.000178,
					"end":	344.001072,
					"seconds":	1.0008939504623413,
					"bytes":	11683116,
					"bits_per_second":	93381449.6099471,
					"jitter_ms":	0.047099524314916048,
					"lost_packets":	9261,
					"packets":	17928,
					"lost_percent":	51.6566265060241,
					"omitted":	false,
					"sender":	false
				}],
			"sum":	{
				"start":	343.000178,
				"end":	344.001072,
				"seconds":	1.0008939504623413,
				"bytes":	11683116,
				"bits_per_second":	93381449.6099471,
				"jitter_ms":	0.047099524314916048,
				"lost_packets":	9261,
				"packets":	17928,
				"lost_percent":	51.6566265060241,
				"omitted":	false,
				"sender":	false
			}
		}, {
			"streams":	[{
					"socket":	5,
					"start":	344.001072,
					"end":	345.001068,
					"seconds":	0.9999960064888,
					"bytes":	12156264,
					"bits_per_second":	97250500.370962426,
					"jitter_ms":	0.061950648435632513,
					"lost_packets":	9765,
					"packets":	18783,
					"lost_percent":	51.988500239578343,
					"omitted":	false,
					"sender":	false
				}],
			"sum":	{
				"start":	344.001072,
				"end":	345.001068,
				"seconds":	0.9999960064888,
				"bytes":	12156264,
				"bits_per_second":	97250500.370962426,
				"jitter_ms":	0.061950648435632513,
				"lost_packets":	9765,
				"packets":	18783,
				"lost_percent":	51.988500239578343,
				"omitted":	false,
				"sender":	false
			}
		}, {
			"streams":	[{
					"socket":	5,
					"start":	345.001068,
					"end":	346.001061,
					"seconds":	0.99999302625656128,
					"bytes":	12037640,
					"bits_per_second":	96301791.5839872,
					"jitter_ms":	0.05926529097699057,
					"lost_packets":	9635,
					"packets":	18565,
					"lost_percent":	51.898734177215189,
					"omitted":	false,
					"sender":	false
				}],
			"sum":	{
				"start":	345.001068,
				"end":	346.001061,
				"seconds":	0.99999302625656128,
				"bytes":	12037640,
				"bits_per_second":	96301791.5839872,
				"jitter_ms":	0.05926529097699057,
				"lost_packets":	9635,
				"packets":	18565,
				"lost_percent":	51.898734177215189,
				"omitted":	false,
				"sender":	false
			}
		}, {
			"streams":	[{
					"socket":	5,
					"start":	346.001061,
					"end":	347.001074,
					"seconds":	1.000012993812561,
					"bytes":	11836788,
					"bits_per_second":	94693073.575951129,
					"jitter_ms":	0.049070152384734646,
					"lost_packets":	9509,
					"packets":	18290,
					"lost_percent":	51.9901585565883,
					"omitted":	false,
					"sender":	false
				}],
			"sum":	{
				"start":	346.001061,
				"end":	347.001074,
				"seconds":	1.000012993812561,
				"bytes":	11836788,
				"bits_per_second":	94693073.575951129,
				"jitter_ms":	0.049070152384734646,
				"lost_packets":	9509,
				"packets":	18290,
				"lost_percent":	51.9901585565883,
				"omitted":	false,
				"sender":	false
			}
		}, {
			"streams":	[{
					"socket":	5,
					"start":	347.001074,
					"end":	348.000354,
					"seconds":	0.99927997589111328,
					"bytes":	11971588,
					"bits_per_second":	95841712.3435243,
					"jitter_ms":	0.042764360023164874,
					"lost_packets":	9667,
					"packets":	18548,
					"lost_percent":	52.11882682769032,
					"omitted":	false,
					"sender":	false
				}],
			"sum":	{
				"start":	347.001074,
				"end":	348.000354,
				"seconds":	0.99927997589111328,
				"bytes":	11971588,
				"bits_per_second":	95841712.3435243,
				"jitter_ms":	0.042764360023164874,
				"lost_packets":	9667,
				"packets":	18548,
				"lost_percent":	52.11882682769032,
				"omitted":	false,
				"sender":	false
			}
		}, {
			"streams":	[{
					"socket":	5,
					"start":	348.000354,
					"end":	349.001068,
					"seconds":	1.0007139444351196,
					"bytes":	12172440,
					"bits_per_second":	97310046.0341527,
					"jitter_ms":	0.0707898285056,
					"lost_packets":	9786,
					"packets":	18816,
					"lost_percent":	52.008928571428569,
					"omitted":	false,
					"sender":	false
				}],
			"sum":	{
				"start":	348.000354,
				"end":	349.001068,
				"seconds":	1.0007139444351196,
				"bytes":	12172440,
				"bits_per_second":	97310046.0341527,
				"jitter_ms":	0.0707898285056,
				"lost_packets":	9786,
				"packets":	18816,
				"lost_percent":	52.008928571428569,
				"omitted":	false,
				"sender":	false
			}
		}, {
			"streams":	[{
					"socket":	5,
					"start":	349.001068,
					"end":	350.001069,
					"seconds":	1.0000009536743164,
					"bytes":	12013376,
					"bits_per_second":	96106916.345302254,
					"jitter_ms":	0.0727805651152068,
					"lost_packets":	9634,
					"packets":	18546,
					"lost_percent":	51.946511377116359,
					"omitted":	false,
					"sender":	false
				}],
			"sum":	{
				"start":	349.001068,
				"end":	350.001069,
				"seconds":	1.0000009536743164,
				"bytes":	12013376,
				"bits_per_second":	96106916.345302254,
				"jitter_ms":	0.0727805651152068,
				"lost_packets":	9634,
				"packets":	18546,
				"lost_percent":	51.946511377116359,
				"omitted":	false,
				"sender":	false
			}
		}, {
			"streams":	[{
					"socket":	5,
					"start":	350.001069,
					"end":	351.001078,
					"seconds":	1.0000089406967163,
					"bytes":	11850268,
					"bits_per_second":	94801296.4103605,
					"jitter_ms":	0.037877609433969679,
					"lost_packets":	9617,
					"packets":	18408,
					"lost_percent":	52.243589743589745,
					"omitted":	false,
					"sender":	false
				}],
			"sum":	{
				"start":	350.001069,
				"end":	351.001078,
				"seconds":	1.0000089406967163,
				"bytes":	11850268,
				"bits_per_second":	94801296.4103605,
				"jitter_ms":	0.037877609433969679,
				"lost_packets":	9617,
				"packets":	18408,
				"lost_percent":	52.243589743589745,
				"omitted":	false,
				"sender":	false
			}
		}, {
			"streams":	[{
					"socket":	5,
					"start":	351.001078,
					"end":	352.001061,
					"seconds":	0.999983012676239,
					"bytes":	12013376,
					"bits_per_second":	96108640.6285946,
					"jitter_ms":	0.037599691149811147,
					"lost_packets":	9503,
					"packets":	18415,
					"lost_percent":	51.604670105891934,
					"omitted":	false,
					"sender":	false
				}],
			"sum":	{
				"start":	351.001078,
				"end":	352.001061,
				"seconds":	0.999983012676239,
				"bytes":	12013376,
				"bits_per_second":	96108640.6285946,
				"jitter_ms":	0.037599691149811147,
				"lost_packets":	9503,
				"packets":	18415,
				"lost_percent":	51.604670105891934,
				"omitted":	false,
				"sender":	false
			}
		}, {
			"streams":	[{
					"socket":	5,
					"start":	352.001061,
					"end":	353.00107,
					"seconds":	1.0000089406967163,
					"bytes":	12163004,
					"bits_per_second":	97303162.041938648,
					"jitter_ms":	0.048592296255522756,
					"lost_packets":	9891,
					"packets":	18914,
					"lost_percent":	52.294596595114733,
					"omitted":	false,
					"sender":	false
				}],
			"sum":	{
				"start":	352.001061,
				"end":	353.00107,
				"seconds":	1.0000089406967163,
				"bytes":	12163004,
				"bits_per_second":	97303162.041938648,
				"jitter_ms":	0.048592296255522756,
				"lost_packets":	9891,
				"packets":	18914,
				"lost_percent":	52.294596595114733,
				"omitted":	false,
				"sender":	false
			}
		}, {
			"streams":	[{
					"socket":	5,
					"start":	353.00107,
					"end":	354.000228,
					"seconds":	0.99915802478790283,
					"bytes":	12017420,
					"bits_per_second":	96220375.1707925,
					"jitter_ms":	0.043856555721129543,
					"lost_packets":	9002,
					"packets":	17917,
					"lost_percent":	50.24278618072222,
					"omitted":	false,
					"sender":	false
				}],
			"sum":	{
				"start":	353.00107,
				"end":	354.000228,
				"seconds":	0.99915802478790283,
				"bytes":	12017420,
				"bits_per_second":	96220375.1707925,
				"jitter_ms":	0.043856555721129543,
				"lost_packets":	9002,
				"packets":	17917,
				"lost_percent":	50.24278618072222,
				"omitted":	false,
				"sender":	false
			}
		}, {
			"streams":	[{
					"socket":	5,
					"start":	354.000228,
					"end":	355.000281,
					"seconds":	1.00005304813385,
					"bytes":	11850268,
					"bits_per_second":	94797115.1899448,
					"jitter_ms":	0.0469477480072595,
					"lost_packets":	10015,
					"packets":	18806,
					"lost_percent":	53.254280548761031,
					"omitted":	false,
					"sender":	false
				}],
			"sum":	{
				"start":	354.000228,
				"end":	355.000281,
				"seconds":	1.00005304813385,
				"bytes":	11850268,
				"bits_per_second":	94797115.1899448,
				"jitter_ms":	0.0469477480072595,
				"lost_packets":	10015,
				"packets":	18806,
				"lost_percent":	53.254280548761031,
				"omitted":	false,
				"sender":	false
			}
		}, {
			"streams":	[{
					"socket":	5,
					"start":	355.000281,
					"end":	356.001075,
					"seconds":	1.0007940530776978,
					"bytes":	11991808,
					"bits_per_second":	95858347.384236529,
					"jitter_ms":	0.062728360716740622,
					"lost_packets":	9780,
					"packets":	18676,
					"lost_percent":	52.366673805954164,
					"omitted":	false,
					"sender":	false
				}],
			"sum":	{
				"start":	355.000281,
				"end":	356.001075,
				"seconds":	1.0007940530776978,
				"bytes":	11991808,
				"bits_per_second":	95858347.384236529,
				"jitter_ms":	0.062728360716740622,
				"lost_packets":	9780,
				"packets":	18676,
				"lost_percent":	52.366673805954164,
				"omitted":	false,
				"sender":	false
			}
		}, {
			"streams":	[{
					"socket":	5,
					"start":	356.001075,
					"end":	357.001063,
					"seconds":	0.9999880194664,
					"bytes":	11901492,
					"bits_per_second":	95213076.7034646,
					"jitter_ms":	0.0787061097628624,
					"lost_packets":	9447,
					"packets":	18276,
					"lost_percent":	51.690741956664475,
					"omitted":	false,
					"sender":	false
				}],
			"sum":	{
				"start":	356.001075,
				"end":	357.001063,
				"seconds":	0.9999880194664,
				"bytes":	11901492,
				"bits_per_second":	95213076.7034646,
				"jitter_ms":	0.0787061097628624,
				"lost_packets":	9447,
				"packets":	18276,
				"lost_percent":	51.690741956664475,
				"omitted":	false,
				"sender":	false
			}
		}, {
			"streams":	[{
					"socket":	5,
					"start":	357.001063,
					"end":	358.001072,
					"seconds":	1.0000089406967163,
					"bytes":	11689856,
					"bits_per_second":	93518011.883818239,
					"jitter_ms":	0.054799429651175152,
					"lost_packets":	9676,
					"packets":	18348,
					"lost_percent":	52.7359930237628,
					"omitted":	false,
					"sender":	false
				}],
			"sum":	{
				"start":	357.001063,
				"end":	358.001072,
				"seconds":	1.0000089406967163,
				"bytes":	11689856,
				"bits_per_second":	93518011.883818239,
				"jitter_ms":	0.054799429651175152,
				"lost_packets":	9676,
				"packets":	18348,
				"lost_percent":	52.7359930237628,
				"omitted":	false,
				"sender":	false
			}
		}, {
			"streams":	[{
					"socket":	5,
					"start":	358.001072,
					"end":	359.001062,
					"seconds":	0.99998998641967773,
					"bytes":	12113128,
					"bits_per_second":	96905994.3759584,
					"jitter_ms":	0.075091572230871664,
					"lost_packets":	9722,
					"packets":	18708,
					"lost_percent":	51.967072909985035,
					"omitted":	false,
					"sender":	false
				}],
			"sum":	{
				"start":	358.001072,
				"end":	359.001062,
				"seconds":	0.99998998641967773,
				"bytes":	12113128,
				"bits_per_second":	96905994.3759584,
				"jitter_ms":	0.075091572230871664,
				"lost_packets":	9722,
				"packets":	18708,
				"lost_percent":	51.967072909985035,
				"omitted":	false,
				"sender":	false
			}
		}, {
			"streams":	[{
					"socket":	5,
					"start":	359.001062,
					"end":	360.000635,
					"seconds":	0.999572992324829,
					"bytes":	11928452,
					"bits_per_second":	95468381.7317356,
					"jitter_ms":	0.091228681593990529,
					"lost_packets":	9696,
					"packets":	18545,
					"lost_percent":	52.283634402804,
					"omitted":	false,
					"sender":	false
				}],
			"sum":	{
				"start":	359.001062,
				"end":	360.000635,
				"seconds":	0.999572992324829,
				"bytes":	11928452,
				"bits_per_second":	95468381.7317356,
				"jitter_ms":	0.091228681593990529,
				"lost_packets":	9696,
				"packets":	18545,
				"lost_percent":	52.283634402804,
				"omitted":	false,
				"sender":	false
			}
		}, {
			"streams":	[{
					"socket":	5,
					"start":	360.000635,
					"end":	361.001262,
					"seconds":	1.0006270408630371,
					"bytes":	11935192,
					"bits_per_second":	95421702.6931908,
					"jitter_ms":	0.079266258457829336,
					"lost_packets":	9692,
					"packets":	18546,
					"lost_percent":	52.25924727704087,
					"omitted":	false,
					"sender":	false
				}],
			"sum":	{
				"start":	360.000635,
				"end":	361.001262,
				"seconds":	1.0006270408630371,
				"bytes":	11935192,
				"bits_per_second":	95421702.6931908,
				"jitter_ms":	0.079266258457829336,
				"lost_packets":	9692,
				"packets":	18546,
				"lost_percent":	52.25924727704087,
				"omitted":	false,
				"sender":	false
			}
		}, {
			"streams":	[{
					"socket":	5,
					"start":	361.001262,
					"end":	362.001075,
					"seconds":	0.9998130202293396,
					"bytes":	12080776,
					"bits_per_second":	96664282.265329,
					"jitter_ms":	0.046917272989333771,
					"lost_packets":	9760,
					"packets":	18722,
					"lost_percent":	52.131182565965176,
					"omitted":	false,
					"sender":	false
				}],
			"sum":	{
				"start":	361.001262,
				"end":	362.001075,
				"seconds":	0.9998130202293396,
				"bytes":	12080776,
				"bits_per_second":	96664282.265329,
				"jitter_ms":	0.046917272989333771,
				"lost_packets":	9760,
				"packets":	18722,
				"lost_percent":	52.131182565965176,
				"omitted":	false,
				"sender":	false
			}
		}, {
			"streams":	[{
					"socket":	5,
					"start":	362.001075,
					"end":	363.001062,
					"seconds":	0.999987006187439,
					"bytes":	11941932,
					"bits_per_second":	95536697.38593854,
					"jitter_ms":	0.032844081707309847,
					"lost_packets":	9712,
					"packets":	18571,
					"lost_percent":	52.296591459802919,
					"omitted":	false,
					"sender":	false
				}],
			"sum":	{
				"start":	362.001075,
				"end":	363.001062,
				"seconds":	0.999987006187439,
				"bytes":	11941932,
				"bits_per_second":	95536697.38593854,
				"jitter_ms":	0.032844081707309847,
				"lost_packets":	9712,
				"packets":	18571,
				"lost_percent":	52.296591459802919,
				"omitted":	false,
				"sender":	false
			}
		}, {
			"streams":	[{
					"socket":	5,
					"start":	363.001062,
					"end":	364.001071,
					"seconds":	1.0000089406967163,
					"bytes":	11701988,
					"bits_per_second":	93615067.016077727,
					"jitter_ms":	0.0506293715438695,
					"lost_packets":	9412,
					"packets":	18093,
					"lost_percent":	52.020118277787,
					"omitted":	false,
					"sender":	false
				}],
			"sum":	{
				"start":	363.001062,
				"end":	364.001071,
				"seconds":	1.0000089406967163,
				"bytes":	11701988,
				"bits_per_second":	93615067.016077727,
				"jitter_ms":	0.0506293715438695,
				"lost_packets":	9412,
				"packets":	18093,
				"lost_percent":	52.020118277787,
				"omitted":	false,
				"sender":	false
			}
		}, {
			"streams":	[{
					"socket":	5,
					"start":	364.001071,
					"end":	365.001059,
					"seconds":	0.9999880194664,
					"bytes":	11902840,
					"bits_per_second":	95223860.8326642,
					"jitter_ms":	0.075009066750623743,
					"lost_packets":	9745,
					"packets":	18575,
					"lost_percent":	52.462987886944816,
					"omitted":	false,
					"sender":	false
				}],
			"sum":	{
				"start":	364.001071,
				"end":	365.001059,
				"seconds":	0.9999880194664,
				"bytes":	11902840,
				"bits_per_second":	95223860.8326642,
				"jitter_ms":	0.075009066750623743,
				"lost_packets":	9745,
				"packets":	18575,
				"lost_percent":	52.462987886944816,
				"omitted":	false,
				"sender":	false
			}
		}, {
			"streams":	[{
					"socket":	5,
					"start":	365.001059,
					"end":	366.001066,
					"seconds":	1.0000070333480835,
					"bytes":	12206140,
					"bits_per_second":	97648433.204579458,
					"jitter_ms":	0.078616044587629927,
					"lost_packets":	9938,
					"packets":	18993,
					"lost_percent":	52.3245406202285,
					"omitted":	false,
					"sender":	false
				}],
			"sum":	{
				"start":	365.001059,
				"end":	366.001066,
				"seconds":	1.0000070333480835,
				"bytes":	12206140,
				"bits_per_second":	97648433.204579458,
				"jitter_ms":	0.078616044587629927,
				"lost_packets":	9938,
				"packets":	18993,
				"lost_percent":	52.3245406202285,
				"omitted":	false,
				"sender":	false
			}
		}, {
			"streams":	[{
					"socket":	5,
					"start":	366.001066,
					"end":	367.001062,
					"seconds":	0.9999960064888,
					"bytes":	11323200,
					"bits_per_second":	90585961.756052837,
					"jitter_ms":	0.03715438813377462,
					"lost_packets":	9174,
					"packets":	17574,
					"lost_percent":	52.202116763400475,
					"omitted":	false,
					"sender":	false
				}],
			"sum":	{
				"start":	366.001066,
				"end":	367.001062,
				"seconds":	0.9999960064888,
				"bytes":	11323200,
				"bits_per_second":	90585961.756052837,
				"jitter_ms":	0.03715438813377462,
				"lost_packets":	9174,
				"packets":	17574,
				"lost_percent":	52.202116763400475,
				"omitted":	false,
				"sender":	false
			}
		}, {
			"streams":	[{
					"socket":	5,
					"start":	367.001062,
					"end":	368.00017,
					"seconds":	0.99910801649093628,
					"bytes":	11768040,
					"bits_per_second":	94228370.152261764,
					"jitter_ms":	0.060415733646912481,
					"lost_packets":	9530,
					"packets":	18260,
					"lost_percent":	52.190580503833516,
					"omitted":	false,
					"sender":	false
				}],
			"sum":	{
				"start":	367.001062,
				"end":	368.00017,
				"seconds":	0.99910801649093628,
				"bytes":	11768040,
				"bits_per_second":	94228370.152261764,
				"jitter_ms":	0.060415733646912481,
				"lost_packets":	9530,
				"packets":	18260,
				"lost_percent":	52.190580503833516,
				"omitted":	false,
				"sender":	false
			}
		}, {
			"streams":	[{
					"socket":	5,
					"start":	368.00017,
					"end":	369.000182,
					"seconds":	1.0000120401382446,
					"bytes":	11311068,
					"bits_per_second":	90487454.5185382,
					"jitter_ms":	0.0380436409288413,
					"lost_packets":	9087,
					"packets":	17478,
					"lost_percent":	51.991074493649158,
					"omitted":	false,
					"sender":	false
				}],
			"sum":	{
				"start":	368.00017,
				"end":	369.000182,
				"seconds":	1.0000120401382446,
				"bytes":	11311068,
				"bits_per_second":	90487454.5185382,
				"jitter_ms":	0.0380436409288413,
				"lost_packets":	9087,
				"packets":	17478,
				"lost_percent":	51.991074493649158,
				"omitted":	false,
				"sender":	false
			}
		}, {
			"streams":	[{
					"socket":	5,
					"start":	369.000182,
					"end":	370.000162,
					"seconds":	0.99997997283935547,
					"bytes":	11804436,
					"bits_per_second":	94437379.31256634,
					"jitter_ms":	0.072774310557044322,
					"lost_packets":	9797,
					"packets":	18554,
					"lost_percent":	52.802630160612267,
					"omitted":	false,
					"sender":	false
				}],
			"sum":	{
				"start":	369.000182,
				"end":	370.000162,
				"seconds":	0.99997997283935547,
				"bytes":	11804436,
				"bits_per_second":	94437379.31256634,
				"jitter_ms":	0.072774310557044322,
				"lost_packets":	9797,
				"packets":	18554,
				"lost_percent":	52.802630160612267,
				"omitted":	false,
				"sender":	false
			}
		}, {
			"streams":	[{
					"socket":	5,
					"start":	370.000162,
					"end":	371.001064,
					"seconds":	1.0009020566940308,
					"bytes":	11939236,
					"bits_per_second":	95427806.708162233,
					"jitter_ms":	0.05839936028467127,
					"lost_packets":	9692,
					"packets":	18549,
					"lost_percent":	52.250795191115422,
					"omitted":	false,
					"sender":	false
				}],
			"sum":	{
				"start":	370.000162,
				"end":	371.001064,
				"seconds":	1.0009020566940308,
				"bytes":	11939236,
				"bits_per_second":	95427806.708162233,
				"jitter_ms":	0.05839936028467127,
				"lost_packets":	9692,
				"packets":	18549,
				"lost_percent":	52.250795191115422,
				"omitted":	false,
				"sender":	false
			}
		}, {
			"streams":	[{
					"socket":	5,
					"start":	371.001064,
					"end":	372.000181,
					"seconds":	0.99911701679229736,
					"bytes":	11972936,
					"bits_per_second":	95868137.955968842,
					"jitter_ms":	0.069592051417759634,
					"lost_packets":	10850,
					"packets":	19732,
					"lost_percent":	54.986823434015811,
					"omitted":	false,
					"sender":	false
				}],
			"sum":	{
				"start":	371.001064,
				"end":	372.000181,
				"seconds":	0.99911701679229736,
				"bytes":	11972936,
				"bits_per_second":	95868137.955968842,
				"jitter_ms":	0.069592051417759634,
				"lost_packets":	10850,
				"packets":	19732,
				"lost_percent":	54.986823434015811,
				"omitted":	false,
				"sender":	false
			}
		}, {
			"streams":	[{
					"socket":	5,
					"start":	372.000181,
					"end":	373.001072,
					"seconds":	1.0008909702301025,
					"bytes":	11931148,
					"bits_per_second":	95364217.321349651,
					"jitter_ms":	0.0445830690087981,
					"lost_packets":	10036,
					"packets":	18887,
					"lost_percent":	53.137078413723728,
					"omitted":	false,
					"sender":	false
				}],
			"sum":	{
				"start":	372.000181,
				"end":	373.001072,
				"seconds":	1.0008909702301025,
				"bytes":	11931148,
				"bits_per_second":	95364217.321349651,
				"jitter_ms":	0.0445830690087981,
				"lost_packets":	10036,
				"packets":	18887,
				"lost_percent":	53.137078413723728,
				"omitted":	false,
				"sender":	false
			}
		}, {
			"streams":	[{
					"socket":	5,
					"start":	373.001072,
					"end":	374.00107,
					"seconds":	0.99999797344207764,
					"bytes":	12218272,
					"bits_per_second":	97746374.0886888,
					"jitter_ms":	0.06086239415097415,
					"lost_packets":	10439,
					"packets":	19503,
					"lost_percent":	53.525098702763678,
					"omitted":	false,
					"sender":	false
				}],
			"sum":	{
				"start":	373.001072,
				"end":	374.00107,
				"seconds":	0.99999797344207764,
				"bytes":	12218272,
				"bits_per_second":	97746374.0886888,
				"jitter_ms":	0.06086239415097415,
				"lost_packets":	10439,
				"packets":	19503,
				"lost_percent":	53.525098702763678,
				"omitted":	false,
				"sender":	false
			}
		}, {
			"streams":	[{
					"socket":	5,
					"start":	374.00107,
					"end":	375.001078,
					"seconds":	1.0000079870224,
					"bytes":	11761300,
					"bits_per_second":	94089648.5038698,
					"jitter_ms":	0.050734428886626784,
					"lost_packets":	9620,
					"packets":	18345,
					"lost_percent":	52.439356772962661,
					"omitted":	false,
					"sender":	false
				}],
			"sum":	{
				"start":	374.00107,
				"end":	375.001078,
				"seconds":	1.0000079870224,
				"bytes":	11761300,
				"bits_per_second":	94089648.5038698,
				"jitter_ms":	0.050734428886626784,
				"lost_packets":	9620,
				"packets":	18345,
				"lost_percent":	52.439356772962661,
				"omitted":	false,
				"sender":	false
			}
		}, {
			"streams":	[{
					"socket":	5,
					"start":	375.001078,
					"end":	376.001059,
					"seconds":	0.99998098611831665,
					"bytes":	11925756,
					"bits_per_second":	95407862.07380113,
					"jitter_ms":	0.049275225627485333,
					"lost_packets":	9663,
					"packets":	18510,
					"lost_percent":	52.204213938411669,
					"omitted":	false,
					"sender":	false
				}],
			"sum":	{
				"start":	375.001078,
				"end":	376.001059,
				"seconds":	0.99998098611831665,
				"bytes":	11925756,
				"bits_per_second":	95407862.07380113,
				"jitter_ms":	0.049275225627485333,
				"lost_packets":	9663,
				"packets":	18510,
				"lost_percent":	52.204213938411669,
				"omitted":	false,
				"sender":	false
			}
		}, {
			"streams":	[{
					"socket":	5,
					"start":	376.001059,
					"end":	377.001072,
					"seconds":	1.000012993812561,
					"bytes":	11976980,
					"bits_per_second":	95814595.0031119,
					"jitter_ms":	0.083315815687059952,
					"lost_packets":	9633,
					"packets":	18518,
					"lost_percent":	52.0196565503834,
					"omitted":	false,
					"sender":	false
				}],
			"sum":	{
				"start":	376.001059,
				"end":	377.001072,
				"seconds":	1.000012993812561,
				"bytes":	11976980,
				"bits_per_second":	95814595.0031119,
				"jitter_ms":	0.083315815687059952,
				"lost_packets":	9633,
				"packets":	18518,
				"lost_percent":	52.0196565503834,
				"omitted":	false,
				"sender":	false
			}
		}, {
			"streams":	[{
					"socket":	5,
					"start":	377.001072,
					"end":	378.001059,
					"seconds":	0.999987006187439,
					"bytes":	12082124,
					"bits_per_second":	96658247.959156454,
					"jitter_ms":	0.06345181575923535,
					"lost_packets":	9625,
					"packets":	18588,
					"lost_percent":	51.78071874327523,
					"omitted":	false,
					"sender":	false
				}],
			"sum":	{
				"start":	377.001072,
				"end":	378.001059,
				"seconds":	0.999987006187439,
				"bytes":	12082124,
				"bits_per_second":	96658247.959156454,
				"jitter_ms":	0.06345181575923535,
				"lost_packets":	9625,
				"packets":	18588,
				"lost_percent":	51.78071874327523,
				"omitted":	false,
				"sender":	false
			}
		}, {
			"streams":	[{
					"socket":	5,
					"start":	378.001059,
					"end":	379.000485,
					"seconds":	0.999426007270813,
					"bytes":	11967544,
					"bits_per_second":	95795337.827402949,
					"jitter_ms":	0.047388719556678734,
					"lost_packets":	9697,
					"packets":	18575,
					"lost_percent":	52.204576043068641,
					"omitted":	false,
					"sender":	false
				}],
			"sum":	{
				"start":	378.001059,
				"end":	379.000485,
				"seconds":	0.999426007270813,
				"bytes":	11967544,
				"bits_per_second":	95795337.827402949,
				"jitter_ms":	0.047388719556678734,
				"lost_packets":	9697,
				"packets":	18575,
				"lost_percent":	52.204576043068641,
				"omitted":	false,
				"sender":	false
			}
		}, {
			"streams":	[{
					"socket":	5,
					"start":	379.000485,
					"end":	380.000191,
					"seconds":	0.999705970287323,
					"bytes":	12029552,
					"bits_per_second":	96264720.688164875,
					"jitter_ms":	0.032539759182372278,
					"lost_packets":	9716,
					"packets":	18640,
					"lost_percent":	52.1244635193133,
					"omitted":	false,
					"sender":	false
				}],
			"sum":	{
				"start":	379.000485,
				"end":	380.000191,
				"seconds":	0.999705970287323,
				"bytes":	12029552,
				"bits_per_second":	96264720.688164875,
				"jitter_ms":	0.032539759182372278,
				"lost_packets":	9716,
				"packets":	18640,
				"lost_percent":	52.1244635193133,
				"omitted":	false,
				"sender":	false
			}
		}, {
			"streams":	[{
					"socket":	5,
					"start":	380.000191,
					"end":	381.000225,
					"seconds":	1.000033974647522,
					"bytes":	12020116,
					"bits_per_second":	96157661.077358365,
					"jitter_ms":	0.083254069719939358,
					"lost_packets":	9576,
					"packets":	18493,
					"lost_percent":	51.78175525874655,
					"omitted":	false,
					"sender":	false
				}],
			"sum":	{
				"start":	380.000191,
				"end":	381.000225,
				"seconds":	1.000033974647522,
				"bytes":	12020116,
				"bits_per_second":	96157661.077358365,
				"jitter_ms":	0.083254069719939358,
				"lost_packets":	9576,
				"packets":	18493,
				"lost_percent":	51.78175525874655,
				"omitted":	false,
				"sender":	false
			}
		}, {
			"streams":	[{
					"socket":	5,
					"start":	381.000225,
					"end":	382.001074,
					"seconds":	1.0008490085601807,
					"bytes":	11970240,
					"bits_per_second":	95680686.278305754,
					"jitter_ms":	0.062821720643762846,
					"lost_packets":	9598,
					"packets":	18478,
					"lost_percent":	51.942850957895878,
					"omitted":	false,
					"sender":	false
				}],
			"sum":	{
				"start":	381.000225,
				"end":	382.001074,
				"seconds":	1.0008490085601807,
				"bytes":	11970240,
				"bits_per_second":	95680686.278305754,
				"jitter_ms":	0.062821720643762846,
				"lost_packets":	9598,
				"packets":	18478,
				"lost_percent":	51.942850957895878,
				"omitted":	false,
				"sender":	false
			}
		}, {
			"streams":	[{
					"socket":	5,
					"start":	382.001074,
					"end":	383.001068,
					"seconds":	0.99999397993087769,
					"bytes":	11952716,
					"bits_per_second":	95622303.652877629,
					"jitter_ms":	0.043757664334652835,
					"lost_packets":	9646,
					"packets":	18513,
					"lost_percent":	52.103926970237133,
					"omitted":	false,
					"sender":	false
				}],
			"sum":	{
				"start":	382.001074,
				"end":	383.001068,
				"seconds":	0.99999397993087769,
				"bytes":	11952716,
				"bits_per_second":	95622303.652877629,
				"jitter_ms":	0.043757664334652835,
				"lost_packets":	9646,
				"packets":	18513,
				"lost_percent":	52.103926970237133,
				"omitted":	false,
				"sender":	false
			}
		}, {
			"streams":	[{
					"socket":	5,
					"start":	383.001068,
					"end":	384.001072,
					"seconds":	1.0000040531158447,
					"bytes":	12176484,
					"bits_per_second":	97411477.1799984,
					"jitter_ms":	0.088026794530943475,
					"lost_packets":	9279,
					"packets":	18312,
					"lost_percent":	50.671690694626477,
					"omitted":	false,
					"sender":	false
				}],
			"sum":	{
				"start":	383.001068,
				"end":	384.001072,
				"seconds":	1.0000040531158447,
				"bytes":	12176484,
				"bits_per_second":	97411477.1799984,
				"jitter_ms":	0.088026794530943475,
				"lost_packets":	9279,
				"packets":	18312,
				"lost_percent":	50.671690694626477,
				"omitted":	false,
				"sender":	false
			}
		}, {
			"streams":	[{
					"socket":	5,
					"start":	384.001072,
					"end":	385.001074,
					"seconds":	1.0000020265579224,
					"bytes":	11932496,
					"bits_per_second":	95459774.545237631,
					"jitter_ms":	0.0827998655927339,
					"lost_packets":	10363,
					"packets":	19215,
					"lost_percent":	53.931824095758522,
					"omitted":	false,
					"sender":	false
				}],
			"sum":	{
				"start":	384.001072,
				"end":	385.001074,
				"seconds":	1.0000020265579224,
				"bytes":	11932496,
				"bits_per_second":	95459774.545237631,
				"jitter_ms":	0.0827998655927339,
				"lost_packets":	10363,
				"packets":	19215,
				"lost_percent":	53.931824095758522,
				"omitted":	false,
				"sender":	false
			}
		}, {
			"streams":	[{
					"socket":	5,
					"start":	385.001074,
					"end":	386.001077,
					"seconds":	1.0000029802322388,
					"bytes":	12189964,
					"bits_per_second":	97519421.369476527,
					"jitter_ms":	0.075700259603361922,
					"lost_packets":	9671,
					"packets":	18714,
					"lost_percent":	51.677888212033771,
					"omitted":	false,
					"sender":	false
				}],
			"sum":	{
				"start":	385.001074,
				"end":	386.001077,
				"seconds":	1.0000029802322388,
				"bytes":	12189964,
				"bits_per_second":	97519421.369476527,
				"jitter_ms":	0.075700259603361922,
				"lost_packets":	9671,
				"packets":	18714,
				"lost_percent":	51.677888212033771,
				"omitted":	false,
				"sender":	false
			}
		}, {
			"streams":	[{
					"socket":	5,
					"start":	386.001077,
					"end":	387.001058,
					"seconds":	0.99998098611831665,
					"bytes":	12010680,
					"bits_per_second":	96087266.991925865,
					"jitter_ms":	0.042397273646556,
					"lost_packets":	9650,
					"packets":	18560,
					"lost_percent":	51.993534482758619,
					"omitted":	false,
					"sender":	false
				}],
			"sum":	{
				"start":	386.001077,
				"end":	387.001058,
				"seconds":	0.99998098611831665,
				"bytes":	12010680,
				"bits_per_second":	96087266.991925865,
				"jitter_ms":	0.042397273646556,
				"lost_packets":	9650,
				"packets":	18560,
				"lost_percent":	51.993534482758619,
				"omitted":	false,
				"sender":	false
			}
		}, {
			"streams":	[{
					"socket":	5,
					"start":	387.001058,
					"end":	388.000162,
					"seconds":	0.99910402297973633,
					"bytes":	11855660,
					"bits_per_second":	94930335.399043471,
					"jitter_ms":	0.0626262994043598,
					"lost_packets":	9444,
					"packets":	18239,
					"lost_percent":	51.779154558912218,
					"omitted":	false,
					"sender":	false
				}],
			"sum":	{
				"start":	387.001058,
				"end":	388.000162,
				"seconds":	0.99910402297973633,
				"bytes":	11855660,
				"bits_per_second":	94930335.399043471,
				"jitter_ms":	0.0626262994043598,
				"lost_packets":	9444,
				"packets":	18239,
				"lost_percent":	51.779154558912218,
				"omitted":	false,
				"sender":	false
			}
		}, {
			"streams":	[{
					"socket":	5,
					"start":	388.000162,
					"end":	389.00106,
					"seconds":	1.000898003578186,
					"bytes":	12022812,
					"bits_per_second":	96096201.2674118,
					"jitter_ms":	0.0749254414599697,
					"lost_packets":	9627,
					"packets":	18546,
					"lost_percent":	51.908767389194438,
					"omitted":	false,
					"sender":	false
				}],
			"sum":	{
				"start":	388.000162,
				"end":	389.00106,
				"seconds":	1.000898003578186,
				"bytes":	12022812,
				"bits_per_second":	96096201.2674118,
				"jitter_ms":	0.0749254414599697,
				"lost_packets":	9627,
				"packets":	18546,
				"lost_percent":	51.908767389194438,
				"omitted":	false,
				"sender":	false
			}
		}, {
			"streams":	[{
					"socket":	5,
					"start":	389.00106,
					"end":	390.001072,
					"seconds":	1.0000120401382446,
					"bytes":	11862400,
					"bits_per_second":	94898057.4142696,
					"jitter_ms":	0.049395654653944583,
					"lost_packets":	9472,
					"packets":	18272,
					"lost_percent":	51.838879159369526,
					"omitted":	false,
					"sender":	false
				}],
			"sum":	{
				"start":	389.00106,
				"end":	390.001072,
				"seconds":	1.0000120401382446,
				"bytes":	11862400,
				"bits_per_second":	94898057.4142696,
				"jitter_ms":	0.049395654653944583,
				"lost_packets":	9472,
				"packets":	18272,
				"lost_percent":	51.838879159369526,
				"omitted":	false,
				"sender":	false
			}
		}, {
			"streams":	[{
					"socket":	5,
					"start":	390.001072,
					"end":	391.000257,
					"seconds":	0.999185025691986,
					"bytes":	11704684,
					"bits_per_second":	93713846.3771025,
					"jitter_ms":	0.053089606094668867,
					"lost_packets":	9397,
					"packets":	18080,
					"lost_percent":	51.9745575221239,
					"omitted":	false,
					"sender":	false
				}],
			"sum":	{
				"start":	390.001072,
				"end":	391.000257,
				"seconds":	0.999185025691986,
				"bytes":	11704684,
				"bits_per_second":	93713846.3771025,
				"jitter_ms":	0.053089606094668867,
				"lost_packets":	9397,
				"packets":	18080,
				"lost_percent":	51.9745575221239,
				"omitted":	false,
				"sender":	false
			}
		}, {
			"streams":	[{
					"socket":	5,
					"start":	391.000257,
					"end":	392.00107,
					"seconds":	1.0008130073547363,
					"bytes":	12167048,
					"bits_per_second":	97257313.089156628,
					"jitter_ms":	0.067410948332259676,
					"lost_packets":	9943,
					"packets":	18969,
					"lost_percent":	52.417101586799518,
					"omitted":	false,
					"sender":	false
				}],
			"sum":	{
				"start":	391.000257,
				"end":	392.00107,
				"seconds":	1.0008130073547363,
				"bytes":	12167048,
				"bits_per_second":	97257313.089156628,
				"jitter_ms":	0.067410948332259676,
				"lost_packets":	9943,
				"packets":	18969,
				"lost_percent":	52.417101586799518,
				"omitted":	false,
				"sender":	false
			}
		}, {
			"streams":	[{
					"socket":	5,
					"start":	392.00107,
					"end":	393.001074,
					"seconds":	1.0000040531158447,
					"bytes":	11683116,
					"bits_per_second":	93464549.1773548,
					"jitter_ms":	0.034271987076327629,
					"lost_packets":	9186,
					"packets":	17853,
					"lost_percent":	51.4535372206352,
					"omitted":	false,
					"sender":	false
				}],
			"sum":	{
				"start":	392.00107,
				"end":	393.001074,
				"seconds":	1.0000040531158447,
				"bytes":	11683116,
				"bits_per_second":	93464549.1773548,
				"jitter_ms":	0.034271987076327629,
				"lost_packets":	9186,
				"packets":	17853,
				"lost_percent":	51.4535372206352,
				"omitted":	false,
				"sender":	false
			}
		}, {
			"streams":	[{
					"socket":	5,
					"start":	393.001074,
					"end":	394.000166,
					"seconds":	0.9990919828414917,
					"bytes":	12185920,
					"bits_per_second":	97575960.646525,
					"jitter_ms":	0.058041973231977073,
					"lost_packets":	9906,
					"packets":	18946,
					"lost_percent":	52.28544283753827,
					"omitted":	false,
					"sender":	false
				}],
			"sum":	{
				"start":	393.001074,
				"end":	394.000166,
				"seconds":	0.9990919828414917,
				"bytes":	12185920,
				"bits_per_second":	97575960.646525,
				"jitter_ms":	0.058041973231977073,
				"lost_packets":	9906,
				"packets":	18946,
				"lost_percent":	52.28544283753827,
				"omitted":	false,
				"sender":	false
			}
		}, {
			"streams":	[{
					"socket":	5,
					"start":	394.000166,
					"end":	395.001075,
					"seconds":	1.0009089708328247,
					"bytes":	12029552,
					"bits_per_second":	96149019.345809966,
					"jitter_ms":	0.040920364518680336,
					"lost_packets":	10092,
					"packets":	19016,
					"lost_percent":	53.071098022717713,
					"omitted":	false,
					"sender":	false
				}],
			"sum":	{
				"start":	394.000166,
				"end":	395.001075,
				"seconds":	1.0009089708328247,
				"bytes":	12029552,
				"bits_per_second":	96149019.345809966,
				"jitter_ms":	0.040920364518680336,
				"lost_packets":	10092,
				"packets":	19016,
				"lost_percent":	53.071098022717713,
				"omitted":	false,
				"sender":	false
			}
		}, {
			"streams":	[{
					"socket":	5,
					"start":	395.001075,
					"end":	396.000505,
					"seconds":	0.999430000782013,
					"bytes":	12003940,
					"bits_per_second":	96086289.109651774,
					"jitter_ms":	0.063860368846491045,
					"lost_packets":	9781,
					"packets":	18686,
					"lost_percent":	52.344000856256024,
					"omitted":	false,
					"sender":	false
				}],
			"sum":	{
				"start":	395.001075,
				"end":	396.000505,
				"seconds":	0.999430000782013,
				"bytes":	12003940,
				"bits_per_second":	96086289.109651774,
				"jitter_ms":	0.063860368846491045,
				"lost_packets":	9781,
				"packets":	18686,
				"lost_percent":	52.344000856256024,
				"omitted":	false,
				"sender":	false
			}
		}, {
			"streams":	[{
					"socket":	5,
					"start":	396.000505,
					"end":	397.000206,
					"seconds":	0.99970102310180664,
					"bytes":	12006636,
					"bits_per_second":	96081814.2427951,
					"jitter_ms":	0.058379144082783628,
					"lost_packets":	9769,
					"packets":	18676,
					"lost_percent":	52.307774684086532,
					"omitted":	false,
					"sender":	false
				}],
			"sum":	{
				"start":	396.000505,
				"end":	397.000206,
				"seconds":	0.99970102310180664,
				"bytes":	12006636,
				"bits_per_second":	96081814.2427951,
				"jitter_ms":	0.058379144082783628,
				"lost_packets":	9769,
				"packets":	18676,
				"lost_percent":	52.307774684086532,
				"omitted":	false,
				"sender":	false
			}
		}, {
			"streams":	[{
					"socket":	5,
					"start":	397.000206,
					"end":	398.00106,
					"seconds":	1.0008540153503418,
					"bytes":	11870488,
					"bits_per_second":	94882872.5703404,
					"jitter_ms":	0.0413146765637679,
					"lost_packets":	9468,
					"packets":	18274,
					"lost_percent":	51.8113166247127,
					"omitted":	false,
					"sender":	false
				}],
			"sum":	{
				"start":	397.000206,
				"end":	398.00106,
				"seconds":	1.0008540153503418,
				"bytes":	11870488,
				"bits_per_second":	94882872.5703404,
				"jitter_ms":	0.0413146765637679,
				"lost_packets":	9468,
				"packets":	18274,
				"lost_percent":	51.8113166247127,
				"omitted":	false,
				"sender":	false
			}
		}, {
			"streams":	[{
					"socket":	5,
					"start":	398.00106,
					"end":	399.001064,
					"seconds":	1.0000040531158447,
					"bytes":	12022812,
					"bits_per_second":	96182106.162781537,
					"jitter_ms":	0.03337798856011,
					"lost_packets":	9629,
					"packets":	18548,
					"lost_percent":	51.91395298684494,
					"omitted":	false,
					"sender":	false
				}],
			"sum":	{
				"start":	398.00106,
				"end":	399.001064,
				"seconds":	1.0000040531158447,
				"bytes":	12022812,
				"bits_per_second":	96182106.162781537,
				"jitter_ms":	0.03337798856011,
				"lost_packets":	9629,
				"packets":	18548,
				"lost_percent":	51.91395298684494,
				"omitted":	false,
				"sender":	false
			}
		}, {
			"streams":	[{
					"socket":	5,
					"start":	399.001064,
					"end":	400.001059,
					"seconds":	0.999994993209839,
					"bytes":	12156264,
					"bits_per_second":	97250598.9133418,
					"jitter_ms":	0.0702042727492695,
					"lost_packets":	9668,
					"packets":	18686,
					"lost_percent":	51.739270041742479,
					"omitted":	false,
					"sender":	false
				}],
			"sum":	{
				"start":	399.001064,
				"end":	400.001059,
				"seconds":	0.999994993209839,
				"bytes":	12156264,
				"bits_per_second":	97250598.9133418,
				"jitter_ms":	0.0702042727492695,
				"lost_packets":	9668,
				"packets":	18686,
				"lost_percent":	51.739270041742479,
				"omitted":	false,
				"sender":	false
			}
		}, {
			"streams":	[{
					"socket":	5,
					"start":	400.001059,
					"end":	401.001075,
					"seconds":	1.0000159740448,
					"bytes":	12018768,
					"bits_per_second":	96148608.1178265,
					"jitter_ms":	0.07332171445183816,
					"lost_packets":	9630,
					"packets":	18546,
					"lost_percent":	51.924943384018114,
					"omitted":	false,
					"sender":	false
				}],
			"sum":	{
				"start":	400.001059,
				"end":	401.001075,
				"seconds":	1.0000159740448,
				"bytes":	12018768,
				"bits_per_second":	96148608.1178265,
				"jitter_ms":	0.07332171445183816,
				"lost_packets":	9630,
				"packets":	18546,
				"lost_percent":	51.924943384018114,
				"omitted":	false,
				"sender":	false
			}
		}, {
			"streams":	[{
					"socket":	5,
					"start":	401.001075,
					"end":	402.001059,
					"seconds":	0.9999840259552002,
					"bytes":	11851616,
					"bits_per_second":	94814442.5701533,
					"jitter_ms":	0.0432724005069195,
					"lost_packets":	9612,
					"packets":	18404,
					"lost_percent":	52.2277765703108,
					"omitted":	false,
					"sender":	false
				}],
			"sum":	{
				"start":	401.001075,
				"end":	402.001059,
				"seconds":	0.9999840259552002,
				"bytes":	11851616,
				"bits_per_second":	94814442.5701533,
				"jitter_ms":	0.0432724005069195,
				"lost_packets":	9612,
				"packets":	18404,
				"lost_percent":	52.2277765703108,
				"omitted":	false,
				"sender":	false
			}
		}, {
			"streams":	[{
					"socket":	5,
					"start":	402.001059,
					"end":	403.000202,
					"seconds":	0.99914300441741943,
					"bytes":	12009332,
					"bits_per_second":	96157062.177520066,
					"jitter_ms":	0.042539988463611275,
					"lost_packets":	9488,
					"packets":	18397,
					"lost_percent":	51.573626134695871,
					"omitted":	false,
					"sender":	false
				}],
			"sum":	{
				"start":	402.001059,
				"end":	403.000202,
				"seconds":	0.99914300441741943,
				"bytes":	12009332,
				"bits_per_second":	96157062.177520066,
				"jitter_ms":	0.042539988463611275,
				"lost_packets":	9488,
				"packets":	18397,
				"lost_percent":	51.573626134695871,
				"omitted":	false,
				"sender":	false
			}
		}, {
			"streams":	[{
					"socket":	5,
					"start":	403.000202,
					"end":	404.001061,
					"seconds":	1.0008590221405029,
					"bytes":	12481132,
					"bits_per_second":	99763357.067468151,
					"jitter_ms":	0.0825961782969037,
					"lost_packets":	9925,
					"packets":	19184,
					"lost_percent":	51.735821517931612,
					"omitted":	false,
					"sender":	false
				}],
			"sum":	{
				"start":	403.000202,
				"end":	404.001061,
				"seconds":	1.0008590221405029,
				"bytes":	12481132,
				"bits_per_second":	99763357.067468151,
				"jitter_ms":	0.0825961782969037,
				"lost_packets":	9925,
				"packets":	19184,
				"lost_percent":	51.735821517931612,
				"omitted":	false,
				"sender":	false
			}
		}, {
			"streams":	[{
					"socket":	5,
					"start":	404.001061,
					"end":	405.000169,
					"seconds":	0.99910801649093628,
					"bytes":	11699292,
					"bits_per_second":	93677895.137626559,
					"jitter_ms":	0.0575242048416001,
					"lost_packets":	9520,
					"packets":	18199,
					"lost_percent":	52.310566514643661,
					"omitted":	false,
					"sender":	false
				}],
			"sum":	{
				"start":	404.001061,
				"end":	405.000169,
				"seconds":	0.99910801649093628,
				"bytes":	11699292,
				"bits_per_second":	93677895.137626559,
				"jitter_ms":	0.0575242048416001,
				"lost_packets":	9520,
				"packets":	18199,
				"lost_percent":	52.310566514643661,
				"omitted":	false,
				"sender":	false
			}
		}, {
			"streams":	[{
					"socket":	5,
					"start":	405.000169,
					"end":	406.001077,
					"seconds":	1.0009080171585083,
					"bytes":	11885316,
					"bits_per_second":	94996269.7570663,
					"jitter_ms":	0.036886464112748228,
					"lost_packets":	9589,
					"packets":	18406,
					"lost_percent":	52.09714223622732,
					"omitted":	false,
					"sender":	false
				}],
			"sum":	{
				"start":	405.000169,
				"end":	406.001077,
				"seconds":	1.0009080171585083,
				"bytes":	11885316,
				"bits_per_second":	94996269.7570663,
				"jitter_ms":	0.036886464112748228,
				"lost_packets":	9589,
				"packets":	18406,
				"lost_percent":	52.09714223622732,
				"omitted":	false,
				"sender":	false
			}
		}, {
			"streams":	[{
					"socket":	5,
					"start":	406.001077,
					"end":	407.001062,
					"seconds":	0.9999849796295166,
					"bytes":	12010680,
					"bits_per_second":	96086883.260585174,
					"jitter_ms":	0.0889010886650303,
					"lost_packets":	9491,
					"packets":	18401,
					"lost_percent":	51.578718547905,
					"omitted":	false,
					"sender":	false
				}],
			"sum":	{
				"start":	406.001077,
				"end":	407.001062,
				"seconds":	0.9999849796295166,
				"bytes":	12010680,
				"bits_per_second":	96086883.260585174,
				"jitter_ms":	0.0889010886650303,
				"lost_packets":	9491,
				"packets":	18401,
				"lost_percent":	51.578718547905,
				"omitted":	false,
				"sender":	false
			}
		}, {
			"streams":	[{
					"socket":	5,
					"start":	407.001062,
					"end":	408.000219,
					"seconds":	0.99915701150894165,
					"bytes":	12188616,
					"bits_per_second":	97591196.2552718,
					"jitter_ms":	0.060458492372427633,
					"lost_packets":	9919,
					"packets":	18961,
					"lost_percent":	52.31264173830494,
					"omitted":	false,
					"sender":	false
				}],
			"sum":	{
				"start":	407.001062,
				"end":	408.000219,
				"seconds":	0.99915701150894165,
				"bytes":	12188616,
				"bits_per_second":	97591196.2552718,
				"jitter_ms":	0.060458492372427633,
				"lost_packets":	9919,
				"packets":	18961,
				"lost_percent":	52.31264173830494,
				"omitted":	false,
				"sender":	false
			}
		}, {
			"streams":	[{
					"socket":	5,
					"start":	408.000219,
					"end":	409.001061,
					"seconds":	1.0008419752120972,
					"bytes":	12020116,
					"bits_per_second":	96080030.995524243,
					"jitter_ms":	0.048321233426245128,
					"lost_packets":	9629,
					"packets":	18546,
					"lost_percent":	51.91955138574356,
					"omitted":	false,
					"sender":	false
				}],
			"sum":	{
				"start":	408.000219,
				"end":	409.001061,
				"seconds":	1.0008419752120972,
				"bytes":	12020116,
				"bits_per_second":	96080030.995524243,
				"jitter_ms":	0.048321233426245128,
				"lost_packets":	9629,
				"packets":	18546,
				"lost_percent":	51.91955138574356,
				"omitted":	false,
				"sender":	false
			}
		}, {
			"streams":	[{
					"socket":	5,
					"start":	409.001061,
					"end":	410.001074,
					"seconds":	1.000012993812561,
					"bytes":	11843528,
					"bits_per_second":	94746992.875333861,
					"jitter_ms":	0.048119133336077528,
					"lost_packets":	9358,
					"packets":	18144,
					"lost_percent":	51.576278659612,
					"omitted":	false,
					"sender":	false
				}],
			"sum":	{
				"start":	409.001061,
				"end":	410.001074,
				"seconds":	1.000012993812561,
				"bytes":	11843528,
				"bits_per_second":	94746992.875333861,
				"jitter_ms":	0.048119133336077528,
				"lost_packets":	9358,
				"packets":	18144,
				"lost_percent":	51.576278659612,
				"omitted":	false,
				"sender":	false
			}
		}, {
			"streams":	[{
					"socket":	5,
					"start":	410.001074,
					"end":	411.001069,
					"seconds":	0.999994993209839,
					"bytes":	11843528,
					"bits_per_second":	94748698.386850864,
					"jitter_ms":	0.075773957846758735,
					"lost_packets":	9713,
					"packets":	18499,
					"lost_percent":	52.5055408400454,
					"omitted":	false,
					"sender":	false
				}],
			"sum":	{
				"start":	410.001074,
				"end":	411.001069,
				"seconds":	0.999994993209839,
				"bytes":	11843528,
				"bits_per_second":	94748698.386850864,
				"jitter_ms":	0.075773957846758735,
				"lost_packets":	9713,
				"packets":	18499,
				"lost_percent":	52.5055408400454,
				"omitted":	false,
				"sender":	false
			}
		}, {
			"streams":	[{
					"socket":	5,
					"start":	411.001069,
					"end":	412.001074,
					"seconds":	1.0000050067901611,
					"bytes":	11994504,
					"bits_per_second":	95955551.5706885,
					"jitter_ms":	0.0727346038413637,
					"lost_packets":	9518,
					"packets":	18416,
					"lost_percent":	51.683318853171158,
					"omitted":	false,
					"sender":	false
				}],
			"sum":	{
				"start":	411.001069,
				"end":	412.001074,
				"seconds":	1.0000050067901611,
				"bytes":	11994504,
				"bits_per_second":	95955551.5706885,
				"jitter_ms":	0.0727346038413637,
				"lost_packets":	9518,
				"packets":	18416,
				"lost_percent":	51.683318853171158,
				"omitted":	false,
				"sender":	false
			}
		}, {
			"streams":	[{
					"socket":	5,
					"start":	412.001074,
					"end":	413.001069,
					"seconds":	0.999994993209839,
					"bytes":	12164352,
					"bits_per_second":	97315303.2373028,
					"jitter_ms":	0.040251911278475917,
					"lost_packets":	9776,
					"packets":	18800,
					"lost_percent":	52,
					"omitted":	false,
					"sender":	false
				}],
			"sum":	{
				"start":	412.001074,
				"end":	413.001069,
				"seconds":	0.999994993209839,
				"bytes":	12164352,
				"bits_per_second":	97315303.2373028,
				"jitter_ms":	0.040251911278475917,
				"lost_packets":	9776,
				"packets":	18800,
				"lost_percent":	52,
				"omitted":	false,
				"sender":	false
			}
		}, {
			"streams":	[{
					"socket":	5,
					"start":	413.001069,
					"end":	414.000236,
					"seconds":	0.999167025089264,
					"bytes":	11801740,
					"bits_per_second":	94492629.990031168,
					"jitter_ms":	0.060763677766533977,
					"lost_packets":	9448,
					"packets":	18203,
					"lost_percent":	51.903532384771744,
					"omitted":	false,
					"sender":	false
				}],
			"sum":	{
				"start":	413.001069,
				"end":	414.000236,
				"seconds":	0.999167025089264,
				"bytes":	11801740,
				"bits_per_second":	94492629.990031168,
				"jitter_ms":	0.060763677766533977,
				"lost_packets":	9448,
				"packets":	18203,
				"lost_percent":	51.903532384771744,
				"omitted":	false,
				"sender":	false
			}
		}, {
			"streams":	[{
					"socket":	5,
					"start":	414.000236,
					"end":	415.000232,
					"seconds":	0.9999960064888,
					"bytes":	12137392,
					"bits_per_second":	97099523.7680357,
					"jitter_ms":	0.0600344781083451,
					"lost_packets":	10210,
					"packets":	19214,
					"lost_percent":	53.138336629540959,
					"omitted":	false,
					"sender":	false
				}],
			"sum":	{
				"start":	414.000236,
				"end":	415.000232,
				"seconds":	0.9999960064888,
				"bytes":	12137392,
				"bits_per_second":	97099523.7680357,
				"jitter_ms":	0.0600344781083451,
				"lost_packets":	10210,
				"packets":	19214,
				"lost_percent":	53.138336629540959,
				"omitted":	false,
				"sender":	false
			}
		}, {
			"streams":	[{
					"socket":	5,
					"start":	415.000232,
					"end":	416.001071,
					"seconds":	1.0008389949798584,
					"bytes":	11359596,
					"bits_per_second":	90800586.7635372,
					"jitter_ms":	0.048453931580022036,
					"lost_packets":	8975,
					"packets":	17402,
					"lost_percent":	51.574531663027237,
					"omitted":	false,
					"sender":	false
				}],
			"sum":	{
				"start":	415.000232,
				"end":	416.001071,
				"seconds":	1.0008389949798584,
				"bytes":	11359596,
				"bits_per_second":	90800586.7635372,
				"jitter_ms":	0.048453931580022036,
				"lost_packets":	8975,
				"packets":	17402,
				"lost_percent":	51.574531663027237,
				"omitted":	false,
				"sender":	false
			}
		}, {
			"streams":	[{
					"socket":	5,
					"start":	416.001071,
					"end":	417.000242,
					"seconds":	0.999171018600464,
					"bytes":	11861052,
					"bits_per_second":	94967141.994280368,
					"jitter_ms":	0.078038185044742123,
					"lost_packets":	9570,
					"packets":	18369,
					"lost_percent":	52.098644455332355,
					"omitted":	false,
					"sender":	false
				}],
			"sum":	{
				"start":	416.001071,
				"end":	417.000242,
				"seconds":	0.999171018600464,
				"bytes":	11861052,
				"bits_per_second":	94967141.994280368,
				"jitter_ms":	0.078038185044742123,
				"lost_packets":	9570,
				"packets":	18369,
				"lost_percent":	52.098644455332355,
				"omitted":	false,
				"sender":	false
			}
		}, {
			"streams":	[{
					"socket":	5,
					"start":	417.000242,
					"end":	418.001074,
					"seconds":	1.0008319616317749,
					"bytes":	12016072,
					"bits_per_second":	96048667.194111377,
					"jitter_ms":	0.077682671742638251,
					"lost_packets":	9632,
					"packets":	18546,
					"lost_percent":	51.935727380567236,
					"omitted":	false,
					"sender":	false
				}],
			"sum":	{
				"start":	417.000242,
				"end":	418.001074,
				"seconds":	1.0008319616317749,
				"bytes":	12016072,
				"bits_per_second":	96048667.194111377,
				"jitter_ms":	0.077682671742638251,
				"lost_packets":	9632,
				"packets":	18546,
				"lost_percent":	51.935727380567236,
				"omitted":	false,
				"sender":	false
			}
		}, {
			"streams":	[{
					"socket":	5,
					"start":	418.001074,
					"end":	419.001079,
					"seconds":	1.0000050067901611,
					"bytes":	12160308,
					"bits_per_second":	97281976.929555058,
					"jitter_ms":	0.040074548018895026,
					"lost_packets":	9704,
					"packets":	18725,
					"lost_percent":	51.8237650200267,
					"omitted":	false,
					"sender":	false
				}],
			"sum":	{
				"start":	418.001074,
				"end":	419.001079,
				"seconds":	1.0000050067901611,
				"bytes":	12160308,
				"bits_per_second":	97281976.929555058,
				"jitter_ms":	0.040074548018895026,
				"lost_packets":	9704,
				"packets":	18725,
				"lost_percent":	51.8237650200267,
				"omitted":	false,
				"sender":	false
			}
		}, {
			"streams":	[{
					"socket":	5,
					"start":	419.001079,
					"end":	420.001057,
					"seconds":	0.999978005886078,
					"bytes":	11786912,
					"bits_per_second":	94297369.987098053,
					"jitter_ms":	0.0769323667742284,
					"lost_packets":	10365,
					"packets":	19109,
					"lost_percent":	54.241456905123243,
					"omitted":	false,
					"sender":	false
				}],
			"sum":	{
				"start":	419.001079,
				"end":	420.001057,
				"seconds":	0.999978005886078,
				"bytes":	11786912,
				"bits_per_second":	94297369.987098053,
				"jitter_ms":	0.0769323667742284,
				"lost_packets":	10365,
				"packets":	19109,
				"lost_percent":	54.241456905123243,
				"omitted":	false,
				"sender":	false
			}
		}, {
			"streams":	[{
					"socket":	5,
					"start":	420.001057,
					"end":	421.001072,
					"seconds":	1.0000150203704834,
					"bytes":	12024160,
					"bits_per_second":	96191835.1629984,
					"jitter_ms":	0.0450138886007628,
					"lost_packets":	9801,
					"packets":	18721,
					"lost_percent":	52.352972597617651,
					"omitted":	false,
					"sender":	false
				}],
			"sum":	{
				"start":	420.001057,
				"end":	421.001072,
				"seconds":	1.0000150203704834,
				"bytes":	12024160,
				"bits_per_second":	96191835.1629984,
				"jitter_ms":	0.0450138886007628,
				"lost_packets":	9801,
				"packets":	18721,
				"lost_percent":	52.352972597617651,
				"omitted":	false,
				"sender":	false
			}
		}, {
			"streams":	[{
					"socket":	5,
					"start":	421.001072,
					"end":	422.001067,
					"seconds":	0.999994993209839,
					"bytes":	12032248,
					"bits_per_second":	96258465.945940226,
					"jitter_ms":	0.040162406526686588,
					"lost_packets":	9622,
					"packets":	18548,
					"lost_percent":	51.876213068794478,
					"omitted":	false,
					"sender":	false
				}],
			"sum":	{
				"start":	421.001072,
				"end":	422.001067,
				"seconds":	0.999994993209839,
				"bytes":	12032248,
				"bits_per_second":	96258465.945940226,
				"jitter_ms":	0.040162406526686588,
				"lost_packets":	9622,
				"packets":	18548,
				"lost_percent":	51.876213068794478,
				"omitted":	false,
				"sender":	false
			}
		}, {
			"streams":	[{
					"socket":	5,
					"start":	422.001067,
					"end":	423.00107,
					"seconds":	1.0000029802322388,
					"bytes":	12169744,
					"bits_per_second":	97357661.851557463,
					"jitter_ms":	0.0559985066728321,
					"lost_packets":	9920,
					"packets":	18948,
					"lost_percent":	52.353810428541273,
					"omitted":	false,
					"sender":	false
				}],
			"sum":	{
				"start":	422.001067,
				"end":	423.00107,
				"seconds":	1.0000029802322388,
				"bytes":	12169744,
				"bits_per_second":	97357661.851557463,
				"jitter_ms":	0.0559985066728321,
				"lost_packets":	9920,
				"packets":	18948,
				"lost_percent":	52.353810428541273,
				"omitted":	false,
				"sender":	false
			}
		}, {
			"streams":	[{
					"socket":	5,
					"start":	423.00107,
					"end":	424.001061,
					"seconds":	0.999990999698639,
					"bytes":	11990460,
					"bits_per_second":	95924543.349798068,
					"jitter_ms":	0.0373273175265799,
					"lost_packets":	9418,
					"packets":	18313,
					"lost_percent":	51.427947359799049,
					"omitted":	false,
					"sender":	false
				}],
			"sum":	{
				"start":	423.00107,
				"end":	424.001061,
				"seconds":	0.999990999698639,
				"bytes":	11990460,
				"bits_per_second":	95924543.349798068,
				"jitter_ms":	0.0373273175265799,
				"lost_packets":	9418,
				"packets":	18313,
				"lost_percent":	51.427947359799049,
				"omitted":	false,
				"sender":	false
			}
		}, {
			"streams":	[{
					"socket":	5,
					"start":	424.001061,
					"end":	425.000169,
					"seconds":	0.99910801649093628,
					"bytes":	11850268,
					"bits_per_second":	94886781.4442764,
					"jitter_ms":	0.041975002133742743,
					"lost_packets":	9588,
					"packets":	18379,
					"lost_percent":	52.168235486152675,
					"omitted":	false,
					"sender":	false
				}],
			"sum":	{
				"start":	424.001061,
				"end":	425.000169,
				"seconds":	0.99910801649093628,
				"bytes":	11850268,
				"bits_per_second":	94886781.4442764,
				"jitter_ms":	0.041975002133742743,
				"lost_packets":	9588,
				"packets":	18379,
				"lost_percent":	52.168235486152675,
				"omitted":	false,
				"sender":	false
			}
		}, {
			"streams":	[{
					"socket":	5,
					"start":	425.000169,
					"end":	426.001076,
					"seconds":	1.0009069442749023,
					"bytes":	12026856,
					"bits_per_second":	96127665.564056948,
					"jitter_ms":	0.037194737117527264,
					"lost_packets":	9625,
					"packets":	18547,
					"lost_percent":	51.895185205154469,
					"omitted":	false,
					"sender":	false
				}],
			"sum":	{
				"start":	425.000169,
				"end":	426.001076,
				"seconds":	1.0009069442749023,
				"bytes":	12026856,
				"bits_per_second":	96127665.564056948,
				"jitter_ms":	0.037194737117527264,
				"lost_packets":	9625,
				"packets":	18547,
				"lost_percent":	51.895185205154469,
				"omitted":	false,
				"sender":	false
			}
		}, {
			"streams":	[{
					"socket":	5,
					"start":	426.001076,
					"end":	427.000165,
					"seconds":	0.999089002609253,
					"bytes":	12163004,
					"bits_per_second":	97392756.547092065,
					"jitter_ms":	0.060615195253256163,
					"lost_packets":	9792,
					"packets":	18815,
					"lost_percent":	52.043582248206221,
					"omitted":	false,
					"sender":	false
				}],
			"sum":	{
				"start":	426.001076,
				"end":	427.000165,
				"seconds":	0.999089002609253,
				"bytes":	12163004,
				"bits_per_second":	97392756.547092065,
				"jitter_ms":	0.060615195253256163,
				"lost_packets":	9792,
				"packets":	18815,
				"lost_percent":	52.043582248206221,
				"omitted":	false,
				"sender":	false
			}
		}, {
			"streams":	[{
					"socket":	5,
					"start":	427.000165,
					"end":	428.00106,
					"seconds":	1.0008950233459473,
					"bytes":	11706032,
					"bits_per_second":	93564513.5759973,
					"jitter_ms":	0.028751002471654893,
					"lost_packets":	9408,
					"packets":	18092,
					"lost_percent":	52.000884368781783,
					"omitted":	false,
					"sender":	false
				}],
			"sum":	{
				"start":	427.000165,
				"end":	428.00106,
				"seconds":	1.0008950233459473,
				"bytes":	11706032,
				"bits_per_second":	93564513.5759973,
				"jitter_ms":	0.028751002471654893,
				"lost_packets":	9408,
				"packets":	18092,
				"lost_percent":	52.000884368781783,
				"omitted":	false,
				"sender":	false
			}
		}, {
			"streams":	[{
					"socket":	5,
					"start":	428.00106,
					"end":	429.000164,
					"seconds":	0.99910402297973633,
					"bytes":	12096952,
					"bits_per_second":	96862402.486755669,
					"jitter_ms":	0.069757777712387656,
					"lost_packets":	9708,
					"packets":	18682,
					"lost_percent":	51.964457766834386,
					"omitted":	false,
					"sender":	false
				}],
			"sum":	{
				"start":	428.00106,
				"end":	429.000164,
				"seconds":	0.99910402297973633,
				"bytes":	12096952,
				"bits_per_second":	96862402.486755669,
				"jitter_ms":	0.069757777712387656,
				"lost_packets":	9708,
				"packets":	18682,
				"lost_percent":	51.964457766834386,
				"omitted":	false,
				"sender":	false
			}
		}, {
			"streams":	[{
					"socket":	5,
					"start":	429.000164,
					"end":	430.001061,
					"seconds":	1.0008970499038696,
					"bytes":	12047076,
					"bits_per_second":	96290230.857665554,
					"jitter_ms":	0.074500277891585753,
					"lost_packets":	9627,
					"packets":	18564,
					"lost_percent":	51.8584356819651,
					"omitted":	false,
					"sender":	false
				}],
			"sum":	{
				"start":	429.000164,
				"end":	430.001061,
				"seconds":	1.0008970499038696,
				"bytes":	12047076,
				"bits_per_second":	96290230.857665554,
				"jitter_ms":	0.074500277891585753,
				"lost_packets":	9627,
				"packets":	18564,
				"lost_percent":	51.8584356819651,
				"omitted":	false,
				"sender":	false
			}
		}, {
			"streams":	[{
					"socket":	5,
					"start":	430.001061,
					"end":	431.000174,
					"seconds":	0.99911302328109741,
					"bytes":	11902840,
					"bits_per_second":	95307255.31660834,
					"jitter_ms":	0.075414068018869851,
					"lost_packets":	9567,
					"packets":	18397,
					"lost_percent":	52.003043974561066,
					"omitted":	false,
					"sender":	false
				}],
			"sum":	{
				"start":	430.001061,
				"end":	431.000174,
				"seconds":	0.99911302328109741,
				"bytes":	11902840,
				"bits_per_second":	95307255.31660834,
				"jitter_ms":	0.075414068018869851,
				"lost_packets":	9567,
				"packets":	18397,
				"lost_percent":	52.003043974561066,
				"omitted":	false,
				"sender":	false
			}
		}, {
			"streams":	[{
					"socket":	5,
					"start":	431.000174,
					"end":	432.00018,
					"seconds":	1.0000059604644775,
					"bytes":	11768040,
					"bits_per_second":	94143758.859469533,
					"jitter_ms":	0.074606793218454578,
					"lost_packets":	9816,
					"packets":	18546,
					"lost_percent":	52.927855063086383,
					"omitted":	false,
					"sender":	false
				}],
			"sum":	{
				"start":	431.000174,
				"end":	432.00018,
				"seconds":	1.0000059604644775,
				"bytes":	11768040,
				"bits_per_second":	94143758.859469533,
				"jitter_ms":	0.074606793218454578,
				"lost_packets":	9816,
				"packets":	18546,
				"lost_percent":	52.927855063086383,
				"omitted":	false,
				"sender":	false
			}
		}, {
			"streams":	[{
					"socket":	5,
					"start":	432.00018,
					"end":	433.001056,
					"seconds":	1.0008759498596191,
					"bytes":	11533488,
					"bits_per_second":	92187152.676554278,
					"jitter_ms":	0.069900255295010774,
					"lost_packets":	9249,
					"packets":	17805,
					"lost_percent":	51.946082561078349,
					"omitted":	false,
					"sender":	false
				}],
			"sum":	{
				"start":	432.00018,
				"end":	433.001056,
				"seconds":	1.0008759498596191,
				"bytes":	11533488,
				"bits_per_second":	92187152.676554278,
				"jitter_ms":	0.069900255295010774,
				"lost_packets":	9249,
				"packets":	17805,
				"lost_percent":	51.946082561078349,
				"omitted":	false,
				"sender":	false
			}
		}, {
			"streams":	[{
					"socket":	5,
					"start":	433.001056,
					"end":	434.000168,
					"seconds":	0.99911201000213623,
					"bytes":	12026856,
					"bits_per_second":	96300361.7580318,
					"jitter_ms":	0.061236913429386433,
					"lost_packets":	9757,
					"packets":	18679,
					"lost_percent":	52.23513036029766,
					"omitted":	false,
					"sender":	false
				}],
			"sum":	{
				"start":	433.001056,
				"end":	434.000168,
				"seconds":	0.99911201000213623,
				"bytes":	12026856,
				"bits_per_second":	96300361.7580318,
				"jitter_ms":	0.061236913429386433,
				"lost_packets":	9757,
				"packets":	18679,
				"lost_percent":	52.23513036029766,
				"omitted":	false,
				"sender":	false
			}
		}, {
			"streams":	[{
					"socket":	5,
					"start":	434.000168,
					"end":	435.001077,
					"seconds":	1.0009089708328247,
					"bytes":	12172440,
					"bits_per_second":	97291085.24122186,
					"jitter_ms":	0.030104431791666008,
					"lost_packets":	9563,
					"packets":	18593,
					"lost_percent":	51.433335126122735,
					"omitted":	false,
					"sender":	false
				}],
			"sum":	{
				"start":	434.000168,
				"end":	435.001077,
				"seconds":	1.0009089708328247,
				"bytes":	12172440,
				"bits_per_second":	97291085.24122186,
				"jitter_ms":	0.030104431791666008,
				"lost_packets":	9563,
				"packets":	18593,
				"lost_percent":	51.433335126122735,
				"omitted":	false,
				"sender":	false
			}
		}, {
			"streams":	[{
					"socket":	5,
					"start":	435.001077,
					"end":	436.00106,
					"seconds":	0.999983012676239,
					"bytes":	11770736,
					"bits_per_second":	94167487.653600529,
					"jitter_ms":	0.034459975658638627,
					"lost_packets":	9944,
					"packets":	18676,
					"lost_percent":	53.2448061683444,
					"omitted":	false,
					"sender":	false
				}],
			"sum":	{
				"start":	435.001077,
				"end":	436.00106,
				"seconds":	0.999983012676239,
				"bytes":	11770736,
				"bits_per_second":	94167487.653600529,
				"jitter_ms":	0.034459975658638627,
				"lost_packets":	9944,
				"packets":	18676,
				"lost_percent":	53.2448061683444,
				"omitted":	false,
				"sender":	false
			}
		}, {
			"streams":	[{
					"socket":	5,
					"start":	436.00106,
					"end":	437.001072,
					"seconds":	1.0000120401382446,
					"bytes":	12080776,
					"bits_per_second":	96645044.380305,
					"jitter_ms":	0.044997176612952224,
					"lost_packets":	10211,
					"packets":	19173,
					"lost_percent":	53.257184582485785,
					"omitted":	false,
					"sender":	false
				}],
			"sum":	{
				"start":	436.00106,
				"end":	437.001072,
				"seconds":	1.0000120401382446,
				"bytes":	12080776,
				"bits_per_second":	96645044.380305,
				"jitter_ms":	0.044997176612952224,
				"lost_packets":	10211,
				"packets":	19173,
				"lost_percent":	53.257184582485785,
				"omitted":	false,
				"sender":	false
			}
		}, {
			"streams":	[{
					"socket":	5,
					"start":	437.001072,
					"end":	438.001079,
					"seconds":	1.0000070333480835,
					"bytes":	11909580,
					"bits_per_second":	95275969.890939757,
					"jitter_ms":	0.038130445737512911,
					"lost_packets":	9693,
					"packets":	18528,
					"lost_percent":	52.315414507772019,
					"omitted":	false,
					"sender":	false
				}],
			"sum":	{
				"start":	437.001072,
				"end":	438.001079,
				"seconds":	1.0000070333480835,
				"bytes":	11909580,
				"bits_per_second":	95275969.890939757,
				"jitter_ms":	0.038130445737512911,
				"lost_packets":	9693,
				"packets":	18528,
				"lost_percent":	52.315414507772019,
				"omitted":	false,
				"sender":	false
			}
		}, {
			"streams":	[{
					"socket":	5,
					"start":	438.001079,
					"end":	439.001062,
					"seconds":	0.999983012676239,
					"bytes":	12185920,
					"bits_per_second":	97489016.077479243,
					"jitter_ms":	0.056739215429176884,
					"lost_packets":	9907,
					"packets":	18947,
					"lost_percent":	52.287961154800229,
					"omitted":	false,
					"sender":	false
				}],
			"sum":	{
				"start":	438.001079,
				"end":	439.001062,
				"seconds":	0.999983012676239,
				"bytes":	12185920,
				"bits_per_second":	97489016.077479243,
				"jitter_ms":	0.056739215429176884,
				"lost_packets":	9907,
				"packets":	18947,
				"lost_percent":	52.287961154800229,
				"omitted":	false,
				"sender":	false
			}
		}, {
			"streams":	[{
					"socket":	5,
					"start":	439.001062,
					"end":	440.001072,
					"seconds":	1.0000100135803223,
					"bytes":	11703336,
					"bits_per_second":	93625750.4710274,
					"jitter_ms":	0.0694493945678663,
					"lost_packets":	9288,
					"packets":	17970,
					"lost_percent":	51.686143572621035,
					"omitted":	false,
					"sender":	false
				}],
			"sum":	{
				"start":	439.001062,
				"end":	440.001072,
				"seconds":	1.0000100135803223,
				"bytes":	11703336,
				"bits_per_second":	93625750.4710274,
				"jitter_ms":	0.0694493945678663,
				"lost_packets":	9288,
				"packets":	17970,
				"lost_percent":	51.686143572621035,
				"omitted":	false,
				"sender":	false
			}
		}, {
			"streams":	[{
					"socket":	5,
					"start":	440.001072,
					"end":	441.000948,
					"seconds":	0.99987602233886719,
					"bytes":	11848920,
					"bits_per_second":	94803113.4682759,
					"jitter_ms":	0.058647356975096411,
					"lost_packets":	9592,
					"packets":	18382,
					"lost_percent":	52.181481884452182,
					"omitted":	false,
					"sender":	false
				}],
			"sum":	{
				"start":	440.001072,
				"end":	441.000948,
				"seconds":	0.99987602233886719,
				"bytes":	11848920,
				"bits_per_second":	94803113.4682759,
				"jitter_ms":	0.058647356975096411,
				"lost_packets":	9592,
				"packets":	18382,
				"lost_percent":	52.181481884452182,
				"omitted":	false,
				"sender":	false
			}
		}, {
			"streams":	[{
					"socket":	5,
					"start":	441.000948,
					"end":	442.001068,
					"seconds":	1.0001200437545776,
					"bytes":	12016072,
					"bits_per_second":	96117037.749909624,
					"jitter_ms":	0.0625804625174055,
					"lost_packets":	9500,
					"packets":	18414,
					"lost_percent":	51.591180623438689,
					"omitted":	false,
					"sender":	false
				}],
			"sum":	{
				"start":	441.000948,
				"end":	442.001068,
				"seconds":	1.0001200437545776,
				"bytes":	12016072,
				"bits_per_second":	96117037.749909624,
				"jitter_ms":	0.0625804625174055,
				"lost_packets":	9500,
				"packets":	18414,
				"lost_percent":	51.591180623438689,
				"omitted":	false,
				"sender":	false
			}
		}, {
			"streams":	[{
					"socket":	5,
					"start":	442.001068,
					"end":	443.001056,
					"seconds":	0.9999880194664,
					"bytes":	12165700,
					"bits_per_second":	97326766.026590541,
					"jitter_ms":	0.048317288246875846,
					"lost_packets":	9823,
					"packets":	18848,
					"lost_percent":	52.116935483870968,
					"omitted":	false,
					"sender":	false
				}],
			"sum":	{
				"start":	442.001068,
				"end":	443.001056,
				"seconds":	0.9999880194664,
				"bytes":	12165700,
				"bits_per_second":	97326766.026590541,
				"jitter_ms":	0.048317288246875846,
				"lost_packets":	9823,
				"packets":	18848,
				"lost_percent":	52.116935483870968,
				"omitted":	false,
				"sender":	false
			}
		}, {
			"streams":	[{
					"socket":	5,
					"start":	443.001056,
					"end":	444.000199,
					"seconds":	0.99914300441741943,
					"bytes":	11878576,
					"bits_per_second":	95110116.95008494,
					"jitter_ms":	0.052732999033010562,
					"lost_packets":	9640,
					"packets":	18452,
					"lost_percent":	52.243659223932362,
					"omitted":	false,
					"sender":	false
				}],
			"sum":	{
				"start":	443.001056,
				"end":	444.000199,
				"seconds":	0.99914300441741943,
				"bytes":	11878576,
				"bits_per_second":	95110116.95008494,
				"jitter_ms":	0.052732999033010562,
				"lost_packets":	9640,
				"packets":	18452,
				"lost_percent":	52.243659223932362,
				"omitted":	false,
				"sender":	false
			}
		}, {
			"streams":	[{
					"socket":	5,
					"start":	444.000199,
					"end":	445.00106,
					"seconds":	1.0008610486984253,
					"bytes":	12189964,
					"bits_per_second":	97435815.0182985,
					"jitter_ms":	0.065186951013619224,
					"lost_packets":	10462,
					"packets":	19505,
					"lost_percent":	53.6375288387593,
					"omitted":	false,
					"sender":	false
				}],
			"sum":	{
				"start":	444.000199,
				"end":	445.00106,
				"seconds":	1.0008610486984253,
				"bytes":	12189964,
				"bits_per_second":	97435815.0182985,
				"jitter_ms":	0.065186951013619224,
				"lost_packets":	10462,
				"packets":	19505,
				"lost_percent":	53.6375288387593,
				"omitted":	false,
				"sender":	false
			}
		}, {
			"streams":	[{
					"socket":	5,
					"start":	445.00106,
					"end":	446.001068,
					"seconds":	1.0000079870224,
					"bytes":	12003940,
					"bits_per_second":	96030753.0002247,
					"jitter_ms":	0.0670262580055914,
					"lost_packets":	9641,
					"packets":	18546,
					"lost_percent":	51.98425536503828,
					"omitted":	false,
					"sender":	false
				}],
			"sum":	{
				"start":	445.00106,
				"end":	446.001068,
				"seconds":	1.0000079870224,
				"bytes":	12003940,
				"bits_per_second":	96030753.0002247,
				"jitter_ms":	0.0670262580055914,
				"lost_packets":	9641,
				"packets":	18546,
				"lost_percent":	51.98425536503828,
				"omitted":	false,
				"sender":	false
			}
		}, {
			"streams":	[{
					"socket":	5,
					"start":	446.001068,
					"end":	447.001059,
					"seconds":	0.999990999698639,
					"bytes":	11858356,
					"bits_per_second":	94867701.837905973,
					"jitter_ms":	0.0658834941767575,
					"lost_packets":	9454,
					"packets":	18251,
					"lost_percent":	51.799901375267112,
					"omitted":	false,
					"sender":	false
				}],
			"sum":	{
				"start":	446.001068,
				"end":	447.001059,
				"seconds":	0.999990999698639,
				"bytes":	11858356,
				"bits_per_second":	94867701.837905973,
				"jitter_ms":	0.0658834941767575,
				"lost_packets":	9454,
				"packets":	18251,
				"lost_percent":	51.799901375267112,
				"omitted":	false,
				"sender":	false
			}
		}, {
			"streams":	[{
					"socket":	5,
					"start":	447.001059,
					"end":	448.001073,
					"seconds":	1.0000139474868774,
					"bytes":	12020116,
					"bits_per_second":	96159586.815424755,
					"jitter_ms":	0.083290802937107833,
					"lost_packets":	9629,
					"packets":	18546,
					"lost_percent":	51.91955138574356,
					"omitted":	false,
					"sender":	false
				}],
			"sum":	{
				"start":	447.001059,
				"end":	448.001073,
				"seconds":	1.0000139474868774,
				"bytes":	12020116,
				"bits_per_second":	96159586.815424755,
				"jitter_ms":	0.083290802937107833,
				"lost_packets":	9629,
				"packets":	18546,
				"lost_percent":	51.91955138574356,
				"omitted":	false,
				"sender":	false
			}
		}, {
			"streams":	[{
					"socket":	5,
					"start":	448.001073,
					"end":	449.001058,
					"seconds":	0.9999849796295166,
					"bytes":	11873184,
					"bits_per_second":	94986898.7384101,
					"jitter_ms":	0.044416953268567677,
					"lost_packets":	9336,
					"packets":	18144,
					"lost_percent":	51.455026455026456,
					"omitted":	false,
					"sender":	false
				}],
			"sum":	{
				"start":	448.001073,
				"end":	449.001058,
				"seconds":	0.9999849796295166,
				"bytes":	11873184,
				"bits_per_second":	94986898.7384101,
				"jitter_ms":	0.044416953268567677,
				"lost_packets":	9336,
				"packets":	18144,
				"lost_percent":	51.455026455026456,
				"omitted":	false,
				"sender":	false
			}
		}, {
			"streams":	[{
					"socket":	5,
					"start":	449.001058,
					"end":	450.000236,
					"seconds":	0.99917799234390259,
					"bytes":	12033596,
					"bits_per_second":	96347966.766331345,
					"jitter_ms":	0.05516916156243229,
					"lost_packets":	9615,
					"packets":	18542,
					"lost_percent":	51.855247546111528,
					"omitted":	false,
					"sender":	false
				}],
			"sum":	{
				"start":	449.001058,
				"end":	450.000236,
				"seconds":	0.99917799234390259,
				"bytes":	12033596,
				"bits_per_second":	96347966.766331345,
				"jitter_ms":	0.05516916156243229,
				"lost_packets":	9615,
				"packets":	18542,
				"lost_percent":	51.855247546111528,
				"omitted":	false,
				"sender":	false
			}
		}, {
			"streams":	[{
					"socket":	5,
					"start":	450.000236,
					"end":	451.000234,
					"seconds":	0.99999797344207764,
					"bytes":	12175136,
					"bits_per_second":	97401285.389346555,
					"jitter_ms":	0.0432806677962131,
					"lost_packets":	9927,
					"packets":	18959,
					"lost_percent":	52.360356558890238,
					"omitted":	false,
					"sender":	false
				}],
			"sum":	{
				"start":	450.000236,
				"end":	451.000234,
				"seconds":	0.99999797344207764,
				"bytes":	12175136,
				"bits_per_second":	97401285.389346555,
				"jitter_ms":	0.0432806677962131,
				"lost_packets":	9927,
				"packets":	18959,
				"lost_percent":	52.360356558890238,
				"omitted":	false,
				"sender":	false
			}
		}, {
			"streams":	[{
					"socket":	5,
					"start":	451.000234,
					"end":	452.001075,
					"seconds":	1.0008410215377808,
					"bytes":	12009332,
					"bits_per_second":	95993923.043224573,
					"jitter_ms":	0.05094004760552006,
					"lost_packets":	9636,
					"packets":	18545,
					"lost_percent":	51.960097061202482,
					"omitted":	false,
					"sender":	false
				}],
			"sum":	{
				"start":	451.000234,
				"end":	452.001075,
				"seconds":	1.0008410215377808,
				"bytes":	12009332,
				"bits_per_second":	95993923.043224573,
				"jitter_ms":	0.05094004760552006,
				"lost_packets":	9636,
				"packets":	18545,
				"lost_percent":	51.960097061202482,
				"omitted":	false,
				"sender":	false
			}
		}, {
			"streams":	[{
					"socket":	5,
					"start":	452.001075,
					"end":	453.000165,
					"seconds":	0.999090015888214,
					"bytes":	11842180,
					"bits_per_second":	94823728.085978553,
					"jitter_ms":	0.053289795076810351,
					"lost_packets":	9478,
					"packets":	18263,
					"lost_percent":	51.89727865082407,
					"omitted":	false,
					"sender":	false
				}],
			"sum":	{
				"start":	452.001075,
				"end":	453.000165,
				"seconds":	0.999090015888214,
				"bytes":	11842180,
				"bits_per_second":	94823728.085978553,
				"jitter_ms":	0.053289795076810351,
				"lost_packets":	9478,
				"packets":	18263,
				"lost_percent":	51.89727865082407,
				"omitted":	false,
				"sender":	false
			}
		}, {
			"streams":	[{
					"socket":	5,
					"start":	453.000165,
					"end":	454.001076,
					"seconds":	1.0009109973907471,
					"bytes":	12029552,
					"bits_per_second":	96148824.671600774,
					"jitter_ms":	0.056979534589175672,
					"lost_packets":	9491,
					"packets":	18415,
					"lost_percent":	51.539505837632362,
					"omitted":	false,
					"sender":	false
				}],
			"sum":	{
				"start":	453.000165,
				"end":	454.001076,
				"seconds":	1.0009109973907471,
				"bytes":	12029552,
				"bits_per_second":	96148824.671600774,
				"jitter_ms":	0.056979534589175672,
				"lost_packets":	9491,
				"packets":	18415,
				"lost_percent":	51.539505837632362,
				"omitted":	false,
				"sender":	false
			}
		}, {
			"streams":	[{
					"socket":	5,
					"start":	454.001076,
					"end":	455.000232,
					"seconds":	0.99915599822998047,
					"bytes":	12191312,
					"bits_per_second":	97612881.444716051,
					"jitter_ms":	0.0446936800646118,
					"lost_packets":	9785,
					"packets":	18829,
					"lost_percent":	51.967709384460143,
					"omitted":	false,
					"sender":	false
				}],
			"sum":	{
				"start":	454.001076,
				"end":	455.000232,
				"seconds":	0.99915599822998047,
				"bytes":	12191312,
				"bits_per_second":	97612881.444716051,
				"jitter_ms":	0.0446936800646118,
				"lost_packets":	9785,
				"packets":	18829,
				"lost_percent":	51.967709384460143,
				"omitted":	false,
				"sender":	false
			}
		}, {
			"streams":	[{
					"socket":	5,
					"start":	455.000232,
					"end":	456.001079,
					"seconds":	1.0008469820022583,
					"bytes":	11994504,
					"bits_per_second":	95874827.74642916,
					"jitter_ms":	0.048353007929685735,
					"lost_packets":	9758,
					"packets":	18656,
					"lost_percent":	52.3048885077187,
					"omitted":	false,
					"sender":	false
				}],
			"sum":	{
				"start":	455.000232,
				"end":	456.001079,
				"seconds":	1.0008469820022583,
				"bytes":	11994504,
				"bits_per_second":	95874827.74642916,
				"jitter_ms":	0.048353007929685735,
				"lost_packets":	9758,
				"packets":	18656,
				"lost_percent":	52.3048885077187,
				"omitted":	false,
				"sender":	false
			}
		}, {
			"streams":	[{
					"socket":	5,
					"start":	456.001079,
					"end":	457.000188,
					"seconds":	0.99910902976989746,
					"bytes":	11840832,
					"bits_per_second":	94811129.894218132,
					"jitter_ms":	0.053384707084466569,
					"lost_packets":	9371,
					"packets":	18155,
					"lost_percent":	51.616634535940513,
					"omitted":	false,
					"sender":	false
				}],
			"sum":	{
				"start":	456.001079,
				"end":	457.000188,
				"seconds":	0.99910902976989746,
				"bytes":	11840832,
				"bits_per_second":	94811129.894218132,
				"jitter_ms":	0.053384707084466569,
				"lost_packets":	9371,
				"packets":	18155,
				"lost_percent":	51.616634535940513,
				"omitted":	false,
				"sender":	false
			}
		}, {
			"streams":	[{
					"socket":	5,
					"start":	457.000188,
					"end":	458.001062,
					"seconds":	1.0008740425109863,
					"bytes":	12061904,
					"bits_per_second":	96410964.718311,
					"jitter_ms":	0.044491072500262546,
					"lost_packets":	9805,
					"packets":	18753,
					"lost_percent":	52.284967738495176,
					"omitted":	false,
					"sender":	false
				}],
			"sum":	{
				"start":	457.000188,
				"end":	458.001062,
				"seconds":	1.0008740425109863,
				"bytes":	12061904,
				"bits_per_second":	96410964.718311,
				"jitter_ms":	0.044491072500262546,
				"lost_packets":	9805,
				"packets":	18753,
				"lost_percent":	52.284967738495176,
				"omitted":	false,
				"sender":	false
			}
		}, {
			"streams":	[{
					"socket":	5,
					"start":	458.001062,
					"end":	459.000161,
					"seconds":	0.9990990161895752,
					"bytes":	12153568,
					"bits_per_second":	97316224.342624366,
					"jitter_ms":	0.042875481845067114,
					"lost_packets":	9736,
					"packets":	18752,
					"lost_percent":	51.919795221843,
					"omitted":	false,
					"sender":	false
				}],
			"sum":	{
				"start":	458.001062,
				"end":	459.000161,
				"seconds":	0.9990990161895752,
				"bytes":	12153568,
				"bits_per_second":	97316224.342624366,
				"jitter_ms":	0.042875481845067114,
				"lost_packets":	9736,
				"packets":	18752,
				"lost_percent":	51.919795221843,
				"omitted":	false,
				"sender":	false
			}
		}, {
			"streams":	[{
					"socket":	5,
					"start":	459.000161,
					"end":	460.001076,
					"seconds":	1.0009150505065918,
					"bytes":	11838136,
					"bits_per_second":	94618507.2869741,
					"jitter_ms":	0.0526271668548524,
					"lost_packets":	9351,
					"packets":	18133,
					"lost_percent":	51.568962664754864,
					"omitted":	false,
					"sender":	false
				}],
			"sum":	{
				"start":	459.000161,
				"end":	460.001076,
				"seconds":	1.0009150505065918,
				"bytes":	11838136,
				"bits_per_second":	94618507.2869741,
				"jitter_ms":	0.0526271668548524,
				"lost_packets":	9351,
				"packets":	18133,
				"lost_percent":	51.568962664754864,
				"omitted":	false,
				"sender":	false
			}
		}, {
			"streams":	[{
					"socket":	5,
					"start":	460.001076,
					"end":	461.001079,
					"seconds":	1.0000029802322388,
					"bytes":	11993156,
					"bits_per_second":	95944962.0617309,
					"jitter_ms":	0.055798031948241768,
					"lost_packets":	9648,
					"packets":	18545,
					"lost_percent":	52.024804529522783,
					"omitted":	false,
					"sender":	false
				}],
			"sum":	{
				"start":	460.001076,
				"end":	461.001079,
				"seconds":	1.0000029802322388,
				"bytes":	11993156,
				"bits_per_second":	95944962.0617309,
				"jitter_ms":	0.055798031948241768,
				"lost_packets":	9648,
				"packets":	18545,
				"lost_percent":	52.024804529522783,
				"omitted":	false,
				"sender":	false
			}
		}, {
			"streams":	[{
					"socket":	5,
					"start":	461.001079,
					"end":	462.000158,
					"seconds":	0.99907898902893066,
					"bytes":	12188616,
					"bits_per_second":	97598817.5817562,
					"jitter_ms":	0.044764712489784114,
					"lost_packets":	9788,
					"packets":	18830,
					"lost_percent":	51.980881571959635,
					"omitted":	false,
					"sender":	false
				}],
			"sum":	{
				"start":	461.001079,
				"end":	462.000158,
				"seconds":	0.99907898902893066,
				"bytes":	12188616,
				"bits_per_second":	97598817.5817562,
				"jitter_ms":	0.044764712489784114,
				"lost_packets":	9788,
				"packets":	18830,
				"lost_percent":	51.980881571959635,
				"omitted":	false,
				"sender":	false
			}
		}, {
			"streams":	[{
					"socket":	5,
					"start":	462.000158,
					"end":	463.000167,
					"seconds":	1.0000089406967163,
					"bytes":	12020116,
					"bits_per_second":	96160068.261993453,
					"jitter_ms":	0.047247770536570435,
					"lost_packets":	9608,
					"packets":	18525,
					"lost_percent":	51.865047233468289,
					"omitted":	false,
					"sender":	false
				}],
			"sum":	{
				"start":	462.000158,
				"end":	463.000167,
				"seconds":	1.0000089406967163,
				"bytes":	12020116,
				"bits_per_second":	96160068.261993453,
				"jitter_ms":	0.047247770536570435,
				"lost_packets":	9608,
				"packets":	18525,
				"lost_percent":	51.865047233468289,
				"omitted":	false,
				"sender":	false
			}
		}, {
			"streams":	[{
					"socket":	5,
					"start":	463.000167,
					"end":	464.001062,
					"seconds":	1.0008950233459473,
					"bytes":	11824656,
					"bits_per_second":	94512656.965528354,
					"jitter_ms":	0.0622180041429973,
					"lost_packets":	9509,
					"packets":	18281,
					"lost_percent":	52.015754061594,
					"omitted":	false,
					"sender":	false
				}],
			"sum":	{
				"start":	463.000167,
				"end":	464.001062,
				"seconds":	1.0008950233459473,
				"bytes":	11824656,
				"bits_per_second":	94512656.965528354,
				"jitter_ms":	0.0622180041429973,
				"lost_packets":	9509,
				"packets":	18281,
				"lost_percent":	52.015754061594,
				"omitted":	false,
				"sender":	false
			}
		}, {
			"streams":	[{
					"socket":	5,
					"start":	464.001062,
					"end":	465.000164,
					"seconds":	0.999101996421814,
					"bytes":	12003940,
					"bits_per_second":	96117834.159002274,
					"jitter_ms":	0.04939963252476285,
					"lost_packets":	9644,
					"packets":	18549,
					"lost_percent":	51.992021133214728,
					"omitted":	false,
					"sender":	false
				}],
			"sum":	{
				"start":	464.001062,
				"end":	465.000164,
				"seconds":	0.999101996421814,
				"bytes":	12003940,
				"bits_per_second":	96117834.159002274,
				"jitter_ms":	0.04939963252476285,
				"lost_packets":	9644,
				"packets":	18549,
				"lost_percent":	51.992021133214728,
				"omitted":	false,
				"sender":	false
			}
		}, {
			"streams":	[{
					"socket":	5,
					"start":	465.000164,
					"end":	466.001057,
					"seconds":	1.0008929967880249,
					"bytes":	12188616,
					"bits_per_second":	97421930.528954461,
					"jitter_ms":	0.034401871301352173,
					"lost_packets":	9918,
					"packets":	18960,
					"lost_percent":	52.310126582278478,
					"omitted":	false,
					"sender":	false
				}],
			"sum":	{
				"start":	465.000164,
				"end":	466.001057,
				"seconds":	1.0008929967880249,
				"bytes":	12188616,
				"bits_per_second":	97421930.528954461,
				"jitter_ms":	0.034401871301352173,
				"lost_packets":	9918,
				"packets":	18960,
				"lost_percent":	52.310126582278478,
				"omitted":	false,
				"sender":	false
			}
		}, {
			"streams":	[{
					"socket":	5,
					"start":	466.001057,
					"end":	467.000215,
					"seconds":	0.99915802478790283,
					"bytes":	12025508,
					"bits_per_second":	96285133.6958654,
					"jitter_ms":	0.043717556257470279,
					"lost_packets":	9456,
					"packets":	18377,
					"lost_percent":	51.455623877673176,
					"omitted":	false,
					"sender":	false
				}],
			"sum":	{
				"start":	466.001057,
				"end":	467.000215,
				"seconds":	0.99915802478790283,
				"bytes":	12025508,
				"bits_per_second":	96285133.6958654,
				"jitter_ms":	0.043717556257470279,
				"lost_packets":	9456,
				"packets":	18377,
				"lost_percent":	51.455623877673176,
				"omitted":	false,
				"sender":	false
			}
		}, {
			"streams":	[{
					"socket":	5,
					"start":	467.000215,
					"end":	468.000708,
					"seconds":	1.000493049621582,
					"bytes":	11524052,
					"bits_per_second":	92146982.964919224,
					"jitter_ms":	0.059507906105843889,
					"lost_packets":	9290,
					"packets":	17839,
					"lost_percent":	52.076910140702957,
					"omitted":	false,
					"sender":	false
				}],
			"sum":	{
				"start":	467.000215,
				"end":	468.000708,
				"seconds":	1.000493049621582,
				"bytes":	11524052,
				"bits_per_second":	92146982.964919224,
				"jitter_ms":	0.059507906105843889,
				"lost_packets":	9290,
				"packets":	17839,
				"lost_percent":	52.076910140702957,
				"omitted":	false,
				"sender":	false
			}
		}, {
			"streams":	[{
					"socket":	5,
					"start":	468.000708,
					"end":	469.000167,
					"seconds":	0.99945902824401855,
					"bytes":	11681768,
					"bits_per_second":	93504727.4165831,
					"jitter_ms":	0.061154584215821262,
					"lost_packets":	9430,
					"packets":	18096,
					"lost_percent":	52.110963748894783,
					"omitted":	false,
					"sender":	false
				}],
			"sum":	{
				"start":	468.000708,
				"end":	469.000167,
				"seconds":	0.99945902824401855,
				"bytes":	11681768,
				"bits_per_second":	93504727.4165831,
				"jitter_ms":	0.061154584215821262,
				"lost_packets":	9430,
				"packets":	18096,
				"lost_percent":	52.110963748894783,
				"omitted":	false,
				"sender":	false
			}
		}, {
			"streams":	[{
					"socket":	5,
					"start":	469.000167,
					"end":	470.001068,
					"seconds":	1.0009009838104248,
					"bytes":	12179180,
					"bits_per_second":	97345733.070489556,
					"jitter_ms":	0.059603666733891385,
					"lost_packets":	9678,
					"packets":	18713,
					"lost_percent":	51.718056965745738,
					"omitted":	false,
					"sender":	false
				}],
			"sum":	{
				"start":	469.000167,
				"end":	470.001068,
				"seconds":	1.0009009838104248,
				"bytes":	12179180,
				"bits_per_second":	97345733.070489556,
				"jitter_ms":	0.059603666733891385,
				"lost_packets":	9678,
				"packets":	18713,
				"lost_percent":	51.718056965745738,
				"omitted":	false,
				"sender":	false
			}
		}, {
			"streams":	[{
					"socket":	5,
					"start":	470.001068,
					"end":	471.00114,
					"seconds":	1.0000720024108887,
					"bytes":	12025508,
					"bits_per_second":	96197137.574174076,
					"jitter_ms":	0.063586316180019462,
					"lost_packets":	9626,
					"packets":	18547,
					"lost_percent":	51.900576912708253,
					"omitted":	false,
					"sender":	false
				}],
			"sum":	{
				"start":	470.001068,
				"end":	471.00114,
				"seconds":	1.0000720024108887,
				"bytes":	12025508,
				"bits_per_second":	96197137.574174076,
				"jitter_ms":	0.063586316180019462,
				"lost_packets":	9626,
				"packets":	18547,
				"lost_percent":	51.900576912708253,
				"omitted":	false,
				"sender":	false
			}
		}, {
			"streams":	[{
					"socket":	5,
					"start":	471.00114,
					"end":	472.000202,
					"seconds":	0.99906200170516968,
					"bytes":	12113128,
					"bits_per_second":	96996006.0883162,
					"jitter_ms":	0.039605519234687463,
					"lost_packets":	10587,
					"packets":	19573,
					"lost_percent":	54.089817605885656,
					"omitted":	false,
					"sender":	false
				}],
			"sum":	{
				"start":	471.00114,
				"end":	472.000202,
				"seconds":	0.99906200170516968,
				"bytes":	12113128,
				"bits_per_second":	96996006.0883162,
				"jitter_ms":	0.039605519234687463,
				"lost_packets":	10587,
				"packets":	19573,
				"lost_percent":	54.089817605885656,
				"omitted":	false,
				"sender":	false
			}
		}, {
			"streams":	[{
					"socket":	5,
					"start":	472.000202,
					"end":	473.001058,
					"seconds":	1.0008560419082642,
					"bytes":	11730296,
					"bits_per_second":	93762103.7098174,
					"jitter_ms":	0.053019694781514838,
					"lost_packets":	9542,
					"packets":	18244,
					"lost_percent":	52.302126726595048,
					"omitted":	false,
					"sender":	false
				}],
			"sum":	{
				"start":	472.000202,
				"end":	473.001058,
				"seconds":	1.0008560419082642,
				"bytes":	11730296,
				"bits_per_second":	93762103.7098174,
				"jitter_ms":	0.053019694781514838,
				"lost_packets":	9542,
				"packets":	18244,
				"lost_percent":	52.302126726595048,
				"omitted":	false,
				"sender":	false
			}
		}, {
			"streams":	[{
					"socket":	5,
					"start":	473.001058,
					"end":	474.00107,
					"seconds":	1.0000120401382446,
					"bytes":	12194008,
					"bits_per_second":	97550889.473804846,
					"jitter_ms":	0.066732829277692349,
					"lost_packets":	9385,
					"packets":	18431,
					"lost_percent":	50.919646248168846,
					"omitted":	false,
					"sender":	false
				}],
			"sum":	{
				"start":	473.001058,
				"end":	474.00107,
				"seconds":	1.0000120401382446,
				"bytes":	12194008,
				"bits_per_second":	97550889.473804846,
				"jitter_ms":	0.066732829277692349,
				"lost_packets":	9385,
				"packets":	18431,
				"lost_percent":	50.919646248168846,
				"omitted":	false,
				"sender":	false
			}
		}, {
			"streams":	[{
					"socket":	5,
					"start":	474.00107,
					"end":	475.000585,
					"seconds":	0.99951499700546265,
					"bytes":	12003940,
					"bits_per_second":	96078118.1750244,
					"jitter_ms":	0.0411628733549782,
					"lost_packets":	10056,
					"packets":	18961,
					"lost_percent":	53.035177469542745,
					"omitted":	false,
					"sender":	false
				}],
			"sum":	{
				"start":	474.00107,
				"end":	475.000585,
				"seconds":	0.99951499700546265,
				"bytes":	12003940,
				"bits_per_second":	96078118.1750244,
				"jitter_ms":	0.0411628733549782,
				"lost_packets":	10056,
				"packets":	18961,
				"lost_percent":	53.035177469542745,
				"omitted":	false,
				"sender":	false
			}
		}, {
			"streams":	[{
					"socket":	5,
					"start":	475.000585,
					"end":	476.000232,
					"seconds":	0.99964702129364,
					"bytes":	11838136,
					"bits_per_second":	94738528.683297068,
					"jitter_ms":	0.032584826601116661,
					"lost_packets":	9510,
					"packets":	18292,
					"lost_percent":	51.98994095779576,
					"omitted":	false,
					"sender":	false
				}],
			"sum":	{
				"start":	475.000585,
				"end":	476.000232,
				"seconds":	0.99964702129364,
				"bytes":	11838136,
				"bits_per_second":	94738528.683297068,
				"jitter_ms":	0.032584826601116661,
				"lost_packets":	9510,
				"packets":	18292,
				"lost_percent":	51.98994095779576,
				"omitted":	false,
				"sender":	false
			}
		}, {
			"streams":	[{
					"socket":	5,
					"start":	476.000232,
					"end":	477.001059,
					"seconds":	1.0008269548416138,
					"bytes":	12001244,
					"bits_per_second":	95930621.7079196,
					"jitter_ms":	0.041010628710824774,
					"lost_packets":	9639,
					"packets":	18542,
					"lost_percent":	51.984683421421636,
					"omitted":	false,
					"sender":	false
				}],
			"sum":	{
				"start":	476.000232,
				"end":	477.001059,
				"seconds":	1.0008269548416138,
				"bytes":	12001244,
				"bits_per_second":	95930621.7079196,
				"jitter_ms":	0.041010628710824774,
				"lost_packets":	9639,
				"packets":	18542,
				"lost_percent":	51.984683421421636,
				"omitted":	false,
				"sender":	false
			}
		}, {
			"streams":	[{
					"socket":	5,
					"start":	477.001059,
					"end":	478.000223,
					"seconds":	0.99916398525238037,
					"bytes":	11881272,
					"bits_per_second":	95129705.837016463,
					"jitter_ms":	0.061937965732686312,
					"lost_packets":	9558,
					"packets":	18372,
					"lost_percent":	52.024820378837362,
					"omitted":	false,
					"sender":	false
				}],
			"sum":	{
				"start":	477.001059,
				"end":	478.000223,
				"seconds":	0.99916398525238037,
				"bytes":	11881272,
				"bits_per_second":	95129705.837016463,
				"jitter_ms":	0.061937965732686312,
				"lost_packets":	9558,
				"packets":	18372,
				"lost_percent":	52.024820378837362,
				"omitted":	false,
				"sender":	false
			}
		}, {
			"streams":	[{
					"socket":	5,
					"start":	478.000223,
					"end":	479.000184,
					"seconds":	0.999961018562317,
					"bytes":	12017420,
					"bits_per_second":	96143107.796565235,
					"jitter_ms":	0.081665517509167868,
					"lost_packets":	9608,
					"packets":	18523,
					"lost_percent":	51.8706473033526,
					"omitted":	false,
					"sender":	false
				}],
			"sum":	{
				"start":	478.000223,
				"end":	479.000184,
				"seconds":	0.999961018562317,
				"bytes":	12017420,
				"bits_per_second":	96143107.796565235,
				"jitter_ms":	0.081665517509167868,
				"lost_packets":	9608,
				"packets":	18523,
				"lost_percent":	51.8706473033526,
				"omitted":	false,
				"sender":	false
			}
		}, {
			"streams":	[{
					"socket":	5,
					"start":	479.000184,
					"end":	480.001072,
					"seconds":	1.0008879899978638,
					"bytes":	12137392,
					"bits_per_second":	97012989.435718223,
					"jitter_ms":	0.040409753025700872,
					"lost_packets":	9702,
					"packets":	18706,
					"lost_percent":	51.865711536405435,
					"omitted":	false,
					"sender":	false
				}],
			"sum":	{
				"start":	479.000184,
				"end":	480.001072,
				"seconds":	1.0008879899978638,
				"bytes":	12137392,
				"bits_per_second":	97012989.435718223,
				"jitter_ms":	0.040409753025700872,
				"lost_packets":	9702,
				"packets":	18706,
				"lost_percent":	51.865711536405435,
				"omitted":	false,
				"sender":	false
			}
		}, {
			"streams":	[{
					"socket":	5,
					"start":	480.001072,
					"end":	481.000159,
					"seconds":	0.99908697605133057,
					"bytes":	11902840,
					"bits_per_second":	95309740.075230151,
					"jitter_ms":	0.058580689315518915,
					"lost_packets":	9728,
					"packets":	18558,
					"lost_percent":	52.4194417501886,
					"omitted":	false,
					"sender":	false
				}],
			"sum":	{
				"start":	480.001072,
				"end":	481.000159,
				"seconds":	0.99908697605133057,
				"bytes":	11902840,
				"bits_per_second":	95309740.075230151,
				"jitter_ms":	0.058580689315518915,
				"lost_packets":	9728,
				"packets":	18558,
				"lost_percent":	52.4194417501886,
				"omitted":	false,
				"sender":	false
			}
		}, {
			"streams":	[{
					"socket":	5,
					"start":	481.000159,
					"end":	482.000133,
					"seconds":	0.999974012374878,
					"bytes":	11951368,
					"bits_per_second":	95613428.7659434,
					"jitter_ms":	0.032302243071086437,
					"lost_packets":	9895,
					"packets":	18761,
					"lost_percent":	52.742391130536753,
					"omitted":	false,
					"sender":	false
				}],
			"sum":	{
				"start":	481.000159,
				"end":	482.000133,
				"seconds":	0.999974012374878,
				"bytes":	11951368,
				"bits_per_second":	95613428.7659434,
				"jitter_ms":	0.032302243071086437,
				"lost_packets":	9895,
				"packets":	18761,
				"lost_percent":	52.742391130536753,
				"omitted":	false,
				"sender":	false
			}
		}, {
			"streams":	[{
					"socket":	5,
					"start":	482.000133,
					"end":	483.001075,
					"seconds":	1.00094199180603,
					"bytes":	12091560,
					"bits_per_second":	96641444.551109925,
					"jitter_ms":	0.06170845169160908,
					"lost_packets":	9639,
					"packets":	18609,
					"lost_percent":	51.797517330324034,
					"omitted":	false,
					"sender":	false
				}],
			"sum":	{
				"start":	482.000133,
				"end":	483.001075,
				"seconds":	1.00094199180603,
				"bytes":	12091560,
				"bits_per_second":	96641444.551109925,
				"jitter_ms":	0.06170845169160908,
				"lost_packets":	9639,
				"packets":	18609,
				"lost_percent":	51.797517330324034,
				"omitted":	false,
				"sender":	false
			}
		}, {
			"streams":	[{
					"socket":	5,
					"start":	483.001075,
					"end":	484.000162,
					"seconds":	0.99908697605133057,
					"bytes":	11790956,
					"bits_per_second":	94413850.106233075,
					"jitter_ms":	0.0325387284766589,
					"lost_packets":	9457,
					"packets":	18204,
					"lost_percent":	51.950120852559877,
					"omitted":	false,
					"sender":	false
				}],
			"sum":	{
				"start":	483.001075,
				"end":	484.000162,
				"seconds":	0.99908697605133057,
				"bytes":	11790956,
				"bits_per_second":	94413850.106233075,
				"jitter_ms":	0.0325387284766589,
				"lost_packets":	9457,
				"packets":	18204,
				"lost_percent":	51.950120852559877,
				"omitted":	false,
				"sender":	false
			}
		}, {
			"streams":	[{
					"socket":	5,
					"start":	484.000162,
					"end":	485.001066,
					"seconds":	1.0009039640426636,
					"bytes":	12365204,
					"bits_per_second":	98832291.162535,
					"jitter_ms":	0.0841756191740331,
					"lost_packets":	10024,
					"packets":	19197,
					"lost_percent":	52.216492160233372,
					"omitted":	false,
					"sender":	false
				}],
			"sum":	{
				"start":	484.000162,
				"end":	485.001066,
				"seconds":	1.0009039640426636,
				"bytes":	12365204,
				"bits_per_second":	98832291.162535,
				"jitter_ms":	0.0841756191740331,
				"lost_packets":	10024,
				"packets":	19197,
				"lost_percent":	52.216492160233372,
				"omitted":	false,
				"sender":	false
			}
		}, {
			"streams":	[{
					"socket":	5,
					"start":	485.001066,
					"end":	486.000158,
					"seconds":	0.9990919828414917,
					"bytes":	11844876,
					"bits_per_second":	94845129.004537046,
					"jitter_ms":	0.043230006136444246,
					"lost_packets":	9457,
					"packets":	18244,
					"lost_percent":	51.8362201271651,
					"omitted":	false,
					"sender":	false
				}],
			"sum":	{
				"start":	485.001066,
				"end":	486.000158,
				"seconds":	0.9990919828414917,
				"bytes":	11844876,
				"bits_per_second":	94845129.004537046,
				"jitter_ms":	0.043230006136444246,
				"lost_packets":	9457,
				"packets":	18244,
				"lost_percent":	51.8362201271651,
				"omitted":	false,
				"sender":	false
			}
		}, {
			"streams":	[{
					"socket":	5,
					"start":	486.000158,
					"end":	487.00023,
					"seconds":	1.0000720024108887,
					"bytes":	12007984,
					"bits_per_second":	96056955.6676093,
					"jitter_ms":	0.034910026913371833,
					"lost_packets":	9622,
					"packets":	18530,
					"lost_percent":	51.926605504587158,
					"omitted":	false,
					"sender":	false
				}],
			"sum":	{
				"start":	486.000158,
				"end":	487.00023,
				"seconds":	1.0000720024108887,
				"bytes":	12007984,
				"bits_per_second":	96056955.6676093,
				"jitter_ms":	0.034910026913371833,
				"lost_packets":	9622,
				"packets":	18530,
				"lost_percent":	51.926605504587158,
				"omitted":	false,
				"sender":	false
			}
		}, {
			"streams":	[{
					"socket":	5,
					"start":	487.00023,
					"end":	488.00023,
					"seconds":	1,
					"bytes":	12171092,
					"bits_per_second":	97368736,
					"jitter_ms":	0.054140314248377813,
					"lost_packets":	9842,
					"packets":	18871,
					"lost_percent":	52.154098881882256,
					"omitted":	false,
					"sender":	false
				}],
			"sum":	{
				"start":	487.00023,
				"end":	488.00023,
				"seconds":	1,
				"bytes":	12171092,
				"bits_per_second":	97368736,
				"jitter_ms":	0.054140314248377813,
				"lost_packets":	9842,
				"packets":	18871,
				"lost_percent":	52.154098881882256,
				"omitted":	false,
				"sender":	false
			}
		}, {
			"streams":	[{
					"socket":	5,
					"start":	488.00023,
					"end":	489.001062,
					"seconds":	1.0008319616317749,
					"bytes":	12038988,
					"bits_per_second":	96231842.7990362,
					"jitter_ms":	0.058434653490236917,
					"lost_packets":	9614,
					"packets":	18545,
					"lost_percent":	51.841466702615257,
					"omitted":	false,
					"sender":	false
				}],
			"sum":	{
				"start":	488.00023,
				"end":	489.001062,
				"seconds":	1.0008319616317749,
				"bytes":	12038988,
				"bits_per_second":	96231842.7990362,
				"jitter_ms":	0.058434653490236917,
				"lost_packets":	9614,
				"packets":	18545,
				"lost_percent":	51.841466702615257,
				"omitted":	false,
				"sender":	false
			}
		}, {
			"streams":	[{
					"socket":	5,
					"start":	489.001062,
					"end":	490.000187,
					"seconds":	0.99912500381469727,
					"bytes":	11877228,
					"bits_per_second":	95101037.0446324,
					"jitter_ms":	0.039968539986085259,
					"lost_packets":	9427,
					"packets":	18238,
					"lost_percent":	51.688781664656211,
					"omitted":	false,
					"sender":	false
				}],
			"sum":	{
				"start":	489.001062,
				"end":	490.000187,
				"seconds":	0.99912500381469727,
				"bytes":	11877228,
				"bits_per_second":	95101037.0446324,
				"jitter_ms":	0.039968539986085259,
				"lost_packets":	9427,
				"packets":	18238,
				"lost_percent":	51.688781664656211,
				"omitted":	false,
				"sender":	false
			}
		}, {
			"streams":	[{
					"socket":	5,
					"start":	490.000187,
					"end":	491.00023,
					"seconds":	1.0000430345535278,
					"bytes":	12006636,
					"bits_per_second":	96048954.576123,
					"jitter_ms":	0.036649310524815057,
					"lost_packets":	9639,
					"packets":	18546,
					"lost_percent":	51.973471368489164,
					"omitted":	false,
					"sender":	false
				}],
			"sum":	{
				"start":	490.000187,
				"end":	491.00023,
				"seconds":	1.0000430345535278,
				"bytes":	12006636,
				"bits_per_second":	96048954.576123,
				"jitter_ms":	0.036649310524815057,
				"lost_packets":	9639,
				"packets":	18546,
				"lost_percent":	51.973471368489164,
				"omitted":	false,
				"sender":	false
			}
		}, {
			"streams":	[{
					"socket":	5,
					"start":	491.00023,
					"end":	492.001061,
					"seconds":	1.0008310079574585,
					"bytes":	12180528,
					"bits_per_second":	97363314.311043,
					"jitter_ms":	0.059792703528847635,
					"lost_packets":	9818,
					"packets":	18854,
					"lost_percent":	52.073830486899332,
					"omitted":	false,
					"sender":	false
				}],
			"sum":	{
				"start":	491.00023,
				"end":	492.001061,
				"seconds":	1.0008310079574585,
				"bytes":	12180528,
				"bits_per_second":	97363314.311043,
				"jitter_ms":	0.059792703528847635,
				"lost_packets":	9818,
				"packets":	18854,
				"lost_percent":	52.073830486899332,
				"omitted":	false,
				"sender":	false
			}
		}, {
			"streams":	[{
					"socket":	5,
					"start":	492.001061,
					"end":	493.001074,
					"seconds":	1.000012993812561,
					"bytes":	11650764,
					"bits_per_second":	93204900.912987769,
					"jitter_ms":	0.073053672885142626,
					"lost_packets":	9269,
					"packets":	17912,
					"lost_percent":	51.747431889236267,
					"omitted":	false,
					"sender":	false
				}],
			"sum":	{
				"start":	492.001061,
				"end":	493.001074,
				"seconds":	1.000012993812561,
				"bytes":	11650764,
				"bits_per_second":	93204900.912987769,
				"jitter_ms":	0.073053672885142626,
				"lost_packets":	9269,
				"packets":	17912,
				"lost_percent":	51.747431889236267,
				"omitted":	false,
				"sender":	false
			}
		}, {
			"streams":	[{
					"socket":	5,
					"start":	493.001074,
					"end":	494.001061,
					"seconds":	0.999987006187439,
					"bytes":	12214228,
					"bits_per_second":	97715093.6916118,
					"jitter_ms":	0.076265267632494749,
					"lost_packets":	9745,
					"packets":	18806,
					"lost_percent":	51.8185685419547,
					"omitted":	false,
					"sender":	false
				}],
			"sum":	{
				"start":	493.001074,
				"end":	494.001061,
				"seconds":	0.999987006187439,
				"bytes":	12214228,
				"bits_per_second":	97715093.6916118,
				"jitter_ms":	0.076265267632494749,
				"lost_packets":	9745,
				"packets":	18806,
				"lost_percent":	51.8185685419547,
				"omitted":	false,
				"sender":	false
			}
		}, {
			"streams":	[{
					"socket":	5,
					"start":	494.001061,
					"end":	495.001075,
					"seconds":	1.0000139474868774,
					"bytes":	12013376,
					"bits_per_second":	96105667.567462757,
					"jitter_ms":	0.044226584705177339,
					"lost_packets":	9830,
					"packets":	18742,
					"lost_percent":	52.449044925835025,
					"omitted":	false,
					"sender":	false
				}],
			"sum":	{
				"start":	494.001061,
				"end":	495.001075,
				"seconds":	1.0000139474868774,
				"bytes":	12013376,
				"bits_per_second":	96105667.567462757,
				"jitter_ms":	0.044226584705177339,
				"lost_packets":	9830,
				"packets":	18742,
				"lost_percent":	52.449044925835025,
				"omitted":	false,
				"sender":	false
			}
		}, {
			"streams":	[{
					"socket":	5,
					"start":	495.001075,
					"end":	496.001074,
					"seconds":	0.99999898672103882,
					"bytes":	11808480,
					"bits_per_second":	94467935.722371772,
					"jitter_ms":	0.0686567693044235,
					"lost_packets":	9349,
					"packets":	18109,
					"lost_percent":	51.626263184052128,
					"omitted":	false,
					"sender":	false
				}],
			"sum":	{
				"start":	495.001075,
				"end":	496.001074,
				"seconds":	0.99999898672103882,
				"bytes":	11808480,
				"bits_per_second":	94467935.722371772,
				"jitter_ms":	0.0686567693044235,
				"lost_packets":	9349,
				"packets":	18109,
				"lost_percent":	51.626263184052128,
				"omitted":	false,
				"sender":	false
			}
		}, {
			"streams":	[{
					"socket":	5,
					"start":	496.001074,
					"end":	497.00106,
					"seconds":	0.99998599290847778,
					"bytes":	11997200,
					"bits_per_second":	95978944.385858223,
					"jitter_ms":	0.069971065560431478,
					"lost_packets":	9776,
					"packets":	18676,
					"lost_percent":	52.345255943456841,
					"omitted":	false,
					"sender":	false
				}],
			"sum":	{
				"start":	496.001074,
				"end":	497.00106,
				"seconds":	0.99998599290847778,
				"bytes":	11997200,
				"bits_per_second":	95978944.385858223,
				"jitter_ms":	0.069971065560431478,
				"lost_packets":	9776,
				"packets":	18676,
				"lost_percent":	52.345255943456841,
				"omitted":	false,
				"sender":	false
			}
		}, {
			"streams":	[{
					"socket":	5,
					"start":	497.00106,
					"end":	498.00017,
					"seconds":	0.999109983444214,
					"bytes":	12199400,
					"bits_per_second":	97682138.720666,
					"jitter_ms":	0.039756504177617044,
					"lost_packets":	9803,
					"packets":	18853,
					"lost_percent":	51.9970296504535,
					"omitted":	false,
					"sender":	false
				}],
			"sum":	{
				"start":	497.00106,
				"end":	498.00017,
				"seconds":	0.999109983444214,
				"bytes":	12199400,
				"bits_per_second":	97682138.720666,
				"jitter_ms":	0.039756504177617044,
				"lost_packets":	9803,
				"packets":	18853,
				"lost_percent":	51.9970296504535,
				"omitted":	false,
				"sender":	false
			}
		}, {
			"streams":	[{
					"socket":	5,
					"start":	498.00017,
					"end":	499.001072,
					"seconds":	1.0009020566940308,
					"bytes":	12020116,
					"bits_per_second":	96074263.567424923,
					"jitter_ms":	0.042341088836347955,
					"lost_packets":	9499,
					"packets":	18416,
					"lost_percent":	51.580147697654212,
					"omitted":	false,
					"sender":	false
				}],
			"sum":	{
				"start":	498.00017,
				"end":	499.001072,
				"seconds":	1.0009020566940308,
				"bytes":	12020116,
				"bits_per_second":	96074263.567424923,
				"jitter_ms":	0.042341088836347955,
				"lost_packets":	9499,
				"packets":	18416,
				"lost_percent":	51.580147697654212,
				"omitted":	false,
				"sender":	false
			}
		}, {
			"streams":	[{
					"socket":	5,
					"start":	499.001072,
					"end":	500.001061,
					"seconds":	0.99998897314071655,
					"bytes":	11788260,
					"bits_per_second":	94307119.9113407,
					"jitter_ms":	0.069553948049343978,
					"lost_packets":	9624,
					"packets":	18369,
					"lost_percent":	52.392617997713536,
					"omitted":	false,
					"sender":	false
				}],
			"sum":	{
				"start":	499.001072,
				"end":	500.001061,
				"seconds":	0.99998897314071655,
				"bytes":	11788260,
				"bits_per_second":	94307119.9113407,
				"jitter_ms":	0.069553948049343978,
				"lost_packets":	9624,
				"packets":	18369,
				"lost_percent":	52.392617997713536,
				"omitted":	false,
				"sender":	false
			}
		}, {
			"streams":	[{
					"socket":	5,
					"start":	500.001061,
					"end":	501.000173,
					"seconds":	0.99911201000213623,
					"bytes":	11727600,
					"bits_per_second":	93904185.9779059,
					"jitter_ms":	0.0467561754205209,
					"lost_packets":	9412,
					"packets":	18112,
					"lost_percent":	51.965547703180214,
					"omitted":	false,
					"sender":	false
				}],
			"sum":	{
				"start":	500.001061,
				"end":	501.000173,
				"seconds":	0.99911201000213623,
				"bytes":	11727600,
				"bits_per_second":	93904185.9779059,
				"jitter_ms":	0.0467561754205209,
				"lost_packets":	9412,
				"packets":	18112,
				"lost_percent":	51.965547703180214,
				"omitted":	false,
				"sender":	false
			}
		}, {
			"streams":	[{
					"socket":	5,
					"start":	501.000173,
					"end":	502.00106,
					"seconds":	1.0008870363235474,
					"bytes":	12142784,
					"bits_per_second":	97056179.6432317,
					"jitter_ms":	0.051590105831527976,
					"lost_packets":	9717,
					"packets":	18725,
					"lost_percent":	51.8931909212283,
					"omitted":	false,
					"sender":	false
				}],
			"sum":	{
				"start":	501.000173,
				"end":	502.00106,
				"seconds":	1.0008870363235474,
				"bytes":	12142784,
				"bits_per_second":	97056179.6432317,
				"jitter_ms":	0.051590105831527976,
				"lost_packets":	9717,
				"packets":	18725,
				"lost_percent":	51.8931909212283,
				"omitted":	false,
				"sender":	false
			}
		}, {
			"streams":	[{
					"socket":	5,
					"start":	502.00106,
					"end":	503.0003,
					"seconds":	0.999239981174469,
					"bytes":	12033596,
					"bits_per_second":	96341989.7258808,
					"jitter_ms":	0.05289685524335655,
					"lost_packets":	9601,
					"packets":	18528,
					"lost_percent":	51.818868739205527,
					"omitted":	false,
					"sender":	false
				}],
			"sum":	{
				"start":	502.00106,
				"end":	503.0003,
				"seconds":	0.999239981174469,
				"bytes":	12033596,
				"bits_per_second":	96341989.7258808,
				"jitter_ms":	0.05289685524335655,
				"lost_packets":	9601,
				"packets":	18528,
				"lost_percent":	51.818868739205527,
				"omitted":	false,
				"sender":	false
			}
		}, {
			"streams":	[{
					"socket":	5,
					"start":	503.0003,
					"end":	504.00108,
					"seconds":	1.0007799863815308,
					"bytes":	12130652,
					"bits_per_second":	96969581.0473603,
					"jitter_ms":	0.073511236775747862,
					"lost_packets":	9374,
					"packets":	18373,
					"lost_percent":	51.0205192401894,
					"omitted":	false,
					"sender":	false
				}],
			"sum":	{
				"start":	503.0003,
				"end":	504.00108,
				"seconds":	1.0007799863815308,
				"bytes":	12130652,
				"bits_per_second":	96969581.0473603,
				"jitter_ms":	0.073511236775747862,
				"lost_packets":	9374,
				"packets":	18373,
				"lost_percent":	51.0205192401894,
				"omitted":	false,
				"sender":	false
			}
		}, {
			"streams":	[{
					"socket":	5,
					"start":	504.00108,
					"end":	505.001059,
					"seconds":	0.999979019165039,
					"bytes":	11932496,
					"bits_per_second":	95461970.8718559,
					"jitter_ms":	0.062600903546197725,
					"lost_packets":	10624,
					"packets":	19476,
					"lost_percent":	54.5491887451222,
					"omitted":	false,
					"sender":	false
				}],
			"sum":	{
				"start":	504.00108,
				"end":	505.001059,
				"seconds":	0.999979019165039,
				"bytes":	11932496,
				"bits_per_second":	95461970.8718559,
				"jitter_ms":	0.062600903546197725,
				"lost_packets":	10624,
				"packets":	19476,
				"lost_percent":	54.5491887451222,
				"omitted":	false,
				"sender":	false
			}
		}, {
			"streams":	[{
					"socket":	5,
					"start":	505.001059,
					"end":	506.001072,
					"seconds":	1.000012993812561,
					"bytes":	11858356,
					"bits_per_second":	94865615.333975866,
					"jitter_ms":	0.0414380919067524,
					"lost_packets":	9571,
					"packets":	18368,
					"lost_percent":	52.106925087108017,
					"omitted":	false,
					"sender":	false
				}],
			"sum":	{
				"start":	505.001059,
				"end":	506.001072,
				"seconds":	1.000012993812561,
				"bytes":	11858356,
				"bits_per_second":	94865615.333975866,
				"jitter_ms":	0.0414380919067524,
				"lost_packets":	9571,
				"packets":	18368,
				"lost_percent":	52.106925087108017,
				"omitted":	false,
				"sender":	false
			}
		}, {
			"streams":	[{
					"socket":	5,
					"start":	506.001072,
					"end":	507.001058,
					"seconds":	0.99998599290847778,
					"bytes":	11720860,
					"bits_per_second":	93768193.4196671,
					"jitter_ms":	0.0555802152256488,
					"lost_packets":	9233,
					"packets":	17928,
					"lost_percent":	51.5004462293619,
					"omitted":	false,
					"sender":	false
				}],
			"sum":	{
				"start":	506.001072,
				"end":	507.001058,
				"seconds":	0.99998599290847778,
				"bytes":	11720860,
				"bits_per_second":	93768193.4196671,
				"jitter_ms":	0.0555802152256488,
				"lost_packets":	9233,
				"packets":	17928,
				"lost_percent":	51.5004462293619,
				"omitted":	false,
				"sender":	false
			}
		}, {
			"streams":	[{
					"socket":	5,
					"start":	507.001058,
					"end":	508.001073,
					"seconds":	1.0000150203704834,
					"bytes":	12140088,
					"bits_per_second":	97119245.23295553,
					"jitter_ms":	0.063815147966108723,
					"lost_packets":	9723,
					"packets":	18729,
					"lost_percent":	51.914143841102032,
					"omitted":	false,
					"sender":	false
				}],
			"sum":	{
				"start":	507.001058,
				"end":	508.001073,
				"seconds":	1.0000150203704834,
				"bytes":	12140088,
				"bits_per_second":	97119245.23295553,
				"jitter_ms":	0.063815147966108723,
				"lost_packets":	9723,
				"packets":	18729,
				"lost_percent":	51.914143841102032,
				"omitted":	false,
				"sender":	false
			}
		}, {
			"streams":	[{
					"socket":	5,
					"start":	508.001073,
					"end":	509.001077,
					"seconds":	1.0000040531158447,
					"bytes":	12006636,
					"bits_per_second":	96052698.687285,
					"jitter_ms":	0.070377856269781824,
					"lost_packets":	9638,
					"packets":	18545,
					"lost_percent":	51.970881639255865,
					"omitted":	false,
					"sender":	false
				}],
			"sum":	{
				"start":	508.001073,
				"end":	509.001077,
				"seconds":	1.0000040531158447,
				"bytes":	12006636,
				"bits_per_second":	96052698.687285,
				"jitter_ms":	0.070377856269781824,
				"lost_packets":	9638,
				"packets":	18545,
				"lost_percent":	51.970881639255865,
				"omitted":	false,
				"sender":	false
			}
		}, {
			"streams":	[{
					"socket":	5,
					"start":	509.001077,
					"end":	510.001064,
					"seconds":	0.999987006187439,
					"bytes":	12057860,
					"bits_per_second":	96464133.436868742,
					"jitter_ms":	0.0617219461652963,
					"lost_packets":	9907,
					"packets":	18852,
					"lost_percent":	52.551453426692127,
					"omitted":	false,
					"sender":	false
				}],
			"sum":	{
				"start":	509.001077,
				"end":	510.001064,
				"seconds":	0.999987006187439,
				"bytes":	12057860,
				"bits_per_second":	96464133.436868742,
				"jitter_ms":	0.0617219461652963,
				"lost_packets":	9907,
				"packets":	18852,
				"lost_percent":	52.551453426692127,
				"omitted":	false,
				"sender":	false
			}
		}, {
			"streams":	[{
					"socket":	5,
					"start":	510.001064,
					"end":	511.000166,
					"seconds":	0.999101996421814,
					"bytes":	12094256,
					"bits_per_second":	96841011.5749094,
					"jitter_ms":	0.03573469879867866,
					"lost_packets":	9631,
					"packets":	18603,
					"lost_percent":	51.771219695748,
					"omitted":	false,
					"sender":	false
				}],
			"sum":	{
				"start":	510.001064,
				"end":	511.000166,
				"seconds":	0.999101996421814,
				"bytes":	12094256,
				"bits_per_second":	96841011.5749094,
				"jitter_ms":	0.03573469879867866,
				"lost_packets":	9631,
				"packets":	18603,
				"lost_percent":	51.771219695748,
				"omitted":	false,
				"sender":	false
			}
		}, {
			"streams":	[{
					"socket":	5,
					"start":	511.000166,
					"end":	512.001073,
					"seconds":	1.0009069442749023,
					"bytes":	12110432,
					"bits_per_second":	96795667.723323,
					"jitter_ms":	0.055461334427668971,
					"lost_packets":	9815,
					"packets":	18799,
					"lost_percent":	52.210223948082344,
					"omitted":	false,
					"sender":	false
				}],
			"sum":	{
				"start":	511.000166,
				"end":	512.001073,
				"seconds":	1.0009069442749023,
				"bytes":	12110432,
				"bits_per_second":	96795667.723323,
				"jitter_ms":	0.055461334427668971,
				"lost_packets":	9815,
				"packets":	18799,
				"lost_percent":	52.210223948082344,
				"omitted":	false,
				"sender":	false
			}
		}, {
			"streams":	[{
					"socket":	5,
					"start":	512.001073,
					"end":	513.001054,
					"seconds":	0.99998098611831665,
					"bytes":	11828700,
					"bits_per_second":	94631399.31023,
					"jitter_ms":	0.043619150598695727,
					"lost_packets":	9461,
					"packets":	18236,
					"lost_percent":	51.880894933099363,
					"omitted":	false,
					"sender":	false
				}],
			"sum":	{
				"start":	512.001073,
				"end":	513.001054,
				"seconds":	0.99998098611831665,
				"bytes":	11828700,
				"bits_per_second":	94631399.31023,
				"jitter_ms":	0.043619150598695727,
				"lost_packets":	9461,
				"packets":	18236,
				"lost_percent":	51.880894933099363,
				"omitted":	false,
				"sender":	false
			}
		}, {
			"streams":	[{
					"socket":	5,
					"start":	513.001054,
					"end":	514.001075,
					"seconds":	1.0000209808349609,
					"bytes":	12006636,
					"bits_per_second":	96051072.768294424,
					"jitter_ms":	0.041698380903868071,
					"lost_packets":	9732,
					"packets":	18639,
					"lost_percent":	52.213101561242553,
					"omitted":	false,
					"sender":	false
				}],
			"sum":	{
				"start":	513.001054,
				"end":	514.001075,
				"seconds":	1.0000209808349609,
				"bytes":	12006636,
				"bits_per_second":	96051072.768294424,
				"jitter_ms":	0.041698380903868071,
				"lost_packets":	9732,
				"packets":	18639,
				"lost_percent":	52.213101561242553,
				"omitted":	false,
				"sender":	false
			}
		}, {
			"streams":	[{
					"socket":	5,
					"start":	514.001075,
					"end":	515.001074,
					"seconds":	0.99999898672103882,
					"bytes":	12191312,
					"bits_per_second":	97530594.8256998,
					"jitter_ms":	0.056929798495504835,
					"lost_packets":	9719,
					"packets":	18763,
					"lost_percent":	51.798752864680488,
					"omitted":	false,
					"sender":	false
				}],
			"sum":	{
				"start":	514.001075,
				"end":	515.001074,
				"seconds":	0.99999898672103882,
				"bytes":	12191312,
				"bits_per_second":	97530594.8256998,
				"jitter_ms":	0.056929798495504835,
				"lost_packets":	9719,
				"packets":	18763,
				"lost_percent":	51.798752864680488,
				"omitted":	false,
				"sender":	false
			}
		}, {
			"streams":	[{
					"socket":	5,
					"start":	515.001074,
					"end":	516.001061,
					"seconds":	0.999987006187439,
					"bytes":	12029552,
					"bits_per_second":	96237666.494199738,
					"jitter_ms":	0.058472257946804551,
					"lost_packets":	9622,
					"packets":	18546,
					"lost_percent":	51.881807397821632,
					"omitted":	false,
					"sender":	false
				}],
			"sum":	{
				"start":	515.001074,
				"end":	516.001061,
				"seconds":	0.999987006187439,
				"bytes":	12029552,
				"bits_per_second":	96237666.494199738,
				"jitter_ms":	0.058472257946804551,
				"lost_packets":	9622,
				"packets":	18546,
				"lost_percent":	51.881807397821632,
				"omitted":	false,
				"sender":	false
			}
		}, {
			"streams":	[{
					"socket":	5,
					"start":	516.001061,
					"end":	517.001073,
					"seconds":	1.0000120401382446,
					"bytes":	11858356,
					"bits_per_second":	94865705.803787455,
					"jitter_ms":	0.04323942403411881,
					"lost_packets":	9439,
					"packets":	18236,
					"lost_percent":	51.760254441763543,
					"omitted":	false,
					"sender":	false
				}],
			"sum":	{
				"start":	516.001061,
				"end":	517.001073,
				"seconds":	1.0000120401382446,
				"bytes":	11858356,
				"bits_per_second":	94865705.803787455,
				"jitter_ms":	0.04323942403411881,
				"lost_packets":	9439,
				"packets":	18236,
				"lost_percent":	51.760254441763543,
				"omitted":	false,
				"sender":	false
			}
		}, {
			"streams":	[{
					"socket":	5,
					"start":	517.001073,
					"end":	518.001073,
					"seconds":	1,
					"bytes":	12018768,
					"bits_per_second":	96150144,
					"jitter_ms":	0.0442670823742822,
					"lost_packets":	9629,
					"packets":	18545,
					"lost_percent":	51.922351038015634,
					"omitted":	false,
					"sender":	false
				}],
			"sum":	{
				"start":	517.001073,
				"end":	518.001073,
				"seconds":	1,
				"bytes":	12018768,
				"bits_per_second":	96150144,
				"jitter_ms":	0.0442670823742822,
				"lost_packets":	9629,
				"packets":	18545,
				"lost_percent":	51.922351038015634,
				"omitted":	false,
				"sender":	false
			}
		}, {
			"streams":	[{
					"socket":	5,
					"start":	518.001073,
					"end":	519.00106,
					"seconds":	0.999987006187439,
					"bytes":	12179180,
					"bits_per_second":	97434706.048307329,
					"jitter_ms":	0.044970770495039628,
					"lost_packets":	9862,
					"packets":	18897,
					"lost_percent":	52.188178017674765,
					"omitted":	false,
					"sender":	false
				}],
			"sum":	{
				"start":	518.001073,
				"end":	519.00106,
				"seconds":	0.999987006187439,
				"bytes":	12179180,
				"bits_per_second":	97434706.048307329,
				"jitter_ms":	0.044970770495039628,
				"lost_packets":	9862,
				"packets":	18897,
				"lost_percent":	52.188178017674765,
				"omitted":	false,
				"sender":	false
			}
		}, {
			"streams":	[{
					"socket":	5,
					"start":	519.00106,
					"end":	520.001075,
					"seconds":	1.0000150203704834,
					"bytes":	12013376,
					"bits_per_second":	96105564.4588163,
					"jitter_ms":	0.074950854879064027,
					"lost_packets":	9589,
					"packets":	18501,
					"lost_percent":	51.8296308307659,
					"omitted":	false,
					"sender":	false
				}],
			"sum":	{
				"start":	519.00106,
				"end":	520.001075,
				"seconds":	1.0000150203704834,
				"bytes":	12013376,
				"bits_per_second":	96105564.4588163,
				"jitter_ms":	0.074950854879064027,
				"lost_packets":	9589,
				"packets":	18501,
				"lost_percent":	51.8296308307659,
				"omitted":	false,
				"sender":	false
			}
		}, {
			"streams":	[{
					"socket":	5,
					"start":	520.001075,
					"end":	521.001078,
					"seconds":	1.0000029802322388,
					"bytes":	11803088,
					"bits_per_second":	94424422.593291655,
					"jitter_ms":	0.043406588269241618,
					"lost_packets":	9447,
					"packets":	18203,
					"lost_percent":	51.8980387848157,
					"omitted":	false,
					"sender":	false
				}],
			"sum":	{
				"start":	520.001075,
				"end":	521.001078,
				"seconds":	1.0000029802322388,
				"bytes":	11803088,
				"bits_per_second":	94424422.593291655,
				"jitter_ms":	0.043406588269241618,
				"lost_packets":	9447,
				"packets":	18203,
				"lost_percent":	51.8980387848157,
				"omitted":	false,
				"sender":	false
			}
		}, {
			"streams":	[{
					"socket":	5,
					"start":	521.001078,
					"end":	522.00052,
					"seconds":	0.99944198131561279,
					"bytes":	12061904,
					"bits_per_second":	96549108.20634006,
					"jitter_ms":	0.041237610852942,
					"lost_packets":	9636,
					"packets":	18584,
					"lost_percent":	51.851054670684462,
					"omitted":	false,
					"sender":	false
				}],
			"sum":	{
				"start":	521.001078,
				"end":	522.00052,
				"seconds":	0.99944198131561279,
				"bytes":	12061904,
				"bits_per_second":	96549108.20634006,
				"jitter_ms":	0.041237610852942,
				"lost_packets":	9636,
				"packets":	18584,
				"lost_percent":	51.851054670684462,
				"omitted":	false,
				"sender":	false
			}
		}, {
			"streams":	[{
					"socket":	5,
					"start":	522.00052,
					"end":	523.001059,
					"seconds":	1.0005389451980591,
					"bytes":	11823308,
					"bits_per_second":	94535514.5383935,
					"jitter_ms":	0.0710047073148698,
					"lost_packets":	9469,
					"packets":	18240,
					"lost_percent":	51.913377192982459,
					"omitted":	false,
					"sender":	false
				}],
			"sum":	{
				"start":	522.00052,
				"end":	523.001059,
				"seconds":	1.0005389451980591,
				"bytes":	11823308,
				"bits_per_second":	94535514.5383935,
				"jitter_ms":	0.0710047073148698,
				"lost_packets":	9469,
				"packets":	18240,
				"lost_percent":	51.913377192982459,
				"omitted":	false,
				"sender":	false
			}
		}, {
			"streams":	[{
					"socket":	5,
					"start":	523.001059,
					"end":	524.001072,
					"seconds":	1.000012993812561,
					"bytes":	12043032,
					"bits_per_second":	96343004.137062669,
					"jitter_ms":	0.0706042753246907,
					"lost_packets":	9612,
					"packets":	18546,
					"lost_percent":	51.827887415076027,
					"omitted":	false,
					"sender":	false
				}],
			"sum":	{
				"start":	523.001059,
				"end":	524.001072,
				"seconds":	1.000012993812561,
				"bytes":	12043032,
				"bits_per_second":	96343004.137062669,
				"jitter_ms":	0.0706042753246907,
				"lost_packets":	9612,
				"packets":	18546,
				"lost_percent":	51.827887415076027,
				"omitted":	false,
				"sender":	false
			}
		}, {
			"streams":	[{
					"socket":	5,
					"start":	524.001072,
					"end":	525.000213,
					"seconds":	0.999140977859497,
					"bytes":	12202096,
					"bits_per_second":	97700695.060199231,
					"jitter_ms":	0.016207094443114311,
					"lost_packets":	9800,
					"packets":	18852,
					"lost_percent":	51.983874389985147,
					"omitted":	false,
					"sender":	false
				}],
			"sum":	{
				"start":	524.001072,
				"end":	525.000213,
				"seconds":	0.999140977859497,
				"bytes":	12202096,
				"bits_per_second":	97700695.060199231,
				"jitter_ms":	0.016207094443114311,
				"lost_packets":	9800,
				"packets":	18852,
				"lost_percent":	51.983874389985147,
				"omitted":	false,
				"sender":	false
			}
		}, {
			"streams":	[{
					"socket":	5,
					"start":	525.000213,
					"end":	526.001063,
					"seconds":	1.0008499622344971,
					"bytes":	12016072,
					"bits_per_second":	96046939.728491768,
					"jitter_ms":	0.052333901596767311,
					"lost_packets":	9631,
					"packets":	18545,
					"lost_percent":	51.933135616069023,
					"omitted":	false,
					"sender":	false
				}],
			"sum":	{
				"start":	525.000213,
				"end":	526.001063,
				"seconds":	1.0008499622344971,
				"bytes":	12016072,
				"bits_per_second":	96046939.728491768,
				"jitter_ms":	0.052333901596767311,
				"lost_packets":	9631,
				"packets":	18545,
				"lost_percent":	51.933135616069023,
				"omitted":	false,
				"sender":	false
			}
		}, {
			"streams":	[{
					"socket":	5,
					"start":	526.001063,
					"end":	527.001075,
					"seconds":	1.0000120401382446,
					"bytes":	12061904,
					"bits_per_second":	96494070.198055029,
					"jitter_ms":	0.059067223348081233,
					"lost_packets":	9908,
					"packets":	18856,
					"lost_percent":	52.545608824777261,
					"omitted":	false,
					"sender":	false
				}],
			"sum":	{
				"start":	526.001063,
				"end":	527.001075,
				"seconds":	1.0000120401382446,
				"bytes":	12061904,
				"bits_per_second":	96494070.198055029,
				"jitter_ms":	0.059067223348081233,
				"lost_packets":	9908,
				"packets":	18856,
				"lost_percent":	52.545608824777261,
				"omitted":	false,
				"sender":	false
			}
		}, {
			"streams":	[{
					"socket":	5,
					"start":	527.001075,
					"end":	528.001071,
					"seconds":	0.9999960064888,
					"bytes":	12020116,
					"bits_per_second":	96161312.021276563,
					"jitter_ms":	0.0616005807744861,
					"lost_packets":	9629,
					"packets":	18546,
					"lost_percent":	51.91955138574356,
					"omitted":	false,
					"sender":	false
				}],
			"sum":	{
				"start":	527.001075,
				"end":	528.001071,
				"seconds":	0.9999960064888,
				"bytes":	12020116,
				"bits_per_second":	96161312.021276563,
				"jitter_ms":	0.0616005807744861,
				"lost_packets":	9629,
				"packets":	18546,
				"lost_percent":	51.91955138574356,
				"omitted":	false,
				"sender":	false
			}
		}, {
			"streams":	[{
					"socket":	5,
					"start":	528.001071,
					"end":	529.001058,
					"seconds":	0.999987006187439,
					"bytes":	11854312,
					"bits_per_second":	94835728.277677327,
					"jitter_ms":	0.0778216201696918,
					"lost_packets":	9581,
					"packets":	18375,
					"lost_percent":	52.141496598639456,
					"omitted":	false,
					"sender":	false
				}],
			"sum":	{
				"start":	528.001071,
				"end":	529.001058,
				"seconds":	0.999987006187439,
				"bytes":	11854312,
				"bits_per_second":	94835728.277677327,
				"jitter_ms":	0.0778216201696918,
				"lost_packets":	9581,
				"packets":	18375,
				"lost_percent":	52.141496598639456,
				"omitted":	false,
				"sender":	false
			}
		}, {
			"streams":	[{
					"socket":	5,
					"start":	529.001058,
					"end":	530.001071,
					"seconds":	1.000012993812561,
					"bytes":	12016072,
					"bits_per_second":	96127326.939531758,
					"jitter_ms":	0.0845001676335,
					"lost_packets":	9500,
					"packets":	18414,
					"lost_percent":	51.591180623438689,
					"omitted":	false,
					"sender":	false
				}],
			"sum":	{
				"start":	529.001058,
				"end":	530.001071,
				"seconds":	1.000012993812561,
				"bytes":	12016072,
				"bits_per_second":	96127326.939531758,
				"jitter_ms":	0.0845001676335,
				"lost_packets":	9500,
				"packets":	18414,
				"lost_percent":	51.591180623438689,
				"omitted":	false,
				"sender":	false
			}
		}, {
			"streams":	[{
					"socket":	5,
					"start":	530.001071,
					"end":	531.000163,
					"seconds":	0.9990919828414917,
					"bytes":	12191312,
					"bits_per_second":	97619135.850350872,
					"jitter_ms":	0.057543460086722953,
					"lost_packets":	9805,
					"packets":	18849,
					"lost_percent":	52.018674730754945,
					"omitted":	false,
					"sender":	false
				}],
			"sum":	{
				"start":	530.001071,
				"end":	531.000163,
				"seconds":	0.9990919828414917,
				"bytes":	12191312,
				"bits_per_second":	97619135.850350872,
				"jitter_ms":	0.057543460086722953,
				"lost_packets":	9805,
				"packets":	18849,
				"lost_percent":	52.018674730754945,
				"omitted":	false,
				"sender":	false
			}
		}, {
			"streams":	[{
					"socket":	5,
					"start":	531.000163,
					"end":	532.000444,
					"seconds":	1.0002809762954712,
					"bytes":	12026856,
					"bits_per_second":	96187821.50224486,
					"jitter_ms":	0.060154625521916756,
					"lost_packets":	9624,
					"packets":	18546,
					"lost_percent":	51.892591394370754,
					"omitted":	false,
					"sender":	false
				}],
			"sum":	{
				"start":	531.000163,
				"end":	532.000444,
				"seconds":	1.0002809762954712,
				"bytes":	12026856,
				"bits_per_second":	96187821.50224486,
				"jitter_ms":	0.060154625521916756,
				"lost_packets":	9624,
				"packets":	18546,
				"lost_percent":	51.892591394370754,
				"omitted":	false,
				"sender":	false
			}
		}, {
			"streams":	[{
					"socket":	5,
					"start":	532.000444,
					"end":	533.001079,
					"seconds":	1.000635027885437,
					"bytes":	11870488,
					"bits_per_second":	94903637.5437303,
					"jitter_ms":	0.080800137068930536,
					"lost_packets":	9513,
					"packets":	18319,
					"lost_percent":	51.9296904852885,
					"omitted":	false,
					"sender":	false
				}],
			"sum":	{
				"start":	532.000444,
				"end":	533.001079,
				"seconds":	1.000635027885437,
				"bytes":	11870488,
				"bits_per_second":	94903637.5437303,
				"jitter_ms":	0.080800137068930536,
				"lost_packets":	9513,
				"packets":	18319,
				"lost_percent":	51.9296904852885,
				"omitted":	false,
				"sender":	false
			}
		}, {
			"streams":	[{
					"socket":	5,
					"start":	533.001079,
					"end":	534.001076,
					"seconds":	0.99999701976776123,
					"bytes":	12003940,
					"bits_per_second":	96031806.19708477,
					"jitter_ms":	0.042459855938153851,
					"lost_packets":	9483,
					"packets":	18388,
					"lost_percent":	51.571677180770067,
					"omitted":	false,
					"sender":	false
				}],
			"sum":	{
				"start":	533.001079,
				"end":	534.001076,
				"seconds":	0.99999701976776123,
				"bytes":	12003940,
				"bits_per_second":	96031806.19708477,
				"jitter_ms":	0.042459855938153851,
				"lost_packets":	9483,
				"packets":	18388,
				"lost_percent":	51.571677180770067,
				"omitted":	false,
				"sender":	false
			}
		}, {
			"streams":	[{
					"socket":	5,
					"start":	534.001076,
					"end":	535.00106,
					"seconds":	0.9999840259552002,
					"bytes":	12172440,
					"bits_per_second":	97381075.5696638,
					"jitter_ms":	0.054300949708115089,
					"lost_packets":	9902,
					"packets":	18932,
					"lost_percent":	52.302979083034018,
					"omitted":	false,
					"sender":	false
				}],
			"sum":	{
				"start":	534.001076,
				"end":	535.00106,
				"seconds":	0.9999840259552002,
				"bytes":	12172440,
				"bits_per_second":	97381075.5696638,
				"jitter_ms":	0.054300949708115089,
				"lost_packets":	9902,
				"packets":	18932,
				"lost_percent":	52.302979083034018,
				"omitted":	false,
				"sender":	false
			}
		}, {
			"streams":	[{
					"socket":	5,
					"start":	535.00106,
					"end":	536.000173,
					"seconds":	0.99911302328109741,
					"bytes":	12045728,
					"bits_per_second":	96451374.123353571,
					"jitter_ms":	0.056200545874932381,
					"lost_packets":	9609,
					"packets":	18545,
					"lost_percent":	51.8145052574818,
					"omitted":	false,
					"sender":	false
				}],
			"sum":	{
				"start":	535.00106,
				"end":	536.000173,
				"seconds":	0.99911302328109741,
				"bytes":	12045728,
				"bits_per_second":	96451374.123353571,
				"jitter_ms":	0.056200545874932381,
				"lost_packets":	9609,
				"packets":	18545,
				"lost_percent":	51.8145052574818,
				"omitted":	false,
				"sender":	false
			}
		}, {
			"streams":	[{
					"socket":	5,
					"start":	536.000173,
					"end":	537.000219,
					"seconds":	1.0000460147857666,
					"bytes":	11879924,
					"bits_per_second":	95035018.983961135,
					"jitter_ms":	0.078503498446341621,
					"lost_packets":	9431,
					"packets":	18244,
					"lost_percent":	51.69370752028064,
					"omitted":	false,
					"sender":	false
				}],
			"sum":	{
				"start":	536.000173,
				"end":	537.000219,
				"seconds":	1.0000460147857666,
				"bytes":	11879924,
				"bits_per_second":	95035018.983961135,
				"jitter_ms":	0.078503498446341621,
				"lost_packets":	9431,
				"packets":	18244,
				"lost_percent":	51.69370752028064,
				"omitted":	false,
				"sender":	false
			}
		}, {
			"streams":	[{
					"socket":	5,
					"start":	537.000219,
					"end":	538.001076,
					"seconds":	1.0008569955825806,
					"bytes":	12034944,
					"bits_per_second":	96197111.500387162,
					"jitter_ms":	0.0754564989141989,
					"lost_packets":	9749,
					"packets":	18677,
					"lost_percent":	52.197890453498957,
					"omitted":	false,
					"sender":	false
				}],
			"sum":	{
				"start":	537.000219,
				"end":	538.001076,
				"seconds":	1.0008569955825806,
				"bytes":	12034944,
				"bits_per_second":	96197111.500387162,
				"jitter_ms":	0.0754564989141989,
				"lost_packets":	9749,
				"packets":	18677,
				"lost_percent":	52.197890453498957,
				"omitted":	false,
				"sender":	false
			}
		}, {
			"streams":	[{
					"socket":	5,
					"start":	538.001076,
					"end":	539.001062,
					"seconds":	0.99998599290847778,
					"bytes":	12173788,
					"bits_per_second":	97391668.1740096,
					"jitter_ms":	0.061409794378134284,
					"lost_packets":	9686,
					"packets":	18717,
					"lost_percent":	51.7497462200139,
					"omitted":	false,
					"sender":	false
				}],
			"sum":	{
				"start":	538.001076,
				"end":	539.001062,
				"seconds":	0.99998599290847778,
				"bytes":	12173788,
				"bits_per_second":	97391668.1740096,
				"jitter_ms":	0.061409794378134284,
				"lost_packets":	9686,
				"packets":	18717,
				"lost_percent":	51.7497462200139,
				"omitted":	false,
				"sender":	false
			}
		}, {
			"streams":	[{
					"socket":	5,
					"start":	539.001062,
					"end":	540.000176,
					"seconds":	0.99911397695541382,
					"bytes":	12006636,
					"bits_per_second":	96138268.7215539,
					"jitter_ms":	0.0574854538524408,
					"lost_packets":	9639,
					"packets":	18546,
					"lost_percent":	51.973471368489164,
					"omitted":	false,
					"sender":	false
				}],
			"sum":	{
				"start":	539.001062,
				"end":	540.000176,
				"seconds":	0.99911397695541382,
				"bytes":	12006636,
				"bits_per_second":	96138268.7215539,
				"jitter_ms":	0.0574854538524408,
				"lost_packets":	9639,
				"packets":	18546,
				"lost_percent":	51.973471368489164,
				"omitted":	false,
				"sender":	false
			}
		}, {
			"streams":	[{
					"socket":	5,
					"start":	540.000176,
					"end":	541.000219,
					"seconds":	1.0000430345535278,
					"bytes":	11870488,
					"bits_per_second":	94959817.4466531,
					"jitter_ms":	0.0763718158976196,
					"lost_packets":	9569,
					"packets":	18375,
					"lost_percent":	52.076190476190476,
					"omitted":	false,
					"sender":	false
				}],
			"sum":	{
				"start":	540.000176,
				"end":	541.000219,
				"seconds":	1.0000430345535278,
				"bytes":	11870488,
				"bits_per_second":	94959817.4466531,
				"jitter_ms":	0.0763718158976196,
				"lost_packets":	9569,
				"packets":	18375,
				"lost_percent":	52.076190476190476,
				"omitted":	false,
				"sender":	false
			}
		}, {
			"streams":	[{
					"socket":	5,
					"start":	541.000219,
					"end":	542.00106,
					"seconds":	1.0008410215377808,
					"bytes":	12018768,
					"bits_per_second":	96069347.609539837,
					"jitter_ms":	0.0806870299079814,
					"lost_packets":	9629,
					"packets":	18545,
					"lost_percent":	51.922351038015634,
					"omitted":	false,
					"sender":	false
				}],
			"sum":	{
				"start":	541.000219,
				"end":	542.00106,
				"seconds":	1.0008410215377808,
				"bytes":	12018768,
				"bits_per_second":	96069347.609539837,
				"jitter_ms":	0.0806870299079814,
				"lost_packets":	9629,
				"packets":	18545,
				"lost_percent":	51.922351038015634,
				"omitted":	false,
				"sender":	false
			}
		}, {
			"streams":	[{
					"socket":	5,
					"start":	542.00106,
					"end":	543.000185,
					"seconds":	0.99912500381469727,
					"bytes":	11828700,
					"bits_per_second":	94712473.052621633,
					"jitter_ms":	0.030633725873109974,
					"lost_packets":	9453,
					"packets":	18228,
					"lost_percent":	51.85977616853193,
					"omitted":	false,
					"sender":	false
				}],
			"sum":	{
				"start":	542.00106,
				"end":	543.000185,
				"seconds":	0.99912500381469727,
				"bytes":	11828700,
				"bits_per_second":	94712473.052621633,
				"jitter_ms":	0.030633725873109974,
				"lost_packets":	9453,
				"packets":	18228,
				"lost_percent":	51.85977616853193,
				"omitted":	false,
				"sender":	false
			}
		}, {
			"streams":	[{
					"socket":	5,
					"start":	543.000185,
					"end":	544.001075,
					"seconds":	1.0008900165557861,
					"bytes":	12022812,
					"bits_per_second":	96096968.107423544,
					"jitter_ms":	0.033504914761182961,
					"lost_packets":	9626,
					"packets":	18545,
					"lost_percent":	51.906174170935564,
					"omitted":	false,
					"sender":	false
				}],
			"sum":	{
				"start":	543.000185,
				"end":	544.001075,
				"seconds":	1.0008900165557861,
				"bytes":	12022812,
				"bits_per_second":	96096968.107423544,
				"jitter_ms":	0.033504914761182961,
				"lost_packets":	9626,
				"packets":	18545,
				"lost_percent":	51.906174170935564,
				"omitted":	false,
				"sender":	false
			}
		}, {
			"streams":	[{
					"socket":	5,
					"start":	544.001075,
					"end":	545.001059,
					"seconds":	0.9999840259552002,
					"bytes":	12204792,
					"bits_per_second":	97639895.704068229,
					"jitter_ms":	0.081871666734246978,
					"lost_packets":	9680,
					"packets":	18734,
					"lost_percent":	51.670759047720722,
					"omitted":	false,
					"sender":	false
				}],
			"sum":	{
				"start":	544.001075,
				"end":	545.001059,
				"seconds":	0.9999840259552002,
				"bytes":	12204792,
				"bits_per_second":	97639895.704068229,
				"jitter_ms":	0.081871666734246978,
				"lost_packets":	9680,
				"packets":	18734,
				"lost_percent":	51.670759047720722,
				"omitted":	false,
				"sender":	false
			}
		}, {
			"streams":	[{
					"socket":	5,
					"start":	545.001059,
					"end":	546.000205,
					"seconds":	0.9991459846496582,
					"bytes":	12001244,
					"bits_per_second":	96092016.056757763,
					"jitter_ms":	0.0756511032334852,
					"lost_packets":	9775,
					"packets":	18678,
					"lost_percent":	52.334297033943677,
					"omitted":	false,
					"sender":	false
				}],
			"sum":	{
				"start":	545.001059,
				"end":	546.000205,
				"seconds":	0.9991459846496582,
				"bytes":	12001244,
				"bits_per_second":	96092016.056757763,
				"jitter_ms":	0.0756511032334852,
				"lost_packets":	9775,
				"packets":	18678,
				"lost_percent":	52.334297033943677,
				"omitted":	false,
				"sender":	false
			}
		}, {
			"streams":	[{
					"socket":	5,
					"start":	546.000205,
					"end":	547.00106,
					"seconds":	1.0008549690246582,
					"bytes":	12034944,
					"bits_per_second":	96197306.2828726,
					"jitter_ms":	0.053829286286150274,
					"lost_packets":	9920,
					"packets":	18848,
					"lost_percent":	52.631578947368418,
					"omitted":	false,
					"sender":	false
				}],
			"sum":	{
				"start":	546.000205,
				"end":	547.00106,
				"seconds":	1.0008549690246582,
				"bytes":	12034944,
				"bits_per_second":	96197306.2828726,
				"jitter_ms":	0.053829286286150274,
				"lost_packets":	9920,
				"packets":	18848,
				"lost_percent":	52.631578947368418,
				"omitted":	false,
				"sender":	false
			}
		}, {
			"streams":	[{
					"socket":	5,
					"start":	547.00106,
					"end":	548.001077,
					"seconds":	1.0000170469284058,
					"bytes":	12013376,
					"bits_per_second":	96105369.698643342,
					"jitter_ms":	0.0600929027258918,
					"lost_packets":	9503,
					"packets":	18415,
					"lost_percent":	51.604670105891934,
					"omitted":	false,
					"sender":	false
				}],
			"sum":	{
				"start":	547.00106,
				"end":	548.001077,
				"seconds":	1.0000170469284058,
				"bytes":	12013376,
				"bits_per_second":	96105369.698643342,
				"jitter_ms":	0.0600929027258918,
				"lost_packets":	9503,
				"packets":	18415,
				"lost_percent":	51.604670105891934,
				"omitted":	false,
				"sender":	false
			}
		}, {
			"streams":	[{
					"socket":	5,
					"start":	548.001077,
					"end":	549.000227,
					"seconds":	0.999149978160858,
					"bytes":	11866444,
					"bits_per_second":	95012314.5423484,
					"jitter_ms":	0.07636290257135385,
					"lost_packets":	9440,
					"packets":	18243,
					"lost_percent":	51.745875130186924,
					"omitted":	false,
					"sender":	false
				}],
			"sum":	{
				"start":	548.001077,
				"end":	549.000227,
				"seconds":	0.999149978160858,
				"bytes":	11866444,
				"bits_per_second":	95012314.5423484,
				"jitter_ms":	0.07636290257135385,
				"lost_packets":	9440,
				"packets":	18243,
				"lost_percent":	51.745875130186924,
				"omitted":	false,
				"sender":	false
			}
		}, {
			"streams":	[{
					"socket":	5,
					"start":	549.000227,
					"end":	550.001075,
					"seconds":	1.0008480548858643,
					"bytes":	11701988,
					"bits_per_second":	93536579.8464542,
					"jitter_ms":	0.054101508888499718,
					"lost_packets":	9558,
					"packets":	18239,
					"lost_percent":	52.404188826141784,
					"omitted":	false,
					"sender":	false
				}],
			"sum":	{
				"start":	549.000227,
				"end":	550.001075,
				"seconds":	1.0008480548858643,
				"bytes":	11701988,
				"bits_per_second":	93536579.8464542,
				"jitter_ms":	0.054101508888499718,
				"lost_packets":	9558,
				"packets":	18239,
				"lost_percent":	52.404188826141784,
				"omitted":	false,
				"sender":	false
			}
		}, {
			"streams":	[{
					"socket":	5,
					"start":	550.001075,
					"end":	551.000259,
					"seconds":	0.999184012413025,
					"bytes":	12140088,
					"bits_per_second":	97200018.0081484,
					"jitter_ms":	0.031307531529497584,
					"lost_packets":	9660,
					"packets":	18666,
					"lost_percent":	51.751848280295725,
					"omitted":	false,
					"sender":	false
				}],
			"sum":	{
				"start":	550.001075,
				"end":	551.000259,
				"seconds":	0.999184012413025,
				"bytes":	12140088,
				"bits_per_second":	97200018.0081484,
				"jitter_ms":	0.031307531529497584,
				"lost_packets":	9660,
				"packets":	18666,
				"lost_percent":	51.751848280295725,
				"omitted":	false,
				"sender":	false
			}
		}, {
			"streams":	[{
					"socket":	5,
					"start":	551.000259,
					"end":	552.000233,
					"seconds":	0.999974012374878,
					"bytes":	12022812,
					"bits_per_second":	96184995.619608536,
					"jitter_ms":	0.0337012774429126,
					"lost_packets":	9496,
					"packets":	18415,
					"lost_percent":	51.566657616073854,
					"omitted":	false,
					"sender":	false
				}],
			"sum":	{
				"start":	551.000259,
				"end":	552.000233,
				"seconds":	0.999974012374878,
				"bytes":	12022812,
				"bits_per_second":	96184995.619608536,
				"jitter_ms":	0.0337012774429126,
				"lost_packets":	9496,
				"packets":	18415,
				"lost_percent":	51.566657616073854,
				"omitted":	false,
				"sender":	false
			}
		}, {
			"streams":	[{
					"socket":	5,
					"start":	552.000233,
					"end":	553.000246,
					"seconds":	1.000012993812561,
					"bytes":	11905536,
					"bits_per_second":	95243050.429654971,
					"jitter_ms":	0.053447468452603064,
					"lost_packets":	9576,
					"packets":	18408,
					"lost_percent":	52.020860495436764,
					"omitted":	false,
					"sender":	false
				}],
			"sum":	{
				"start":	552.000233,
				"end":	553.000246,
				"seconds":	1.000012993812561,
				"bytes":	11905536,
				"bits_per_second":	95243050.429654971,
				"jitter_ms":	0.053447468452603064,
				"lost_packets":	9576,
				"packets":	18408,
				"lost_percent":	52.020860495436764,
				"omitted":	false,
				"sender":	false
			}
		}, {
			"streams":	[{
					"socket":	5,
					"start":	553.000246,
					"end":	554.001113,
					"seconds":	1.0008670091629028,
					"bytes":	12110432,
					"bits_per_second":	96799529.920594156,
					"jitter_ms":	0.0893087268414162,
					"lost_packets":	10018,
					"packets":	19002,
					"lost_percent":	52.720766235133141,
					"omitted":	false,
					"sender":	false
				}],
			"sum":	{
				"start":	553.000246,
				"end":	554.001113,
				"seconds":	1.0008670091629028,
				"bytes":	12110432,
				"bits_per_second":	96799529.920594156,
				"jitter_ms":	0.0893087268414162,
				"lost_packets":	10018,
				"packets":	19002,
				"lost_percent":	52.720766235133141,
				"omitted":	false,
				"sender":	false
			}
		}, {
			"streams":	[{
					"socket":	5,
					"start":	554.001113,
					"end":	555.000185,
					"seconds":	0.999072015285492,
					"bytes":	11812524,
					"bits_per_second":	94587968.188655451,
					"jitter_ms":	0.033754793845614466,
					"lost_packets":	9465,
					"packets":	18228,
					"lost_percent":	51.925608953258724,
					"omitted":	false,
					"sender":	false
				}],
			"sum":	{
				"start":	554.001113,
				"end":	555.000185,
				"seconds":	0.999072015285492,
				"bytes":	11812524,
				"bits_per_second":	94587968.188655451,
				"jitter_ms":	0.033754793845614466,
				"lost_packets":	9465,
				"packets":	18228,
				"lost_percent":	51.925608953258724,
				"omitted":	false,
				"sender":	false
			}
		}, {
			"streams":	[{
					"socket":	5,
					"start":	555.000185,
					"end":	556.001062,
					"seconds":	1.0008770227432251,
					"bytes":	12016072,
					"bits_per_second":	96044342.926895,
					"jitter_ms":	0.034762783312074226,
					"lost_packets":	9631,
					"packets":	18545,
					"lost_percent":	51.933135616069023,
					"omitted":	false,
					"sender":	false
				}],
			"sum":	{
				"start":	555.000185,
				"end":	556.001062,
				"seconds":	1.0008770227432251,
				"bytes":	12016072,
				"bits_per_second":	96044342.926895,
				"jitter_ms":	0.034762783312074226,
				"lost_packets":	9631,
				"packets":	18545,
				"lost_percent":	51.933135616069023,
				"omitted":	false,
				"sender":	false
			}
		}, {
			"streams":	[{
					"socket":	5,
					"start":	556.001062,
					"end":	557.001076,
					"seconds":	1.0000139474868774,
					"bytes":	11877228,
					"bits_per_second":	95016498.758630425,
					"jitter_ms":	0.051784382555863165,
					"lost_packets":	9617,
					"packets":	18428,
					"lost_percent":	52.186889515953986,
					"omitted":	false,
					"sender":	false
				}],
			"sum":	{
				"start":	556.001062,
				"end":	557.001076,
				"seconds":	1.0000139474868774,
				"bytes":	11877228,
				"bits_per_second":	95016498.758630425,
				"jitter_ms":	0.051784382555863165,
				"lost_packets":	9617,
				"packets":	18428,
				"lost_percent":	52.186889515953986,
				"omitted":	false,
				"sender":	false
			}
		}, {
			"streams":	[{
					"socket":	5,
					"start":	557.001076,
					"end":	558.001075,
					"seconds":	0.99999898672103882,
					"bytes":	12006636,
					"bits_per_second":	96053185.328671843,
					"jitter_ms":	0.0360419070692373,
					"lost_packets":	9574,
					"packets":	18481,
					"lost_percent":	51.80455603051783,
					"omitted":	false,
					"sender":	false
				}],
			"sum":	{
				"start":	557.001076,
				"end":	558.001075,
				"seconds":	0.99999898672103882,
				"bytes":	12006636,
				"bits_per_second":	96053185.328671843,
				"jitter_ms":	0.0360419070692373,
				"lost_packets":	9574,
				"packets":	18481,
				"lost_percent":	51.80455603051783,
				"omitted":	false,
				"sender":	false
			}
		}, {
			"streams":	[{
					"socket":	5,
					"start":	558.001075,
					"end":	559.001061,
					"seconds":	0.99998599290847778,
					"bytes":	11921712,
					"bits_per_second":	95375031.92680113,
					"jitter_ms":	0.033578933072229353,
					"lost_packets":	9886,
					"packets":	18730,
					"lost_percent":	52.781633742658833,
					"omitted":	false,
					"sender":	false
				}],
			"sum":	{
				"start":	558.001075,
				"end":	559.001061,
				"seconds":	0.99998599290847778,
				"bytes":	11921712,
				"bits_per_second":	95375031.92680113,
				"jitter_ms":	0.033578933072229353,
				"lost_packets":	9886,
				"packets":	18730,
				"lost_percent":	52.781633742658833,
				"omitted":	false,
				"sender":	false
			}
		}, {
			"streams":	[{
					"socket":	5,
					"start":	559.001061,
					"end":	560.000176,
					"seconds":	0.999114990234375,
					"bytes":	12071340,
					"bits_per_second":	96656261.735544756,
					"jitter_ms":	0.034595302537516838,
					"lost_packets":	9702,
					"packets":	18657,
					"lost_percent":	52.001929570670526,
					"omitted":	false,
					"sender":	false
				}],
			"sum":	{
				"start":	559.001061,
				"end":	560.000176,
				"seconds":	0.999114990234375,
				"bytes":	12071340,
				"bits_per_second":	96656261.735544756,
				"jitter_ms":	0.034595302537516838,
				"lost_packets":	9702,
				"packets":	18657,
				"lost_percent":	52.001929570670526,
				"omitted":	false,
				"sender":	false
			}
		}, {
			"streams":	[{
					"socket":	5,
					"start":	560.000176,
					"end":	561.000161,
					"seconds":	0.9999849796295166,
					"bytes":	12114476,
					"bits_per_second":	96917263.7332075,
					"jitter_ms":	0.0873533582140433,
					"lost_packets":	9766,
					"packets":	18753,
					"lost_percent":	52.077001013171227,
					"omitted":	false,
					"sender":	false
				}],
			"sum":	{
				"start":	560.000176,
				"end":	561.000161,
				"seconds":	0.9999849796295166,
				"bytes":	12114476,
				"bits_per_second":	96917263.7332075,
				"jitter_ms":	0.0873533582140433,
				"lost_packets":	9766,
				"packets":	18753,
				"lost_percent":	52.077001013171227,
				"omitted":	false,
				"sender":	false
			}
		}, {
			"streams":	[{
					"socket":	5,
					"start":	561.000161,
					"end":	562.000166,
					"seconds":	1.0000050067901611,
					"bytes":	11971588,
					"bits_per_second":	95772224.488568723,
					"jitter_ms":	0.039008948081929361,
					"lost_packets":	9715,
					"packets":	18596,
					"lost_percent":	52.242417724241776,
					"omitted":	false,
					"sender":	false
				}],
			"sum":	{
				"start":	561.000161,
				"end":	562.000166,
				"seconds":	1.0000050067901611,
				"bytes":	11971588,
				"bits_per_second":	95772224.488568723,
				"jitter_ms":	0.039008948081929361,
				"lost_packets":	9715,
				"packets":	18596,
				"lost_percent":	52.242417724241776,
				"omitted":	false,
				"sender":	false
			}
		}, {
			"streams":	[{
					"socket":	5,
					"start":	562.000166,
					"end":	563.001062,
					"seconds":	1.0008959770202637,
					"bytes":	12107736,
					"bits_per_second":	96775179.662890166,
					"jitter_ms":	0.0582999713043455,
					"lost_packets":	9817,
					"packets":	18799,
					"lost_percent":	52.2208628118517,
					"omitted":	false,
					"sender":	false
				}],
			"sum":	{
				"start":	562.000166,
				"end":	563.001062,
				"seconds":	1.0008959770202637,
				"bytes":	12107736,
				"bits_per_second":	96775179.662890166,
				"jitter_ms":	0.0582999713043455,
				"lost_packets":	9817,
				"packets":	18799,
				"lost_percent":	52.2208628118517,
				"omitted":	false,
				"sender":	false
			}
		}, {
			"streams":	[{
					"socket":	5,
					"start":	563.001062,
					"end":	564.001066,
					"seconds":	1.0000040531158447,
					"bytes":	11857008,
					"bits_per_second":	94855679.5389423,
					"jitter_ms":	0.045307841439570444,
					"lost_packets":	8977,
					"packets":	17773,
					"lost_percent":	50.5091993473246,
					"omitted":	false,
					"sender":	false
				}],
			"sum":	{
				"start":	563.001062,
				"end":	564.001066,
				"seconds":	1.0000040531158447,
				"bytes":	11857008,
				"bits_per_second":	94855679.5389423,
				"jitter_ms":	0.045307841439570444,
				"lost_packets":	8977,
				"packets":	17773,
				"lost_percent":	50.5091993473246,
				"omitted":	false,
				"sender":	false
			}
		}, {
			"streams":	[{
					"socket":	5,
					"start":	564.001066,
					"end":	565.001063,
					"seconds":	0.99999701976776123,
					"bytes":	12006636,
					"bits_per_second":	96053374.2613626,
					"jitter_ms":	0.0896987480772641,
					"lost_packets":	10109,
					"packets":	19016,
					"lost_percent":	53.160496424063943,
					"omitted":	false,
					"sender":	false
				}],
			"sum":	{
				"start":	564.001066,
				"end":	565.001063,
				"seconds":	0.99999701976776123,
				"bytes":	12006636,
				"bits_per_second":	96053374.2613626,
				"jitter_ms":	0.0896987480772641,
				"lost_packets":	10109,
				"packets":	19016,
				"lost_percent":	53.160496424063943,
				"omitted":	false,
				"sender":	false
			}
		}, {
			"streams":	[{
					"socket":	5,
					"start":	565.001063,
					"end":	566.00107,
					"seconds":	1.0000070333480835,
					"bytes":	12188616,
					"bits_per_second":	97508242.190591663,
					"jitter_ms":	0.0594247857013079,
					"lost_packets":	9806,
					"packets":	18848,
					"lost_percent":	52.026740237691,
					"omitted":	false,
					"sender":	false
				}],
			"sum":	{
				"start":	565.001063,
				"end":	566.00107,
				"seconds":	1.0000070333480835,
				"bytes":	12188616,
				"bits_per_second":	97508242.190591663,
				"jitter_ms":	0.0594247857013079,
				"lost_packets":	9806,
				"packets":	18848,
				"lost_percent":	52.026740237691,
				"omitted":	false,
				"sender":	false
			}
		}, {
			"streams":	[{
					"socket":	5,
					"start":	566.00107,
					"end":	567.001059,
					"seconds":	0.99998897314071655,
					"bytes":	11656156,
					"bits_per_second":	93250276.257674441,
					"jitter_ms":	0.033253395011788041,
					"lost_packets":	9279,
					"packets":	17926,
					"lost_percent":	51.762802633046974,
					"omitted":	false,
					"sender":	false
				}],
			"sum":	{
				"start":	566.00107,
				"end":	567.001059,
				"seconds":	0.99998897314071655,
				"bytes":	11656156,
				"bits_per_second":	93250276.257674441,
				"jitter_ms":	0.033253395011788041,
				"lost_packets":	9279,
				"packets":	17926,
				"lost_percent":	51.762802633046974,
				"omitted":	false,
				"sender":	false
			}
		}, {
			"streams":	[{
					"socket":	5,
					"start":	567.001059,
					"end":	568.000349,
					"seconds":	0.99928998947143555,
					"bytes":	12188616,
					"bits_per_second":	97578209.556143329,
					"jitter_ms":	0.08235353566649,
					"lost_packets":	9860,
					"packets":	18902,
					"lost_percent":	52.1637921913025,
					"omitted":	false,
					"sender":	false
				}],
			"sum":	{
				"start":	567.001059,
				"end":	568.000349,
				"seconds":	0.99928998947143555,
				"bytes":	12188616,
				"bits_per_second":	97578209.556143329,
				"jitter_ms":	0.08235353566649,
				"lost_packets":	9860,
				"packets":	18902,
				"lost_percent":	52.1637921913025,
				"omitted":	false,
				"sender":	false
			}
		}, {
			"streams":	[{
					"socket":	5,
					"start":	568.000349,
					"end":	569.000213,
					"seconds":	0.99986398220062256,
					"bytes":	12020116,
					"bits_per_second":	96174009.377112776,
					"jitter_ms":	0.085467588217750953,
					"lost_packets":	9592,
					"packets":	18509,
					"lost_percent":	51.823437246744824,
					"omitted":	false,
					"sender":	false
				}],
			"sum":	{
				"start":	568.000349,
				"end":	569.000213,
				"seconds":	0.99986398220062256,
				"bytes":	12020116,
				"bits_per_second":	96174009.377112776,
				"jitter_ms":	0.085467588217750953,
				"lost_packets":	9592,
				"packets":	18509,
				"lost_percent":	51.823437246744824,
				"omitted":	false,
				"sender":	false
			}
		}, {
			"streams":	[{
					"socket":	5,
					"start":	569.000213,
					"end":	570.001072,
					"seconds":	1.0008590221405029,
					"bytes":	12169744,
					"bits_per_second":	97274391.1443031,
					"jitter_ms":	0.049174575988560176,
					"lost_packets":	9860,
					"packets":	18888,
					"lost_percent":	52.2024565861923,
					"omitted":	false,
					"sender":	false
				}],
			"sum":	{
				"start":	569.000213,
				"end":	570.001072,
				"seconds":	1.0008590221405029,
				"bytes":	12169744,
				"bits_per_second":	97274391.1443031,
				"jitter_ms":	0.049174575988560176,
				"lost_packets":	9860,
				"packets":	18888,
				"lost_percent":	52.2024565861923,
				"omitted":	false,
				"sender":	false
			}
		}, {
			"streams":	[{
					"socket":	5,
					"start":	570.001072,
					"end":	571.001059,
					"seconds":	0.999987006187439,
					"bytes":	11645372,
					"bits_per_second":	93164186.557977542,
					"jitter_ms":	0.035754876122146971,
					"lost_packets":	9245,
					"packets":	17884,
					"lost_percent":	51.694251845224784,
					"omitted":	false,
					"sender":	false
				}],
			"sum":	{
				"start":	570.001072,
				"end":	571.001059,
				"seconds":	0.999987006187439,
				"bytes":	11645372,
				"bits_per_second":	93164186.557977542,
				"jitter_ms":	0.035754876122146971,
				"lost_packets":	9245,
				"packets":	17884,
				"lost_percent":	51.694251845224784,
				"omitted":	false,
				"sender":	false
			}
		}, {
			"streams":	[{
					"socket":	5,
					"start":	571.001059,
					"end":	572.001068,
					"seconds":	1.0000089406967163,
					"bytes":	11896100,
					"bits_per_second":	95167949.1322297,
					"jitter_ms":	0.054879974836603229,
					"lost_packets":	9602,
					"packets":	18427,
					"lost_percent":	52.108319314050036,
					"omitted":	false,
					"sender":	false
				}],
			"sum":	{
				"start":	571.001059,
				"end":	572.001068,
				"seconds":	1.0000089406967163,
				"bytes":	11896100,
				"bits_per_second":	95167949.1322297,
				"jitter_ms":	0.054879974836603229,
				"lost_packets":	9602,
				"packets":	18427,
				"lost_percent":	52.108319314050036,
				"omitted":	false,
				"sender":	false
			}
		}, {
			"streams":	[{
					"socket":	5,
					"start":	572.001068,
					"end":	573.001061,
					"seconds":	0.99999302625656128,
					"bytes":	11994504,
					"bits_per_second":	95956701.177415237,
					"jitter_ms":	0.052096117099196024,
					"lost_packets":	9648,
					"packets":	18546,
					"lost_percent":	52.0219993529602,
					"omitted":	false,
					"sender":	false
				}],
			"sum":	{
				"start":	572.001068,
				"end":	573.001061,
				"seconds":	0.99999302625656128,
				"bytes":	11994504,
				"bits_per_second":	95956701.177415237,
				"jitter_ms":	0.052096117099196024,
				"lost_packets":	9648,
				"packets":	18546,
				"lost_percent":	52.0219993529602,
				"omitted":	false,
				"sender":	false
			}
		}, {
			"streams":	[{
					"socket":	5,
					"start":	573.001061,
					"end":	574.001075,
					"seconds":	1.0000139474868774,
					"bytes":	12121216,
					"bits_per_second":	96968375.5348547,
					"jitter_ms":	0.032057000020496156,
					"lost_packets":	9674,
					"packets":	18666,
					"lost_percent":	51.826850958962822,
					"omitted":	false,
					"sender":	false
				}],
			"sum":	{
				"start":	573.001061,
				"end":	574.001075,
				"seconds":	1.0000139474868774,
				"bytes":	12121216,
				"bits_per_second":	96968375.5348547,
				"jitter_ms":	0.032057000020496156,
				"lost_packets":	9674,
				"packets":	18666,
				"lost_percent":	51.826850958962822,
				"omitted":	false,
				"sender":	false
			}
		}, {
			"streams":	[{
					"socket":	5,
					"start":	574.001075,
					"end":	575.00106,
					"seconds":	0.9999849796295166,
					"bytes":	11912276,
					"bits_per_second":	95299639.435891256,
					"jitter_ms":	0.032607676561303256,
					"lost_packets":	9709,
					"packets":	18546,
					"lost_percent":	52.3509112477084,
					"omitted":	false,
					"sender":	false
				}],
			"sum":	{
				"start":	574.001075,
				"end":	575.00106,
				"seconds":	0.9999849796295166,
				"bytes":	11912276,
				"bits_per_second":	95299639.435891256,
				"jitter_ms":	0.032607676561303256,
				"lost_packets":	9709,
				"packets":	18546,
				"lost_percent":	52.3509112477084,
				"omitted":	false,
				"sender":	false
			}
		}, {
			"streams":	[{
					"socket":	5,
					"start":	575.00106,
					"end":	576.001075,
					"seconds":	1.0000150203704834,
					"bytes":	12195356,
					"bits_per_second":	97561382.5918886,
					"jitter_ms":	0.078614633244999926,
					"lost_packets":	9818,
					"packets":	18865,
					"lost_percent":	52.043466737344289,
					"omitted":	false,
					"sender":	false
				}],
			"sum":	{
				"start":	575.00106,
				"end":	576.001075,
				"seconds":	1.0000150203704834,
				"bytes":	12195356,
				"bits_per_second":	97561382.5918886,
				"jitter_ms":	0.078614633244999926,
				"lost_packets":	9818,
				"packets":	18865,
				"lost_percent":	52.043466737344289,
				"omitted":	false,
				"sender":	false
			}
		}, {
			"streams":	[{
					"socket":	5,
					"start":	576.001075,
					"end":	577.00106,
					"seconds":	0.9999849796295166,
					"bytes":	11997200,
					"bits_per_second":	95979041.6407641,
					"jitter_ms":	0.081346660786887362,
					"lost_packets":	9646,
					"packets":	18546,
					"lost_percent":	52.011215356411086,
					"omitted":	false,
					"sender":	false
				}],
			"sum":	{
				"start":	576.001075,
				"end":	577.00106,
				"seconds":	0.9999849796295166,
				"bytes":	11997200,
				"bits_per_second":	95979041.6407641,
				"jitter_ms":	0.081346660786887362,
				"lost_packets":	9646,
				"packets":	18546,
				"lost_percent":	52.011215356411086,
				"omitted":	false,
				"sender":	false
			}
		}, {
			"streams":	[{
					"socket":	5,
					"start":	577.00106,
					"end":	578.000189,
					"seconds":	0.99912899732589722,
					"bytes":	11789608,
					"bits_per_second":	94399085.8562136,
					"jitter_ms":	0.072252870742118835,
					"lost_packets":	9616,
					"packets":	18362,
					"lost_percent":	52.369022982245944,
					"omitted":	false,
					"sender":	false
				}],
			"sum":	{
				"start":	577.00106,
				"end":	578.000189,
				"seconds":	0.99912899732589722,
				"bytes":	11789608,
				"bits_per_second":	94399085.8562136,
				"jitter_ms":	0.072252870742118835,
				"lost_packets":	9616,
				"packets":	18362,
				"lost_percent":	52.369022982245944,
				"omitted":	false,
				"sender":	false
			}
		}, {
			"streams":	[{
					"socket":	5,
					"start":	578.000189,
					"end":	579.000168,
					"seconds":	0.999979019165039,
					"bytes":	11924408,
					"bits_per_second":	95397265.5142835,
					"jitter_ms":	0.0609695013117707,
					"lost_packets":	9703,
					"packets":	18549,
					"lost_percent":	52.310097579384333,
					"omitted":	false,
					"sender":	false
				}],
			"sum":	{
				"start":	578.000189,
				"end":	579.000168,
				"seconds":	0.999979019165039,
				"bytes":	11924408,
				"bits_per_second":	95397265.5142835,
				"jitter_ms":	0.0609695013117707,
				"lost_packets":	9703,
				"packets":	18549,
				"lost_percent":	52.310097579384333,
				"omitted":	false,
				"sender":	false
			}
		}, {
			"streams":	[{
					"socket":	5,
					"start":	579.000168,
					"end":	580.001063,
					"seconds":	1.0008950233459473,
					"bytes":	12208836,
					"bits_per_second":	97583348.6248051,
					"jitter_ms":	0.085323160189073335,
					"lost_packets":	9799,
					"packets":	18856,
					"lost_percent":	51.9675434874841,
					"omitted":	false,
					"sender":	false
				}],
			"sum":	{
				"start":	579.000168,
				"end":	580.001063,
				"seconds":	1.0008950233459473,
				"bytes":	12208836,
				"bits_per_second":	97583348.6248051,
				"jitter_ms":	0.085323160189073335,
				"lost_packets":	9799,
				"packets":	18856,
				"lost_percent":	51.9675434874841,
				"omitted":	false,
				"sender":	false
			}
		}, {
			"streams":	[{
					"socket":	5,
					"start":	580.001063,
					"end":	581.001077,
					"seconds":	1.0000139474868774,
					"bytes":	11999896,
					"bits_per_second":	95997829.071538761,
					"jitter_ms":	0.0826095982999755,
					"lost_packets":	9514,
					"packets":	18416,
					"lost_percent":	51.661598609904431,
					"omitted":	false,
					"sender":	false
				}],
			"sum":	{
				"start":	580.001063,
				"end":	581.001077,
				"seconds":	1.0000139474868774,
				"bytes":	11999896,
				"bits_per_second":	95997829.071538761,
				"jitter_ms":	0.0826095982999755,
				"lost_packets":	9514,
				"packets":	18416,
				"lost_percent":	51.661598609904431,
				"omitted":	false,
				"sender":	false
			}
		}, {
			"streams":	[{
					"socket":	5,
					"start":	581.001077,
					"end":	582.00107,
					"seconds":	0.99999302625656128,
					"bytes":	11803088,
					"bits_per_second":	94425362.498252168,
					"jitter_ms":	0.072373597058491029,
					"lost_packets":	9607,
					"packets":	18363,
					"lost_percent":	52.317159505527421,
					"omitted":	false,
					"sender":	false
				}],
			"sum":	{
				"start":	581.001077,
				"end":	582.00107,
				"seconds":	0.99999302625656128,
				"bytes":	11803088,
				"bits_per_second":	94425362.498252168,
				"jitter_ms":	0.072373597058491029,
				"lost_packets":	9607,
				"packets":	18363,
				"lost_percent":	52.317159505527421,
				"omitted":	false,
				"sender":	false
			}
		}, {
			"streams":	[{
					"socket":	5,
					"start":	582.00107,
					"end":	583.001067,
					"seconds":	0.99999701976776123,
					"bytes":	12020116,
					"bits_per_second":	96161214.582751825,
					"jitter_ms":	0.033372136544959151,
					"lost_packets":	9568,
					"packets":	18485,
					"lost_percent":	51.760887205842572,
					"omitted":	false,
					"sender":	false
				}],
			"sum":	{
				"start":	582.00107,
				"end":	583.001067,
				"seconds":	0.99999701976776123,
				"bytes":	12020116,
				"bits_per_second":	96161214.582751825,
				"jitter_ms":	0.033372136544959151,
				"lost_packets":	9568,
				"packets":	18485,
				"lost_percent":	51.760887205842572,
				"omitted":	false,
				"sender":	false
			}
		}, {
			"streams":	[{
					"socket":	5,
					"start":	583.001067,
					"end":	584.00106,
					"seconds":	0.99999302625656128,
					"bytes":	12207488,
					"bits_per_second":	97660585.0598643,
					"jitter_ms":	0.094773330158772956,
					"lost_packets":	9734,
					"packets":	18790,
					"lost_percent":	51.804151144225649,
					"omitted":	false,
					"sender":	false
				}],
			"sum":	{
				"start":	583.001067,
				"end":	584.00106,
				"seconds":	0.99999302625656128,
				"bytes":	12207488,
				"bits_per_second":	97660585.0598643,
				"jitter_ms":	0.094773330158772956,
				"lost_packets":	9734,
				"packets":	18790,
				"lost_percent":	51.804151144225649,
				"omitted":	false,
				"sender":	false
			}
		}, {
			"streams":	[{
					"socket":	5,
					"start":	584.00106,
					"end":	585.000163,
					"seconds":	0.999103009700775,
					"bytes":	11983720,
					"bits_per_second":	95955831.449964672,
					"jitter_ms":	0.04269756097284666,
					"lost_packets":	9798,
					"packets":	18688,
					"lost_percent":	52.429366438356162,
					"omitted":	false,
					"sender":	false
				}],
			"sum":	{
				"start":	584.00106,
				"end":	585.000163,
				"seconds":	0.999103009700775,
				"bytes":	11983720,
				"bits_per_second":	95955831.449964672,
				"jitter_ms":	0.04269756097284666,
				"lost_packets":	9798,
				"packets":	18688,
				"lost_percent":	52.429366438356162,
				"omitted":	false,
				"sender":	false
			}
		}, {
			"streams":	[{
					"socket":	5,
					"start":	585.000163,
					"end":	586.001063,
					"seconds":	1.0009000301361084,
					"bytes":	11809828,
					"bits_per_second":	94393666.855172575,
					"jitter_ms":	0.03360193846196758,
					"lost_packets":	9325,
					"packets":	18086,
					"lost_percent":	51.559217073979873,
					"omitted":	false,
					"sender":	false
				}],
			"sum":	{
				"start":	585.000163,
				"end":	586.001063,
				"seconds":	1.0009000301361084,
				"bytes":	11809828,
				"bits_per_second":	94393666.855172575,
				"jitter_ms":	0.03360193846196758,
				"lost_packets":	9325,
				"packets":	18086,
				"lost_percent":	51.559217073979873,
				"omitted":	false,
				"sender":	false
			}
		}, {
			"streams":	[{
					"socket":	5,
					"start":	586.001063,
					"end":	587.000309,
					"seconds":	0.99924600124359131,
					"bytes":	11999896,
					"bits_per_second":	96071605.8713532,
					"jitter_ms":	0.0332594779635896,
					"lost_packets":	9644,
					"packets":	18546,
					"lost_percent":	52.000431359861963,
					"omitted":	false,
					"sender":	false
				}],
			"sum":	{
				"start":	586.001063,
				"end":	587.000309,
				"seconds":	0.99924600124359131,
				"bytes":	11999896,
				"bits_per_second":	96071605.8713532,
				"jitter_ms":	0.0332594779635896,
				"lost_packets":	9644,
				"packets":	18546,
				"lost_percent":	52.000431359861963,
				"omitted":	false,
				"sender":	false
			}
		}, {
			"streams":	[{
					"socket":	5,
					"start":	587.000309,
					"end":	588.000541,
					"seconds":	1.0002319812774658,
					"bytes":	12185920,
					"bits_per_second":	97464750.002786472,
					"jitter_ms":	0.041986499450565311,
					"lost_packets":	9966,
					"packets":	19006,
					"lost_percent":	52.436072819109754,
					"omitted":	false,
					"sender":	false
				}],
			"sum":	{
				"start":	587.000309,
				"end":	588.000541,
				"seconds":	1.0002319812774658,
				"bytes":	12185920,
				"bits_per_second":	97464750.002786472,
				"jitter_ms":	0.041986499450565311,
				"lost_packets":	9966,
				"packets":	19006,
				"lost_percent":	52.436072819109754,
				"omitted":	false,
				"sender":	false
			}
		}, {
			"streams":	[{
					"socket":	5,
					"start":	588.000541,
					"end":	589.001075,
					"seconds":	1.0005340576171875,
					"bytes":	12013376,
					"bits_per_second":	96055708.7170853,
					"jitter_ms":	0.078488984441865542,
					"lost_packets":	9493,
					"packets":	18405,
					"lost_percent":	51.578375441456124,
					"omitted":	false,
					"sender":	false
				}],
			"sum":	{
				"start":	588.000541,
				"end":	589.001075,
				"seconds":	1.0005340576171875,
				"bytes":	12013376,
				"bits_per_second":	96055708.7170853,
				"jitter_ms":	0.078488984441865542,
				"lost_packets":	9493,
				"packets":	18405,
				"lost_percent":	51.578375441456124,
				"omitted":	false,
				"sender":	false
			}
		}, {
			"streams":	[{
					"socket":	5,
					"start":	589.001075,
					"end":	590.001076,
					"seconds":	1.0000009536743164,
					"bytes":	12149524,
					"bits_per_second":	97196099.306576431,
					"jitter_ms":	0.0895644600140173,
					"lost_packets":	9976,
					"packets":	18989,
					"lost_percent":	52.5356785507399,
					"omitted":	false,
					"sender":	false
				}],
			"sum":	{
				"start":	589.001075,
				"end":	590.001076,
				"seconds":	1.0000009536743164,
				"bytes":	12149524,
				"bits_per_second":	97196099.306576431,
				"jitter_ms":	0.0895644600140173,
				"lost_packets":	9976,
				"packets":	18989,
				"lost_percent":	52.5356785507399,
				"omitted":	false,
				"sender":	false
			}
		}, {
			"streams":	[{
					"socket":	5,
					"start":	590.001076,
					"end":	591.000299,
					"seconds":	0.999222993850708,
					"bytes":	11665592,
					"bits_per_second":	93397306.2813079,
					"jitter_ms":	0.033619137084398773,
					"lost_packets":	9130,
					"packets":	17784,
					"lost_percent":	51.3382816014395,
					"omitted":	false,
					"sender":	false
				}],
			"sum":	{
				"start":	590.001076,
				"end":	591.000299,
				"seconds":	0.999222993850708,
				"bytes":	11665592,
				"bits_per_second":	93397306.2813079,
				"jitter_ms":	0.033619137084398773,
				"lost_packets":	9130,
				"packets":	17784,
				"lost_percent":	51.3382816014395,
				"omitted":	false,
				"sender":	false
			}
		}, {
			"streams":	[{
					"socket":	5,
					"start":	591.000299,
					"end":	592.001073,
					"seconds":	1.0007740259170532,
					"bytes":	12198052,
					"bits_per_second":	97508941.552094251,
					"jitter_ms":	0.08716858627280924,
					"lost_packets":	9815,
					"packets":	18864,
					"lost_percent":	52.030322307039867,
					"omitted":	false,
					"sender":	false
				}],
			"sum":	{
				"start":	591.000299,
				"end":	592.001073,
				"seconds":	1.0007740259170532,
				"bytes":	12198052,
				"bits_per_second":	97508941.552094251,
				"jitter_ms":	0.08716858627280924,
				"lost_packets":	9815,
				"packets":	18864,
				"lost_percent":	52.030322307039867,
				"omitted":	false,
				"sender":	false
			}
		}, {
			"streams":	[{
					"socket":	5,
					"start":	592.001073,
					"end":	593.001062,
					"seconds":	0.99998897314071655,
					"bytes":	11994504,
					"bits_per_second":	95957090.105329841,
					"jitter_ms":	0.0814053895205487,
					"lost_packets":	9557,
					"packets":	18455,
					"lost_percent":	51.785424004334871,
					"omitted":	false,
					"sender":	false
				}],
			"sum":	{
				"start":	592.001073,
				"end":	593.001062,
				"seconds":	0.99998897314071655,
				"bytes":	11994504,
				"bits_per_second":	95957090.105329841,
				"jitter_ms":	0.0814053895205487,
				"lost_packets":	9557,
				"packets":	18455,
				"lost_percent":	51.785424004334871,
				"omitted":	false,
				"sender":	false
			}
		}, {
			"streams":	[{
					"socket":	5,
					"start":	593.001062,
					"end":	594.000172,
					"seconds":	0.999109983444214,
					"bytes":	11815220,
					"bits_per_second":	94605960.871451646,
					"jitter_ms":	0.031139413949299657,
					"lost_packets":	9258,
					"packets":	18023,
					"lost_percent":	51.367696831826,
					"omitted":	false,
					"sender":	false
				}],
			"sum":	{
				"start":	593.001062,
				"end":	594.000172,
				"seconds":	0.999109983444214,
				"bytes":	11815220,
				"bits_per_second":	94605960.871451646,
				"jitter_ms":	0.031139413949299657,
				"lost_packets":	9258,
				"packets":	18023,
				"lost_percent":	51.367696831826,
				"omitted":	false,
				"sender":	false
			}
		}, {
			"streams":	[{
					"socket":	5,
					"start":	594.000172,
					"end":	595.001075,
					"seconds":	1.0009030103683472,
					"bytes":	12017420,
					"bits_per_second":	96052623.485086024,
					"jitter_ms":	0.0827797173617881,
					"lost_packets":	9967,
					"packets":	18882,
					"lost_percent":	52.785721851498785,
					"omitted":	false,
					"sender":	false
				}],
			"sum":	{
				"start":	594.000172,
				"end":	595.001075,
				"seconds":	1.0009030103683472,
				"bytes":	12017420,
				"bits_per_second":	96052623.485086024,
				"jitter_ms":	0.0827797173617881,
				"lost_packets":	9967,
				"packets":	18882,
				"lost_percent":	52.785721851498785,
				"omitted":	false,
				"sender":	false
			}
		}, {
			"streams":	[{
					"socket":	5,
					"start":	595.001075,
					"end":	596.000187,
					"seconds":	0.99911201000213623,
					"bytes":	12188616,
					"bits_per_second":	97595591.9094512,
					"jitter_ms":	0.0865891421144464,
					"lost_packets":	9783,
					"packets":	18825,
					"lost_percent":	51.968127490039841,
					"omitted":	false,
					"sender":	false
				}],
			"sum":	{
				"start":	595.001075,
				"end":	596.000187,
				"seconds":	0.99911201000213623,
				"bytes":	12188616,
				"bits_per_second":	97595591.9094512,
				"jitter_ms":	0.0865891421144464,
				"lost_packets":	9783,
				"packets":	18825,
				"lost_percent":	51.968127490039841,
				"omitted":	false,
				"sender":	false
			}
		}, {
			"streams":	[{
					"socket":	5,
					"start":	596.000187,
					"end":	597.000176,
					"seconds":	0.99998897314071655,
					"bytes":	11983720,
					"bits_per_second":	95870817.154010147,
					"jitter_ms":	0.08902723437618143,
					"lost_packets":	9655,
					"packets":	18545,
					"lost_percent":	52.062550552709624,
					"omitted":	false,
					"sender":	false
				}],
			"sum":	{
				"start":	596.000187,
				"end":	597.000176,
				"seconds":	0.99998897314071655,
				"bytes":	11983720,
				"bits_per_second":	95870817.154010147,
				"jitter_ms":	0.08902723437618143,
				"lost_packets":	9655,
				"packets":	18545,
				"lost_percent":	52.062550552709624,
				"omitted":	false,
				"sender":	false
			}
		}, {
			"streams":	[{
					"socket":	5,
					"start":	597.000176,
					"end":	598.001058,
					"seconds":	1.0008820295333862,
					"bytes":	11785564,
					"bits_per_second":	94201423.562331,
					"jitter_ms":	0.048497198023862931,
					"lost_packets":	9460,
					"packets":	18203,
					"lost_percent":	51.969455584244358,
					"omitted":	false,
					"sender":	false
				}],
			"sum":	{
				"start":	597.000176,
				"end":	598.001058,
				"seconds":	1.0008820295333862,
				"bytes":	11785564,
				"bits_per_second":	94201423.562331,
				"jitter_ms":	0.048497198023862931,
				"lost_packets":	9460,
				"packets":	18203,
				"lost_percent":	51.969455584244358,
				"omitted":	false,
				"sender":	false
			}
		}, {
			"streams":	[{
					"socket":	5,
					"start":	598.001058,
					"end":	599.000608,
					"seconds":	0.9995499849319458,
					"bytes":	12040336,
					"bits_per_second":	96366054.1764283,
					"jitter_ms":	0.037166568689001658,
					"lost_packets":	9637,
					"packets":	18569,
					"lost_percent":	51.898325165598578,
					"omitted":	false,
					"sender":	false
				}],
			"sum":	{
				"start":	598.001058,
				"end":	599.000608,
				"seconds":	0.9995499849319458,
				"bytes":	12040336,
				"bits_per_second":	96366054.1764283,
				"jitter_ms":	0.037166568689001658,
				"lost_packets":	9637,
				"packets":	18569,
				"lost_percent":	51.898325165598578,
				"omitted":	false,
				"sender":	false
			}
		}, {
			"streams":	[{
					"socket":	5,
					"start":	599.000608,
					"end":	600.001062,
					"seconds":	1.0004539489746094,
					"bytes":	12188616,
					"bits_per_second":	97464684.006634563,
					"jitter_ms":	0.041652224027567783,
					"lost_packets":	9817,
					"packets":	18859,
					"lost_percent":	52.054721883450874,
					"omitted":	false,
					"sender":	false
				}],
			"sum":	{
				"start":	599.000608,
				"end":	600.001062,
				"seconds":	1.0004539489746094,
				"bytes":	12188616,
				"bits_per_second":	97464684.006634563,
				"jitter_ms":	0.041652224027567783,
				"lost_packets":	9817,
				"packets":	18859,
				"lost_percent":	52.054721883450874,
				"omitted":	false,
				"sender":	false
			}
		}, {
			"streams":	[{
					"socket":	5,
					"start":	600.001062,
					"end":	601.001074,
					"seconds":	1.0000120401382446,
					"bytes":	12006636,
					"bits_per_second":	96051931.521465823,
					"jitter_ms":	0.087014141394745,
					"lost_packets":	9646,
					"packets":	18553,
					"lost_percent":	51.9915916563359,
					"omitted":	false,
					"sender":	false
				}],
			"sum":	{
				"start":	600.001062,
				"end":	601.001074,
				"seconds":	1.0000120401382446,
				"bytes":	12006636,
				"bits_per_second":	96051931.521465823,
				"jitter_ms":	0.087014141394745,
				"lost_packets":	9646,
				"packets":	18553,
				"lost_percent":	51.9915916563359,
				"omitted":	false,
				"sender":	false
			}
		}, {
			"streams":	[{
					"socket":	5,
					"start":	601.001074,
					"end":	602.000234,
					"seconds":	0.99915999174118042,
					"bytes":	12146828,
					"bits_per_second":	97256320.112116575,
					"jitter_ms":	0.077411547442657921,
					"lost_packets":	9833,
					"packets":	18844,
					"lost_percent":	52.1810655911696,
					"omitted":	false,
					"sender":	false
				}],
			"sum":	{
				"start":	601.001074,
				"end":	602.000234,
				"seconds":	0.99915999174118042,
				"bytes":	12146828,
				"bits_per_second":	97256320.112116575,
				"jitter_ms":	0.077411547442657921,
				"lost_packets":	9833,
				"packets":	18844,
				"lost_percent":	52.1810655911696,
				"omitted":	false,
				"sender":	false
			}
		}, {
			"streams":	[{
					"socket":	5,
					"start":	602.000234,
					"end":	603.001061,
					"seconds":	1.0008269548416138,
					"bytes":	12022812,
					"bits_per_second":	96103023.1397209,
					"jitter_ms":	0.071856687537433753,
					"lost_packets":	9629,
					"packets":	18548,
					"lost_percent":	51.91395298684494,
					"omitted":	false,
					"sender":	false
				}],
			"sum":	{
				"start":	602.000234,
				"end":	603.001061,
				"seconds":	1.0008269548416138,
				"bytes":	12022812,
				"bits_per_second":	96103023.1397209,
				"jitter_ms":	0.071856687537433753,
				"lost_packets":	9629,
				"packets":	18548,
				"lost_percent":	51.91395298684494,
				"omitted":	false,
				"sender":	false
			}
		}, {
			"streams":	[{
					"socket":	5,
					"start":	603.001061,
					"end":	604.000174,
					"seconds":	0.99911302328109741,
					"bytes":	11754560,
					"bits_per_second":	94119962.21526894,
					"jitter_ms":	0.051969572773910948,
					"lost_packets":	9460,
					"packets":	18180,
					"lost_percent":	52.035203520352034,
					"omitted":	false,
					"sender":	false
				}],
			"sum":	{
				"start":	603.001061,
				"end":	604.000174,
				"seconds":	0.99911302328109741,
				"bytes":	11754560,
				"bits_per_second":	94119962.21526894,
				"jitter_ms":	0.051969572773910948,
				"lost_packets":	9460,
				"packets":	18180,
				"lost_percent":	52.035203520352034,
				"omitted":	false,
				"sender":	false
			}
		}, {
			"streams":	[{
					"socket":	5,
					"start":	604.000174,
					"end":	605.001319,
					"seconds":	1.0011450052261353,
					"bytes":	12049772,
					"bits_per_second":	96287925.8217204,
					"jitter_ms":	0.042056944156013375,
					"lost_packets":	9651,
					"packets":	18590,
					"lost_percent":	51.91500806885422,
					"omitted":	false,
					"sender":	false
				}],
			"sum":	{
				"start":	604.000174,
				"end":	605.001319,
				"seconds":	1.0011450052261353,
				"bytes":	12049772,
				"bits_per_second":	96287925.8217204,
				"jitter_ms":	0.042056944156013375,
				"lost_packets":	9651,
				"packets":	18590,
				"lost_percent":	51.91500806885422,
				"omitted":	false,
				"sender":	false
			}
		}, {
			"streams":	[{
					"socket":	5,
					"start":	605.001319,
					"end":	606.000247,
					"seconds":	0.9989280104637146,
					"bytes":	12215576,
					"bits_per_second":	97829480.179092228,
					"jitter_ms":	0.075168206017532949,
					"lost_packets":	9805,
					"packets":	18867,
					"lost_percent":	51.96904648327768,
					"omitted":	false,
					"sender":	false
				}],
			"sum":	{
				"start":	605.001319,
				"end":	606.000247,
				"seconds":	0.9989280104637146,
				"bytes":	12215576,
				"bits_per_second":	97829480.179092228,
				"jitter_ms":	0.075168206017532949,
				"lost_packets":	9805,
				"packets":	18867,
				"lost_percent":	51.96904648327768,
				"omitted":	false,
				"sender":	false
			}
		}, {
			"streams":	[{
					"socket":	5,
					"start":	606.000247,
					"end":	607.00108,
					"seconds":	1.0008330345153809,
					"bytes":	11683116,
					"bits_per_second":	93387133.29467307,
					"jitter_ms":	0.0361475517292077,
					"lost_packets":	9262,
					"packets":	17929,
					"lost_percent":	51.659322884711919,
					"omitted":	false,
					"sender":	false
				}],
			"sum":	{
				"start":	606.000247,
				"end":	607.00108,
				"seconds":	1.0008330345153809,
				"bytes":	11683116,
				"bits_per_second":	93387133.29467307,
				"jitter_ms":	0.0361475517292077,
				"lost_packets":	9262,
				"packets":	17929,
				"lost_percent":	51.659322884711919,
				"omitted":	false,
				"sender":	false
			}
		}, {
			"streams":	[{
					"socket":	5,
					"start":	607.00108,
					"end":	608.00016,
					"seconds":	0.999080002307892,
					"bytes":	12204792,
					"bits_per_second":	97728245.7605535,
					"jitter_ms":	0.089176973492865824,
					"lost_packets":	9811,
					"packets":	18865,
					"lost_percent":	52.006360985952824,
					"omitted":	false,
					"sender":	false
				}],
			"sum":	{
				"start":	607.00108,
				"end":	608.00016,
				"seconds":	0.999080002307892,
				"bytes":	12204792,
				"bits_per_second":	97728245.7605535,
				"jitter_ms":	0.089176973492865824,
				"lost_packets":	9811,
				"packets":	18865,
				"lost_percent":	52.006360985952824,
				"omitted":	false,
				"sender":	false
			}
		}, {
			"streams":	[{
					"socket":	5,
					"start":	608.00016,
					"end":	609.001061,
					"seconds":	1.0009009838104248,
					"bytes":	12013376,
					"bits_per_second":	96020495.088456333,
					"jitter_ms":	0.0773652616182429,
					"lost_packets":	9634,
					"packets":	18546,
					"lost_percent":	51.946511377116359,
					"omitted":	false,
					"sender":	false
				}],
			"sum":	{
				"start":	608.00016,
				"end":	609.001061,
				"seconds":	1.0009009838104248,
				"bytes":	12013376,
				"bits_per_second":	96020495.088456333,
				"jitter_ms":	0.0773652616182429,
				"lost_packets":	9634,
				"packets":	18546,
				"lost_percent":	51.946511377116359,
				"omitted":	false,
				"sender":	false
			}
		}, {
			"streams":	[{
					"socket":	5,
					"start":	609.001061,
					"end":	610.000185,
					"seconds":	0.999123990535736,
					"bytes":	11799044,
					"bits_per_second":	94475113.093207046,
					"jitter_ms":	0.0340562214716761,
					"lost_packets":	9474,
					"packets":	18227,
					"lost_percent":	51.977835079826633,
					"omitted":	false,
					"sender":	false
				}],
			"sum":	{
				"start":	609.001061,
				"end":	610.000185,
				"seconds":	0.999123990535736,
				"bytes":	11799044,
				"bits_per_second":	94475113.093207046,
				"jitter_ms":	0.0340562214716761,
				"lost_packets":	9474,
				"packets":	18227,
				"lost_percent":	51.977835079826633,
				"omitted":	false,
				"sender":	false
			}
		}, {
			"streams":	[{
					"socket":	5,
					"start":	610.000185,
					"end":	611.000194,
					"seconds":	1.0000089406967163,
					"bytes":	11799044,
					"bits_per_second":	94391508.0741537,
					"jitter_ms":	0.040383763960958,
					"lost_packets":	9567,
					"packets":	18320,
					"lost_percent":	52.221615720524021,
					"omitted":	false,
					"sender":	false
				}],
			"sum":	{
				"start":	610.000185,
				"end":	611.000194,
				"seconds":	1.0000089406967163,
				"bytes":	11799044,
				"bits_per_second":	94391508.0741537,
				"jitter_ms":	0.040383763960958,
				"lost_packets":	9567,
				"packets":	18320,
				"lost_percent":	52.221615720524021,
				"omitted":	false,
				"sender":	false
			}
		}, {
			"streams":	[{
					"socket":	5,
					"start":	611.000194,
					"end":	612.000215,
					"seconds":	1.0000209808349609,
					"bytes":	12096952,
					"bits_per_second":	96773585.609371752,
					"jitter_ms":	0.033710573934688959,
					"lost_packets":	9817,
					"packets":	18791,
					"lost_percent":	52.243095098717468,
					"omitted":	false,
					"sender":	false
				}],
			"sum":	{
				"start":	611.000194,
				"end":	612.000215,
				"seconds":	1.0000209808349609,
				"bytes":	12096952,
				"bits_per_second":	96773585.609371752,
				"jitter_ms":	0.033710573934688959,
				"lost_packets":	9817,
				"packets":	18791,
				"lost_percent":	52.243095098717468,
				"omitted":	false,
				"sender":	false
			}
		}, {
			"streams":	[{
					"socket":	5,
					"start":	612.000215,
					"end":	613.001077,
					"seconds":	1.0008620023727417,
					"bytes":	11857008,
					"bits_per_second":	94774368.269676447,
					"jitter_ms":	0.07345504503262755,
					"lost_packets":	9309,
					"packets":	18105,
					"lost_percent":	51.416735708367852,
					"omitted":	false,
					"sender":	false
				}],
			"sum":	{
				"start":	612.000215,
				"end":	613.001077,
				"seconds":	1.0008620023727417,
				"bytes":	11857008,
				"bits_per_second":	94774368.269676447,
				"jitter_ms":	0.07345504503262755,
				"lost_packets":	9309,
				"packets":	18105,
				"lost_percent":	51.416735708367852,
				"omitted":	false,
				"sender":	false
			}
		}, {
			"streams":	[{
					"socket":	5,
					"start":	613.001077,
					"end":	614.001077,
					"seconds":	1,
					"bytes":	12043032,
					"bits_per_second":	96344256,
					"jitter_ms":	0.04239737597049676,
					"lost_packets":	10177,
					"packets":	19111,
					"lost_percent":	53.252053791010411,
					"omitted":	false,
					"sender":	false
				}],
			"sum":	{
				"start":	613.001077,
				"end":	614.001077,
				"seconds":	1,
				"bytes":	12043032,
				"bits_per_second":	96344256,
				"jitter_ms":	0.04239737597049676,
				"lost_packets":	10177,
				"packets":	19111,
				"lost_percent":	53.252053791010411,
				"omitted":	false,
				"sender":	false
			}
		}, {
			"streams":	[{
					"socket":	5,
					"start":	614.001077,
					"end":	615.001062,
					"seconds":	0.9999849796295166,
					"bytes":	12204792,
					"bits_per_second":	97639802.586008772,
					"jitter_ms":	0.033702281249642189,
					"lost_packets":	9813,
					"packets":	18867,
					"lost_percent":	52.011448560979488,
					"omitted":	false,
					"sender":	false
				}],
			"sum":	{
				"start":	614.001077,
				"end":	615.001062,
				"seconds":	0.9999849796295166,
				"bytes":	12204792,
				"bits_per_second":	97639802.586008772,
				"jitter_ms":	0.033702281249642189,
				"lost_packets":	9813,
				"packets":	18867,
				"lost_percent":	52.011448560979488,
				"omitted":	false,
				"sender":	false
			}
		}, {
			"streams":	[{
					"socket":	5,
					"start":	615.001062,
					"end":	616.000222,
					"seconds":	0.99915999174118042,
					"bytes":	11999896,
					"bits_per_second":	96079875.889253333,
					"jitter_ms":	0.033883212204147917,
					"lost_packets":	9644,
					"packets":	18546,
					"lost_percent":	52.000431359861963,
					"omitted":	false,
					"sender":	false
				}],
			"sum":	{
				"start":	615.001062,
				"end":	616.000222,
				"seconds":	0.99915999174118042,
				"bytes":	11999896,
				"bits_per_second":	96079875.889253333,
				"jitter_ms":	0.033883212204147917,
				"lost_packets":	9644,
				"packets":	18546,
				"lost_percent":	52.000431359861963,
				"omitted":	false,
				"sender":	false
			}
		}, {
			"streams":	[{
					"socket":	5,
					"start":	616.000222,
					"end":	617.001081,
					"seconds":	1.0008590221405029,
					"bytes":	12144132,
					"bits_per_second":	97069671.0034367,
					"jitter_ms":	0.065939191473749076,
					"lost_packets":	9840,
					"packets":	18849,
					"lost_percent":	52.204360974056982,
					"omitted":	false,
					"sender":	false
				}],
			"sum":	{
				"start":	616.000222,
				"end":	617.001081,
				"seconds":	1.0008590221405029,
				"bytes":	12144132,
				"bits_per_second":	97069671.0034367,
				"jitter_ms":	0.065939191473749076,
				"lost_packets":	9840,
				"packets":	18849,
				"lost_percent":	52.204360974056982,
				"omitted":	false,
				"sender":	false
			}
		}, {
			"streams":	[{
					"socket":	5,
					"start":	617.001081,
					"end":	618.000196,
					"seconds":	0.999114990234375,
					"bytes":	12022812,
					"bits_per_second":	96267693.8491707,
					"jitter_ms":	0.0588648457467483,
					"lost_packets":	9481,
					"packets":	18400,
					"lost_percent":	51.527173913043477,
					"omitted":	false,
					"sender":	false
				}],
			"sum":	{
				"start":	617.001081,
				"end":	618.000196,
				"seconds":	0.999114990234375,
				"bytes":	12022812,
				"bits_per_second":	96267693.8491707,
				"jitter_ms":	0.0588648457467483,
				"lost_packets":	9481,
				"packets":	18400,
				"lost_percent":	51.527173913043477,
				"omitted":	false,
				"sender":	false
			}
		}, {
			"streams":	[{
					"socket":	5,
					"start":	618.000196,
					"end":	619.001061,
					"seconds":	1.0008649826049805,
					"bytes":	11889360,
					"bits_per_second":	95032678.386291161,
					"jitter_ms":	0.033668090623948467,
					"lost_packets":	9569,
					"packets":	18389,
					"lost_percent":	52.036543585839361,
					"omitted":	false,
					"sender":	false
				}],
			"sum":	{
				"start":	618.000196,
				"end":	619.001061,
				"seconds":	1.0008649826049805,
				"bytes":	11889360,
				"bits_per_second":	95032678.386291161,
				"jitter_ms":	0.033668090623948467,
				"lost_packets":	9569,
				"packets":	18389,
				"lost_percent":	52.036543585839361,
				"omitted":	false,
				"sender":	false
			}
		}, {
			"streams":	[{
					"socket":	5,
					"start":	619.001061,
					"end":	620.001077,
					"seconds":	1.0000159740448,
					"bytes":	12006636,
					"bits_per_second":	96051553.6681786,
					"jitter_ms":	0.085117593673348632,
					"lost_packets":	9493,
					"packets":	18400,
					"lost_percent":	51.592391304347828,
					"omitted":	false,
					"sender":	false
				}],
			"sum":	{
				"start":	619.001061,
				"end":	620.001077,
				"seconds":	1.0000159740448,
				"bytes":	12006636,
				"bits_per_second":	96051553.6681786,
				"jitter_ms":	0.085117593673348632,
				"lost_packets":	9493,
				"packets":	18400,
				"lost_percent":	51.592391304347828,
				"omitted":	false,
				"sender":	false
			}
		}, {
			"streams":	[{
					"socket":	5,
					"start":	620.001077,
					"end":	621.001067,
					"seconds":	0.99998998641967773,
					"bytes":	12160308,
					"bits_per_second":	97283438.155522,
					"jitter_ms":	0.0657187415981281,
					"lost_packets":	9974,
					"packets":	18995,
					"lost_percent":	52.508554882863912,
					"omitted":	false,
					"sender":	false
				}],
			"sum":	{
				"start":	620.001077,
				"end":	621.001067,
				"seconds":	0.99998998641967773,
				"bytes":	12160308,
				"bits_per_second":	97283438.155522,
				"jitter_ms":	0.0657187415981281,
				"lost_packets":	9974,
				"packets":	18995,
				"lost_percent":	52.508554882863912,
				"omitted":	false,
				"sender":	false
			}
		}, {
			"streams":	[{
					"socket":	5,
					"start":	621.001067,
					"end":	622.001073,
					"seconds":	1.0000059604644775,
					"bytes":	11999896,
					"bits_per_second":	95998595.8037798,
					"jitter_ms":	0.060975768926926625,
					"lost_packets":	9497,
					"packets":	18399,
					"lost_percent":	51.616935703027337,
					"omitted":	false,
					"sender":	false
				}],
			"sum":	{
				"start":	621.001067,
				"end":	622.001073,
				"seconds":	1.0000059604644775,
				"bytes":	11999896,
				"bits_per_second":	95998595.8037798,
				"jitter_ms":	0.060975768926926625,
				"lost_packets":	9497,
				"packets":	18399,
				"lost_percent":	51.616935703027337,
				"omitted":	false,
				"sender":	false
			}
		}, {
			"streams":	[{
					"socket":	5,
					"start":	622.001073,
					"end":	623.001079,
					"seconds":	1.0000059604644775,
					"bytes":	11882620,
					"bits_per_second":	95060393.395901948,
					"jitter_ms":	0.074704325496344259,
					"lost_packets":	9412,
					"packets":	18227,
					"lost_percent":	51.637680364294731,
					"omitted":	false,
					"sender":	false
				}],
			"sum":	{
				"start":	622.001073,
				"end":	623.001079,
				"seconds":	1.0000059604644775,
				"bytes":	11882620,
				"bits_per_second":	95060393.395901948,
				"jitter_ms":	0.074704325496344259,
				"lost_packets":	9412,
				"packets":	18227,
				"lost_percent":	51.637680364294731,
				"omitted":	false,
				"sender":	false
			}
		}, {
			"streams":	[{
					"socket":	5,
					"start":	623.001079,
					"end":	624.001059,
					"seconds":	0.99997997283935547,
					"bytes":	12017420,
					"bits_per_second":	96141285.436968,
					"jitter_ms":	0.10672327094330397,
					"lost_packets":	9760,
					"packets":	18675,
					"lost_percent":	52.2623828647925,
					"omitted":	false,
					"sender":	false
				}],
			"sum":	{
				"start":	623.001079,
				"end":	624.001059,
				"seconds":	0.99997997283935547,
				"bytes":	12017420,
				"bits_per_second":	96141285.436968,
				"jitter_ms":	0.10672327094330397,
				"lost_packets":	9760,
				"packets":	18675,
				"lost_percent":	52.2623828647925,
				"omitted":	false,
				"sender":	false
			}
		}, {
			"streams":	[{
					"socket":	5,
					"start":	624.001059,
					"end":	625.000262,
					"seconds":	0.99920302629470825,
					"bytes":	12158960,
					"bits_per_second":	97349264.8042785,
					"jitter_ms":	0.062420822301289682,
					"lost_packets":	9716,
					"packets":	18736,
					"lost_percent":	51.857386848847142,
					"omitted":	false,
					"sender":	false
				}],
			"sum":	{
				"start":	624.001059,
				"end":	625.000262,
				"seconds":	0.99920302629470825,
				"bytes":	12158960,
				"bits_per_second":	97349264.8042785,
				"jitter_ms":	0.062420822301289682,
				"lost_packets":	9716,
				"packets":	18736,
				"lost_percent":	51.857386848847142,
				"omitted":	false,
				"sender":	false
			}
		}, {
			"streams":	[{
					"socket":	5,
					"start":	625.000262,
					"end":	626.00106,
					"seconds":	1.0007979869842529,
					"bytes":	12017420,
					"bits_per_second":	96062703.213163748,
					"jitter_ms":	0.059206062091255618,
					"lost_packets":	9632,
					"packets":	18547,
					"lost_percent":	51.932927158030949,
					"omitted":	false,
					"sender":	false
				}],
			"sum":	{
				"start":	625.000262,
				"end":	626.00106,
				"seconds":	1.0007979869842529,
				"bytes":	12017420,
				"bits_per_second":	96062703.213163748,
				"jitter_ms":	0.059206062091255618,
				"lost_packets":	9632,
				"packets":	18547,
				"lost_percent":	51.932927158030949,
				"omitted":	false,
				"sender":	false
			}
		}, {
			"streams":	[{
					"socket":	5,
					"start":	626.00106,
					"end":	627.001075,
					"seconds":	1.0000150203704834,
					"bytes":	11869140,
					"bits_per_second":	94951693.790381238,
					"jitter_ms":	0.0859593227496535,
					"lost_packets":	9438,
					"packets":	18243,
					"lost_percent":	51.734912021049169,
					"omitted":	false,
					"sender":	false
				}],
			"sum":	{
				"start":	626.00106,
				"end":	627.001075,
				"seconds":	1.0000150203704834,
				"bytes":	11869140,
				"bits_per_second":	94951693.790381238,
				"jitter_ms":	0.0859593227496535,
				"lost_packets":	9438,
				"packets":	18243,
				"lost_percent":	51.734912021049169,
				"omitted":	false,
				"sender":	false
			}
		}, {
			"streams":	[{
					"socket":	5,
					"start":	627.001075,
					"end":	628.00106,
					"seconds":	0.9999849796295166,
					"bytes":	12017420,
					"bits_per_second":	96140804.0704957,
					"jitter_ms":	0.087171429032520037,
					"lost_packets":	9632,
					"packets":	18547,
					"lost_percent":	51.932927158030949,
					"omitted":	false,
					"sender":	false
				}],
			"sum":	{
				"start":	627.001075,
				"end":	628.00106,
				"seconds":	0.9999849796295166,
				"bytes":	12017420,
				"bits_per_second":	96140804.0704957,
				"jitter_ms":	0.087171429032520037,
				"lost_packets":	9632,
				"packets":	18547,
				"lost_percent":	51.932927158030949,
				"omitted":	false,
				"sender":	false
			}
		}, {
			"streams":	[{
					"socket":	5,
					"start":	628.00106,
					"end":	629.000141,
					"seconds":	0.999081015586853,
					"bytes":	12152220,
					"bits_per_second":	97307183.7851858,
					"jitter_ms":	0.061477037658332789,
					"lost_packets":	9832,
					"packets":	18847,
					"lost_percent":	52.167453706160131,
					"omitted":	false,
					"sender":	false
				}],
			"sum":	{
				"start":	628.00106,
				"end":	629.000141,
				"seconds":	0.999081015586853,
				"bytes":	12152220,
				"bits_per_second":	97307183.7851858,
				"jitter_ms":	0.061477037658332789,
				"lost_packets":	9832,
				"packets":	18847,
				"lost_percent":	52.167453706160131,
				"omitted":	false,
				"sender":	false
			}
		}, {
			"streams":	[{
					"socket":	5,
					"start":	629.000141,
					"end":	630.001076,
					"seconds":	1.0009349584579468,
					"bytes":	12017420,
					"bits_per_second":	96049557.653689638,
					"jitter_ms":	0.0607646049719604,
					"lost_packets":	9631,
					"packets":	18546,
					"lost_percent":	51.930335382292675,
					"omitted":	false,
					"sender":	false
				}],
			"sum":	{
				"start":	629.000141,
				"end":	630.001076,
				"seconds":	1.0009349584579468,
				"bytes":	12017420,
				"bits_per_second":	96049557.653689638,
				"jitter_ms":	0.0607646049719604,
				"lost_packets":	9631,
				"packets":	18546,
				"lost_percent":	51.930335382292675,
				"omitted":	false,
				"sender":	false
			}
		}, {
			"streams":	[{
					"socket":	5,
					"start":	630.001076,
					"end":	631.00016,
					"seconds":	0.9990839958190918,
					"bytes":	11879924,
					"bits_per_second":	95126528.2976359,
					"jitter_ms":	0.080039705455814875,
					"lost_packets":	9431,
					"packets":	18244,
					"lost_percent":	51.69370752028064,
					"omitted":	false,
					"sender":	false
				}],
			"sum":	{
				"start":	630.001076,
				"end":	631.00016,
				"seconds":	0.9990839958190918,
				"bytes":	11879924,
				"bits_per_second":	95126528.2976359,
				"jitter_ms":	0.080039705455814875,
				"lost_packets":	9431,
				"packets":	18244,
				"lost_percent":	51.69370752028064,
				"omitted":	false,
				"sender":	false
			}
		}, {
			"streams":	[{
					"socket":	5,
					"start":	631.00016,
					"end":	632.001074,
					"seconds":	1.0009139776229858,
					"bytes":	12006636,
					"bits_per_second":	95965377.792116627,
					"jitter_ms":	0.09485317432909425,
					"lost_packets":	9639,
					"packets":	18546,
					"lost_percent":	51.973471368489164,
					"omitted":	false,
					"sender":	false
				}],
			"sum":	{
				"start":	631.00016,
				"end":	632.001074,
				"seconds":	1.0009139776229858,
				"bytes":	12006636,
				"bits_per_second":	95965377.792116627,
				"jitter_ms":	0.09485317432909425,
				"lost_packets":	9639,
				"packets":	18546,
				"lost_percent":	51.973471368489164,
				"omitted":	false,
				"sender":	false
			}
		}, {
			"streams":	[{
					"socket":	5,
					"start":	632.001074,
					"end":	633.001049,
					"seconds":	0.999975025653839,
					"bytes":	12172440,
					"bits_per_second":	97381952.050580338,
					"jitter_ms":	0.0609487769086047,
					"lost_packets":	9818,
					"packets":	18848,
					"lost_percent":	52.090407470288625,
					"omitted":	false,
					"sender":	false
				}],
			"sum":	{
				"start":	632.001074,
				"end":	633.001049,
				"seconds":	0.999975025653839,
				"bytes":	12172440,
				"bits_per_second":	97381952.050580338,
				"jitter_ms":	0.0609487769086047,
				"lost_packets":	9818,
				"packets":	18848,
				"lost_percent":	52.090407470288625,
				"omitted":	false,
				"sender":	false
			}
		}, {
			"streams":	[{
					"socket":	5,
					"start":	633.001049,
					"end":	634.001073,
					"seconds":	1.0000239610672,
					"bytes":	12026856,
					"bits_per_second":	96212542.644800231,
					"jitter_ms":	0.0553425328490811,
					"lost_packets":	9496,
					"packets":	18418,
					"lost_percent":	51.558258225648821,
					"omitted":	false,
					"sender":	false
				}],
			"sum":	{
				"start":	633.001049,
				"end":	634.001073,
				"seconds":	1.0000239610672,
				"bytes":	12026856,
				"bits_per_second":	96212542.644800231,
				"jitter_ms":	0.0553425328490811,
				"lost_packets":	9496,
				"packets":	18418,
				"lost_percent":	51.558258225648821,
				"omitted":	false,
				"sender":	false
			}
		}, {
			"streams":	[{
					"socket":	5,
					"start":	634.001073,
					"end":	635.001063,
					"seconds":	0.99998998641967773,
					"bytes":	11885316,
					"bits_per_second":	95083480.126065567,
					"jitter_ms":	0.0778086110944861,
					"lost_packets":	9555,
					"packets":	18372,
					"lost_percent":	52.008491182233833,
					"omitted":	false,
					"sender":	false
				}],
			"sum":	{
				"start":	634.001073,
				"end":	635.001063,
				"seconds":	0.99998998641967773,
				"bytes":	11885316,
				"bits_per_second":	95083480.126065567,
				"jitter_ms":	0.0778086110944861,
				"lost_packets":	9555,
				"packets":	18372,
				"lost_percent":	52.008491182233833,
				"omitted":	false,
				"sender":	false
			}
		}, {
			"streams":	[{
					"socket":	5,
					"start":	635.001063,
					"end":	636.00016,
					"seconds":	0.99909698963165283,
					"bytes":	12036292,
					"bits_per_second":	96377365.760555774,
					"jitter_ms":	0.084191267163968853,
					"lost_packets":	9617,
					"packets":	18546,
					"lost_percent":	51.854847406448833,
					"omitted":	false,
					"sender":	false
				}],
			"sum":	{
				"start":	635.001063,
				"end":	636.00016,
				"seconds":	0.99909698963165283,
				"bytes":	12036292,
				"bits_per_second":	96377365.760555774,
				"jitter_ms":	0.084191267163968853,
				"lost_packets":	9617,
				"packets":	18546,
				"lost_percent":	51.854847406448833,
				"omitted":	false,
				"sender":	false
			}
		}, {
			"streams":	[{
					"socket":	5,
					"start":	636.00016,
					"end":	637.001061,
					"seconds":	1.0009009838104248,
					"bytes":	12160308,
					"bits_per_second":	97194892.974973574,
					"jitter_ms":	0.057806700220781132,
					"lost_packets":	9828,
					"packets":	18849,
					"lost_percent":	52.140697119210571,
					"omitted":	false,
					"sender":	false
				}],
			"sum":	{
				"start":	636.00016,
				"end":	637.001061,
				"seconds":	1.0009009838104248,
				"bytes":	12160308,
				"bits_per_second":	97194892.974973574,
				"jitter_ms":	0.057806700220781132,
				"lost_packets":	9828,
				"packets":	18849,
				"lost_percent":	52.140697119210571,
				"omitted":	false,
				"sender":	false
			}
		}, {
			"streams":	[{
					"socket":	5,
					"start":	637.001061,
					"end":	638.001069,
					"seconds":	1.0000079870224,
					"bytes":	12038988,
					"bits_per_second":	96311134.7608093,
					"jitter_ms":	0.059898066111387427,
					"lost_packets":	9614,
					"packets":	18545,
					"lost_percent":	51.841466702615257,
					"omitted":	false,
					"sender":	false
				}],
			"sum":	{
				"start":	637.001061,
				"end":	638.001069,
				"seconds":	1.0000079870224,
				"bytes":	12038988,
				"bits_per_second":	96311134.7608093,
				"jitter_ms":	0.059898066111387427,
				"lost_packets":	9614,
				"packets":	18545,
				"lost_percent":	51.841466702615257,
				"omitted":	false,
				"sender":	false
			}
		}, {
			"streams":	[{
					"socket":	5,
					"start":	638.001069,
					"end":	639.001059,
					"seconds":	0.99998998641967773,
					"bytes":	11882620,
					"bits_per_second":	95061911.9100905,
					"jitter_ms":	0.0845575476393629,
					"lost_packets":	9429,
					"packets":	18244,
					"lost_percent":	51.68274501205876,
					"omitted":	false,
					"sender":	false
				}],
			"sum":	{
				"start":	638.001069,
				"end":	639.001059,
				"seconds":	0.99998998641967773,
				"bytes":	11882620,
				"bits_per_second":	95061911.9100905,
				"jitter_ms":	0.0845575476393629,
				"lost_packets":	9429,
				"packets":	18244,
				"lost_percent":	51.68274501205876,
				"omitted":	false,
				"sender":	false
			}
		}, {
			"streams":	[{
					"socket":	5,
					"start":	639.001059,
					"end":	640.001072,
					"seconds":	1.000012993812561,
					"bytes":	12003940,
					"bits_per_second":	96030272.200642839,
					"jitter_ms":	0.0929980151057748,
					"lost_packets":	9641,
					"packets":	18546,
					"lost_percent":	51.98425536503828,
					"omitted":	false,
					"sender":	false
				}],
			"sum":	{
				"start":	639.001059,
				"end":	640.001072,
				"seconds":	1.000012993812561,
				"bytes":	12003940,
				"bits_per_second":	96030272.200642839,
				"jitter_ms":	0.0929980151057748,
				"lost_packets":	9641,
				"packets":	18546,
				"lost_percent":	51.98425536503828,
				"omitted":	false,
				"sender":	false
			}
		}, {
			"streams":	[{
					"socket":	5,
					"start":	640.001072,
					"end":	641.001072,
					"seconds":	1,
					"bytes":	12172440,
					"bits_per_second":	97379520,
					"jitter_ms":	0.060918980975821747,
					"lost_packets":	9818,
					"packets":	18848,
					"lost_percent":	52.090407470288625,
					"omitted":	false,
					"sender":	false
				}],
			"sum":	{
				"start":	640.001072,
				"end":	641.001072,
				"seconds":	1,
				"bytes":	12172440,
				"bits_per_second":	97379520,
				"jitter_ms":	0.060918980975821747,
				"lost_packets":	9818,
				"packets":	18848,
				"lost_percent":	52.090407470288625,
				"omitted":	false,
				"sender":	false
			}
		}, {
			"streams":	[{
					"socket":	5,
					"start":	641.001072,
					"end":	642.000176,
					"seconds":	0.99910402297973633,
					"bytes":	11665592,
					"bits_per_second":	93408427.804812074,
					"jitter_ms":	0.035730111612910384,
					"lost_packets":	9270,
					"packets":	17924,
					"lost_percent":	51.718366436063377,
					"omitted":	false,
					"sender":	false
				}],
			"sum":	{
				"start":	641.001072,
				"end":	642.000176,
				"seconds":	0.99910402297973633,
				"bytes":	11665592,
				"bits_per_second":	93408427.804812074,
				"jitter_ms":	0.035730111612910384,
				"lost_packets":	9270,
				"packets":	17924,
				"lost_percent":	51.718366436063377,
				"omitted":	false,
				"sender":	false
			}
		}, {
			"streams":	[{
					"socket":	5,
					"start":	642.000176,
					"end":	643.000197,
					"seconds":	1.0000209808349609,
					"bytes":	12227708,
					"bits_per_second":	97819611.662871763,
					"jitter_ms":	0.0918920692398763,
					"lost_packets":	9702,
					"packets":	18773,
					"lost_percent":	51.680605124380762,
					"omitted":	false,
					"sender":	false
				}],
			"sum":	{
				"start":	642.000176,
				"end":	643.000197,
				"seconds":	1.0000209808349609,
				"bytes":	12227708,
				"bits_per_second":	97819611.662871763,
				"jitter_ms":	0.0918920692398763,
				"lost_packets":	9702,
				"packets":	18773,
				"lost_percent":	51.680605124380762,
				"omitted":	false,
				"sender":	false
			}
		}, {
			"streams":	[{
					"socket":	5,
					"start":	643.000197,
					"end":	644.001126,
					"seconds":	1.0009289979934692,
					"bytes":	11910928,
					"bits_per_second":	95198984.334572867,
					"jitter_ms":	0.0961410206844682,
					"lost_packets":	9691,
					"packets":	18527,
					"lost_percent":	52.307443191018514,
					"omitted":	false,
					"sender":	false
				}],
			"sum":	{
				"start":	643.000197,
				"end":	644.001126,
				"seconds":	1.0009289979934692,
				"bytes":	11910928,
				"bits_per_second":	95198984.334572867,
				"jitter_ms":	0.0961410206844682,
				"lost_packets":	9691,
				"packets":	18527,
				"lost_percent":	52.307443191018514,
				"omitted":	false,
				"sender":	false
			}
		}, {
			"streams":	[{
					"socket":	5,
					"start":	644.001126,
					"end":	645.001066,
					"seconds":	0.99993997812271118,
					"bytes":	12230404,
					"bits_per_second":	97849105.086978346,
					"jitter_ms":	0.0754610172090922,
					"lost_packets":	9885,
					"packets":	18958,
					"lost_percent":	52.141576115624012,
					"omitted":	false,
					"sender":	false
				}],
			"sum":	{
				"start":	644.001126,
				"end":	645.001066,
				"seconds":	0.99993997812271118,
				"bytes":	12230404,
				"bits_per_second":	97849105.086978346,
				"jitter_ms":	0.0754610172090922,
				"lost_packets":	9885,
				"packets":	18958,
				"lost_percent":	52.141576115624012,
				"omitted":	false,
				"sender":	false
			}
		}, {
			"streams":	[{
					"socket":	5,
					"start":	645.001066,
					"end":	646.000204,
					"seconds":	0.9991379976272583,
					"bytes":	12006636,
					"bits_per_second":	96135957.423404768,
					"jitter_ms":	0.052557222128868264,
					"lost_packets":	9681,
					"packets":	18588,
					"lost_percent":	52.081988379599743,
					"omitted":	false,
					"sender":	false
				}],
			"sum":	{
				"start":	645.001066,
				"end":	646.000204,
				"seconds":	0.9991379976272583,
				"bytes":	12006636,
				"bits_per_second":	96135957.423404768,
				"jitter_ms":	0.052557222128868264,
				"lost_packets":	9681,
				"packets":	18588,
				"lost_percent":	52.081988379599743,
				"omitted":	false,
				"sender":	false
			}
		}, {
			"streams":	[{
					"socket":	5,
					"start":	646.000204,
					"end":	647.001096,
					"seconds":	1.0008920431137085,
					"bytes":	11882620,
					"bits_per_second":	94976237.101727456,
					"jitter_ms":	0.035834100531978018,
					"lost_packets":	9350,
					"packets":	18165,
					"lost_percent":	51.472612166253782,
					"omitted":	false,
					"sender":	false
				}],
			"sum":	{
				"start":	646.000204,
				"end":	647.001096,
				"seconds":	1.0008920431137085,
				"bytes":	11882620,
				"bits_per_second":	94976237.101727456,
				"jitter_ms":	0.035834100531978018,
				"lost_packets":	9350,
				"packets":	18165,
				"lost_percent":	51.472612166253782,
				"omitted":	false,
				"sender":	false
			}
		}, {
			"streams":	[{
					"socket":	5,
					"start":	647.001096,
					"end":	648.001113,
					"seconds":	1.0000170469284058,
					"bytes":	12010680,
					"bits_per_second":	96083802.0663052,
					"jitter_ms":	0.0345202576047478,
					"lost_packets":	9668,
					"packets":	18578,
					"lost_percent":	52.040047367854449,
					"omitted":	false,
					"sender":	false
				}],
			"sum":	{
				"start":	647.001096,
				"end":	648.001113,
				"seconds":	1.0000170469284058,
				"bytes":	12010680,
				"bits_per_second":	96083802.0663052,
				"jitter_ms":	0.0345202576047478,
				"lost_packets":	9668,
				"packets":	18578,
				"lost_percent":	52.040047367854449,
				"omitted":	false,
				"sender":	false
			}
		}, {
			"streams":	[{
					"socket":	5,
					"start":	648.001113,
					"end":	649.001088,
					"seconds":	0.999975025653839,
					"bytes":	12158960,
					"bits_per_second":	97274109.3572796,
					"jitter_ms":	0.0641452254103352,
					"lost_packets":	9855,
					"packets":	18875,
					"lost_percent":	52.211920529801326,
					"omitted":	false,
					"sender":	false
				}],
			"sum":	{
				"start":	648.001113,
				"end":	649.001088,
				"seconds":	0.999975025653839,
				"bytes":	12158960,
				"bits_per_second":	97274109.3572796,
				"jitter_ms":	0.0641452254103352,
				"lost_packets":	9855,
				"packets":	18875,
				"lost_percent":	52.211920529801326,
				"omitted":	false,
				"sender":	false
			}
		}, {
			"streams":	[{
					"socket":	5,
					"start":	649.001088,
					"end":	650.001077,
					"seconds":	0.99998897314071655,
					"bytes":	12013376,
					"bits_per_second":	96108067.7701393,
					"jitter_ms":	0.050583131280546374,
					"lost_packets":	9654,
					"packets":	18566,
					"lost_percent":	51.998276419261018,
					"omitted":	false,
					"sender":	false
				}],
			"sum":	{
				"start":	649.001088,
				"end":	650.001077,
				"seconds":	0.99998897314071655,
				"bytes":	12013376,
				"bits_per_second":	96108067.7701393,
				"jitter_ms":	0.050583131280546374,
				"lost_packets":	9654,
				"packets":	18566,
				"lost_percent":	51.998276419261018,
				"omitted":	false,
				"sender":	false
			}
		}, {
			"streams":	[{
					"socket":	5,
					"start":	650.001077,
					"end":	651.001202,
					"seconds":	1.0001250505447388,
					"bytes":	11823308,
					"bits_per_second":	94574637.3900759,
					"jitter_ms":	0.066944489958815467,
					"lost_packets":	9381,
					"packets":	18152,
					"lost_percent":	51.680255619215515,
					"omitted":	false,
					"sender":	false
				}],
			"sum":	{
				"start":	650.001077,
				"end":	651.001202,
				"seconds":	1.0001250505447388,
				"bytes":	11823308,
				"bits_per_second":	94574637.3900759,
				"jitter_ms":	0.066944489958815467,
				"lost_packets":	9381,
				"packets":	18152,
				"lost_percent":	51.680255619215515,
				"omitted":	false,
				"sender":	false
			}
		}, {
			"streams":	[{
					"socket":	5,
					"start":	651.001202,
					"end":	652.001106,
					"seconds":	0.999903976917267,
					"bytes":	11755908,
					"bits_per_second":	94056295.5754516,
					"jitter_ms":	0.0547505601365795,
					"lost_packets":	9440,
					"packets":	18161,
					"lost_percent":	51.97951654644568,
					"omitted":	false,
					"sender":	false
				}],
			"sum":	{
				"start":	651.001202,
				"end":	652.001106,
				"seconds":	0.999903976917267,
				"bytes":	11755908,
				"bits_per_second":	94056295.5754516,
				"jitter_ms":	0.0547505601365795,
				"lost_packets":	9440,
				"packets":	18161,
				"lost_percent":	51.97951654644568,
				"omitted":	false,
				"sender":	false
			}
		}, {
			"streams":	[{
					"socket":	5,
					"start":	652.001106,
					"end":	653.00109,
					"seconds":	0.9999840259552002,
					"bytes":	12047076,
					"bits_per_second":	96378147.548846662,
					"jitter_ms":	0.0694074669802394,
					"lost_packets":	9678,
					"packets":	18615,
					"lost_percent":	51.990330378726831,
					"omitted":	false,
					"sender":	false
				}],
			"sum":	{
				"start":	652.001106,
				"end":	653.00109,
				"seconds":	0.9999840259552002,
				"bytes":	12047076,
				"bits_per_second":	96378147.548846662,
				"jitter_ms":	0.0694074669802394,
				"lost_packets":	9678,
				"packets":	18615,
				"lost_percent":	51.990330378726831,
				"omitted":	false,
				"sender":	false
			}
		}, {
			"streams":	[{
					"socket":	5,
					"start":	653.00109,
					"end":	654.000244,
					"seconds":	0.999153971672058,
					"bytes":	12083472,
					"bits_per_second":	96749628.926789925,
					"jitter_ms":	0.081068505536759,
					"lost_packets":	9357,
					"packets":	18321,
					"lost_percent":	51.0725397085312,
					"omitted":	false,
					"sender":	false
				}],
			"sum":	{
				"start":	653.00109,
				"end":	654.000244,
				"seconds":	0.999153971672058,
				"bytes":	12083472,
				"bits_per_second":	96749628.926789925,
				"jitter_ms":	0.081068505536759,
				"lost_packets":	9357,
				"packets":	18321,
				"lost_percent":	51.0725397085312,
				"omitted":	false,
				"sender":	false
			}
		}, {
			"streams":	[{
					"socket":	5,
					"start":	654.000244,
					"end":	655.001106,
					"seconds":	1.0008620023727417,
					"bytes":	12103692,
					"bits_per_second":	96746140.597251564,
					"jitter_ms":	0.046969823460175177,
					"lost_packets":	10155,
					"packets":	19134,
					"lost_percent":	53.0730636563186,
					"omitted":	false,
					"sender":	false
				}],
			"sum":	{
				"start":	654.000244,
				"end":	655.001106,
				"seconds":	1.0008620023727417,
				"bytes":	12103692,
				"bits_per_second":	96746140.597251564,
				"jitter_ms":	0.046969823460175177,
				"lost_packets":	10155,
				"packets":	19134,
				"lost_percent":	53.0730636563186,
				"omitted":	false,
				"sender":	false
			}
		}, {
			"streams":	[{
					"socket":	5,
					"start":	655.001106,
					"end":	656.001122,
					"seconds":	1.0000159740448,
					"bytes":	11940584,
					"bits_per_second":	95523146.108984634,
					"jitter_ms":	0.0651957727827163,
					"lost_packets":	9641,
					"packets":	18499,
					"lost_percent":	52.116330612465539,
					"omitted":	false,
					"sender":	false
				}],
			"sum":	{
				"start":	655.001106,
				"end":	656.001122,
				"seconds":	1.0000159740448,
				"bytes":	11940584,
				"bits_per_second":	95523146.108984634,
				"jitter_ms":	0.0651957727827163,
				"lost_packets":	9641,
				"packets":	18499,
				"lost_percent":	52.116330612465539,
				"omitted":	false,
				"sender":	false
			}
		}, {
			"streams":	[{
					"socket":	5,
					"start":	656.001122,
					"end":	657.001077,
					"seconds":	0.99995499849319458,
					"bytes":	12216924,
					"bits_per_second":	97739790.437844545,
					"jitter_ms":	0.055932031112201,
					"lost_packets":	9837,
					"packets":	18900,
					"lost_percent":	52.047619047619051,
					"omitted":	false,
					"sender":	false
				}],
			"sum":	{
				"start":	656.001122,
				"end":	657.001077,
				"seconds":	0.99995499849319458,
				"bytes":	12216924,
				"bits_per_second":	97739790.437844545,
				"jitter_ms":	0.055932031112201,
				"lost_packets":	9837,
				"packets":	18900,
				"lost_percent":	52.047619047619051,
				"omitted":	false,
				"sender":	false
			}
		}, {
			"streams":	[{
					"socket":	5,
					"start":	657.001077,
					"end":	658.001073,
					"seconds":	0.9999960064888,
					"bytes":	12022812,
					"bits_per_second":	96182880.107408956,
					"jitter_ms":	0.077572088339108447,
					"lost_packets":	9622,
					"packets":	18541,
					"lost_percent":	51.895798500620245,
					"omitted":	false,
					"sender":	false
				}],
			"sum":	{
				"start":	657.001077,
				"end":	658.001073,
				"seconds":	0.9999960064888,
				"bytes":	12022812,
				"bits_per_second":	96182880.107408956,
				"jitter_ms":	0.077572088339108447,
				"lost_packets":	9622,
				"packets":	18541,
				"lost_percent":	51.895798500620245,
				"omitted":	false,
				"sender":	false
			}
		}, {
			"streams":	[{
					"socket":	5,
					"start":	658.001073,
					"end":	659.001085,
					"seconds":	1.0000120401382446,
					"bytes":	11882620,
					"bits_per_second":	95059815.466680273,
					"jitter_ms":	0.083721733773434642,
					"lost_packets":	9434,
					"packets":	18249,
					"lost_percent":	51.69598334155296,
					"omitted":	false,
					"sender":	false
				}],
			"sum":	{
				"start":	658.001073,
				"end":	659.001085,
				"seconds":	1.0000120401382446,
				"bytes":	11882620,
				"bits_per_second":	95059815.466680273,
				"jitter_ms":	0.083721733773434642,
				"lost_packets":	9434,
				"packets":	18249,
				"lost_percent":	51.69598334155296,
				"omitted":	false,
				"sender":	false
			}
		}, {
			"streams":	[{
					"socket":	5,
					"start":	659.001085,
					"end":	660.001067,
					"seconds":	0.99998199939727783,
					"bytes":	11976980,
					"bits_per_second":	95817564.7739173,
					"jitter_ms":	0.0411003967319365,
					"lost_packets":	9636,
					"packets":	18521,
					"lost_percent":	52.0274283246045,
					"omitted":	false,
					"sender":	false
				}],
			"sum":	{
				"start":	659.001085,
				"end":	660.001067,
				"seconds":	0.99998199939727783,
				"bytes":	11976980,
				"bits_per_second":	95817564.7739173,
				"jitter_ms":	0.0411003967319365,
				"lost_packets":	9636,
				"packets":	18521,
				"lost_percent":	52.0274283246045,
				"omitted":	false,
				"sender":	false
			}
		}, {
			"streams":	[{
					"socket":	5,
					"start":	660.001067,
					"end":	661.001089,
					"seconds":	1.0000220537185669,
					"bytes":	12187268,
					"bits_per_second":	97495993.8507902,
					"jitter_ms":	0.069846728578212877,
					"lost_packets":	9830,
					"packets":	18871,
					"lost_percent":	52.090509246992738,
					"omitted":	false,
					"sender":	false
				}],
			"sum":	{
				"start":	660.001067,
				"end":	661.001089,
				"seconds":	1.0000220537185669,
				"bytes":	12187268,
				"bits_per_second":	97495993.8507902,
				"jitter_ms":	0.069846728578212877,
				"lost_packets":	9830,
				"packets":	18871,
				"lost_percent":	52.090509246992738,
				"omitted":	false,
				"sender":	false
			}
		}, {
			"streams":	[{
					"socket":	5,
					"start":	661.001089,
					"end":	662.001093,
					"seconds":	1.0000040531158447,
					"bytes":	11765344,
					"bits_per_second":	94122370.511128739,
					"jitter_ms":	0.040037638837736055,
					"lost_packets":	9310,
					"packets":	18038,
					"lost_percent":	51.613260893668922,
					"omitted":	false,
					"sender":	false
				}],
			"sum":	{
				"start":	661.001089,
				"end":	662.001093,
				"seconds":	1.0000040531158447,
				"bytes":	11765344,
				"bits_per_second":	94122370.511128739,
				"jitter_ms":	0.040037638837736055,
				"lost_packets":	9310,
				"packets":	18038,
				"lost_percent":	51.613260893668922,
				"omitted":	false,
				"sender":	false
			}
		}, {
			"streams":	[{
					"socket":	5,
					"start":	662.001093,
					"end":	663.000161,
					"seconds":	0.999068021774292,
					"bytes":	12137392,
					"bits_per_second":	97189714.6978612,
					"jitter_ms":	0.035636818293568441,
					"lost_packets":	9746,
					"packets":	18750,
					"lost_percent":	51.978666666666669,
					"omitted":	false,
					"sender":	false
				}],
			"sum":	{
				"start":	662.001093,
				"end":	663.000161,
				"seconds":	0.999068021774292,
				"bytes":	12137392,
				"bits_per_second":	97189714.6978612,
				"jitter_ms":	0.035636818293568441,
				"lost_packets":	9746,
				"packets":	18750,
				"lost_percent":	51.978666666666669,
				"omitted":	false,
				"sender":	false
			}
		}, {
			"streams":	[{
					"socket":	5,
					"start":	663.000161,
					"end":	664.001106,
					"seconds":	1.000944972038269,
					"bytes":	12082124,
					"bits_per_second":	96565740.075773641,
					"jitter_ms":	0.038680466572255968,
					"lost_packets":	9637,
					"packets":	18600,
					"lost_percent":	51.811827956989248,
					"omitted":	false,
					"sender":	false
				}],
			"sum":	{
				"start":	663.000161,
				"end":	664.001106,
				"seconds":	1.000944972038269,
				"bytes":	12082124,
				"bits_per_second":	96565740.075773641,
				"jitter_ms":	0.038680466572255968,
				"lost_packets":	9637,
				"packets":	18600,
				"lost_percent":	51.811827956989248,
				"omitted":	false,
				"sender":	false
			}
		}, {
			"streams":	[{
					"socket":	5,
					"start":	664.001106,
					"end":	665.001081,
					"seconds":	0.999975025653839,
					"bytes":	12119868,
					"bits_per_second":	96961365.5467074,
					"jitter_ms":	0.0599674214949856,
					"lost_packets":	9807,
					"packets":	18798,
					"lost_percent":	52.1704436642196,
					"omitted":	false,
					"sender":	false
				}],
			"sum":	{
				"start":	664.001106,
				"end":	665.001081,
				"seconds":	0.999975025653839,
				"bytes":	12119868,
				"bits_per_second":	96961365.5467074,
				"jitter_ms":	0.0599674214949856,
				"lost_packets":	9807,
				"packets":	18798,
				"lost_percent":	52.1704436642196,
				"omitted":	false,
				"sender":	false
			}
		}, {
			"streams":	[{
					"socket":	5,
					"start":	665.001081,
					"end":	666.001077,
					"seconds":	0.9999960064888,
					"bytes":	11873184,
					"bits_per_second":	94985851.3270611,
					"jitter_ms":	0.0477865764733874,
					"lost_packets":	9430,
					"packets":	18238,
					"lost_percent":	51.705230836714549,
					"omitted":	false,
					"sender":	false
				}],
			"sum":	{
				"start":	665.001081,
				"end":	666.001077,
				"seconds":	0.9999960064888,
				"bytes":	11873184,
				"bits_per_second":	94985851.3270611,
				"jitter_ms":	0.0477865764733874,
				"lost_packets":	9430,
				"packets":	18238,
				"lost_percent":	51.705230836714549,
				"omitted":	false,
				"sender":	false
			}
		}, {
			"streams":	[{
					"socket":	5,
					"start":	666.001077,
					"end":	667.001079,
					"seconds":	1.0000020265579224,
					"bytes":	12038988,
					"bits_per_second":	96311708.8187435,
					"jitter_ms":	0.0833088851561162,
					"lost_packets":	9621,
					"packets":	18552,
					"lost_percent":	51.859637774902978,
					"omitted":	false,
					"sender":	false
				}],
			"sum":	{
				"start":	666.001077,
				"end":	667.001079,
				"seconds":	1.0000020265579224,
				"bytes":	12038988,
				"bits_per_second":	96311708.8187435,
				"jitter_ms":	0.0833088851561162,
				"lost_packets":	9621,
				"packets":	18552,
				"lost_percent":	51.859637774902978,
				"omitted":	false,
				"sender":	false
			}
		}, {
			"streams":	[{
					"socket":	5,
					"start":	667.001079,
					"end":	668.000302,
					"seconds":	0.999222993850708,
					"bytes":	11812524,
					"bits_per_second":	94573676.328068063,
					"jitter_ms":	0.035410039045022573,
					"lost_packets":	9464,
					"packets":	18227,
					"lost_percent":	51.92297141603116,
					"omitted":	false,
					"sender":	false
				}],
			"sum":	{
				"start":	667.001079,
				"end":	668.000302,
				"seconds":	0.999222993850708,
				"bytes":	11812524,
				"bits_per_second":	94573676.328068063,
				"jitter_ms":	0.035410039045022573,
				"lost_packets":	9464,
				"packets":	18227,
				"lost_percent":	51.92297141603116,
				"omitted":	false,
				"sender":	false
			}
		}, {
			"streams":	[{
					"socket":	5,
					"start":	668.000302,
					"end":	669.00107,
					"seconds":	1.0007679462432861,
					"bytes":	12357116,
					"bits_per_second":	98781069.448809,
					"jitter_ms":	0.062046489311048815,
					"lost_packets":	10000,
					"packets":	19167,
					"lost_percent":	52.173005686857621,
					"omitted":	false,
					"sender":	false
				}],
			"sum":	{
				"start":	668.000302,
				"end":	669.00107,
				"seconds":	1.0007679462432861,
				"bytes":	12357116,
				"bits_per_second":	98781069.448809,
				"jitter_ms":	0.062046489311048815,
				"lost_packets":	10000,
				"packets":	19167,
				"lost_percent":	52.173005686857621,
				"omitted":	false,
				"sender":	false
			}
		}, {
			"streams":	[{
					"socket":	5,
					"start":	669.00107,
					"end":	670.000237,
					"seconds":	0.999167025089264,
					"bytes":	11858356,
					"bits_per_second":	94945935.582216352,
					"jitter_ms":	0.089464767069182563,
					"lost_packets":	9447,
					"packets":	18244,
					"lost_percent":	51.7814075860557,
					"omitted":	false,
					"sender":	false
				}],
			"sum":	{
				"start":	669.00107,
				"end":	670.000237,
				"seconds":	0.999167025089264,
				"bytes":	11858356,
				"bits_per_second":	94945935.582216352,
				"jitter_ms":	0.089464767069182563,
				"lost_packets":	9447,
				"packets":	18244,
				"lost_percent":	51.7814075860557,
				"omitted":	false,
				"sender":	false
			}
		}, {
			"streams":	[{
					"socket":	5,
					"start":	670.000237,
					"end":	671.000523,
					"seconds":	1.0002859830856323,
					"bytes":	12009332,
					"bits_per_second":	96047188.128772631,
					"jitter_ms":	0.092400458913515671,
					"lost_packets":	9636,
					"packets":	18545,
					"lost_percent":	51.960097061202482,
					"omitted":	false,
					"sender":	false
				}],
			"sum":	{
				"start":	670.000237,
				"end":	671.000523,
				"seconds":	1.0002859830856323,
				"bytes":	12009332,
				"bits_per_second":	96047188.128772631,
				"jitter_ms":	0.092400458913515671,
				"lost_packets":	9636,
				"packets":	18545,
				"lost_percent":	51.960097061202482,
				"omitted":	false,
				"sender":	false
			}
		}, {
			"streams":	[{
					"socket":	5,
					"start":	671.000523,
					"end":	672.001104,
					"seconds":	1.0005810260772705,
					"bytes":	12167048,
					"bits_per_second":	97279861.863464057,
					"jitter_ms":	0.060805998177566954,
					"lost_packets":	9824,
					"packets":	18850,
					"lost_percent":	52.116710875331563,
					"omitted":	false,
					"sender":	false
				}],
			"sum":	{
				"start":	671.000523,
				"end":	672.001104,
				"seconds":	1.0005810260772705,
				"bytes":	12167048,
				"bits_per_second":	97279861.863464057,
				"jitter_ms":	0.060805998177566954,
				"lost_packets":	9824,
				"packets":	18850,
				"lost_percent":	52.116710875331563,
				"omitted":	false,
				"sender":	false
			}
		}, {
			"streams":	[{
					"socket":	5,
					"start":	672.001104,
					"end":	673.001073,
					"seconds":	0.9999690055847168,
					"bytes":	12016072,
					"bits_per_second":	96131555.541354269,
					"jitter_ms":	0.0572115992747517,
					"lost_packets":	9631,
					"packets":	18545,
					"lost_percent":	51.933135616069023,
					"omitted":	false,
					"sender":	false
				}],
			"sum":	{
				"start":	672.001104,
				"end":	673.001073,
				"seconds":	0.9999690055847168,
				"bytes":	12016072,
				"bits_per_second":	96131555.541354269,
				"jitter_ms":	0.0572115992747517,
				"lost_packets":	9631,
				"packets":	18545,
				"lost_percent":	51.933135616069023,
				"omitted":	false,
				"sender":	false
			}
		}, {
			"streams":	[{
					"socket":	5,
					"start":	673.001073,
					"end":	674.001123,
					"seconds":	1.0000499486923218,
					"bytes":	11877228,
					"bits_per_second":	95013078.2209894,
					"jitter_ms":	0.087462667212704723,
					"lost_packets":	9433,
					"packets":	18244,
					"lost_percent":	51.70467002850252,
					"omitted":	false,
					"sender":	false
				}],
			"sum":	{
				"start":	673.001073,
				"end":	674.001123,
				"seconds":	1.0000499486923218,
				"bytes":	11877228,
				"bits_per_second":	95013078.2209894,
				"jitter_ms":	0.087462667212704723,
				"lost_packets":	9433,
				"packets":	18244,
				"lost_percent":	51.70467002850252,
				"omitted":	false,
				"sender":	false
			}
		}, {
			"streams":	[{
					"socket":	5,
					"start":	674.001123,
					"end":	675.001078,
					"seconds":	0.99995499849319458,
					"bytes":	12022812,
					"bits_per_second":	96186824.552039668,
					"jitter_ms":	0.040775422751189117,
					"lost_packets":	9773,
					"packets":	18692,
					"lost_percent":	52.284399743205647,
					"omitted":	false,
					"sender":	false
				}],
			"sum":	{
				"start":	674.001123,
				"end":	675.001078,
				"seconds":	0.99995499849319458,
				"bytes":	12022812,
				"bits_per_second":	96186824.552039668,
				"jitter_ms":	0.040775422751189117,
				"lost_packets":	9773,
				"packets":	18692,
				"lost_percent":	52.284399743205647,
				"omitted":	false,
				"sender":	false
			}
		}, {
			"streams":	[{
					"socket":	5,
					"start":	675.001078,
					"end":	676.001095,
					"seconds":	1.0000170469284058,
					"bytes":	12156264,
					"bits_per_second":	97248454.21256347,
					"jitter_ms":	0.05714706704551234,
					"lost_packets":	9684,
					"packets":	18702,
					"lost_percent":	51.7805582290664,
					"omitted":	false,
					"sender":	false
				}],
			"sum":	{
				"start":	675.001078,
				"end":	676.001095,
				"seconds":	1.0000170469284058,
				"bytes":	12156264,
				"bits_per_second":	97248454.21256347,
				"jitter_ms":	0.05714706704551234,
				"lost_packets":	9684,
				"packets":	18702,
				"lost_percent":	51.7805582290664,
				"omitted":	false,
				"sender":	false
			}
		}, {
			"streams":	[{
					"socket":	5,
					"start":	676.001095,
					"end":	677.001114,
					"seconds":	1.0000189542770386,
					"bytes":	12016072,
					"bits_per_second":	96126753.9868741,
					"jitter_ms":	0.075132678210746554,
					"lost_packets":	9777,
					"packets":	18691,
					"lost_percent":	52.3085977208282,
					"omitted":	false,
					"sender":	false
				}],
			"sum":	{
				"start":	676.001095,
				"end":	677.001114,
				"seconds":	1.0000189542770386,
				"bytes":	12016072,
				"bits_per_second":	96126753.9868741,
				"jitter_ms":	0.075132678210746554,
				"lost_packets":	9777,
				"packets":	18691,
				"lost_percent":	52.3085977208282,
				"omitted":	false,
				"sender":	false
			}
		}, {
			"streams":	[{
					"socket":	5,
					"start":	677.001114,
					"end":	678.001076,
					"seconds":	0.9999619722366333,
					"bytes":	11870488,
					"bits_per_second":	94967515.402203232,
					"jitter_ms":	0.087647654319323975,
					"lost_packets":	9292,
					"packets":	18098,
					"lost_percent":	51.3426897999779,
					"omitted":	false,
					"sender":	false
				}],
			"sum":	{
				"start":	677.001114,
				"end":	678.001076,
				"seconds":	0.9999619722366333,
				"bytes":	11870488,
				"bits_per_second":	94967515.402203232,
				"jitter_ms":	0.087647654319323975,
				"lost_packets":	9292,
				"packets":	18098,
				"lost_percent":	51.3426897999779,
				"omitted":	false,
				"sender":	false
			}
		}, {
			"streams":	[{
					"socket":	5,
					"start":	678.001076,
					"end":	679.0011,
					"seconds":	1.0000239610672,
					"bytes":	12036292,
					"bits_per_second":	96288028.836070538,
					"jitter_ms":	0.036331207398978771,
					"lost_packets":	9764,
					"packets":	18693,
					"lost_percent":	52.233456374043762,
					"omitted":	false,
					"sender":	false
				}],
			"sum":	{
				"start":	678.001076,
				"end":	679.0011,
				"seconds":	1.0000239610672,
				"bytes":	12036292,
				"bits_per_second":	96288028.836070538,
				"jitter_ms":	0.036331207398978771,
				"lost_packets":	9764,
				"packets":	18693,
				"lost_percent":	52.233456374043762,
				"omitted":	false,
				"sender":	false
			}
		}, {
			"streams":	[{
					"socket":	5,
					"start":	679.0011,
					"end":	680.001057,
					"seconds":	0.999957025051117,
					"bytes":	12181876,
					"bits_per_second":	97459196.303979352,
					"jitter_ms":	0.0582484777701297,
					"lost_packets":	9665,
					"packets":	18702,
					"lost_percent":	51.678964816597158,
					"omitted":	false,
					"sender":	false
				}],
			"sum":	{
				"start":	679.0011,
				"end":	680.001057,
				"seconds":	0.999957025051117,
				"bytes":	12181876,
				"bits_per_second":	97459196.303979352,
				"jitter_ms":	0.0582484777701297,
				"lost_packets":	9665,
				"packets":	18702,
				"lost_percent":	51.678964816597158,
				"omitted":	false,
				"sender":	false
			}
		}, {
			"streams":	[{
					"socket":	5,
					"start":	680.001057,
					"end":	681.001119,
					"seconds":	1.0000619888305664,
					"bytes":	12022812,
					"bits_per_second":	96176534.1291214,
					"jitter_ms":	0.073543756219094772,
					"lost_packets":	9772,
					"packets":	18691,
					"lost_percent":	52.281846878176665,
					"omitted":	false,
					"sender":	false
				}],
			"sum":	{
				"start":	680.001057,
				"end":	681.001119,
				"seconds":	1.0000619888305664,
				"bytes":	12022812,
				"bits_per_second":	96176534.1291214,
				"jitter_ms":	0.073543756219094772,
				"lost_packets":	9772,
				"packets":	18691,
				"lost_percent":	52.281846878176665,
				"omitted":	false,
				"sender":	false
			}
		}, {
			"streams":	[{
					"socket":	5,
					"start":	681.001119,
					"end":	682.001083,
					"seconds":	0.99996399879455566,
					"bytes":	11879924,
					"bits_per_second":	95042813.655860439,
					"jitter_ms":	0.091327397298319568,
					"lost_packets":	9285,
					"packets":	18098,
					"lost_percent":	51.304011492982653,
					"omitted":	false,
					"sender":	false
				}],
			"sum":	{
				"start":	681.001119,
				"end":	682.001083,
				"seconds":	0.99996399879455566,
				"bytes":	11879924,
				"bits_per_second":	95042813.655860439,
				"jitter_ms":	0.091327397298319568,
				"lost_packets":	9285,
				"packets":	18098,
				"lost_percent":	51.304011492982653,
				"omitted":	false,
				"sender":	false
			}
		}, {
			"streams":	[{
					"socket":	5,
					"start":	682.001083,
					"end":	683.001099,
					"seconds":	1.0000159740448,
					"bytes":	12017420,
					"bits_per_second":	96137824.290087834,
					"jitter_ms":	0.039072893609677244,
					"lost_packets":	9778,
					"packets":	18693,
					"lost_percent":	52.308350719520675,
					"omitted":	false,
					"sender":	false
				}],
			"sum":	{
				"start":	682.001083,
				"end":	683.001099,
				"seconds":	1.0000159740448,
				"bytes":	12017420,
				"bits_per_second":	96137824.290087834,
				"jitter_ms":	0.039072893609677244,
				"lost_packets":	9778,
				"packets":	18693,
				"lost_percent":	52.308350719520675,
				"omitted":	false,
				"sender":	false
			}
		}, {
			"streams":	[{
					"socket":	5,
					"start":	683.001099,
					"end":	684.001067,
					"seconds":	0.99996799230575562,
					"bytes":	12172440,
					"bits_per_second":	97382636.9936696,
					"jitter_ms":	0.058003498942994,
					"lost_packets":	9821,
					"packets":	18851,
					"lost_percent":	52.098031934645377,
					"omitted":	false,
					"sender":	false
				}],
			"sum":	{
				"start":	683.001099,
				"end":	684.001067,
				"seconds":	0.99996799230575562,
				"bytes":	12172440,
				"bits_per_second":	97382636.9936696,
				"jitter_ms":	0.058003498942994,
				"lost_packets":	9821,
				"packets":	18851,
				"lost_percent":	52.098031934645377,
				"omitted":	false,
				"sender":	false
			}
		}, {
			"streams":	[{
					"socket":	5,
					"start":	684.001067,
					"end":	685.001105,
					"seconds":	1.0000380277633667,
					"bytes":	12006636,
					"bits_per_second":	96049435.454797,
					"jitter_ms":	0.06246401009052252,
					"lost_packets":	9490,
					"packets":	18397,
					"lost_percent":	51.584497472413979,
					"omitted":	false,
					"sender":	false
				}],
			"sum":	{
				"start":	684.001067,
				"end":	685.001105,
				"seconds":	1.0000380277633667,
				"bytes":	12006636,
				"bits_per_second":	96049435.454797,
				"jitter_ms":	0.06246401009052252,
				"lost_packets":	9490,
				"packets":	18397,
				"lost_percent":	51.584497472413979,
				"omitted":	false,
				"sender":	false
			}
		}, {
			"streams":	[{
					"socket":	5,
					"start":	685.001105,
					"end":	686.000268,
					"seconds":	0.99916297197341919,
					"bytes":	11873184,
					"bits_per_second":	95065044.1062651,
					"jitter_ms":	0.0348593598346276,
					"lost_packets":	9582,
					"packets":	18390,
					"lost_percent":	52.104404567699838,
					"omitted":	false,
					"sender":	false
				}],
			"sum":	{
				"start":	685.001105,
				"end":	686.000268,
				"seconds":	0.99916297197341919,
				"bytes":	11873184,
				"bits_per_second":	95065044.1062651,
				"jitter_ms":	0.0348593598346276,
				"lost_packets":	9582,
				"packets":	18390,
				"lost_percent":	52.104404567699838,
				"omitted":	false,
				"sender":	false
			}
		}, {
			"streams":	[{
					"socket":	5,
					"start":	686.000268,
					"end":	687.00017,
					"seconds":	0.99990200996398926,
					"bytes":	12016072,
					"bits_per_second":	96137996.565745473,
					"jitter_ms":	0.033528706098767111,
					"lost_packets":	9631,
					"packets":	18545,
					"lost_percent":	51.933135616069023,
					"omitted":	false,
					"sender":	false
				}],
			"sum":	{
				"start":	686.000268,
				"end":	687.00017,
				"seconds":	0.99990200996398926,
				"bytes":	12016072,
				"bits_per_second":	96137996.565745473,
				"jitter_ms":	0.033528706098767111,
				"lost_packets":	9631,
				"packets":	18545,
				"lost_percent":	51.933135616069023,
				"omitted":	false,
				"sender":	false
			}
		}, {
			"streams":	[{
					"socket":	5,
					"start":	687.00017,
					"end":	688.001095,
					"seconds":	1.0009249448776245,
					"bytes":	12167048,
					"bits_per_second":	97246436.4067783,
					"jitter_ms":	0.062201087372723216,
					"lost_packets":	9824,
					"packets":	18850,
					"lost_percent":	52.116710875331563,
					"omitted":	false,
					"sender":	false
				}],
			"sum":	{
				"start":	687.00017,
				"end":	688.001095,
				"seconds":	1.0009249448776245,
				"bytes":	12167048,
				"bits_per_second":	97246436.4067783,
				"jitter_ms":	0.062201087372723216,
				"lost_packets":	9824,
				"packets":	18850,
				"lost_percent":	52.116710875331563,
				"omitted":	false,
				"sender":	false
			}
		}, {
			"streams":	[{
					"socket":	5,
					"start":	688.001095,
					"end":	689.000177,
					"seconds":	0.99908202886581421,
					"bytes":	12016072,
					"bits_per_second":	96216900.337130323,
					"jitter_ms":	0.06241723595744867,
					"lost_packets":	9485,
					"packets":	18399,
					"lost_percent":	51.5517147671069,
					"omitted":	false,
					"sender":	false
				}],
			"sum":	{
				"start":	688.001095,
				"end":	689.000177,
				"seconds":	0.99908202886581421,
				"bytes":	12016072,
				"bits_per_second":	96216900.337130323,
				"jitter_ms":	0.06241723595744867,
				"lost_packets":	9485,
				"packets":	18399,
				"lost_percent":	51.5517147671069,
				"omitted":	false,
				"sender":	false
			}
		}, {
			"streams":	[{
					"socket":	5,
					"start":	689.000177,
					"end":	690.001111,
					"seconds":	1.0009340047836304,
					"bytes":	11867792,
					"bits_per_second":	94853742.151085645,
					"jitter_ms":	0.093879727510079,
					"lost_packets":	9440,
					"packets":	18244,
					"lost_percent":	51.7430388072791,
					"omitted":	false,
					"sender":	false
				}],
			"sum":	{
				"start":	689.000177,
				"end":	690.001111,
				"seconds":	1.0009340047836304,
				"bytes":	11867792,
				"bits_per_second":	94853742.151085645,
				"jitter_ms":	0.093879727510079,
				"lost_packets":	9440,
				"packets":	18244,
				"lost_percent":	51.7430388072791,
				"omitted":	false,
				"sender":	false
			}
		}, {
			"streams":	[{
					"socket":	5,
					"start":	690.001111,
					"end":	691.000247,
					"seconds":	0.999135971069336,
					"bytes":	11990460,
					"bits_per_second":	96006632.508022562,
					"jitter_ms":	0.03516305036518224,
					"lost_packets":	9797,
					"packets":	18692,
					"lost_percent":	52.4127969184678,
					"omitted":	false,
					"sender":	false
				}],
			"sum":	{
				"start":	690.001111,
				"end":	691.000247,
				"seconds":	0.999135971069336,
				"bytes":	11990460,
				"bits_per_second":	96006632.508022562,
				"jitter_ms":	0.03516305036518224,
				"lost_packets":	9797,
				"packets":	18692,
				"lost_percent":	52.4127969184678,
				"omitted":	false,
				"sender":	false
			}
		}, {
			"streams":	[{
					"socket":	5,
					"start":	691.000247,
					"end":	692.00114,
					"seconds":	1.0008929967880249,
					"bytes":	12181876,
					"bits_per_second":	97368058.6363815,
					"jitter_ms":	0.056549763534237359,
					"lost_packets":	9666,
					"packets":	18703,
					"lost_percent":	51.681548414692827,
					"omitted":	false,
					"sender":	false
				}],
			"sum":	{
				"start":	691.000247,
				"end":	692.00114,
				"seconds":	1.0008929967880249,
				"bytes":	12181876,
				"bits_per_second":	97368058.6363815,
				"jitter_ms":	0.056549763534237359,
				"lost_packets":	9666,
				"packets":	18703,
				"lost_percent":	51.681548414692827,
				"omitted":	false,
				"sender":	false
			}
		}, {
			"streams":	[{
					"socket":	5,
					"start":	692.00114,
					"end":	693.001093,
					"seconds":	0.99995297193527222,
					"bytes":	12018768,
					"bits_per_second":	96154665.967855,
					"jitter_ms":	0.07385798200349615,
					"lost_packets":	9774,
					"packets":	18690,
					"lost_percent":	52.295345104333869,
					"omitted":	false,
					"sender":	false
				}],
			"sum":	{
				"start":	692.00114,
				"end":	693.001093,
				"seconds":	0.99995297193527222,
				"bytes":	12018768,
				"bits_per_second":	96154665.967855,
				"jitter_ms":	0.07385798200349615,
				"lost_packets":	9774,
				"packets":	18690,
				"lost_percent":	52.295345104333869,
				"omitted":	false,
				"sender":	false
			}
		}, {
			"streams":	[{
					"socket":	5,
					"start":	693.001093,
					"end":	694.00109,
					"seconds":	0.99999701976776123,
					"bytes":	11874532,
					"bits_per_second":	94996539.111748427,
					"jitter_ms":	0.0516687106947264,
					"lost_packets":	9283,
					"packets":	18092,
					"lost_percent":	51.3099712580146,
					"omitted":	false,
					"sender":	false
				}],
			"sum":	{
				"start":	693.001093,
				"end":	694.00109,
				"seconds":	0.99999701976776123,
				"bytes":	11874532,
				"bits_per_second":	94996539.111748427,
				"jitter_ms":	0.0516687106947264,
				"lost_packets":	9283,
				"packets":	18092,
				"lost_percent":	51.3099712580146,
				"omitted":	false,
				"sender":	false
			}
		}, {
			"streams":	[{
					"socket":	5,
					"start":	694.00109,
					"end":	695.00111,
					"seconds":	1.0000200271606445,
					"bytes":	12003940,
					"bits_per_second":	96029596.79983826,
					"jitter_ms":	0.046793045968486165,
					"lost_packets":	9790,
					"packets":	18695,
					"lost_percent":	52.3669430328965,
					"omitted":	false,
					"sender":	false
				}],
			"sum":	{
				"start":	694.00109,
				"end":	695.00111,
				"seconds":	1.0000200271606445,
				"bytes":	12003940,
				"bits_per_second":	96029596.79983826,
				"jitter_ms":	0.046793045968486165,
				"lost_packets":	9790,
				"packets":	18695,
				"lost_percent":	52.3669430328965,
				"omitted":	false,
				"sender":	false
			}
		}, {
			"streams":	[{
					"socket":	5,
					"start":	695.00111,
					"end":	696.001112,
					"seconds":	1.0000020265579224,
					"bytes":	12194008,
					"bits_per_second":	97551866.3054925,
					"jitter_ms":	0.0661611723895638,
					"lost_packets":	9808,
					"packets":	18854,
					"lost_percent":	52.020791344011883,
					"omitted":	false,
					"sender":	false
				}],
			"sum":	{
				"start":	695.00111,
				"end":	696.001112,
				"seconds":	1.0000020265579224,
				"bytes":	12194008,
				"bits_per_second":	97551866.3054925,
				"jitter_ms":	0.0661611723895638,
				"lost_packets":	9808,
				"packets":	18854,
				"lost_percent":	52.020791344011883,
				"omitted":	false,
				"sender":	false
			}
		}, {
			"streams":	[{
					"socket":	5,
					"start":	696.001112,
					"end":	697.00111,
					"seconds":	0.99999797344207764,
					"bytes":	12033596,
					"bits_per_second":	96268963.094629839,
					"jitter_ms":	0.0587919703707148,
					"lost_packets":	9471,
					"packets":	18398,
					"lost_percent":	51.478421567561689,
					"omitted":	false,
					"sender":	false
				}],
			"sum":	{
				"start":	696.001112,
				"end":	697.00111,
				"seconds":	0.99999797344207764,
				"bytes":	12033596,
				"bits_per_second":	96268963.094629839,
				"jitter_ms":	0.0587919703707148,
				"lost_packets":	9471,
				"packets":	18398,
				"lost_percent":	51.478421567561689,
				"omitted":	false,
				"sender":	false
			}
		}, {
			"streams":	[{
					"socket":	5,
					"start":	697.00111,
					"end":	698.0011,
					"seconds":	0.99998998641967773,
					"bytes":	11870488,
					"bits_per_second":	94964854.9382027,
					"jitter_ms":	0.042129070777971872,
					"lost_packets":	9431,
					"packets":	18237,
					"lost_percent":	51.713549377638863,
					"omitted":	false,
					"sender":	false
				}],
			"sum":	{
				"start":	697.00111,
				"end":	698.0011,
				"seconds":	0.99998998641967773,
				"bytes":	11870488,
				"bits_per_second":	94964854.9382027,
				"jitter_ms":	0.042129070777971872,
				"lost_packets":	9431,
				"packets":	18237,
				"lost_percent":	51.713549377638863,
				"omitted":	false,
				"sender":	false
			}
		}, {
			"streams":	[{
					"socket":	5,
					"start":	698.0011,
					"end":	699.001108,
					"seconds":	1.0000079870224,
					"bytes":	12016072,
					"bits_per_second":	96127808.225042447,
					"jitter_ms":	0.052210211697996417,
					"lost_packets":	9631,
					"packets":	18545,
					"lost_percent":	51.933135616069023,
					"omitted":	false,
					"sender":	false
				}],
			"sum":	{
				"start":	698.0011,
				"end":	699.001108,
				"seconds":	1.0000079870224,
				"bytes":	12016072,
				"bits_per_second":	96127808.225042447,
				"jitter_ms":	0.052210211697996417,
				"lost_packets":	9631,
				"packets":	18545,
				"lost_percent":	51.933135616069023,
				"omitted":	false,
				"sender":	false
			}
		}, {
			"streams":	[{
					"socket":	5,
					"start":	699.001108,
					"end":	700.001091,
					"seconds":	0.999983012676239,
					"bytes":	12179180,
					"bits_per_second":	97435095.1615072,
					"jitter_ms":	0.0616476912591652,
					"lost_packets":	9968,
					"packets":	19003,
					"lost_percent":	52.454875545966424,
					"omitted":	false,
					"sender":	false
				}],
			"sum":	{
				"start":	699.001108,
				"end":	700.001091,
				"seconds":	0.999983012676239,
				"bytes":	12179180,
				"bits_per_second":	97435095.1615072,
				"jitter_ms":	0.0616476912591652,
				"lost_packets":	9968,
				"packets":	19003,
				"lost_percent":	52.454875545966424,
				"omitted":	false,
				"sender":	false
			}
		}, {
			"streams":	[{
					"socket":	5,
					"start":	700.001091,
					"end":	701.001075,
					"seconds":	0.9999840259552002,
					"bytes":	12034944,
					"bits_per_second":	96281089.998445,
					"jitter_ms":	0.066018918993801454,
					"lost_packets":	9619,
					"packets":	18547,
					"lost_percent":	51.86283495983178,
					"omitted":	false,
					"sender":	false
				}],
			"sum":	{
				"start":	700.001091,
				"end":	701.001075,
				"seconds":	0.9999840259552002,
				"bytes":	12034944,
				"bits_per_second":	96281089.998445,
				"jitter_ms":	0.066018918993801454,
				"lost_packets":	9619,
				"packets":	18547,
				"lost_percent":	51.86283495983178,
				"omitted":	false,
				"sender":	false
			}
		}, {
			"streams":	[{
					"socket":	5,
					"start":	701.001075,
					"end":	702.000209,
					"seconds":	0.99913400411605835,
					"bytes":	11839484,
					"bits_per_second":	94797966.648924,
					"jitter_ms":	0.040728421574240822,
					"lost_packets":	9306,
					"packets":	18089,
					"lost_percent":	51.445629940848029,
					"omitted":	false,
					"sender":	false
				}],
			"sum":	{
				"start":	701.001075,
				"end":	702.000209,
				"seconds":	0.99913400411605835,
				"bytes":	11839484,
				"bits_per_second":	94797966.648924,
				"jitter_ms":	0.040728421574240822,
				"lost_packets":	9306,
				"packets":	18089,
				"lost_percent":	51.445629940848029,
				"omitted":	false,
				"sender":	false
			}
		}, {
			"streams":	[{
					"socket":	5,
					"start":	702.000209,
					"end":	703.000199,
					"seconds":	0.99998998641967773,
					"bytes":	12009332,
					"bits_per_second":	96075618.060918465,
					"jitter_ms":	0.0481323387475727,
					"lost_packets":	9785,
					"packets":	18694,
					"lost_percent":	52.342997753289822,
					"omitted":	false,
					"sender":	false
				}],
			"sum":	{
				"start":	702.000209,
				"end":	703.000199,
				"seconds":	0.99998998641967773,
				"bytes":	12009332,
				"bits_per_second":	96075618.060918465,
				"jitter_ms":	0.0481323387475727,
				"lost_packets":	9785,
				"packets":	18694,
				"lost_percent":	52.342997753289822,
				"omitted":	false,
				"sender":	false
			}
		}, {
			"streams":	[{
					"socket":	5,
					"start":	703.000199,
					"end":	704.001089,
					"seconds":	1.0008900165557861,
					"bytes":	12175136,
					"bits_per_second":	97314476.5047931,
					"jitter_ms":	0.06708574103472266,
					"lost_packets":	9821,
					"packets":	18853,
					"lost_percent":	52.09250517159073,
					"omitted":	false,
					"sender":	false
				}],
			"sum":	{
				"start":	703.000199,
				"end":	704.001089,
				"seconds":	1.0008900165557861,
				"bytes":	12175136,
				"bits_per_second":	97314476.5047931,
				"jitter_ms":	0.06708574103472266,
				"lost_packets":	9821,
				"packets":	18853,
				"lost_percent":	52.09250517159073,
				"omitted":	false,
				"sender":	false
			}
		}, {
			"streams":	[{
					"socket":	5,
					"start":	704.001089,
					"end":	705.000282,
					"seconds":	0.999193012714386,
					"bytes":	12022812,
					"bits_per_second":	96260176.7387391,
					"jitter_ms":	0.067961806893144447,
					"lost_packets":	9480,
					"packets":	18399,
					"lost_percent":	51.524539377140059,
					"omitted":	false,
					"sender":	false
				}],
			"sum":	{
				"start":	704.001089,
				"end":	705.000282,
				"seconds":	0.999193012714386,
				"bytes":	12022812,
				"bits_per_second":	96260176.7387391,
				"jitter_ms":	0.067961806893144447,
				"lost_packets":	9480,
				"packets":	18399,
				"lost_percent":	51.524539377140059,
				"omitted":	false,
				"sender":	false
			}
		}, {
			"streams":	[{
					"socket":	5,
					"start":	705.000282,
					"end":	706.001073,
					"seconds":	1.0007909536361694,
					"bytes":	11835440,
					"bits_per_second":	94608688.913490653,
					"jitter_ms":	0.043722542919985737,
					"lost_packets":	9457,
					"packets":	18237,
					"lost_percent":	51.856116685858417,
					"omitted":	false,
					"sender":	false
				}],
			"sum":	{
				"start":	705.000282,
				"end":	706.001073,
				"seconds":	1.0007909536361694,
				"bytes":	11835440,
				"bits_per_second":	94608688.913490653,
				"jitter_ms":	0.043722542919985737,
				"lost_packets":	9457,
				"packets":	18237,
				"lost_percent":	51.856116685858417,
				"omitted":	false,
				"sender":	false
			}
		}, {
			"streams":	[{
					"socket":	5,
					"start":	706.001073,
					"end":	707.001125,
					"seconds":	1.0000519752502441,
					"bytes":	12017420,
					"bits_per_second":	96134363.3924056,
					"jitter_ms":	0.052053639542953722,
					"lost_packets":	9632,
					"packets":	18547,
					"lost_percent":	51.932927158030949,
					"omitted":	false,
					"sender":	false
				}],
			"sum":	{
				"start":	706.001073,
				"end":	707.001125,
				"seconds":	1.0000519752502441,
				"bytes":	12017420,
				"bits_per_second":	96134363.3924056,
				"jitter_ms":	0.052053639542953722,
				"lost_packets":	9632,
				"packets":	18547,
				"lost_percent":	51.932927158030949,
				"omitted":	false,
				"sender":	false
			}
		}, {
			"streams":	[{
					"socket":	5,
					"start":	707.001125,
					"end":	708.001063,
					"seconds":	0.99993801116943359,
					"bytes":	12203444,
					"bits_per_second":	97633604.1929479,
					"jitter_ms":	0.0690759621092242,
					"lost_packets":	9801,
					"packets":	18854,
					"lost_percent":	51.983663943990663,
					"omitted":	false,
					"sender":	false
				}],
			"sum":	{
				"start":	707.001125,
				"end":	708.001063,
				"seconds":	0.99993801116943359,
				"bytes":	12203444,
				"bits_per_second":	97633604.1929479,
				"jitter_ms":	0.0690759621092242,
				"lost_packets":	9801,
				"packets":	18854,
				"lost_percent":	51.983663943990663,
				"omitted":	false,
				"sender":	false
			}
		}, {
			"streams":	[{
					"socket":	5,
					"start":	708.001063,
					"end":	709.001091,
					"seconds":	1.0000280141830444,
					"bytes":	12032248,
					"bits_per_second":	96255287.486757353,
					"jitter_ms":	0.060020923823323212,
					"lost_packets":	9621,
					"packets":	18547,
					"lost_percent":	51.87361837493934,
					"omitted":	false,
					"sender":	false
				}],
			"sum":	{
				"start":	708.001063,
				"end":	709.001091,
				"seconds":	1.0000280141830444,
				"bytes":	12032248,
				"bits_per_second":	96255287.486757353,
				"jitter_ms":	0.060020923823323212,
				"lost_packets":	9621,
				"packets":	18547,
				"lost_percent":	51.87361837493934,
				"omitted":	false,
				"sender":	false
			}
		}, {
			"streams":	[{
					"socket":	5,
					"start":	709.001091,
					"end":	710.001076,
					"seconds":	0.9999849796295166,
					"bytes":	11874532,
					"bits_per_second":	94997682.900392234,
					"jitter_ms":	0.041311518108967889,
					"lost_packets":	9428,
					"packets":	18237,
					"lost_percent":	51.697099303613534,
					"omitted":	false,
					"sender":	false
				}],
			"sum":	{
				"start":	709.001091,
				"end":	710.001076,
				"seconds":	0.9999849796295166,
				"bytes":	11874532,
				"bits_per_second":	94997682.900392234,
				"jitter_ms":	0.041311518108967889,
				"lost_packets":	9428,
				"packets":	18237,
				"lost_percent":	51.697099303613534,
				"omitted":	false,
				"sender":	false
			}
		}, {
			"streams":	[{
					"socket":	5,
					"start":	710.001076,
					"end":	711.000306,
					"seconds":	0.9992300271987915,
					"bytes":	12029552,
					"bits_per_second":	96310572.521310225,
					"jitter_ms":	0.0467481022981159,
					"lost_packets":	9621,
					"packets":	18545,
					"lost_percent":	51.8792127258021,
					"omitted":	false,
					"sender":	false
				}],
			"sum":	{
				"start":	710.001076,
				"end":	711.000306,
				"seconds":	0.9992300271987915,
				"bytes":	12029552,
				"bits_per_second":	96310572.521310225,
				"jitter_ms":	0.0467481022981159,
				"lost_packets":	9621,
				"packets":	18545,
				"lost_percent":	51.8792127258021,
				"omitted":	false,
				"sender":	false
			}
		}, {
			"streams":	[{
					"socket":	5,
					"start":	711.000306,
					"end":	712.000214,
					"seconds":	0.9999079704284668,
					"bytes":	12200748,
					"bits_per_second":	97614967.4636309,
					"jitter_ms":	0.0585291864146259,
					"lost_packets":	9805,
					"packets":	18856,
					"lost_percent":	51.9993635977938,
					"omitted":	false,
					"sender":	false
				}],
			"sum":	{
				"start":	711.000306,
				"end":	712.000214,
				"seconds":	0.9999079704284668,
				"bytes":	12200748,
				"bits_per_second":	97614967.4636309,
				"jitter_ms":	0.0585291864146259,
				"lost_packets":	9805,
				"packets":	18856,
				"lost_percent":	51.9993635977938,
				"omitted":	false,
				"sender":	false
			}
		}, {
			"streams":	[{
					"socket":	5,
					"start":	712.000214,
					"end":	713.001086,
					"seconds":	1.000872015953064,
					"bytes":	12018768,
					"bits_per_second":	96066372.590548053,
					"jitter_ms":	0.037630525923140777,
					"lost_packets":	9675,
					"packets":	18591,
					"lost_percent":	52.041310311441023,
					"omitted":	false,
					"sender":	false
				}],
			"sum":	{
				"start":	712.000214,
				"end":	713.001086,
				"seconds":	1.000872015953064,
				"bytes":	12018768,
				"bits_per_second":	96066372.590548053,
				"jitter_ms":	0.037630525923140777,
				"lost_packets":	9675,
				"packets":	18591,
				"lost_percent":	52.041310311441023,
				"omitted":	false,
				"sender":	false
			}
		}, {
			"streams":	[{
					"socket":	5,
					"start":	713.001086,
					"end":	714.000173,
					"seconds":	0.99908697605133057,
					"bytes":	11901492,
					"bits_per_second":	95298946.220182,
					"jitter_ms":	0.039380580442452587,
					"lost_packets":	9418,
					"packets":	18247,
					"lost_percent":	51.613963939277689,
					"omitted":	false,
					"sender":	false
				}],
			"sum":	{
				"start":	713.001086,
				"end":	714.000173,
				"seconds":	0.99908697605133057,
				"bytes":	11901492,
				"bits_per_second":	95298946.220182,
				"jitter_ms":	0.039380580442452587,
				"lost_packets":	9418,
				"packets":	18247,
				"lost_percent":	51.613963939277689,
				"omitted":	false,
				"sender":	false
			}
		}, {
			"streams":	[{
					"socket":	5,
					"start":	714.000173,
					"end":	715.001104,
					"seconds":	1.0009310245513916,
					"bytes":	11993156,
					"bits_per_second":	95856003.707150355,
					"jitter_ms":	0.0444392072220842,
					"lost_packets":	9594,
					"packets":	18491,
					"lost_percent":	51.884700665188468,
					"omitted":	false,
					"sender":	false
				}],
			"sum":	{
				"start":	714.000173,
				"end":	715.001104,
				"seconds":	1.0009310245513916,
				"bytes":	11993156,
				"bits_per_second":	95856003.707150355,
				"jitter_ms":	0.0444392072220842,
				"lost_packets":	9594,
				"packets":	18491,
				"lost_percent":	51.884700665188468,
				"omitted":	false,
				"sender":	false
			}
		}, {
			"streams":	[{
					"socket":	5,
					"start":	715.001104,
					"end":	716.00114,
					"seconds":	1.0000360012054443,
					"bytes":	12164352,
					"bits_per_second":	97311312.6754403,
					"jitter_ms":	0.03001148062834038,
					"lost_packets":	9823,
					"packets":	18847,
					"lost_percent":	52.119700748129674,
					"omitted":	false,
					"sender":	false
				}],
			"sum":	{
				"start":	715.001104,
				"end":	716.00114,
				"seconds":	1.0000360012054443,
				"bytes":	12164352,
				"bits_per_second":	97311312.6754403,
				"jitter_ms":	0.03001148062834038,
				"lost_packets":	9823,
				"packets":	18847,
				"lost_percent":	52.119700748129674,
				"omitted":	false,
				"sender":	false
			}
		}, {
			"streams":	[{
					"socket":	5,
					"start":	716.00114,
					"end":	717.001096,
					"seconds":	0.99995601177215576,
					"bytes":	11848920,
					"bits_per_second":	94795529.8873673,
					"jitter_ms":	0.041247243796859477,
					"lost_packets":	9455,
					"packets":	18245,
					"lost_percent":	51.8224171005755,
					"omitted":	false,
					"sender":	false
				}],
			"sum":	{
				"start":	716.00114,
				"end":	717.001096,
				"seconds":	0.99995601177215576,
				"bytes":	11848920,
				"bits_per_second":	94795529.8873673,
				"jitter_ms":	0.041247243796859477,
				"lost_packets":	9455,
				"packets":	18245,
				"lost_percent":	51.8224171005755,
				"omitted":	false,
				"sender":	false
			}
		}, {
			"streams":	[{
					"socket":	5,
					"start":	717.001096,
					"end":	718.001087,
					"seconds":	0.999990999698639,
					"bytes":	11983720,
					"bits_per_second":	95870622.864497453,
					"jitter_ms":	0.050793764564252261,
					"lost_packets":	9634,
					"packets":	18524,
					"lost_percent":	52.008205571150938,
					"omitted":	false,
					"sender":	false
				}],
			"sum":	{
				"start":	717.001096,
				"end":	718.001087,
				"seconds":	0.999990999698639,
				"bytes":	11983720,
				"bits_per_second":	95870622.864497453,
				"jitter_ms":	0.050793764564252261,
				"lost_packets":	9634,
				"packets":	18524,
				"lost_percent":	52.008205571150938,
				"omitted":	false,
				"sender":	false
			}
		}, {
			"streams":	[{
					"socket":	5,
					"start":	718.001087,
					"end":	719.001084,
					"seconds":	0.99999701976776123,
					"bytes":	12204792,
					"bits_per_second":	97638626.9857839,
					"jitter_ms":	0.0606213809208021,
					"lost_packets":	9823,
					"packets":	18877,
					"lost_percent":	52.036870265402342,
					"omitted":	false,
					"sender":	false
				}],
			"sum":	{
				"start":	718.001087,
				"end":	719.001084,
				"seconds":	0.99999701976776123,
				"bytes":	12204792,
				"bits_per_second":	97638626.9857839,
				"jitter_ms":	0.0606213809208021,
				"lost_packets":	9823,
				"packets":	18877,
				"lost_percent":	52.036870265402342,
				"omitted":	false,
				"sender":	false
			}
		}, {
			"streams":	[{
					"socket":	5,
					"start":	719.001084,
					"end":	720.001093,
					"seconds":	1.0000089406967163,
					"bytes":	12045728,
					"bits_per_second":	96364962.430096835,
					"jitter_ms":	0.0568651304183268,
					"lost_packets":	9610,
					"packets":	18546,
					"lost_percent":	51.8171034185269,
					"omitted":	false,
					"sender":	false
				}],
			"sum":	{
				"start":	719.001084,
				"end":	720.001093,
				"seconds":	1.0000089406967163,
				"bytes":	12045728,
				"bits_per_second":	96364962.430096835,
				"jitter_ms":	0.0568651304183268,
				"lost_packets":	9610,
				"packets":	18546,
				"lost_percent":	51.8171034185269,
				"omitted":	false,
				"sender":	false
			}
		}, {
			"streams":	[{
					"socket":	5,
					"start":	720.001093,
					"end":	721.001061,
					"seconds":	0.99996799230575562,
					"bytes":	11873184,
					"bits_per_second":	94988512.363260448,
					"jitter_ms":	0.050021897185989941,
					"lost_packets":	9428,
					"packets":	18236,
					"lost_percent":	51.699934196095633,
					"omitted":	false,
					"sender":	false
				}],
			"sum":	{
				"start":	720.001093,
				"end":	721.001061,
				"seconds":	0.99996799230575562,
				"bytes":	11873184,
				"bits_per_second":	94988512.363260448,
				"jitter_ms":	0.050021897185989941,
				"lost_packets":	9428,
				"packets":	18236,
				"lost_percent":	51.699934196095633,
				"omitted":	false,
				"sender":	false
			}
		}, {
			"streams":	[{
					"socket":	5,
					"start":	721.001061,
					"end":	722.001082,
					"seconds":	1.0000209808349609,
					"bytes":	12007984,
					"bits_per_second":	96061856.542041853,
					"jitter_ms":	0.036640065794026171,
					"lost_packets":	9639,
					"packets":	18547,
					"lost_percent":	51.970669110907423,
					"omitted":	false,
					"sender":	false
				}],
			"sum":	{
				"start":	721.001061,
				"end":	722.001082,
				"seconds":	1.0000209808349609,
				"bytes":	12007984,
				"bits_per_second":	96061856.542041853,
				"jitter_ms":	0.036640065794026171,
				"lost_packets":	9639,
				"packets":	18547,
				"lost_percent":	51.970669110907423,
				"omitted":	false,
				"sender":	false
			}
		}, {
			"streams":	[{
					"socket":	5,
					"start":	722.001082,
					"end":	723.001062,
					"seconds":	0.99997997283935547,
					"bytes":	12175136,
					"bits_per_second":	97403038.706303433,
					"jitter_ms":	0.058048182384735,
					"lost_packets":	9823,
					"packets":	18855,
					"lost_percent":	52.0975868469902,
					"omitted":	false,
					"sender":	false
				}],
			"sum":	{
				"start":	722.001082,
				"end":	723.001062,
				"seconds":	0.99997997283935547,
				"bytes":	12175136,
				"bits_per_second":	97403038.706303433,
				"jitter_ms":	0.058048182384735,
				"lost_packets":	9823,
				"packets":	18855,
				"lost_percent":	52.0975868469902,
				"omitted":	false,
				"sender":	false
			}
		}, {
			"streams":	[{
					"socket":	5,
					"start":	723.001062,
					"end":	724.001115,
					"seconds":	1.00005304813385,
					"bytes":	12032248,
					"bits_per_second":	96252877.9644463,
					"jitter_ms":	0.0610461123766157,
					"lost_packets":	9619,
					"packets":	18545,
					"lost_percent":	51.868428147748716,
					"omitted":	false,
					"sender":	false
				}],
			"sum":	{
				"start":	723.001062,
				"end":	724.001115,
				"seconds":	1.00005304813385,
				"bytes":	12032248,
				"bits_per_second":	96252877.9644463,
				"jitter_ms":	0.0610461123766157,
				"lost_packets":	9619,
				"packets":	18545,
				"lost_percent":	51.868428147748716,
				"omitted":	false,
				"sender":	false
			}
		}, {
			"streams":	[{
					"socket":	5,
					"start":	724.001115,
					"end":	725.000181,
					"seconds":	0.99906599521636963,
					"bytes":	11844876,
					"bits_per_second":	94847596.108481169,
					"jitter_ms":	0.0513645442217027,
					"lost_packets":	9450,
					"packets":	18237,
					"lost_percent":	51.817733179799312,
					"omitted":	false,
					"sender":	false
				}],
			"sum":	{
				"start":	724.001115,
				"end":	725.000181,
				"seconds":	0.99906599521636963,
				"bytes":	11844876,
				"bits_per_second":	94847596.108481169,
				"jitter_ms":	0.0513645442217027,
				"lost_packets":	9450,
				"packets":	18237,
				"lost_percent":	51.817733179799312,
				"omitted":	false,
				"sender":	false
			}
		}, {
			"streams":	[{
					"socket":	5,
					"start":	725.000181,
					"end":	726.001135,
					"seconds":	1.0009540319442749,
					"bytes":	12010680,
					"bits_per_second":	95993858.792257965,
					"jitter_ms":	0.05207693843225264,
					"lost_packets":	9785,
					"packets":	18695,
					"lost_percent":	52.340197913880715,
					"omitted":	false,
					"sender":	false
				}],
			"sum":	{
				"start":	725.000181,
				"end":	726.001135,
				"seconds":	1.0009540319442749,
				"bytes":	12010680,
				"bits_per_second":	95993858.792257965,
				"jitter_ms":	0.05207693843225264,
				"lost_packets":	9785,
				"packets":	18695,
				"lost_percent":	52.340197913880715,
				"omitted":	false,
				"sender":	false
			}
		}, {
			"streams":	[{
					"socket":	5,
					"start":	726.001135,
					"end":	727.000228,
					"seconds":	0.999092996120453,
					"bytes":	12194008,
					"bits_per_second":	97640624.425155,
					"jitter_ms":	0.060267688618779576,
					"lost_packets":	9660,
					"packets":	18706,
					"lost_percent":	51.641184646637441,
					"omitted":	false,
					"sender":	false
				}],
			"sum":	{
				"start":	726.001135,
				"end":	727.000228,
				"seconds":	0.999092996120453,
				"bytes":	12194008,
				"bits_per_second":	97640624.425155,
				"jitter_ms":	0.060267688618779576,
				"lost_packets":	9660,
				"packets":	18706,
				"lost_percent":	51.641184646637441,
				"omitted":	false,
				"sender":	false
			}
		}, {
			"streams":	[{
					"socket":	5,
					"start":	727.000228,
					"end":	728.001099,
					"seconds":	1.000870943069458,
					"bytes":	12013376,
					"bits_per_second":	96023377.105204269,
					"jitter_ms":	0.066099635850444372,
					"lost_packets":	9634,
					"packets":	18546,
					"lost_percent":	51.946511377116359,
					"omitted":	false,
					"sender":	false
				}],
			"sum":	{
				"start":	727.000228,
				"end":	728.001099,
				"seconds":	1.000870943069458,
				"bytes":	12013376,
				"bits_per_second":	96023377.105204269,
				"jitter_ms":	0.066099635850444372,
				"lost_packets":	9634,
				"packets":	18546,
				"lost_percent":	51.946511377116359,
				"omitted":	false,
				"sender":	false
			}
		}, {
			"streams":	[{
					"socket":	5,
					"start":	728.001099,
					"end":	729.00107,
					"seconds":	0.99997097253799438,
					"bytes":	11865096,
					"bits_per_second":	94923523.3889686,
					"jitter_ms":	0.052751979352033754,
					"lost_packets":	9436,
					"packets":	18238,
					"lost_percent":	51.73812918083123,
					"omitted":	false,
					"sender":	false
				}],
			"sum":	{
				"start":	728.001099,
				"end":	729.00107,
				"seconds":	0.99997097253799438,
				"bytes":	11865096,
				"bits_per_second":	94923523.3889686,
				"jitter_ms":	0.052751979352033754,
				"lost_packets":	9436,
				"packets":	18238,
				"lost_percent":	51.73812918083123,
				"omitted":	false,
				"sender":	false
			}
		}, {
			"streams":	[{
					"socket":	5,
					"start":	729.00107,
					"end":	730.0011,
					"seconds":	1.0000300407409668,
					"bytes":	12025508,
					"bits_per_second":	96201174.0454498,
					"jitter_ms":	0.05056212463154814,
					"lost_packets":	9624,
					"packets":	18545,
					"lost_percent":	51.895389592882175,
					"omitted":	false,
					"sender":	false
				}],
			"sum":	{
				"start":	729.00107,
				"end":	730.0011,
				"seconds":	1.0000300407409668,
				"bytes":	12025508,
				"bits_per_second":	96201174.0454498,
				"jitter_ms":	0.05056212463154814,
				"lost_packets":	9624,
				"packets":	18545,
				"lost_percent":	51.895389592882175,
				"omitted":	false,
				"sender":	false
			}
		}, {
			"streams":	[{
					"socket":	5,
					"start":	730.0011,
					"end":	731.000175,
					"seconds":	0.99907499551773071,
					"bytes":	12172440,
					"bits_per_second":	97469679.890784323,
					"jitter_ms":	0.061159618689746668,
					"lost_packets":	9974,
					"packets":	19004,
					"lost_percent":	52.483687644706379,
					"omitted":	false,
					"sender":	false
				}],
			"sum":	{
				"start":	730.0011,
				"end":	731.000175,
				"seconds":	0.99907499551773071,
				"bytes":	12172440,
				"bits_per_second":	97469679.890784323,
				"jitter_ms":	0.061159618689746668,
				"lost_packets":	9974,
				"packets":	19004,
				"lost_percent":	52.483687644706379,
				"omitted":	false,
				"sender":	false
			}
		}, {
			"streams":	[{
					"socket":	5,
					"start":	731.000175,
					"end":	732.00018,
					"seconds":	1.0000050067901611,
					"bytes":	12032248,
					"bits_per_second":	96257502.058885753,
					"jitter_ms":	0.0657670100574298,
					"lost_packets":	9471,
					"packets":	18397,
					"lost_percent":	51.481219764091975,
					"omitted":	false,
					"sender":	false
				}],
			"sum":	{
				"start":	731.000175,
				"end":	732.00018,
				"seconds":	1.0000050067901611,
				"bytes":	12032248,
				"bits_per_second":	96257502.058885753,
				"jitter_ms":	0.0657670100574298,
				"lost_packets":	9471,
				"packets":	18397,
				"lost_percent":	51.481219764091975,
				"omitted":	false,
				"sender":	false
			}
		}, {
			"streams":	[{
					"socket":	5,
					"start":	732.00018,
					"end":	733.000313,
					"seconds":	1.0001330375671387,
					"bytes":	11835440,
					"bits_per_second":	94670925.210431233,
					"jitter_ms":	0.041409655645900864,
					"lost_packets":	9604,
					"packets":	18384,
					"lost_percent":	52.241079199303741,
					"omitted":	false,
					"sender":	false
				}],
			"sum":	{
				"start":	732.00018,
				"end":	733.000313,
				"seconds":	1.0001330375671387,
				"bytes":	11835440,
				"bits_per_second":	94670925.210431233,
				"jitter_ms":	0.041409655645900864,
				"lost_packets":	9604,
				"packets":	18384,
				"lost_percent":	52.241079199303741,
				"omitted":	false,
				"sender":	false
			}
		}, {
			"streams":	[{
					"socket":	5,
					"start":	733.000313,
					"end":	734.001074,
					"seconds":	1.0007610321044922,
					"bytes":	12017420,
					"bits_per_second":	96066250.4992119,
					"jitter_ms":	0.051034488918685436,
					"lost_packets":	9633,
					"packets":	18548,
					"lost_percent":	51.935518654302349,
					"omitted":	false,
					"sender":	false
				}],
			"sum":	{
				"start":	733.000313,
				"end":	734.001074,
				"seconds":	1.0007610321044922,
				"bytes":	12017420,
				"bits_per_second":	96066250.4992119,
				"jitter_ms":	0.051034488918685436,
				"lost_packets":	9633,
				"packets":	18548,
				"lost_percent":	51.935518654302349,
				"omitted":	false,
				"sender":	false
			}
		}, {
			"streams":	[{
					"socket":	5,
					"start":	734.001074,
					"end":	735.00111,
					"seconds":	1.0000360012054443,
					"bytes":	12187268,
					"bits_per_second":	97494634.0756489,
					"jitter_ms":	0.066084560928963976,
					"lost_packets":	9812,
					"packets":	18853,
					"lost_percent":	52.044767411022121,
					"omitted":	false,
					"sender":	false
				}],
			"sum":	{
				"start":	734.001074,
				"end":	735.00111,
				"seconds":	1.0000360012054443,
				"bytes":	12187268,
				"bits_per_second":	97494634.0756489,
				"jitter_ms":	0.066084560928963976,
				"lost_packets":	9812,
				"packets":	18853,
				"lost_percent":	52.044767411022121,
				"omitted":	false,
				"sender":	false
			}
		}, {
			"streams":	[{
					"socket":	5,
					"start":	735.00111,
					"end":	736.000253,
					"seconds":	0.99914300441741943,
					"bytes":	12016072,
					"bits_per_second":	96211028.426356927,
					"jitter_ms":	0.057762657271300623,
					"lost_packets":	9634,
					"packets":	18548,
					"lost_percent":	51.9409100711667,
					"omitted":	false,
					"sender":	false
				}],
			"sum":	{
				"start":	735.00111,
				"end":	736.000253,
				"seconds":	0.99914300441741943,
				"bytes":	12016072,
				"bits_per_second":	96211028.426356927,
				"jitter_ms":	0.057762657271300623,
				"lost_packets":	9634,
				"packets":	18548,
				"lost_percent":	51.9409100711667,
				"omitted":	false,
				"sender":	false
			}
		}, {
			"streams":	[{
					"socket":	5,
					"start":	736.000253,
					"end":	737.000318,
					"seconds":	1.0000649690628052,
					"bytes":	11848920,
					"bits_per_second":	94785201.89426513,
					"jitter_ms":	0.046818617908608071,
					"lost_packets":	9299,
					"packets":	18089,
					"lost_percent":	51.406932389850184,
					"omitted":	false,
					"sender":	false
				}],
			"sum":	{
				"start":	736.000253,
				"end":	737.000318,
				"seconds":	1.0000649690628052,
				"bytes":	11848920,
				"bits_per_second":	94785201.89426513,
				"jitter_ms":	0.046818617908608071,
				"lost_packets":	9299,
				"packets":	18089,
				"lost_percent":	51.406932389850184,
				"omitted":	false,
				"sender":	false
			}
		}, {
			"streams":	[{
					"socket":	5,
					"start":	737.000318,
					"end":	738.001069,
					"seconds":	1.00075101852417,
					"bytes":	12006636,
					"bits_per_second":	95981004.487661332,
					"jitter_ms":	0.056520793690397114,
					"lost_packets":	9786,
					"packets":	18693,
					"lost_percent":	52.351147488364631,
					"omitted":	false,
					"sender":	false
				}],
			"sum":	{
				"start":	737.000318,
				"end":	738.001069,
				"seconds":	1.00075101852417,
				"bytes":	12006636,
				"bits_per_second":	95981004.487661332,
				"jitter_ms":	0.056520793690397114,
				"lost_packets":	9786,
				"packets":	18693,
				"lost_percent":	52.351147488364631,
				"omitted":	false,
				"sender":	false
			}
		}, {
			"streams":	[{
					"socket":	5,
					"start":	738.001069,
					"end":	739.000272,
					"seconds":	0.99920302629470825,
					"bytes":	12195356,
					"bits_per_second":	97640665.04260616,
					"jitter_ms":	0.060574285948687613,
					"lost_packets":	9661,
					"packets":	18708,
					"lost_percent":	51.641009193927729,
					"omitted":	false,
					"sender":	false
				}],
			"sum":	{
				"start":	738.001069,
				"end":	739.000272,
				"seconds":	0.99920302629470825,
				"bytes":	12195356,
				"bits_per_second":	97640665.04260616,
				"jitter_ms":	0.060574285948687613,
				"lost_packets":	9661,
				"packets":	18708,
				"lost_percent":	51.641009193927729,
				"omitted":	false,
				"sender":	false
			}
		}, {
			"streams":	[{
					"socket":	5,
					"start":	739.000272,
					"end":	740.001076,
					"seconds":	1.0008039474487305,
					"bytes":	12022812,
					"bits_per_second":	96105232.443567351,
					"jitter_ms":	0.057482060503368737,
					"lost_packets":	9627,
					"packets":	18546,
					"lost_percent":	51.908767389194438,
					"omitted":	false,
					"sender":	false
				}],
			"sum":	{
				"start":	739.000272,
				"end":	740.001076,
				"seconds":	1.0008039474487305,
				"bytes":	12022812,
				"bits_per_second":	96105232.443567351,
				"jitter_ms":	0.057482060503368737,
				"lost_packets":	9627,
				"packets":	18546,
				"lost_percent":	51.908767389194438,
				"omitted":	false,
				"sender":	false
			}
		}, {
			"streams":	[{
					"socket":	5,
					"start":	740.001076,
					"end":	741.001068,
					"seconds":	0.9999920129776,
					"bytes":	11854312,
					"bits_per_second":	94835253.4512936,
					"jitter_ms":	0.059328374931913633,
					"lost_packets":	9443,
					"packets":	18237,
					"lost_percent":	51.7793496737402,
					"omitted":	false,
					"sender":	false
				}],
			"sum":	{
				"start":	740.001076,
				"end":	741.001068,
				"seconds":	0.9999920129776,
				"bytes":	11854312,
				"bits_per_second":	94835253.4512936,
				"jitter_ms":	0.059328374931913633,
				"lost_packets":	9443,
				"packets":	18237,
				"lost_percent":	51.7793496737402,
				"omitted":	false,
				"sender":	false
			}
		}, {
			"streams":	[{
					"socket":	5,
					"start":	741.001068,
					"end":	742.000241,
					"seconds":	0.99917298555374146,
					"bytes":	12043032,
					"bits_per_second":	96424000.040999934,
					"jitter_ms":	0.046154176179592145,
					"lost_packets":	9612,
					"packets":	18546,
					"lost_percent":	51.827887415076027,
					"omitted":	false,
					"sender":	false
				}],
			"sum":	{
				"start":	741.001068,
				"end":	742.000241,
				"seconds":	0.99917298555374146,
				"bytes":	12043032,
				"bits_per_second":	96424000.040999934,
				"jitter_ms":	0.046154176179592145,
				"lost_packets":	9612,
				"packets":	18546,
				"lost_percent":	51.827887415076027,
				"omitted":	false,
				"sender":	false
			}
		}, {
			"streams":	[{
					"socket":	5,
					"start":	742.000241,
					"end":	743.001095,
					"seconds":	1.0008540153503418,
					"bytes":	12187268,
					"bits_per_second":	97414950.137230024,
					"jitter_ms":	0.067823273833374623,
					"lost_packets":	9813,
					"packets":	18854,
					"lost_percent":	52.0473109154556,
					"omitted":	false,
					"sender":	false
				}],
			"sum":	{
				"start":	742.000241,
				"end":	743.001095,
				"seconds":	1.0008540153503418,
				"bytes":	12187268,
				"bits_per_second":	97414950.137230024,
				"jitter_ms":	0.067823273833374623,
				"lost_packets":	9813,
				"packets":	18854,
				"lost_percent":	52.0473109154556,
				"omitted":	false,
				"sender":	false
			}
		}, {
			"streams":	[{
					"socket":	5,
					"start":	743.001095,
					"end":	744.001077,
					"seconds":	0.99998199939727783,
					"bytes":	12020116,
					"bits_per_second":	96162658.9858211,
					"jitter_ms":	0.058453760963547,
					"lost_packets":	9629,
					"packets":	18546,
					"lost_percent":	51.91955138574356,
					"omitted":	false,
					"sender":	false
				}],
			"sum":	{
				"start":	743.001095,
				"end":	744.001077,
				"seconds":	0.99998199939727783,
				"bytes":	12020116,
				"bits_per_second":	96162658.9858211,
				"jitter_ms":	0.058453760963547,
				"lost_packets":	9629,
				"packets":	18546,
				"lost_percent":	51.91955138574356,
				"omitted":	false,
				"sender":	false
			}
		}, {
			"streams":	[{
					"socket":	5,
					"start":	744.001077,
					"end":	745.001198,
					"seconds":	1.000120997428894,
					"bytes":	11832744,
					"bits_per_second":	94650499.532913,
					"jitter_ms":	0.0524009887089518,
					"lost_packets":	9460,
					"packets":	18238,
					"lost_percent":	51.869722557297948,
					"omitted":	false,
					"sender":	false
				}],
			"sum":	{
				"start":	744.001077,
				"end":	745.001198,
				"seconds":	1.000120997428894,
				"bytes":	11832744,
				"bits_per_second":	94650499.532913,
				"jitter_ms":	0.0524009887089518,
				"lost_packets":	9460,
				"packets":	18238,
				"lost_percent":	51.869722557297948,
				"omitted":	false,
				"sender":	false
			}
		}, {
			"streams":	[{
					"socket":	5,
					"start":	745.001198,
					"end":	746.001096,
					"seconds":	0.99989801645278931,
					"bytes":	12012028,
					"bits_per_second":	96106025.2333616,
					"jitter_ms":	0.040152588439764013,
					"lost_packets":	9634,
					"packets":	18545,
					"lost_percent":	51.9493124831491,
					"omitted":	false,
					"sender":	false
				}],
			"sum":	{
				"start":	745.001198,
				"end":	746.001096,
				"seconds":	0.99989801645278931,
				"bytes":	12012028,
				"bits_per_second":	96106025.2333616,
				"jitter_ms":	0.040152588439764013,
				"lost_packets":	9634,
				"packets":	18545,
				"lost_percent":	51.9493124831491,
				"omitted":	false,
				"sender":	false
			}
		}, {
			"streams":	[{
					"socket":	5,
					"start":	746.001096,
					"end":	747.001063,
					"seconds":	0.99996697902679443,
					"bytes":	12185920,
					"bits_per_second":	97490579.233804673,
					"jitter_ms":	0.0624577736272982,
					"lost_packets":	9963,
					"packets":	19003,
					"lost_percent":	52.428563910961429,
					"omitted":	false,
					"sender":	false
				}],
			"sum":	{
				"start":	746.001096,
				"end":	747.001063,
				"seconds":	0.99996697902679443,
				"bytes":	12185920,
				"bits_per_second":	97490579.233804673,
				"jitter_ms":	0.0624577736272982,
				"lost_packets":	9963,
				"packets":	19003,
				"lost_percent":	52.428563910961429,
				"omitted":	false,
				"sender":	false
			}
		}, {
			"streams":	[{
					"socket":	5,
					"start":	747.001063,
					"end":	748.001167,
					"seconds":	1.0001039505004883,
					"bytes":	12022812,
					"bits_per_second":	96172498.8206144,
					"jitter_ms":	0.056046623021382018,
					"lost_packets":	9629,
					"packets":	18548,
					"lost_percent":	51.91395298684494,
					"omitted":	false,
					"sender":	false
				}],
			"sum":	{
				"start":	747.001063,
				"end":	748.001167,
				"seconds":	1.0001039505004883,
				"bytes":	12022812,
				"bits_per_second":	96172498.8206144,
				"jitter_ms":	0.056046623021382018,
				"lost_packets":	9629,
				"packets":	18548,
				"lost_percent":	51.91395298684494,
				"omitted":	false,
				"sender":	false
			}
		}, {
			"streams":	[{
					"socket":	5,
					"start":	748.001167,
					"end":	749.001094,
					"seconds":	0.99992698431015,
					"bytes":	11879924,
					"bits_per_second":	95046331.873489439,
					"jitter_ms":	0.047753560460050845,
					"lost_packets":	9274,
					"packets":	18087,
					"lost_percent":	51.274395975009675,
					"omitted":	false,
					"sender":	false
				}],
			"sum":	{
				"start":	748.001167,
				"end":	749.001094,
				"seconds":	0.99992698431015,
				"bytes":	11879924,
				"bits_per_second":	95046331.873489439,
				"jitter_ms":	0.047753560460050845,
				"lost_packets":	9274,
				"packets":	18087,
				"lost_percent":	51.274395975009675,
				"omitted":	false,
				"sender":	false
			}
		}, {
			"streams":	[{
					"socket":	5,
					"start":	749.001094,
					"end":	750.001073,
					"seconds":	0.999979019165039,
					"bytes":	12026856,
					"bits_per_second":	96216866.7102009,
					"jitter_ms":	0.042053191488031418,
					"lost_packets":	9625,
					"packets":	18547,
					"lost_percent":	51.895185205154469,
					"omitted":	false,
					"sender":	false
				}],
			"sum":	{
				"start":	749.001094,
				"end":	750.001073,
				"seconds":	0.999979019165039,
				"bytes":	12026856,
				"bits_per_second":	96216866.7102009,
				"jitter_ms":	0.042053191488031418,
				"lost_packets":	9625,
				"packets":	18547,
				"lost_percent":	51.895185205154469,
				"omitted":	false,
				"sender":	false
			}
		}, {
			"streams":	[{
					"socket":	5,
					"start":	750.001073,
					"end":	751.000203,
					"seconds":	0.9991300106048584,
					"bytes":	12194008,
					"bits_per_second":	97637007.160803258,
					"jitter_ms":	0.0631297294138151,
					"lost_packets":	9808,
					"packets":	18854,
					"lost_percent":	52.020791344011883,
					"omitted":	false,
					"sender":	false
				}],
			"sum":	{
				"start":	750.001073,
				"end":	751.000203,
				"seconds":	0.9991300106048584,
				"bytes":	12194008,
				"bits_per_second":	97637007.160803258,
				"jitter_ms":	0.0631297294138151,
				"lost_packets":	9808,
				"packets":	18854,
				"lost_percent":	52.020791344011883,
				"omitted":	false,
				"sender":	false
			}
		}, {
			"streams":	[{
					"socket":	5,
					"start":	751.000203,
					"end":	752.001067,
					"seconds":	1.0008640289306641,
					"bytes":	12026856,
					"bits_per_second":	96131787.3545692,
					"jitter_ms":	0.064872975331433963,
					"lost_packets":	9625,
					"packets":	18547,
					"lost_percent":	51.895185205154469,
					"omitted":	false,
					"sender":	false
				}],
			"sum":	{
				"start":	751.000203,
				"end":	752.001067,
				"seconds":	1.0008640289306641,
				"bytes":	12026856,
				"bits_per_second":	96131787.3545692,
				"jitter_ms":	0.064872975331433963,
				"lost_packets":	9625,
				"packets":	18547,
				"lost_percent":	51.895185205154469,
				"omitted":	false,
				"sender":	false
			}
		}, {
			"streams":	[{
					"socket":	5,
					"start":	752.001067,
					"end":	753.000285,
					"seconds":	0.999217987060547,
					"bytes":	11874532,
					"bits_per_second":	95070602.4412707,
					"jitter_ms":	0.042828724479649284,
					"lost_packets":	9428,
					"packets":	18237,
					"lost_percent":	51.697099303613534,
					"omitted":	false,
					"sender":	false
				}],
			"sum":	{
				"start":	752.001067,
				"end":	753.000285,
				"seconds":	0.999217987060547,
				"bytes":	11874532,
				"bits_per_second":	95070602.4412707,
				"jitter_ms":	0.042828724479649284,
				"lost_packets":	9428,
				"packets":	18237,
				"lost_percent":	51.697099303613534,
				"omitted":	false,
				"sender":	false
			}
		}, {
			"streams":	[{
					"socket":	5,
					"start":	753.000285,
					"end":	754.001068,
					"seconds":	1.0007829666137695,
					"bytes":	12018768,
					"bits_per_second":	96074920.544792861,
					"jitter_ms":	0.053481591266347238,
					"lost_packets":	9629,
					"packets":	18545,
					"lost_percent":	51.922351038015634,
					"omitted":	false,
					"sender":	false
				}],
			"sum":	{
				"start":	753.000285,
				"end":	754.001068,
				"seconds":	1.0007829666137695,
				"bytes":	12018768,
				"bits_per_second":	96074920.544792861,
				"jitter_ms":	0.053481591266347238,
				"lost_packets":	9629,
				"packets":	18545,
				"lost_percent":	51.922351038015634,
				"omitted":	false,
				"sender":	false
			}
		}, {
			"streams":	[{
					"socket":	5,
					"start":	754.001068,
					"end":	755.001074,
					"seconds":	1.0000059604644775,
					"bytes":	12184572,
					"bits_per_second":	97475994.9977944,
					"jitter_ms":	0.064120874191980759,
					"lost_packets":	9816,
					"packets":	18855,
					"lost_percent":	52.06046141607,
					"omitted":	false,
					"sender":	false
				}],
			"sum":	{
				"start":	754.001068,
				"end":	755.001074,
				"seconds":	1.0000059604644775,
				"bytes":	12184572,
				"bits_per_second":	97475994.9977944,
				"jitter_ms":	0.064120874191980759,
				"lost_packets":	9816,
				"packets":	18855,
				"lost_percent":	52.06046141607,
				"omitted":	false,
				"sender":	false
			}
		}, {
			"streams":	[{
					"socket":	5,
					"start":	755.001074,
					"end":	756.001064,
					"seconds":	0.99998998641967773,
					"bytes":	12040336,
					"bits_per_second":	96323652.5446317,
					"jitter_ms":	0.061484063386176631,
					"lost_packets":	9762,
					"packets":	18694,
					"lost_percent":	52.219963624692411,
					"omitted":	false,
					"sender":	false
				}],
			"sum":	{
				"start":	755.001074,
				"end":	756.001064,
				"seconds":	0.99998998641967773,
				"bytes":	12040336,
				"bits_per_second":	96323652.5446317,
				"jitter_ms":	0.061484063386176631,
				"lost_packets":	9762,
				"packets":	18694,
				"lost_percent":	52.219963624692411,
				"omitted":	false,
				"sender":	false
			}
		}, {
			"streams":	[{
					"socket":	5,
					"start":	756.001064,
					"end":	757.00019,
					"seconds":	0.99912601709365845,
					"bytes":	11861052,
					"bits_per_second":	94971419.3971441,
					"jitter_ms":	0.041537185418084821,
					"lost_packets":	9291,
					"packets":	18090,
					"lost_percent":	51.359867330016584,
					"omitted":	false,
					"sender":	false
				}],
			"sum":	{
				"start":	756.001064,
				"end":	757.00019,
				"seconds":	0.99912601709365845,
				"bytes":	11861052,
				"bits_per_second":	94971419.3971441,
				"jitter_ms":	0.041537185418084821,
				"lost_packets":	9291,
				"packets":	18090,
				"lost_percent":	51.359867330016584,
				"omitted":	false,
				"sender":	false
			}
		}, {
			"streams":	[{
					"socket":	5,
					"start":	757.00019,
					"end":	758.000246,
					"seconds":	1.0000560283660889,
					"bytes":	12020116,
					"bits_per_second":	96155540.5621719,
					"jitter_ms":	0.047109882794800717,
					"lost_packets":	9629,
					"packets":	18546,
					"lost_percent":	51.91955138574356,
					"omitted":	false,
					"sender":	false
				}],
			"sum":	{
				"start":	757.00019,
				"end":	758.000246,
				"seconds":	1.0000560283660889,
				"bytes":	12020116,
				"bits_per_second":	96155540.5621719,
				"jitter_ms":	0.047109882794800717,
				"lost_packets":	9629,
				"packets":	18546,
				"lost_percent":	51.91955138574356,
				"omitted":	false,
				"sender":	false
			}
		}, {
			"streams":	[{
					"socket":	5,
					"start":	758.000246,
					"end":	759.000196,
					"seconds":	0.99994999170303345,
					"bytes":	12180528,
					"bits_per_second":	97449097.263395071,
					"jitter_ms":	0.0660772203324761,
					"lost_packets":	9818,
					"packets":	18854,
					"lost_percent":	52.073830486899332,
					"omitted":	false,
					"sender":	false
				}],
			"sum":	{
				"start":	758.000246,
				"end":	759.000196,
				"seconds":	0.99994999170303345,
				"bytes":	12180528,
				"bits_per_second":	97449097.263395071,
				"jitter_ms":	0.0660772203324761,
				"lost_packets":	9818,
				"packets":	18854,
				"lost_percent":	52.073830486899332,
				"omitted":	false,
				"sender":	false
			}
		}, {
			"streams":	[{
					"socket":	5,
					"start":	759.000196,
					"end":	760.001066,
					"seconds":	1.0008699893951416,
					"bytes":	12036292,
					"bits_per_second":	96206637.245853871,
					"jitter_ms":	0.062282581649856859,
					"lost_packets":	9617,
					"packets":	18546,
					"lost_percent":	51.854847406448833,
					"omitted":	false,
					"sender":	false
				}],
			"sum":	{
				"start":	759.000196,
				"end":	760.001066,
				"seconds":	1.0008699893951416,
				"bytes":	12036292,
				"bits_per_second":	96206637.245853871,
				"jitter_ms":	0.062282581649856859,
				"lost_packets":	9617,
				"packets":	18546,
				"lost_percent":	51.854847406448833,
				"omitted":	false,
				"sender":	false
			}
		}, {
			"streams":	[{
					"socket":	5,
					"start":	760.001066,
					"end":	761.00106,
					"seconds":	0.99999397993087769,
					"bytes":	11865096,
					"bits_per_second":	94921339.43302457,
					"jitter_ms":	0.0486630224783223,
					"lost_packets":	9436,
					"packets":	18238,
					"lost_percent":	51.73812918083123,
					"omitted":	false,
					"sender":	false
				}],
			"sum":	{
				"start":	760.001066,
				"end":	761.00106,
				"seconds":	0.99999397993087769,
				"bytes":	11865096,
				"bits_per_second":	94921339.43302457,
				"jitter_ms":	0.0486630224783223,
				"lost_packets":	9436,
				"packets":	18238,
				"lost_percent":	51.73812918083123,
				"omitted":	false,
				"sender":	false
			}
		}, {
			"streams":	[{
					"socket":	5,
					"start":	761.00106,
					"end":	762.000184,
					"seconds":	0.999123990535736,
					"bytes":	11997200,
					"bits_per_second":	96061751.0030324,
					"jitter_ms":	0.058061931175685845,
					"lost_packets":	9641,
					"packets":	18541,
					"lost_percent":	51.99827409524837,
					"omitted":	false,
					"sender":	false
				}],
			"sum":	{
				"start":	761.00106,
				"end":	762.000184,
				"seconds":	0.999123990535736,
				"bytes":	11997200,
				"bits_per_second":	96061751.0030324,
				"jitter_ms":	0.058061931175685845,
				"lost_packets":	9641,
				"packets":	18541,
				"lost_percent":	51.99827409524837,
				"omitted":	false,
				"sender":	false
			}
		}, {
			"streams":	[{
					"socket":	5,
					"start":	762.000184,
					"end":	763.001091,
					"seconds":	1.0009069442749023,
					"bytes":	12196704,
					"bits_per_second":	97485218.339339525,
					"jitter_ms":	0.0624685313989009,
					"lost_packets":	9811,
					"packets":	18859,
					"lost_percent":	52.022906834932925,
					"omitted":	false,
					"sender":	false
				}],
			"sum":	{
				"start":	762.000184,
				"end":	763.001091,
				"seconds":	1.0009069442749023,
				"bytes":	12196704,
				"bits_per_second":	97485218.339339525,
				"jitter_ms":	0.0624685313989009,
				"lost_packets":	9811,
				"packets":	18859,
				"lost_percent":	52.022906834932925,
				"omitted":	false,
				"sender":	false
			}
		}, {
			"streams":	[{
					"socket":	5,
					"start":	763.001091,
					"end":	764.001094,
					"seconds":	1.0000029802322388,
					"bytes":	11745124,
					"bits_per_second":	93960711.975257,
					"jitter_ms":	0.050928616722896065,
					"lost_packets":	9317,
					"packets":	18030,
					"lost_percent":	51.674986134220745,
					"omitted":	false,
					"sender":	false
				}],
			"sum":	{
				"start":	763.001091,
				"end":	764.001094,
				"seconds":	1.0000029802322388,
				"bytes":	11745124,
				"bits_per_second":	93960711.975257,
				"jitter_ms":	0.050928616722896065,
				"lost_packets":	9317,
				"packets":	18030,
				"lost_percent":	51.674986134220745,
				"omitted":	false,
				"sender":	false
			}
		}, {
			"streams":	[{
					"socket":	5,
					"start":	764.001094,
					"end":	765.000198,
					"seconds":	0.99910402297973633,
					"bytes":	12149524,
					"bits_per_second":	97283355.651117533,
					"jitter_ms":	0.052286017665910775,
					"lost_packets":	9738,
					"packets":	18751,
					"lost_percent":	51.9332302277212,
					"omitted":	false,
					"sender":	false
				}],
			"sum":	{
				"start":	764.001094,
				"end":	765.000198,
				"seconds":	0.99910402297973633,
				"bytes":	12149524,
				"bits_per_second":	97283355.651117533,
				"jitter_ms":	0.052286017665910775,
				"lost_packets":	9738,
				"packets":	18751,
				"lost_percent":	51.9332302277212,
				"omitted":	false,
				"sender":	false
			}
		}, {
			"streams":	[{
					"socket":	5,
					"start":	765.000198,
					"end":	766.001101,
					"seconds":	1.0009030103683472,
					"bytes":	12065948,
					"bits_per_second":	96440497.2310718,
					"jitter_ms":	0.031972811823146714,
					"lost_packets":	9694,
					"packets":	18645,
					"lost_percent":	51.992491284526686,
					"omitted":	false,
					"sender":	false
				}],
			"sum":	{
				"start":	765.000198,
				"end":	766.001101,
				"seconds":	1.0009030103683472,
				"bytes":	12065948,
				"bits_per_second":	96440497.2310718,
				"jitter_ms":	0.031972811823146714,
				"lost_packets":	9694,
				"packets":	18645,
				"lost_percent":	51.992491284526686,
				"omitted":	false,
				"sender":	false
			}
		}, {
			"streams":	[{
					"socket":	5,
					"start":	766.001101,
					"end":	767.001107,
					"seconds":	1.0000059604644775,
					"bytes":	12129304,
					"bits_per_second":	97033853.6331623,
					"jitter_ms":	0.05959861743412706,
					"lost_packets":	9761,
					"packets":	18759,
					"lost_percent":	52.03369049522896,
					"omitted":	false,
					"sender":	false
				}],
			"sum":	{
				"start":	766.001101,
				"end":	767.001107,
				"seconds":	1.0000059604644775,
				"bytes":	12129304,
				"bits_per_second":	97033853.6331623,
				"jitter_ms":	0.05959861743412706,
				"lost_packets":	9761,
				"packets":	18759,
				"lost_percent":	52.03369049522896,
				"omitted":	false,
				"sender":	false
			}
		}, {
			"streams":	[{
					"socket":	5,
					"start":	767.001107,
					"end":	768.00109,
					"seconds":	0.999983012676239,
					"bytes":	11873184,
					"bits_per_second":	94987085.5763758,
					"jitter_ms":	0.043834770785103,
					"lost_packets":	9428,
					"packets":	18236,
					"lost_percent":	51.699934196095633,
					"omitted":	false,
					"sender":	false
				}],
			"sum":	{
				"start":	767.001107,
				"end":	768.00109,
				"seconds":	0.999983012676239,
				"bytes":	11873184,
				"bits_per_second":	94987085.5763758,
				"jitter_ms":	0.043834770785103,
				"lost_packets":	9428,
				"packets":	18236,
				"lost_percent":	51.699934196095633,
				"omitted":	false,
				"sender":	false
			}
		}, {
			"streams":	[{
					"socket":	5,
					"start":	768.00109,
					"end":	769.000131,
					"seconds":	0.99904102087020874,
					"bytes":	11997200,
					"bits_per_second":	96069728.864986226,
					"jitter_ms":	0.046794620365144354,
					"lost_packets":	9773,
					"packets":	18673,
					"lost_percent":	52.337599742944356,
					"omitted":	false,
					"sender":	false
				}],
			"sum":	{
				"start":	768.00109,
				"end":	769.000131,
				"seconds":	0.99904102087020874,
				"bytes":	11997200,
				"bits_per_second":	96069728.864986226,
				"jitter_ms":	0.046794620365144354,
				"lost_packets":	9773,
				"packets":	18673,
				"lost_percent":	52.337599742944356,
				"omitted":	false,
				"sender":	false
			}
		}, {
			"streams":	[{
					"socket":	5,
					"start":	769.000131,
					"end":	770.001064,
					"seconds":	1.000933051109314,
					"bytes":	12198052,
					"bits_per_second":	97493449.6286731,
					"jitter_ms":	0.0625710199224902,
					"lost_packets":	9679,
					"packets":	18728,
					"lost_percent":	51.681973515591629,
					"omitted":	false,
					"sender":	false
				}],
			"sum":	{
				"start":	769.000131,
				"end":	770.001064,
				"seconds":	1.000933051109314,
				"bytes":	12198052,
				"bits_per_second":	97493449.6286731,
				"jitter_ms":	0.0625710199224902,
				"lost_packets":	9679,
				"packets":	18728,
				"lost_percent":	51.681973515591629,
				"omitted":	false,
				"sender":	false
			}
		}, {
			"streams":	[{
					"socket":	5,
					"start":	770.001064,
					"end":	771.000166,
					"seconds":	0.999101996421814,
					"bytes":	12038988,
					"bits_per_second":	96398470.17114535,
					"jitter_ms":	0.064403312734259227,
					"lost_packets":	9615,
					"packets":	18546,
					"lost_percent":	51.844063409899711,
					"omitted":	false,
					"sender":	false
				}],
			"sum":	{
				"start":	770.001064,
				"end":	771.000166,
				"seconds":	0.999101996421814,
				"bytes":	12038988,
				"bits_per_second":	96398470.17114535,
				"jitter_ms":	0.064403312734259227,
				"lost_packets":	9615,
				"packets":	18546,
				"lost_percent":	51.844063409899711,
				"omitted":	false,
				"sender":	false
			}
		}, {
			"streams":	[{
					"socket":	5,
					"start":	771.000166,
					"end":	772.001103,
					"seconds":	1.0009369850158691,
					"bytes":	11877228,
					"bits_per_second":	94928877.064617172,
					"jitter_ms":	0.056338851333467166,
					"lost_packets":	9426,
					"packets":	18237,
					"lost_percent":	51.686132587596646,
					"omitted":	false,
					"sender":	false
				}],
			"sum":	{
				"start":	771.000166,
				"end":	772.001103,
				"seconds":	1.0009369850158691,
				"bytes":	11877228,
				"bits_per_second":	94928877.064617172,
				"jitter_ms":	0.056338851333467166,
				"lost_packets":	9426,
				"packets":	18237,
				"lost_percent":	51.686132587596646,
				"omitted":	false,
				"sender":	false
			}
		}, {
			"streams":	[{
					"socket":	5,
					"start":	772.001103,
					"end":	773.001091,
					"seconds":	0.9999880194664,
					"bytes":	12013376,
					"bits_per_second":	96108159.427033231,
					"jitter_ms":	0.048727736249959776,
					"lost_packets":	9634,
					"packets":	18546,
					"lost_percent":	51.946511377116359,
					"omitted":	false,
					"sender":	false
				}],
			"sum":	{
				"start":	772.001103,
				"end":	773.001091,
				"seconds":	0.9999880194664,
				"bytes":	12013376,
				"bits_per_second":	96108159.427033231,
				"jitter_ms":	0.048727736249959776,
				"lost_packets":	9634,
				"packets":	18546,
				"lost_percent":	51.946511377116359,
				"omitted":	false,
				"sender":	false
			}
		}, {
			"streams":	[{
					"socket":	5,
					"start":	773.001091,
					"end":	774.001081,
					"seconds":	0.99998998641967773,
					"bytes":	12188616,
					"bits_per_second":	97509904.423260152,
					"jitter_ms":	0.062870388658304174,
					"lost_packets":	9813,
					"packets":	18855,
					"lost_percent":	52.044550517104213,
					"omitted":	false,
					"sender":	false
				}],
			"sum":	{
				"start":	773.001091,
				"end":	774.001081,
				"seconds":	0.99998998641967773,
				"bytes":	12188616,
				"bits_per_second":	97509904.423260152,
				"jitter_ms":	0.062870388658304174,
				"lost_packets":	9813,
				"packets":	18855,
				"lost_percent":	52.044550517104213,
				"omitted":	false,
				"sender":	false
			}
		}, {
			"streams":	[{
					"socket":	5,
					"start":	774.001081,
					"end":	775.001089,
					"seconds":	1.0000079870224,
					"bytes":	12032248,
					"bits_per_second":	96257215.1914661,
					"jitter_ms":	0.060753751752828676,
					"lost_packets":	9620,
					"packets":	18546,
					"lost_percent":	51.8710234012725,
					"omitted":	false,
					"sender":	false
				}],
			"sum":	{
				"start":	774.001081,
				"end":	775.001089,
				"seconds":	1.0000079870224,
				"bytes":	12032248,
				"bits_per_second":	96257215.1914661,
				"jitter_ms":	0.060753751752828676,
				"lost_packets":	9620,
				"packets":	18546,
				"lost_percent":	51.8710234012725,
				"omitted":	false,
				"sender":	false
			}
		}, {
			"streams":	[{
					"socket":	5,
					"start":	775.001089,
					"end":	776.001107,
					"seconds":	1.0000180006027222,
					"bytes":	11871836,
					"bits_per_second":	94972978.429145962,
					"jitter_ms":	0.055177653304678373,
					"lost_packets":	9579,
					"packets":	18386,
					"lost_percent":	52.099423474382682,
					"omitted":	false,
					"sender":	false
				}],
			"sum":	{
				"start":	775.001089,
				"end":	776.001107,
				"seconds":	1.0000180006027222,
				"bytes":	11871836,
				"bits_per_second":	94972978.429145962,
				"jitter_ms":	0.055177653304678373,
				"lost_packets":	9579,
				"packets":	18386,
				"lost_percent":	52.099423474382682,
				"omitted":	false,
				"sender":	false
			}
		}, {
			"streams":	[{
					"socket":	5,
					"start":	776.001107,
					"end":	777.000174,
					"seconds":	0.99906700849533081,
					"bytes":	12006636,
					"bits_per_second":	96142788.4048169,
					"jitter_ms":	0.053501966968574739,
					"lost_packets":	9491,
					"packets":	18398,
					"lost_percent":	51.587129035764754,
					"omitted":	false,
					"sender":	false
				}],
			"sum":	{
				"start":	776.001107,
				"end":	777.000174,
				"seconds":	0.99906700849533081,
				"bytes":	12006636,
				"bits_per_second":	96142788.4048169,
				"jitter_ms":	0.053501966968574739,
				"lost_packets":	9491,
				"packets":	18398,
				"lost_percent":	51.587129035764754,
				"omitted":	false,
				"sender":	false
			}
		}, {
			"streams":	[{
					"socket":	5,
					"start":	777.000174,
					"end":	778.001062,
					"seconds":	1.0008879899978638,
					"bytes":	12187268,
					"bits_per_second":	97411643.4349543,
					"jitter_ms":	0.06246493910896532,
					"lost_packets":	9813,
					"packets":	18854,
					"lost_percent":	52.0473109154556,
					"omitted":	false,
					"sender":	false
				}],
			"sum":	{
				"start":	777.000174,
				"end":	778.001062,
				"seconds":	1.0008879899978638,
				"bytes":	12187268,
				"bits_per_second":	97411643.4349543,
				"jitter_ms":	0.06246493910896532,
				"lost_packets":	9813,
				"packets":	18854,
				"lost_percent":	52.0473109154556,
				"omitted":	false,
				"sender":	false
			}
		}, {
			"streams":	[{
					"socket":	5,
					"start":	778.001062,
					"end":	779.00108,
					"seconds":	1.0000180006027222,
					"bytes":	12006636,
					"bits_per_second":	96051359.0176454,
					"jitter_ms":	0.061154701131906644,
					"lost_packets":	9639,
					"packets":	18546,
					"lost_percent":	51.973471368489164,
					"omitted":	false,
					"sender":	false
				}],
			"sum":	{
				"start":	778.001062,
				"end":	779.00108,
				"seconds":	1.0000180006027222,
				"bytes":	12006636,
				"bits_per_second":	96051359.0176454,
				"jitter_ms":	0.061154701131906644,
				"lost_packets":	9639,
				"packets":	18546,
				"lost_percent":	51.973471368489164,
				"omitted":	false,
				"sender":	false
			}
		}, {
			"streams":	[{
					"socket":	5,
					"start":	779.00108,
					"end":	780.001071,
					"seconds":	0.999990999698639,
					"bytes":	11878576,
					"bits_per_second":	95029463.2938078,
					"jitter_ms":	0.049106157881876479,
					"lost_packets":	9426,
					"packets":	18238,
					"lost_percent":	51.683298607303435,
					"omitted":	false,
					"sender":	false
				}],
			"sum":	{
				"start":	779.00108,
				"end":	780.001071,
				"seconds":	0.999990999698639,
				"bytes":	11878576,
				"bits_per_second":	95029463.2938078,
				"jitter_ms":	0.049106157881876479,
				"lost_packets":	9426,
				"packets":	18238,
				"lost_percent":	51.683298607303435,
				"omitted":	false,
				"sender":	false
			}
		}, {
			"streams":	[{
					"socket":	5,
					"start":	780.001071,
					"end":	781.001062,
					"seconds":	0.999990999698639,
					"bytes":	12006636,
					"bits_per_second":	96053952.514519557,
					"jitter_ms":	0.0488903088879159,
					"lost_packets":	9787,
					"packets":	18694,
					"lost_percent":	52.353696373167864,
					"omitted":	false,
					"sender":	false
				}],
			"sum":	{
				"start":	780.001071,
				"end":	781.001062,
				"seconds":	0.999990999698639,
				"bytes":	12006636,
				"bits_per_second":	96053952.514519557,
				"jitter_ms":	0.0488903088879159,
				"lost_packets":	9787,
				"packets":	18694,
				"lost_percent":	52.353696373167864,
				"omitted":	false,
				"sender":	false
			}
		}, {
			"streams":	[{
					"socket":	5,
					"start":	781.001062,
					"end":	782.001106,
					"seconds":	1.0000439882278442,
					"bytes":	12165700,
					"bits_per_second":	97321319.0076454,
					"jitter_ms":	0.058314984544809913,
					"lost_packets":	9682,
					"packets":	18707,
					"lost_percent":	51.7560271556102,
					"omitted":	false,
					"sender":	false
				}],
			"sum":	{
				"start":	781.001062,
				"end":	782.001106,
				"seconds":	1.0000439882278442,
				"bytes":	12165700,
				"bits_per_second":	97321319.0076454,
				"jitter_ms":	0.058314984544809913,
				"lost_packets":	9682,
				"packets":	18707,
				"lost_percent":	51.7560271556102,
				"omitted":	false,
				"sender":	false
			}
		}, {
			"streams":	[{
					"socket":	5,
					"start":	782.001106,
					"end":	783.000164,
					"seconds":	0.99905800819396973,
					"bytes":	12025508,
					"bits_per_second":	96294772.8870231,
					"jitter_ms":	0.0627898972209104,
					"lost_packets":	9624,
					"packets":	18545,
					"lost_percent":	51.895389592882175,
					"omitted":	false,
					"sender":	false
				}],
			"sum":	{
				"start":	782.001106,
				"end":	783.000164,
				"seconds":	0.99905800819396973,
				"bytes":	12025508,
				"bits_per_second":	96294772.8870231,
				"jitter_ms":	0.0627898972209104,
				"lost_packets":	9624,
				"packets":	18545,
				"lost_percent":	51.895389592882175,
				"omitted":	false,
				"sender":	false
			}
		}, {
			"streams":	[{
					"socket":	5,
					"start":	783.000164,
					"end":	784.001098,
					"seconds":	1.0009340047836304,
					"bytes":	11832744,
					"bits_per_second":	94573619.786713973,
					"jitter_ms":	0.043637903180363764,
					"lost_packets":	9608,
					"packets":	18386,
					"lost_percent":	52.257152181007285,
					"omitted":	false,
					"sender":	false
				}],
			"sum":	{
				"start":	783.000164,
				"end":	784.001098,
				"seconds":	1.0009340047836304,
				"bytes":	11832744,
				"bits_per_second":	94573619.786713973,
				"jitter_ms":	0.043637903180363764,
				"lost_packets":	9608,
				"packets":	18386,
				"lost_percent":	52.257152181007285,
				"omitted":	false,
				"sender":	false
			}
		}, {
			"streams":	[{
					"socket":	5,
					"start":	784.001098,
					"end":	785.0002,
					"seconds":	0.999101996421814,
					"bytes":	12018768,
					"bits_per_second":	96236564.779524341,
					"jitter_ms":	0.051002358461245768,
					"lost_packets":	9481,
					"packets":	18397,
					"lost_percent":	51.5355764526825,
					"omitted":	false,
					"sender":	false
				}],
			"sum":	{
				"start":	784.001098,
				"end":	785.0002,
				"seconds":	0.999101996421814,
				"bytes":	12018768,
				"bits_per_second":	96236564.779524341,
				"jitter_ms":	0.051002358461245768,
				"lost_packets":	9481,
				"packets":	18397,
				"lost_percent":	51.5355764526825,
				"omitted":	false,
				"sender":	false
			}
		}, {
			"streams":	[{
					"socket":	5,
					"start":	785.0002,
					"end":	786.001078,
					"seconds":	1.0008779764175415,
					"bytes":	12191312,
					"bits_per_second":	97444941.639232039,
					"jitter_ms":	0.0635773155113326,
					"lost_packets":	9811,
					"packets":	18855,
					"lost_percent":	52.03394325112702,
					"omitted":	false,
					"sender":	false
				}],
			"sum":	{
				"start":	785.0002,
				"end":	786.001078,
				"seconds":	1.0008779764175415,
				"bytes":	12191312,
				"bits_per_second":	97444941.639232039,
				"jitter_ms":	0.0635773155113326,
				"lost_packets":	9811,
				"packets":	18855,
				"lost_percent":	52.03394325112702,
				"omitted":	false,
				"sender":	false
			}
		}, {
			"streams":	[{
					"socket":	5,
					"start":	786.001078,
					"end":	787.001085,
					"seconds":	1.0000070333480835,
					"bytes":	12029552,
					"bits_per_second":	96235739.140548557,
					"jitter_ms":	0.068816865197704052,
					"lost_packets":	9769,
					"packets":	18693,
					"lost_percent":	52.260204354571229,
					"omitted":	false,
					"sender":	false
				}],
			"sum":	{
				"start":	786.001078,
				"end":	787.001085,
				"seconds":	1.0000070333480835,
				"bytes":	12029552,
				"bits_per_second":	96235739.140548557,
				"jitter_ms":	0.068816865197704052,
				"lost_packets":	9769,
				"packets":	18693,
				"lost_percent":	52.260204354571229,
				"omitted":	false,
				"sender":	false
			}
		}, {
			"streams":	[{
					"socket":	5,
					"start":	787.001085,
					"end":	788.001071,
					"seconds":	0.99998599290847778,
					"bytes":	11839484,
					"bits_per_second":	94717198.7124711,
					"jitter_ms":	0.045674209173252711,
					"lost_packets":	9308,
					"packets":	18091,
					"lost_percent":	51.450997733679728,
					"omitted":	false,
					"sender":	false
				}],
			"sum":	{
				"start":	787.001085,
				"end":	788.001071,
				"seconds":	0.99998599290847778,
				"bytes":	11839484,
				"bits_per_second":	94717198.7124711,
				"jitter_ms":	0.045674209173252711,
				"lost_packets":	9308,
				"packets":	18091,
				"lost_percent":	51.450997733679728,
				"omitted":	false,
				"sender":	false
			}
		}, {
			"streams":	[{
					"socket":	5,
					"start":	788.001071,
					"end":	789.00106,
					"seconds":	0.99998897314071655,
					"bytes":	12009332,
					"bits_per_second":	96075715.4133944,
					"jitter_ms":	0.047239836913663756,
					"lost_packets":	9636,
					"packets":	18545,
					"lost_percent":	51.960097061202482,
					"omitted":	false,
					"sender":	false
				}],
			"sum":	{
				"start":	788.001071,
				"end":	789.00106,
				"seconds":	0.99998897314071655,
				"bytes":	12009332,
				"bits_per_second":	96075715.4133944,
				"jitter_ms":	0.047239836913663756,
				"lost_packets":	9636,
				"packets":	18545,
				"lost_percent":	51.960097061202482,
				"omitted":	false,
				"sender":	false
			}
		}, {
			"streams":	[{
					"socket":	5,
					"start":	789.00106,
					"end":	790.001072,
					"seconds":	1.0000120401382446,
					"bytes":	12204792,
					"bits_per_second":	97637160.435090542,
					"jitter_ms":	0.064522759287989548,
					"lost_packets":	9948,
					"packets":	19002,
					"lost_percent":	52.3523839595832,
					"omitted":	false,
					"sender":	false
				}],
			"sum":	{
				"start":	789.00106,
				"end":	790.001072,
				"seconds":	1.0000120401382446,
				"bytes":	12204792,
				"bits_per_second":	97637160.435090542,
				"jitter_ms":	0.064522759287989548,
				"lost_packets":	9948,
				"packets":	19002,
				"lost_percent":	52.3523839595832,
				"omitted":	false,
				"sender":	false
			}
		}, {
			"streams":	[{
					"socket":	5,
					"start":	790.001072,
					"end":	791.001164,
					"seconds":	1.0000920295715332,
					"bytes":	12020116,
					"bits_per_second":	96152079.1653524,
					"jitter_ms":	0.05511908595848846,
					"lost_packets":	9483,
					"packets":	18400,
					"lost_percent":	51.538043478260867,
					"omitted":	false,
					"sender":	false
				}],
			"sum":	{
				"start":	790.001072,
				"end":	791.001164,
				"seconds":	1.0000920295715332,
				"bytes":	12020116,
				"bits_per_second":	96152079.1653524,
				"jitter_ms":	0.05511908595848846,
				"lost_packets":	9483,
				"packets":	18400,
				"lost_percent":	51.538043478260867,
				"omitted":	false,
				"sender":	false
			}
		}, {
			"streams":	[{
					"socket":	5,
					"start":	791.001164,
					"end":	792.001109,
					"seconds":	0.99994498491287231,
					"bytes":	11854312,
					"bits_per_second":	94839713.6151077,
					"jitter_ms":	0.049035816464119135,
					"lost_packets":	9443,
					"packets":	18237,
					"lost_percent":	51.7793496737402,
					"omitted":	false,
					"sender":	false
				}],
			"sum":	{
				"start":	791.001164,
				"end":	792.001109,
				"seconds":	0.99994498491287231,
				"bytes":	11854312,
				"bits_per_second":	94839713.6151077,
				"jitter_ms":	0.049035816464119135,
				"lost_packets":	9443,
				"packets":	18237,
				"lost_percent":	51.7793496737402,
				"omitted":	false,
				"sender":	false
			}
		}, {
			"streams":	[{
					"socket":	5,
					"start":	792.001109,
					"end":	793.001232,
					"seconds":	1.0001230239868164,
					"bytes":	12010680,
					"bits_per_second":	96073620.640160963,
					"jitter_ms":	0.041300917829853678,
					"lost_packets":	9784,
					"packets":	18694,
					"lost_percent":	52.3376484433508,
					"omitted":	false,
					"sender":	false
				}],
			"sum":	{
				"start":	792.001109,
				"end":	793.001232,
				"seconds":	1.0001230239868164,
				"bytes":	12010680,
				"bits_per_second":	96073620.640160963,
				"jitter_ms":	0.041300917829853678,
				"lost_packets":	9784,
				"packets":	18694,
				"lost_percent":	52.3376484433508,
				"omitted":	false,
				"sender":	false
			}
		}, {
			"streams":	[{
					"socket":	5,
					"start":	793.001232,
					"end":	794.001093,
					"seconds":	0.99986100196838379,
					"bytes":	12164352,
					"bits_per_second":	97328344.4482988,
					"jitter_ms":	0.061525901163570242,
					"lost_packets":	9682,
					"packets":	18706,
					"lost_percent":	51.758793969849243,
					"omitted":	false,
					"sender":	false
				}],
			"sum":	{
				"start":	793.001232,
				"end":	794.001093,
				"seconds":	0.99986100196838379,
				"bytes":	12164352,
				"bits_per_second":	97328344.4482988,
				"jitter_ms":	0.061525901163570242,
				"lost_packets":	9682,
				"packets":	18706,
				"lost_percent":	51.758793969849243,
				"omitted":	false,
				"sender":	false
			}
		}, {
			"streams":	[{
					"socket":	5,
					"start":	794.001093,
					"end":	795.000178,
					"seconds":	0.999085009098053,
					"bytes":	12022812,
					"bits_per_second":	96270582.7073023,
					"jitter_ms":	0.058660981691081075,
					"lost_packets":	9627,
					"packets":	18546,
					"lost_percent":	51.908767389194438,
					"omitted":	false,
					"sender":	false
				}],
			"sum":	{
				"start":	794.001093,
				"end":	795.000178,
				"seconds":	0.999085009098053,
				"bytes":	12022812,
				"bits_per_second":	96270582.7073023,
				"jitter_ms":	0.058660981691081075,
				"lost_packets":	9627,
				"packets":	18546,
				"lost_percent":	51.908767389194438,
				"omitted":	false,
				"sender":	false
			}
		}, {
			"streams":	[{
					"socket":	5,
					"start":	795.000178,
					"end":	796.00119,
					"seconds":	1.0010119676589966,
					"bytes":	11842180,
					"bits_per_second":	94641665.695122972,
					"jitter_ms":	0.043579826194969244,
					"lost_packets":	9452,
					"packets":	18237,
					"lost_percent":	51.8286998958162,
					"omitted":	false,
					"sender":	false
				}],
			"sum":	{
				"start":	795.000178,
				"end":	796.00119,
				"seconds":	1.0010119676589966,
				"bytes":	11842180,
				"bits_per_second":	94641665.695122972,
				"jitter_ms":	0.043579826194969244,
				"lost_packets":	9452,
				"packets":	18237,
				"lost_percent":	51.8286998958162,
				"omitted":	false,
				"sender":	false
			}
		}, {
			"streams":	[{
					"socket":	5,
					"start":	796.00119,
					"end":	797.001097,
					"seconds":	0.99990701675415039,
					"bytes":	12022812,
					"bits_per_second":	96191440.192332029,
					"jitter_ms":	0.042710776915440445,
					"lost_packets":	9627,
					"packets":	18546,
					"lost_percent":	51.908767389194438,
					"omitted":	false,
					"sender":	false
				}],
			"sum":	{
				"start":	796.00119,
				"end":	797.001097,
				"seconds":	0.99990701675415039,
				"bytes":	12022812,
				"bits_per_second":	96191440.192332029,
				"jitter_ms":	0.042710776915440445,
				"lost_packets":	9627,
				"packets":	18546,
				"lost_percent":	51.908767389194438,
				"omitted":	false,
				"sender":	false
			}
		}, {
			"streams":	[{
					"socket":	5,
					"start":	797.001097,
					"end":	798.001088,
					"seconds":	0.999990999698639,
					"bytes":	12202096,
					"bits_per_second":	97617646.58823745,
					"jitter_ms":	0.0587335951739994,
					"lost_packets":	9804,
					"packets":	18856,
					"lost_percent":	51.99406024607552,
					"omitted":	false,
					"sender":	false
				}],
			"sum":	{
				"start":	797.001097,
				"end":	798.001088,
				"seconds":	0.999990999698639,
				"bytes":	12202096,
				"bits_per_second":	97617646.58823745,
				"jitter_ms":	0.0587335951739994,
				"lost_packets":	9804,
				"packets":	18856,
				"lost_percent":	51.99406024607552,
				"omitted":	false,
				"sender":	false
			}
		}, {
			"streams":	[{
					"socket":	5,
					"start":	798.001088,
					"end":	799.000343,
					"seconds":	0.99925500154495239,
					"bytes":	11661548,
					"bits_per_second":	93361938.4999427,
					"jitter_ms":	0.070976314425062859,
					"lost_packets":	9280,
					"packets":	17931,
					"lost_percent":	51.753945680664771,
					"omitted":	false,
					"sender":	false
				}],
			"sum":	{
				"start":	798.001088,
				"end":	799.000343,
				"seconds":	0.99925500154495239,
				"bytes":	11661548,
				"bits_per_second":	93361938.4999427,
				"jitter_ms":	0.070976314425062859,
				"lost_packets":	9280,
				"packets":	17931,
				"lost_percent":	51.753945680664771,
				"omitted":	false,
				"sender":	false
			}
		}, {
			"streams":	[{
					"socket":	5,
					"start":	799.000343,
					"end":	800.001094,
					"seconds":	1.00075101852417,
					"bytes":	12208836,
					"bits_per_second":	97597390.551784962,
					"jitter_ms":	0.041717455494967276,
					"lost_packets":	9794,
					"packets":	18851,
					"lost_percent":	51.954803458702457,
					"omitted":	false,
					"sender":	false
				}],
			"sum":	{
				"start":	799.000343,
				"end":	800.001094,
				"seconds":	1.00075101852417,
				"bytes":	12208836,
				"bits_per_second":	97597390.551784962,
				"jitter_ms":	0.041717455494967276,
				"lost_packets":	9794,
				"packets":	18851,
				"lost_percent":	51.954803458702457,
				"omitted":	false,
				"sender":	false
			}
		}, {
			"streams":	[{
					"socket":	5,
					"start":	800.001094,
					"end":	801.001117,
					"seconds":	1.0000230073928833,
					"bytes":	12010680,
					"bits_per_second":	96083229.375392258,
					"jitter_ms":	0.04047016641039787,
					"lost_packets":	9787,
					"packets":	18697,
					"lost_percent":	52.34529603679735,
					"omitted":	false,
					"sender":	false
				}],
			"sum":	{
				"start":	800.001094,
				"end":	801.001117,
				"seconds":	1.0000230073928833,
				"bytes":	12010680,
				"bits_per_second":	96083229.375392258,
				"jitter_ms":	0.04047016641039787,
				"lost_packets":	9787,
				"packets":	18697,
				"lost_percent":	52.34529603679735,
				"omitted":	false,
				"sender":	false
			}
		}, {
			"streams":	[{
					"socket":	5,
					"start":	801.001117,
					"end":	802.001119,
					"seconds":	1.0000020265579224,
					"bytes":	11827352,
					"bits_per_second":	94618624.249877423,
					"jitter_ms":	0.0719927816789262,
					"lost_packets":	9316,
					"packets":	18090,
					"lost_percent":	51.4980652294085,
					"omitted":	false,
					"sender":	false
				}],
			"sum":	{
				"start":	801.001117,
				"end":	802.001119,
				"seconds":	1.0000020265579224,
				"bytes":	11827352,
				"bits_per_second":	94618624.249877423,
				"jitter_ms":	0.0719927816789262,
				"lost_packets":	9316,
				"packets":	18090,
				"lost_percent":	51.4980652294085,
				"omitted":	false,
				"sender":	false
			}
		}, {
			"streams":	[{
					"socket":	5,
					"start":	802.001119,
					"end":	803.00107,
					"seconds":	0.99995100498199463,
					"bytes":	11994504,
					"bits_per_second":	95960733.597870439,
					"jitter_ms":	0.0652257879140706,
					"lost_packets":	9797,
					"packets":	18695,
					"lost_percent":	52.4043861995186,
					"omitted":	false,
					"sender":	false
				}],
			"sum":	{
				"start":	802.001119,
				"end":	803.00107,
				"seconds":	0.99995100498199463,
				"bytes":	11994504,
				"bits_per_second":	95960733.597870439,
				"jitter_ms":	0.0652257879140706,
				"lost_packets":	9797,
				"packets":	18695,
				"lost_percent":	52.4043861995186,
				"omitted":	false,
				"sender":	false
			}
		}, {
			"streams":	[{
					"socket":	5,
					"start":	803.00107,
					"end":	804.001091,
					"seconds":	1.0000209808349609,
					"bytes":	12165700,
					"bits_per_second":	97323558.0704903,
					"jitter_ms":	0.048027681331866988,
					"lost_packets":	9677,
					"packets":	18702,
					"lost_percent":	51.743129077104051,
					"omitted":	false,
					"sender":	false
				}],
			"sum":	{
				"start":	803.00107,
				"end":	804.001091,
				"seconds":	1.0000209808349609,
				"bytes":	12165700,
				"bits_per_second":	97323558.0704903,
				"jitter_ms":	0.048027681331866988,
				"lost_packets":	9677,
				"packets":	18702,
				"lost_percent":	51.743129077104051,
				"omitted":	false,
				"sender":	false
			}
		}, {
			"streams":	[{
					"socket":	5,
					"start":	804.001091,
					"end":	805.001098,
					"seconds":	1.0000070333480835,
					"bytes":	12026856,
					"bits_per_second":	96214171.292242736,
					"jitter_ms":	0.0402819794121785,
					"lost_packets":	9625,
					"packets":	18547,
					"lost_percent":	51.895185205154469,
					"omitted":	false,
					"sender":	false
				}],
			"sum":	{
				"start":	804.001091,
				"end":	805.001098,
				"seconds":	1.0000070333480835,
				"bytes":	12026856,
				"bits_per_second":	96214171.292242736,
				"jitter_ms":	0.0402819794121785,
				"lost_packets":	9625,
				"packets":	18547,
				"lost_percent":	51.895185205154469,
				"omitted":	false,
				"sender":	false
			}
		}, {
			"streams":	[{
					"socket":	5,
					"start":	805.001098,
					"end":	806.001094,
					"seconds":	0.9999960064888,
					"bytes":	12172440,
					"bits_per_second":	97379908.8877568,
					"jitter_ms":	0.058533989337610511,
					"lost_packets":	9825,
					"packets":	18855,
					"lost_percent":	52.108194112967382,
					"omitted":	false,
					"sender":	false
				}],
			"sum":	{
				"start":	805.001098,
				"end":	806.001094,
				"seconds":	0.9999960064888,
				"bytes":	12172440,
				"bits_per_second":	97379908.8877568,
				"jitter_ms":	0.058533989337610511,
				"lost_packets":	9825,
				"packets":	18855,
				"lost_percent":	52.108194112967382,
				"omitted":	false,
				"sender":	false
			}
		}, {
			"streams":	[{
					"socket":	5,
					"start":	806.001094,
					"end":	807.00019,
					"seconds":	0.99909597635269165,
					"bytes":	12009332,
					"bits_per_second":	96161588.349831,
					"jitter_ms":	0.056324495786385348,
					"lost_packets":	9676,
					"packets":	18585,
					"lost_percent":	52.063492063492063,
					"omitted":	false,
					"sender":	false
				}],
			"sum":	{
				"start":	806.001094,
				"end":	807.00019,
				"seconds":	0.99909597635269165,
				"bytes":	12009332,
				"bits_per_second":	96161588.349831,
				"jitter_ms":	0.056324495786385348,
				"lost_packets":	9676,
				"packets":	18585,
				"lost_percent":	52.063492063492063,
				"omitted":	false,
				"sender":	false
			}
		}, {
			"streams":	[{
					"socket":	5,
					"start":	807.00019,
					"end":	808.000303,
					"seconds":	1.0001130104064941,
					"bytes":	11865096,
					"bits_per_second":	94910042.177553132,
					"jitter_ms":	0.041765767408857631,
					"lost_packets":	9396,
					"packets":	18198,
					"lost_percent":	51.6320474777448,
					"omitted":	false,
					"sender":	false
				}],
			"sum":	{
				"start":	807.00019,
				"end":	808.000303,
				"seconds":	1.0001130104064941,
				"bytes":	11865096,
				"bits_per_second":	94910042.177553132,
				"jitter_ms":	0.041765767408857631,
				"lost_packets":	9396,
				"packets":	18198,
				"lost_percent":	51.6320474777448,
				"omitted":	false,
				"sender":	false
			}
		}, {
			"streams":	[{
					"socket":	5,
					"start":	808.000303,
					"end":	809.00107,
					"seconds":	1.00076699256897,
					"bytes":	12020116,
					"bits_per_second":	96087229.8087638,
					"jitter_ms":	0.045837423715464037,
					"lost_packets":	9629,
					"packets":	18546,
					"lost_percent":	51.91955138574356,
					"omitted":	false,
					"sender":	false
				}],
			"sum":	{
				"start":	808.000303,
				"end":	809.00107,
				"seconds":	1.00076699256897,
				"bytes":	12020116,
				"bits_per_second":	96087229.8087638,
				"jitter_ms":	0.045837423715464037,
				"lost_packets":	9629,
				"packets":	18546,
				"lost_percent":	51.91955138574356,
				"omitted":	false,
				"sender":	false
			}
		}, {
			"streams":	[{
					"socket":	5,
					"start":	809.00107,
					"end":	810.001106,
					"seconds":	1.0000360012054443,
					"bytes":	11797696,
					"bits_per_second":	94378170.2721026,
					"jitter_ms":	0.061345343303796485,
					"lost_packets":	9528,
					"packets":	18280,
					"lost_percent":	52.122538293216628,
					"omitted":	false,
					"sender":	false
				}],
			"sum":	{
				"start":	809.00107,
				"end":	810.001106,
				"seconds":	1.0000360012054443,
				"bytes":	11797696,
				"bits_per_second":	94378170.2721026,
				"jitter_ms":	0.061345343303796485,
				"lost_packets":	9528,
				"packets":	18280,
				"lost_percent":	52.122538293216628,
				"omitted":	false,
				"sender":	false
			}
		}, {
			"streams":	[{
					"socket":	5,
					"start":	810.001106,
					"end":	811.001078,
					"seconds":	0.99997198581695557,
					"bytes":	12017420,
					"bits_per_second":	96142053.341080561,
					"jitter_ms":	0.078928287380116424,
					"lost_packets":	9589,
					"packets":	18504,
					"lost_percent":	51.821227842628623,
					"omitted":	false,
					"sender":	false
				}],
			"sum":	{
				"start":	810.001106,
				"end":	811.001078,
				"seconds":	0.99997198581695557,
				"bytes":	12017420,
				"bits_per_second":	96142053.341080561,
				"jitter_ms":	0.078928287380116424,
				"lost_packets":	9589,
				"packets":	18504,
				"lost_percent":	51.821227842628623,
				"omitted":	false,
				"sender":	false
			}
		}, {
			"streams":	[{
					"socket":	5,
					"start":	811.001078,
					"end":	812.000238,
					"seconds":	0.99915999174118042,
					"bytes":	12198052,
					"bits_per_second":	97666456.630179,
					"jitter_ms":	0.038190346197067217,
					"lost_packets":	9806,
					"packets":	18855,
					"lost_percent":	52.007425086184035,
					"omitted":	false,
					"sender":	false
				}],
			"sum":	{
				"start":	811.001078,
				"end":	812.000238,
				"seconds":	0.99915999174118042,
				"bytes":	12198052,
				"bits_per_second":	97666456.630179,
				"jitter_ms":	0.038190346197067217,
				"lost_packets":	9806,
				"packets":	18855,
				"lost_percent":	52.007425086184035,
				"omitted":	false,
				"sender":	false
			}
		}, {
			"streams":	[{
					"socket":	5,
					"start":	812.000238,
					"end":	813.000171,
					"seconds":	0.99993300437927246,
					"bytes":	12001244,
					"bits_per_second":	96016384.677291468,
					"jitter_ms":	0.036688112235875855,
					"lost_packets":	9644,
					"packets":	18547,
					"lost_percent":	51.997627648676335,
					"omitted":	false,
					"sender":	false
				}],
			"sum":	{
				"start":	812.000238,
				"end":	813.000171,
				"seconds":	0.99993300437927246,
				"bytes":	12001244,
				"bits_per_second":	96016384.677291468,
				"jitter_ms":	0.036688112235875855,
				"lost_packets":	9644,
				"packets":	18547,
				"lost_percent":	51.997627648676335,
				"omitted":	false,
				"sender":	false
			}
		}, {
			"streams":	[{
					"socket":	5,
					"start":	813.000171,
					"end":	814.000164,
					"seconds":	0.99999302625656128,
					"bytes":	12152220,
					"bits_per_second":	97218437.976443961,
					"jitter_ms":	0.034629296340616442,
					"lost_packets":	9884,
					"packets":	18899,
					"lost_percent":	52.299063442510189,
					"omitted":	false,
					"sender":	false
				}],
			"sum":	{
				"start":	813.000171,
				"end":	814.000164,
				"seconds":	0.99999302625656128,
				"bytes":	12152220,
				"bits_per_second":	97218437.976443961,
				"jitter_ms":	0.034629296340616442,
				"lost_packets":	9884,
				"packets":	18899,
				"lost_percent":	52.299063442510189,
				"omitted":	false,
				"sender":	false
			}
		}, {
			"streams":	[{
					"socket":	5,
					"start":	814.000164,
					"end":	815.001099,
					"seconds":	1.0009349584579468,
					"bytes":	11724904,
					"bits_per_second":	93711615.5324501,
					"jitter_ms":	0.040221384414743211,
					"lost_packets":	9291,
					"packets":	17989,
					"lost_percent":	51.648229473567177,
					"omitted":	false,
					"sender":	false
				}],
			"sum":	{
				"start":	814.000164,
				"end":	815.001099,
				"seconds":	1.0009349584579468,
				"bytes":	11724904,
				"bits_per_second":	93711615.5324501,
				"jitter_ms":	0.040221384414743211,
				"lost_packets":	9291,
				"packets":	17989,
				"lost_percent":	51.648229473567177,
				"omitted":	false,
				"sender":	false
			}
		}, {
			"streams":	[{
					"socket":	5,
					"start":	815.001099,
					"end":	816.000279,
					"seconds":	0.999180018901825,
					"bytes":	12026856,
					"bits_per_second":	96293807.1016947,
					"jitter_ms":	0.069515114139196948,
					"lost_packets":	9761,
					"packets":	18683,
					"lost_percent":	52.245356741422682,
					"omitted":	false,
					"sender":	false
				}],
			"sum":	{
				"start":	815.001099,
				"end":	816.000279,
				"seconds":	0.999180018901825,
				"bytes":	12026856,
				"bits_per_second":	96293807.1016947,
				"jitter_ms":	0.069515114139196948,
				"lost_packets":	9761,
				"packets":	18683,
				"lost_percent":	52.245356741422682,
				"omitted":	false,
				"sender":	false
			}
		}, {
			"streams":	[{
					"socket":	5,
					"start":	816.000279,
					"end":	817.001088,
					"seconds":	1.0008089542388916,
					"bytes":	12130652,
					"bits_per_second":	96966774.3168847,
					"jitter_ms":	0.0579395880395345,
					"lost_packets":	9680,
					"packets":	18679,
					"lost_percent":	51.822902724985276,
					"omitted":	false,
					"sender":	false
				}],
			"sum":	{
				"start":	816.000279,
				"end":	817.001088,
				"seconds":	1.0008089542388916,
				"bytes":	12130652,
				"bits_per_second":	96966774.3168847,
				"jitter_ms":	0.0579395880395345,
				"lost_packets":	9680,
				"packets":	18679,
				"lost_percent":	51.822902724985276,
				"omitted":	false,
				"sender":	false
			}
		}, {
			"streams":	[{
					"socket":	5,
					"start":	817.001088,
					"end":	818.001078,
					"seconds":	0.99998998641967773,
					"bytes":	11742428,
					"bits_per_second":	93940364.679387227,
					"jitter_ms":	0.0747395120228293,
					"lost_packets":	9460,
					"packets":	18171,
					"lost_percent":	52.060976280887125,
					"omitted":	false,
					"sender":	false
				}],
			"sum":	{
				"start":	817.001088,
				"end":	818.001078,
				"seconds":	0.99998998641967773,
				"bytes":	11742428,
				"bits_per_second":	93940364.679387227,
				"jitter_ms":	0.0747395120228293,
				"lost_packets":	9460,
				"packets":	18171,
				"lost_percent":	52.060976280887125,
				"omitted":	false,
				"sender":	false
			}
		}, {
			"streams":	[{
					"socket":	5,
					"start":	818.001078,
					"end":	819.001099,
					"seconds":	1.0000209808349609,
					"bytes":	12227708,
					"bits_per_second":	97819611.662871763,
					"jitter_ms":	0.032116693083916056,
					"lost_packets":	9784,
					"packets":	18855,
					"lost_percent":	51.8907451604349,
					"omitted":	false,
					"sender":	false
				}],
			"sum":	{
				"start":	818.001078,
				"end":	819.001099,
				"seconds":	1.0000209808349609,
				"bytes":	12227708,
				"bits_per_second":	97819611.662871763,
				"jitter_ms":	0.032116693083916056,
				"lost_packets":	9784,
				"packets":	18855,
				"lost_percent":	51.8907451604349,
				"omitted":	false,
				"sender":	false
			}
		}, {
			"streams":	[{
					"socket":	5,
					"start":	819.001099,
					"end":	820.000188,
					"seconds":	0.999089002609253,
					"bytes":	11994504,
					"bits_per_second":	96043527.402862146,
					"jitter_ms":	0.026210022786151577,
					"lost_packets":	9646,
					"packets":	18544,
					"lost_percent":	52.016824849007769,
					"omitted":	false,
					"sender":	false
				}],
			"sum":	{
				"start":	819.001099,
				"end":	820.000188,
				"seconds":	0.999089002609253,
				"bytes":	11994504,
				"bits_per_second":	96043527.402862146,
				"jitter_ms":	0.026210022786151577,
				"lost_packets":	9646,
				"packets":	18544,
				"lost_percent":	52.016824849007769,
				"omitted":	false,
				"sender":	false
			}
		}, {
			"streams":	[{
					"socket":	5,
					"start":	820.000188,
					"end":	821.000275,
					"seconds":	1.0000870227813721,
					"bytes":	12168396,
					"bits_per_second":	97338697.315824449,
					"jitter_ms":	0.0558400414651205,
					"lost_packets":	9828,
					"packets":	18855,
					"lost_percent":	52.124105011933175,
					"omitted":	false,
					"sender":	false
				}],
			"sum":	{
				"start":	820.000188,
				"end":	821.000275,
				"seconds":	1.0000870227813721,
				"bytes":	12168396,
				"bits_per_second":	97338697.315824449,
				"jitter_ms":	0.0558400414651205,
				"lost_packets":	9828,
				"packets":	18855,
				"lost_percent":	52.124105011933175,
				"omitted":	false,
				"sender":	false
			}
		}, {
			"streams":	[{
					"socket":	5,
					"start":	821.000275,
					"end":	822.001098,
					"seconds":	1.0008230209350586,
					"bytes":	12003940,
					"bits_per_second":	95952549.043365076,
					"jitter_ms":	0.062330700753018164,
					"lost_packets":	9641,
					"packets":	18546,
					"lost_percent":	51.98425536503828,
					"omitted":	false,
					"sender":	false
				}],
			"sum":	{
				"start":	821.000275,
				"end":	822.001098,
				"seconds":	1.0008230209350586,
				"bytes":	12003940,
				"bits_per_second":	95952549.043365076,
				"jitter_ms":	0.062330700753018164,
				"lost_packets":	9641,
				"packets":	18546,
				"lost_percent":	51.98425536503828,
				"omitted":	false,
				"sender":	false
			}
		}, {
			"streams":	[{
					"socket":	5,
					"start":	822.001098,
					"end":	823.001096,
					"seconds":	0.99999797344207764,
					"bytes":	11874532,
					"bits_per_second":	94996448.515805334,
					"jitter_ms":	0.052772735149229859,
					"lost_packets":	9576,
					"packets":	18385,
					"lost_percent":	52.085939624694042,
					"omitted":	false,
					"sender":	false
				}],
			"sum":	{
				"start":	822.001098,
				"end":	823.001096,
				"seconds":	0.99999797344207764,
				"bytes":	11874532,
				"bits_per_second":	94996448.515805334,
				"jitter_ms":	0.052772735149229859,
				"lost_packets":	9576,
				"packets":	18385,
				"lost_percent":	52.085939624694042,
				"omitted":	false,
				"sender":	false
			}
		}, {
			"streams":	[{
					"socket":	5,
					"start":	823.001096,
					"end":	824.001062,
					"seconds":	0.999966025352478,
					"bytes":	12002592,
					"bits_per_second":	96023998.381498665,
					"jitter_ms":	0.053189884277272739,
					"lost_packets":	9494,
					"packets":	18398,
					"lost_percent":	51.603435155995214,
					"omitted":	false,
					"sender":	false
				}],
			"sum":	{
				"start":	823.001096,
				"end":	824.001062,
				"seconds":	0.999966025352478,
				"bytes":	12002592,
				"bits_per_second":	96023998.381498665,
				"jitter_ms":	0.053189884277272739,
				"lost_packets":	9494,
				"packets":	18398,
				"lost_percent":	51.603435155995214,
				"omitted":	false,
				"sender":	false
			}
		}, {
			"streams":	[{
					"socket":	5,
					"start":	824.001062,
					"end":	825.000171,
					"seconds":	0.99910902976989746,
					"bytes":	11812524,
					"bits_per_second":	94584463.94160217,
					"jitter_ms":	0.0817038109512772,
					"lost_packets":	9622,
					"packets":	18385,
					"lost_percent":	52.336143595322277,
					"omitted":	false,
					"sender":	false
				}],
			"sum":	{
				"start":	824.001062,
				"end":	825.000171,
				"seconds":	0.99910902976989746,
				"bytes":	11812524,
				"bits_per_second":	94584463.94160217,
				"jitter_ms":	0.0817038109512772,
				"lost_packets":	9622,
				"packets":	18385,
				"lost_percent":	52.336143595322277,
				"omitted":	false,
				"sender":	false
			}
		}, {
			"streams":	[{
					"socket":	5,
					"start":	825.000171,
					"end":	826.001092,
					"seconds":	1.0009210109710693,
					"bytes":	12022812,
					"bits_per_second":	96093992.3787653,
					"jitter_ms":	0.0622213125064047,
					"lost_packets":	9483,
					"packets":	18402,
					"lost_percent":	51.532442125855887,
					"omitted":	false,
					"sender":	false
				}],
			"sum":	{
				"start":	825.000171,
				"end":	826.001092,
				"seconds":	1.0009210109710693,
				"bytes":	12022812,
				"bits_per_second":	96093992.3787653,
				"jitter_ms":	0.0622213125064047,
				"lost_packets":	9483,
				"packets":	18402,
				"lost_percent":	51.532442125855887,
				"omitted":	false,
				"sender":	false
			}
		}, {
			"streams":	[{
					"socket":	5,
					"start":	826.001092,
					"end":	827.00106,
					"seconds":	0.99996799230575562,
					"bytes":	12192660,
					"bits_per_second":	97544402.171399951,
					"jitter_ms":	0.039789744431263853,
					"lost_packets":	9807,
					"packets":	18852,
					"lost_percent":	52.021005728835135,
					"omitted":	false,
					"sender":	false
				}],
			"sum":	{
				"start":	826.001092,
				"end":	827.00106,
				"seconds":	0.99996799230575562,
				"bytes":	12192660,
				"bits_per_second":	97544402.171399951,
				"jitter_ms":	0.039789744431263853,
				"lost_packets":	9807,
				"packets":	18852,
				"lost_percent":	52.021005728835135,
				"omitted":	false,
				"sender":	false
			}
		}, {
			"streams":	[{
					"socket":	5,
					"start":	827.00106,
					"end":	828.000714,
					"seconds":	0.999653995037079,
					"bytes":	12006636,
					"bits_per_second":	96086334.3485535,
					"jitter_ms":	0.0414334913693556,
					"lost_packets":	9639,
					"packets":	18546,
					"lost_percent":	51.973471368489164,
					"omitted":	false,
					"sender":	false
				}],
			"sum":	{
				"start":	827.00106,
				"end":	828.000714,
				"seconds":	0.999653995037079,
				"bytes":	12006636,
				"bits_per_second":	96086334.3485535,
				"jitter_ms":	0.0414334913693556,
				"lost_packets":	9639,
				"packets":	18546,
				"lost_percent":	51.973471368489164,
				"omitted":	false,
				"sender":	false
			}
		}, {
			"streams":	[{
					"socket":	5,
					"start":	828.000714,
					"end":	829.001107,
					"seconds":	1.0003930330276489,
					"bytes":	12161656,
					"bits_per_second":	97255023.563634723,
					"jitter_ms":	0.054393775321986214,
					"lost_packets":	9832,
					"packets":	18854,
					"lost_percent":	52.148085286941765,
					"omitted":	false,
					"sender":	false
				}],
			"sum":	{
				"start":	828.000714,
				"end":	829.001107,
				"seconds":	1.0003930330276489,
				"bytes":	12161656,
				"bits_per_second":	97255023.563634723,
				"jitter_ms":	0.054393775321986214,
				"lost_packets":	9832,
				"packets":	18854,
				"lost_percent":	52.148085286941765,
				"omitted":	false,
				"sender":	false
			}
		}, {
			"streams":	[{
					"socket":	5,
					"start":	829.001107,
					"end":	830.001101,
					"seconds":	0.99999397993087769,
					"bytes":	12017420,
					"bits_per_second":	96139938.7690768,
					"jitter_ms":	0.056452298676968389,
					"lost_packets":	9632,
					"packets":	18547,
					"lost_percent":	51.932927158030949,
					"omitted":	false,
					"sender":	false
				}],
			"sum":	{
				"start":	829.001107,
				"end":	830.001101,
				"seconds":	0.99999397993087769,
				"bytes":	12017420,
				"bits_per_second":	96139938.7690768,
				"jitter_ms":	0.056452298676968389,
				"lost_packets":	9632,
				"packets":	18547,
				"lost_percent":	51.932927158030949,
				"omitted":	false,
				"sender":	false
			}
		}, {
			"streams":	[{
					"socket":	5,
					"start":	830.001101,
					"end":	831.00016,
					"seconds":	0.999059021472931,
					"bytes":	11847572,
					"bits_per_second":	94869846.488411933,
					"jitter_ms":	0.050938594391469354,
					"lost_packets":	9597,
					"packets":	18386,
					"lost_percent":	52.1973240509083,
					"omitted":	false,
					"sender":	false
				}],
			"sum":	{
				"start":	830.001101,
				"end":	831.00016,
				"seconds":	0.999059021472931,
				"bytes":	11847572,
				"bits_per_second":	94869846.488411933,
				"jitter_ms":	0.050938594391469354,
				"lost_packets":	9597,
				"packets":	18386,
				"lost_percent":	52.1973240509083,
				"omitted":	false,
				"sender":	false
			}
		}, {
			"streams":	[{
					"socket":	5,
					"start":	831.00016,
					"end":	832.000396,
					"seconds":	1.0002360343933105,
					"bytes":	11990460,
					"bits_per_second":	95901044.055248573,
					"jitter_ms":	0.0489513198916964,
					"lost_packets":	9647,
					"packets":	18542,
					"lost_percent":	52.027828713191674,
					"omitted":	false,
					"sender":	false
				}],
			"sum":	{
				"start":	831.00016,
				"end":	832.000396,
				"seconds":	1.0002360343933105,
				"bytes":	11990460,
				"bits_per_second":	95901044.055248573,
				"jitter_ms":	0.0489513198916964,
				"lost_packets":	9647,
				"packets":	18542,
				"lost_percent":	52.027828713191674,
				"omitted":	false,
				"sender":	false
			}
		}, {
			"streams":	[{
					"socket":	5,
					"start":	832.000396,
					"end":	833.001062,
					"seconds":	1.00066602230072,
					"bytes":	12188616,
					"bits_per_second":	97444028.1042106,
					"jitter_ms":	0.0584347912948038,
					"lost_packets":	9667,
					"packets":	18709,
					"lost_percent":	51.670319097760434,
					"omitted":	false,
					"sender":	false
				}],
			"sum":	{
				"start":	832.000396,
				"end":	833.001062,
				"seconds":	1.00066602230072,
				"bytes":	12188616,
				"bits_per_second":	97444028.1042106,
				"jitter_ms":	0.0584347912948038,
				"lost_packets":	9667,
				"packets":	18709,
				"lost_percent":	51.670319097760434,
				"omitted":	false,
				"sender":	false
			}
		}, {
			"streams":	[{
					"socket":	5,
					"start":	833.001062,
					"end":	834.000223,
					"seconds":	0.9991610050201416,
					"bytes":	12022812,
					"bits_per_second":	96263260.392213866,
					"jitter_ms":	0.065941445296820528,
					"lost_packets":	9774,
					"packets":	18693,
					"lost_percent":	52.2869523350987,
					"omitted":	false,
					"sender":	false
				}],
			"sum":	{
				"start":	833.001062,
				"end":	834.000223,
				"seconds":	0.9991610050201416,
				"bytes":	12022812,
				"bits_per_second":	96263260.392213866,
				"jitter_ms":	0.065941445296820528,
				"lost_packets":	9774,
				"packets":	18693,
				"lost_percent":	52.2869523350987,
				"omitted":	false,
				"sender":	false
			}
		}, {
			"streams":	[{
					"socket":	5,
					"start":	834.000223,
					"end":	835.001106,
					"seconds":	1.0008829832077026,
					"bytes":	11848920,
					"bits_per_second":	94707734.6606551,
					"jitter_ms":	0.0404799449702683,
					"lost_packets":	9447,
					"packets":	18237,
					"lost_percent":	51.801283105773976,
					"omitted":	false,
					"sender":	false
				}],
			"sum":	{
				"start":	834.000223,
				"end":	835.001106,
				"seconds":	1.0008829832077026,
				"bytes":	11848920,
				"bits_per_second":	94707734.6606551,
				"jitter_ms":	0.0404799449702683,
				"lost_packets":	9447,
				"packets":	18237,
				"lost_percent":	51.801283105773976,
				"omitted":	false,
				"sender":	false
			}
		}, {
			"streams":	[{
					"socket":	5,
					"start":	835.001106,
					"end":	836.0011,
					"seconds":	0.99999397993087769,
					"bytes":	11981024,
					"bits_per_second":	95848769.016214773,
					"jitter_ms":	0.0344158645586667,
					"lost_packets":	9512,
					"packets":	18400,
					"lost_percent":	51.695652173913047,
					"omitted":	false,
					"sender":	false
				}],
			"sum":	{
				"start":	835.001106,
				"end":	836.0011,
				"seconds":	0.99999397993087769,
				"bytes":	11981024,
				"bits_per_second":	95848769.016214773,
				"jitter_ms":	0.0344158645586667,
				"lost_packets":	9512,
				"packets":	18400,
				"lost_percent":	51.695652173913047,
				"omitted":	false,
				"sender":	false
			}
		}, {
			"streams":	[{
					"socket":	5,
					"start":	836.0011,
					"end":	837.001074,
					"seconds":	0.999974012374878,
					"bytes":	11840832,
					"bits_per_second":	94729117.78480114,
					"jitter_ms":	0.0886972519012412,
					"lost_packets":	9600,
					"packets":	18384,
					"lost_percent":	52.219321148825067,
					"omitted":	false,
					"sender":	false
				}],
			"sum":	{
				"start":	836.0011,
				"end":	837.001074,
				"seconds":	0.999974012374878,
				"bytes":	11840832,
				"bits_per_second":	94729117.78480114,
				"jitter_ms":	0.0886972519012412,
				"lost_packets":	9600,
				"packets":	18384,
				"lost_percent":	52.219321148825067,
				"omitted":	false,
				"sender":	false
			}
		}, {
			"streams":	[{
					"socket":	5,
					"start":	837.001074,
					"end":	838.000174,
					"seconds":	0.99910002946853638,
					"bytes":	12016072,
					"bits_per_second":	96215166.8148132,
					"jitter_ms":	0.068276079024800471,
					"lost_packets":	9635,
					"packets":	18549,
					"lost_percent":	51.943500997358349,
					"omitted":	false,
					"sender":	false
				}],
			"sum":	{
				"start":	837.001074,
				"end":	838.000174,
				"seconds":	0.99910002946853638,
				"bytes":	12016072,
				"bits_per_second":	96215166.8148132,
				"jitter_ms":	0.068276079024800471,
				"lost_packets":	9635,
				"packets":	18549,
				"lost_percent":	51.943500997358349,
				"omitted":	false,
				"sender":	false
			}
		}, {
			"streams":	[{
					"socket":	5,
					"start":	838.000174,
					"end":	839.001084,
					"seconds":	1.0009100437164307,
					"bytes":	12188616,
					"bits_per_second":	97420271.2942557,
					"jitter_ms":	0.049077704451797564,
					"lost_packets":	9807,
					"packets":	18849,
					"lost_percent":	52.029285373229349,
					"omitted":	false,
					"sender":	false
				}],
			"sum":	{
				"start":	838.000174,
				"end":	839.001084,
				"seconds":	1.0009100437164307,
				"bytes":	12188616,
				"bits_per_second":	97420271.2942557,
				"jitter_ms":	0.049077704451797564,
				"lost_packets":	9807,
				"packets":	18849,
				"lost_percent":	52.029285373229349,
				"omitted":	false,
				"sender":	false
			}
		}, {
			"streams":	[{
					"socket":	5,
					"start":	839.001084,
					"end":	840.000187,
					"seconds":	0.999103009700775,
					"bytes":	12009332,
					"bits_per_second":	96160911.404694632,
					"jitter_ms":	0.048539949324532143,
					"lost_packets":	9639,
					"packets":	18548,
					"lost_percent":	51.967867155488463,
					"omitted":	false,
					"sender":	false
				}],
			"sum":	{
				"start":	839.001084,
				"end":	840.000187,
				"seconds":	0.999103009700775,
				"bytes":	12009332,
				"bits_per_second":	96160911.404694632,
				"jitter_ms":	0.048539949324532143,
				"lost_packets":	9639,
				"packets":	18548,
				"lost_percent":	51.967867155488463,
				"omitted":	false,
				"sender":	false
			}
		}, {
			"streams":	[{
					"socket":	5,
					"start":	840.000187,
					"end":	841.001131,
					"seconds":	1.0009440183639526,
					"bytes":	11796348,
					"bits_per_second":	94281780.2680408,
					"jitter_ms":	0.06020007258745956,
					"lost_packets":	9344,
					"packets":	18095,
					"lost_percent":	51.638574191765684,
					"omitted":	false,
					"sender":	false
				}],
			"sum":	{
				"start":	840.000187,
				"end":	841.001131,
				"seconds":	1.0009440183639526,
				"bytes":	11796348,
				"bits_per_second":	94281780.2680408,
				"jitter_ms":	0.06020007258745956,
				"lost_packets":	9344,
				"packets":	18095,
				"lost_percent":	51.638574191765684,
				"omitted":	false,
				"sender":	false
			}
		}, {
			"streams":	[{
					"socket":	5,
					"start":	841.001131,
					"end":	842.001068,
					"seconds":	0.99993699789047241,
					"bytes":	11976980,
					"bits_per_second":	95821876.980388656,
					"jitter_ms":	0.065521841774152476,
					"lost_packets":	9659,
					"packets":	18544,
					"lost_percent":	52.086928386540123,
					"omitted":	false,
					"sender":	false
				}],
			"sum":	{
				"start":	841.001131,
				"end":	842.001068,
				"seconds":	0.99993699789047241,
				"bytes":	11976980,
				"bits_per_second":	95821876.980388656,
				"jitter_ms":	0.065521841774152476,
				"lost_packets":	9659,
				"packets":	18544,
				"lost_percent":	52.086928386540123,
				"omitted":	false,
				"sender":	false
			}
		}, {
			"streams":	[{
					"socket":	5,
					"start":	842.001068,
					"end":	843.001087,
					"seconds":	1.0000189542770386,
					"bytes":	12157612,
					"bits_per_second":	97259052.524973929,
					"jitter_ms":	0.039678024387557478,
					"lost_packets":	9836,
					"packets":	18855,
					"lost_percent":	52.166534075841952,
					"omitted":	false,
					"sender":	false
				}],
			"sum":	{
				"start":	842.001068,
				"end":	843.001087,
				"seconds":	1.0000189542770386,
				"bytes":	12157612,
				"bits_per_second":	97259052.524973929,
				"jitter_ms":	0.039678024387557478,
				"lost_packets":	9836,
				"packets":	18855,
				"lost_percent":	52.166534075841952,
				"omitted":	false,
				"sender":	false
			}
		}, {
			"streams":	[{
					"socket":	5,
					"start":	843.001087,
					"end":	844.001098,
					"seconds":	1.0000109672546387,
					"bytes":	11823308,
					"bits_per_second":	94585426.657540739,
					"jitter_ms":	0.058922269741557447,
					"lost_packets":	9506,
					"packets":	18277,
					"lost_percent":	52.010723860589813,
					"omitted":	false,
					"sender":	false
				}],
			"sum":	{
				"start":	843.001087,
				"end":	844.001098,
				"seconds":	1.0000109672546387,
				"bytes":	11823308,
				"bits_per_second":	94585426.657540739,
				"jitter_ms":	0.058922269741557447,
				"lost_packets":	9506,
				"packets":	18277,
				"lost_percent":	52.010723860589813,
				"omitted":	false,
				"sender":	false
			}
		}, {
			"streams":	[{
					"socket":	5,
					"start":	844.001098,
					"end":	845.001091,
					"seconds":	0.99999302625656128,
					"bytes":	12013376,
					"bits_per_second":	96107678.230290473,
					"jitter_ms":	0.067210398226211845,
					"lost_packets":	9595,
					"packets":	18507,
					"lost_percent":	51.845247744096831,
					"omitted":	false,
					"sender":	false
				}],
			"sum":	{
				"start":	844.001098,
				"end":	845.001091,
				"seconds":	0.99999302625656128,
				"bytes":	12013376,
				"bits_per_second":	96107678.230290473,
				"jitter_ms":	0.067210398226211845,
				"lost_packets":	9595,
				"packets":	18507,
				"lost_percent":	51.845247744096831,
				"omitted":	false,
				"sender":	false
			}
		}, {
			"streams":	[{
					"socket":	5,
					"start":	845.001091,
					"end":	846.001076,
					"seconds":	0.9999849796295166,
					"bytes":	12013376,
					"bits_per_second":	96108451.5845494,
					"jitter_ms":	0.0509516584472535,
					"lost_packets":	9639,
					"packets":	18551,
					"lost_percent":	51.959463101719585,
					"omitted":	false,
					"sender":	false
				}],
			"sum":	{
				"start":	845.001091,
				"end":	846.001076,
				"seconds":	0.9999849796295166,
				"bytes":	12013376,
				"bits_per_second":	96108451.5845494,
				"jitter_ms":	0.0509516584472535,
				"lost_packets":	9639,
				"packets":	18551,
				"lost_percent":	51.959463101719585,
				"omitted":	false,
				"sender":	false
			}
		}, {
			"streams":	[{
					"socket":	5,
					"start":	846.001076,
					"end":	847.001086,
					"seconds":	1.0000100135803223,
					"bytes":	12204792,
					"bits_per_second":	97637358.3004702,
					"jitter_ms":	0.0516642891933984,
					"lost_packets":	9791,
					"packets":	18845,
					"lost_percent":	51.955425842398512,
					"omitted":	false,
					"sender":	false
				}],
			"sum":	{
				"start":	846.001076,
				"end":	847.001086,
				"seconds":	1.0000100135803223,
				"bytes":	12204792,
				"bits_per_second":	97637358.3004702,
				"jitter_ms":	0.0516642891933984,
				"lost_packets":	9791,
				"packets":	18845,
				"lost_percent":	51.955425842398512,
				"omitted":	false,
				"sender":	false
			}
		}, {
			"streams":	[{
					"socket":	5,
					"start":	847.001086,
					"end":	848.00109,
					"seconds":	1.0000040531158447,
					"bytes":	12152220,
					"bits_per_second":	97217365.9667536,
					"jitter_ms":	0.029322595282881406,
					"lost_packets":	9888,
					"packets":	18903,
					"lost_percent":	52.309157276622756,
					"omitted":	false,
					"sender":	false
				}],
			"sum":	{
				"start":	847.001086,
				"end":	848.00109,
				"seconds":	1.0000040531158447,
				"bytes":	12152220,
				"bits_per_second":	97217365.9667536,
				"jitter_ms":	0.029322595282881406,
				"lost_packets":	9888,
				"packets":	18903,
				"lost_percent":	52.309157276622756,
				"omitted":	false,
				"sender":	false
			}
		}, {
			"streams":	[{
					"socket":	5,
					"start":	848.00109,
					"end":	849.001057,
					"seconds":	0.99996697902679443,
					"bytes":	11997200,
					"bits_per_second":	95980769.3784139,
					"jitter_ms":	0.08614373183345804,
					"lost_packets":	9648,
					"packets":	18548,
					"lost_percent":	52.01638990726763,
					"omitted":	false,
					"sender":	false
				}],
			"sum":	{
				"start":	848.00109,
				"end":	849.001057,
				"seconds":	0.99996697902679443,
				"bytes":	11997200,
				"bits_per_second":	95980769.3784139,
				"jitter_ms":	0.08614373183345804,
				"lost_packets":	9648,
				"packets":	18548,
				"lost_percent":	52.01638990726763,
				"omitted":	false,
				"sender":	false
			}
		}, {
			"streams":	[{
					"socket":	5,
					"start":	849.001057,
					"end":	850.000215,
					"seconds":	0.99915802478790283,
					"bytes":	11990460,
					"bits_per_second":	96004513.420549557,
					"jitter_ms":	0.089190082313343938,
					"lost_packets":	9651,
					"packets":	18546,
					"lost_percent":	52.0381753477839,
					"omitted":	false,
					"sender":	false
				}],
			"sum":	{
				"start":	849.001057,
				"end":	850.000215,
				"seconds":	0.99915802478790283,
				"bytes":	11990460,
				"bits_per_second":	96004513.420549557,
				"jitter_ms":	0.089190082313343938,
				"lost_packets":	9651,
				"packets":	18546,
				"lost_percent":	52.0381753477839,
				"omitted":	false,
				"sender":	false
			}
		}, {
			"streams":	[{
					"socket":	5,
					"start":	850.000215,
					"end":	851.001089,
					"seconds":	1.0008740425109863,
					"bytes":	11858356,
					"bits_per_second":	94784002.7522331,
					"jitter_ms":	0.041897622169502165,
					"lost_packets":	9390,
					"packets":	18187,
					"lost_percent":	51.630285368669931,
					"omitted":	false,
					"sender":	false
				}],
			"sum":	{
				"start":	850.000215,
				"end":	851.001089,
				"seconds":	1.0008740425109863,
				"bytes":	11858356,
				"bits_per_second":	94784002.7522331,
				"jitter_ms":	0.041897622169502165,
				"lost_packets":	9390,
				"packets":	18187,
				"lost_percent":	51.630285368669931,
				"omitted":	false,
				"sender":	false
			}
		}, {
			"streams":	[{
					"socket":	5,
					"start":	851.001089,
					"end":	852.001065,
					"seconds":	0.99997597932815552,
					"bytes":	12033596,
					"bits_per_second":	96271080.4960327,
					"jitter_ms":	0.0394767036474889,
					"lost_packets":	9620,
					"packets":	18547,
					"lost_percent":	51.868226667385564,
					"omitted":	false,
					"sender":	false
				}],
			"sum":	{
				"start":	851.001089,
				"end":	852.001065,
				"seconds":	0.99997597932815552,
				"bytes":	12033596,
				"bits_per_second":	96271080.4960327,
				"jitter_ms":	0.0394767036474889,
				"lost_packets":	9620,
				"packets":	18547,
				"lost_percent":	51.868226667385564,
				"omitted":	false,
				"sender":	false
			}
		}, {
			"streams":	[{
					"socket":	5,
					"start":	852.001065,
					"end":	853.001069,
					"seconds":	1.0000040531158447,
					"bytes":	11807132,
					"bits_per_second":	94456673.1561614,
					"jitter_ms":	0.0671806058692552,
					"lost_packets":	9481,
					"packets":	18240,
					"lost_percent":	51.979166666666664,
					"omitted":	false,
					"sender":	false
				}],
			"sum":	{
				"start":	852.001065,
				"end":	853.001069,
				"seconds":	1.0000040531158447,
				"bytes":	11807132,
				"bits_per_second":	94456673.1561614,
				"jitter_ms":	0.0671806058692552,
				"lost_packets":	9481,
				"packets":	18240,
				"lost_percent":	51.979166666666664,
				"omitted":	false,
				"sender":	false
			}
		}, {
			"streams":	[{
					"socket":	5,
					"start":	853.001069,
					"end":	854.000182,
					"seconds":	0.99911302328109741,
					"bytes":	12006636,
					"bits_per_second":	96138360.487545922,
					"jitter_ms":	0.0666883382992161,
					"lost_packets":	9639,
					"packets":	18546,
					"lost_percent":	51.973471368489164,
					"omitted":	false,
					"sender":	false
				}],
			"sum":	{
				"start":	853.001069,
				"end":	854.000182,
				"seconds":	0.99911302328109741,
				"bytes":	12006636,
				"bits_per_second":	96138360.487545922,
				"jitter_ms":	0.0666883382992161,
				"lost_packets":	9639,
				"packets":	18546,
				"lost_percent":	51.973471368489164,
				"omitted":	false,
				"sender":	false
			}
		}, {
			"streams":	[{
					"socket":	5,
					"start":	854.000182,
					"end":	855.000279,
					"seconds":	1.0000970363616943,
					"bytes":	12164352,
					"bits_per_second":	97305373.8405492,
					"jitter_ms":	0.061339855107456986,
					"lost_packets":	9783,
					"packets":	18807,
					"lost_percent":	52.017865688307545,
					"omitted":	false,
					"sender":	false
				}],
			"sum":	{
				"start":	854.000182,
				"end":	855.000279,
				"seconds":	1.0000970363616943,
				"bytes":	12164352,
				"bits_per_second":	97305373.8405492,
				"jitter_ms":	0.061339855107456986,
				"lost_packets":	9783,
				"packets":	18807,
				"lost_percent":	52.017865688307545,
				"omitted":	false,
				"sender":	false
			}
		}, {
			"streams":	[{
					"socket":	5,
					"start":	855.000279,
					"end":	856.001086,
					"seconds":	1.0008070468902588,
					"bytes":	12003940,
					"bits_per_second":	95954080.5576783,
					"jitter_ms":	0.061530509624077454,
					"lost_packets":	9641,
					"packets":	18546,
					"lost_percent":	51.98425536503828,
					"omitted":	false,
					"sender":	false
				}],
			"sum":	{
				"start":	855.000279,
				"end":	856.001086,
				"seconds":	1.0008070468902588,
				"bytes":	12003940,
				"bits_per_second":	95954080.5576783,
				"jitter_ms":	0.061530509624077454,
				"lost_packets":	9641,
				"packets":	18546,
				"lost_percent":	51.98425536503828,
				"omitted":	false,
				"sender":	false
			}
		}, {
			"streams":	[{
					"socket":	5,
					"start":	856.001086,
					"end":	857.001093,
					"seconds":	1.0000070333480835,
					"bytes":	12150872,
					"bits_per_second":	97206292.314310253,
					"jitter_ms":	0.051265334761204963,
					"lost_packets":	9870,
					"packets":	18884,
					"lost_percent":	52.2664689684389,
					"omitted":	false,
					"sender":	false
				}],
			"sum":	{
				"start":	856.001086,
				"end":	857.001093,
				"seconds":	1.0000070333480835,
				"bytes":	12150872,
				"bits_per_second":	97206292.314310253,
				"jitter_ms":	0.051265334761204963,
				"lost_packets":	9870,
				"packets":	18884,
				"lost_percent":	52.2664689684389,
				"omitted":	false,
				"sender":	false
			}
		}, {
			"streams":	[{
					"socket":	5,
					"start":	857.001093,
					"end":	858.000198,
					"seconds":	0.99910497665405273,
					"bytes":	12032248,
					"bits_per_second":	96344214.3210643,
					"jitter_ms":	0.0533213078981719,
					"lost_packets":	9637,
					"packets":	18563,
					"lost_percent":	51.915099929968214,
					"omitted":	false,
					"sender":	false
				}],
			"sum":	{
				"start":	857.001093,
				"end":	858.000198,
				"seconds":	0.99910497665405273,
				"bytes":	12032248,
				"bits_per_second":	96344214.3210643,
				"jitter_ms":	0.0533213078981719,
				"lost_packets":	9637,
				"packets":	18563,
				"lost_percent":	51.915099929968214,
				"omitted":	false,
				"sender":	false
			}
		}, {
			"streams":	[{
					"socket":	5,
					"start":	858.000198,
					"end":	859.001088,
					"seconds":	1.0008900165557861,
					"bytes":	11863748,
					"bits_per_second":	94825587.657073051,
					"jitter_ms":	0.054276486907069786,
					"lost_packets":	9434,
					"packets":	18235,
					"lost_percent":	51.735673156018649,
					"omitted":	false,
					"sender":	false
				}],
			"sum":	{
				"start":	858.000198,
				"end":	859.001088,
				"seconds":	1.0008900165557861,
				"bytes":	11863748,
				"bits_per_second":	94825587.657073051,
				"jitter_ms":	0.054276486907069786,
				"lost_packets":	9434,
				"packets":	18235,
				"lost_percent":	51.735673156018649,
				"omitted":	false,
				"sender":	false
			}
		}, {
			"streams":	[{
					"socket":	5,
					"start":	859.001088,
					"end":	860.000253,
					"seconds":	0.99916499853134155,
					"bytes":	11983720,
					"bits_per_second":	95949878.289289162,
					"jitter_ms":	0.066574560628291757,
					"lost_packets":	9635,
					"packets":	18525,
					"lost_percent":	52.010796221322536,
					"omitted":	false,
					"sender":	false
				}],
			"sum":	{
				"start":	859.001088,
				"end":	860.000253,
				"seconds":	0.99916499853134155,
				"bytes":	11983720,
				"bits_per_second":	95949878.289289162,
				"jitter_ms":	0.066574560628291757,
				"lost_packets":	9635,
				"packets":	18525,
				"lost_percent":	52.010796221322536,
				"omitted":	false,
				"sender":	false
			}
		}, {
			"streams":	[{
					"socket":	5,
					"start":	860.000253,
					"end":	861.001061,
					"seconds":	1.0008080005645752,
					"bytes":	11831396,
					"bits_per_second":	94574751.547355175,
					"jitter_ms":	0.072727485675727732,
					"lost_packets":	9483,
					"packets":	18260,
					"lost_percent":	51.933187294633079,
					"omitted":	false,
					"sender":	false
				}],
			"sum":	{
				"start":	860.000253,
				"end":	861.001061,
				"seconds":	1.0008080005645752,
				"bytes":	11831396,
				"bits_per_second":	94574751.547355175,
				"jitter_ms":	0.072727485675727732,
				"lost_packets":	9483,
				"packets":	18260,
				"lost_percent":	51.933187294633079,
				"omitted":	false,
				"sender":	false
			}
		}, {
			"streams":	[{
					"socket":	5,
					"start":	861.001061,
					"end":	862.000178,
					"seconds":	0.99911701679229736,
					"bytes":	12032248,
					"bits_per_second":	96343053.298241153,
					"jitter_ms":	0.075658243317742471,
					"lost_packets":	9620,
					"packets":	18546,
					"lost_percent":	51.8710234012725,
					"omitted":	false,
					"sender":	false
				}],
			"sum":	{
				"start":	861.001061,
				"end":	862.000178,
				"seconds":	0.99911701679229736,
				"bytes":	12032248,
				"bits_per_second":	96343053.298241153,
				"jitter_ms":	0.075658243317742471,
				"lost_packets":	9620,
				"packets":	18546,
				"lost_percent":	51.8710234012725,
				"omitted":	false,
				"sender":	false
			}
		}, {
			"streams":	[{
					"socket":	5,
					"start":	862.000178,
					"end":	863.000185,
					"seconds":	1.0000070333480835,
					"bytes":	12195356,
					"bits_per_second":	97562161.8113562,
					"jitter_ms":	0.044523713665971382,
					"lost_packets":	9807,
					"packets":	18854,
					"lost_percent":	52.015487429723137,
					"omitted":	false,
					"sender":	false
				}],
			"sum":	{
				"start":	862.000178,
				"end":	863.000185,
				"seconds":	1.0000070333480835,
				"bytes":	12195356,
				"bits_per_second":	97562161.8113562,
				"jitter_ms":	0.044523713665971382,
				"lost_packets":	9807,
				"packets":	18854,
				"lost_percent":	52.015487429723137,
				"omitted":	false,
				"sender":	false
			}
		}, {
			"streams":	[{
					"socket":	5,
					"start":	863.000185,
					"end":	864.001113,
					"seconds":	1.0009280443191528,
					"bytes":	12006636,
					"bits_per_second":	95964029.1279248,
					"jitter_ms":	0.042981450224283638,
					"lost_packets":	9639,
					"packets":	18546,
					"lost_percent":	51.973471368489164,
					"omitted":	false,
					"sender":	false
				}],
			"sum":	{
				"start":	863.000185,
				"end":	864.001113,
				"seconds":	1.0009280443191528,
				"bytes":	12006636,
				"bits_per_second":	95964029.1279248,
				"jitter_ms":	0.042981450224283638,
				"lost_packets":	9639,
				"packets":	18546,
				"lost_percent":	51.973471368489164,
				"omitted":	false,
				"sender":	false
			}
		}, {
			"streams":	[{
					"socket":	5,
					"start":	864.001113,
					"end":	865.001092,
					"seconds":	0.999979019165039,
					"bytes":	11796348,
					"bits_per_second":	94372764.0193867,
					"jitter_ms":	0.069942076560033636,
					"lost_packets":	9490,
					"packets":	18241,
					"lost_percent":	52.025656488131133,
					"omitted":	false,
					"sender":	false
				}],
			"sum":	{
				"start":	864.001113,
				"end":	865.001092,
				"seconds":	0.999979019165039,
				"bytes":	11796348,
				"bits_per_second":	94372764.0193867,
				"jitter_ms":	0.069942076560033636,
				"lost_packets":	9490,
				"packets":	18241,
				"lost_percent":	52.025656488131133,
				"omitted":	false,
				"sender":	false
			}
		}, {
			"streams":	[{
					"socket":	5,
					"start":	865.001092,
					"end":	866.00031,
					"seconds":	0.999217987060547,
					"bytes":	12362508,
					"bits_per_second":	98977465.6588595,
					"jitter_ms":	0.070910067896102422,
					"lost_packets":	9986,
					"packets":	19157,
					"lost_percent":	52.127159784935,
					"omitted":	false,
					"sender":	false
				}],
			"sum":	{
				"start":	865.001092,
				"end":	866.00031,
				"seconds":	0.999217987060547,
				"bytes":	12362508,
				"bits_per_second":	98977465.6588595,
				"jitter_ms":	0.070910067896102422,
				"lost_packets":	9986,
				"packets":	19157,
				"lost_percent":	52.127159784935,
				"omitted":	false,
				"sender":	false
			}
		}, {
			"streams":	[{
					"socket":	5,
					"start":	866.00031,
					"end":	867.000815,
					"seconds":	1.0005049705505371,
					"bytes":	11776128,
					"bits_per_second":	94161475.228014722,
					"jitter_ms":	0.061514164090751763,
					"lost_packets":	9607,
					"packets":	18343,
					"lost_percent":	52.37420269312544,
					"omitted":	false,
					"sender":	false
				}],
			"sum":	{
				"start":	866.00031,
				"end":	867.000815,
				"seconds":	1.0005049705505371,
				"bytes":	11776128,
				"bits_per_second":	94161475.228014722,
				"jitter_ms":	0.061514164090751763,
				"lost_packets":	9607,
				"packets":	18343,
				"lost_percent":	52.37420269312544,
				"omitted":	false,
				"sender":	false
			}
		}, {
			"streams":	[{
					"socket":	5,
					"start":	867.000815,
					"end":	868.00108,
					"seconds":	1.0002650022506714,
					"bytes":	12129304,
					"bits_per_second":	97008724.469680771,
					"jitter_ms":	0.053704087552642554,
					"lost_packets":	9495,
					"packets":	18493,
					"lost_percent":	51.343751689828586,
					"omitted":	false,
					"sender":	false
				}],
			"sum":	{
				"start":	867.000815,
				"end":	868.00108,
				"seconds":	1.0002650022506714,
				"bytes":	12129304,
				"bits_per_second":	97008724.469680771,
				"jitter_ms":	0.053704087552642554,
				"lost_packets":	9495,
				"packets":	18493,
				"lost_percent":	51.343751689828586,
				"omitted":	false,
				"sender":	false
			}
		}, {
			"streams":	[{
					"socket":	5,
					"start":	868.00108,
					"end":	869.00106,
					"seconds":	0.99997997283935547,
					"bytes":	12122564,
					"bits_per_second":	96982454.283191636,
					"jitter_ms":	0.042214165755623756,
					"lost_packets":	9839,
					"packets":	18832,
					"lost_percent":	52.246176720475788,
					"omitted":	false,
					"sender":	false
				}],
			"sum":	{
				"start":	868.00108,
				"end":	869.00106,
				"seconds":	0.99997997283935547,
				"bytes":	12122564,
				"bits_per_second":	96982454.283191636,
				"jitter_ms":	0.042214165755623756,
				"lost_packets":	9839,
				"packets":	18832,
				"lost_percent":	52.246176720475788,
				"omitted":	false,
				"sender":	false
			}
		}, {
			"streams":	[{
					"socket":	5,
					"start":	869.00106,
					"end":	870.001082,
					"seconds":	1.0000220537185669,
					"bytes":	11857008,
					"bits_per_second":	94853972.117194,
					"jitter_ms":	0.040471857539426,
					"lost_packets":	9415,
					"packets":	18211,
					"lost_percent":	51.699522266761846,
					"omitted":	false,
					"sender":	false
				}],
			"sum":	{
				"start":	869.00106,
				"end":	870.001082,
				"seconds":	1.0000220537185669,
				"bytes":	11857008,
				"bits_per_second":	94853972.117194,
				"jitter_ms":	0.040471857539426,
				"lost_packets":	9415,
				"packets":	18211,
				"lost_percent":	51.699522266761846,
				"omitted":	false,
				"sender":	false
			}
		}, {
			"streams":	[{
					"socket":	5,
					"start":	870.001082,
					"end":	871.001098,
					"seconds":	1.0000159740448,
					"bytes":	11997200,
					"bits_per_second":	95976066.874008045,
					"jitter_ms":	0.0360264299503964,
					"lost_packets":	9647,
					"packets":	18547,
					"lost_percent":	52.01380277133768,
					"omitted":	false,
					"sender":	false
				}],
			"sum":	{
				"start":	870.001082,
				"end":	871.001098,
				"seconds":	1.0000159740448,
				"bytes":	11997200,
				"bits_per_second":	95976066.874008045,
				"jitter_ms":	0.0360264299503964,
				"lost_packets":	9647,
				"packets":	18547,
				"lost_percent":	52.01380277133768,
				"omitted":	false,
				"sender":	false
			}
		}, {
			"streams":	[{
					"socket":	5,
					"start":	871.001098,
					"end":	872.000228,
					"seconds":	0.9991300106048584,
					"bytes":	12187268,
					"bits_per_second":	97583040.2101285,
					"jitter_ms":	0.0595090756176231,
					"lost_packets":	9811,
					"packets":	18852,
					"lost_percent":	52.042223636749419,
					"omitted":	false,
					"sender":	false
				}],
			"sum":	{
				"start":	871.001098,
				"end":	872.000228,
				"seconds":	0.9991300106048584,
				"bytes":	12187268,
				"bits_per_second":	97583040.2101285,
				"jitter_ms":	0.0595090756176231,
				"lost_packets":	9811,
				"packets":	18852,
				"lost_percent":	52.042223636749419,
				"omitted":	false,
				"sender":	false
			}
		}, {
			"streams":	[{
					"socket":	5,
					"start":	872.000228,
					"end":	873.000171,
					"seconds":	0.99994301795959473,
					"bytes":	12013376,
					"bits_per_second":	96112484.6854858,
					"jitter_ms":	0.060799225035596226,
					"lost_packets":	9634,
					"packets":	18546,
					"lost_percent":	51.946511377116359,
					"omitted":	false,
					"sender":	false
				}],
			"sum":	{
				"start":	872.000228,
				"end":	873.000171,
				"seconds":	0.99994301795959473,
				"bytes":	12013376,
				"bits_per_second":	96112484.6854858,
				"jitter_ms":	0.060799225035596226,
				"lost_packets":	9634,
				"packets":	18546,
				"lost_percent":	51.946511377116359,
				"omitted":	false,
				"sender":	false
			}
		}, {
			"streams":	[{
					"socket":	5,
					"start":	873.000171,
					"end":	874.001082,
					"seconds":	1.0009109973907471,
					"bytes":	11846224,
					"bits_per_second":	94683535.546170726,
					"jitter_ms":	0.10374027498052465,
					"lost_packets":	9454,
					"packets":	18242,
					"lost_percent":	51.8254577348975,
					"omitted":	false,
					"sender":	false
				}],
			"sum":	{
				"start":	873.000171,
				"end":	874.001082,
				"seconds":	1.0009109973907471,
				"bytes":	11846224,
				"bits_per_second":	94683535.546170726,
				"jitter_ms":	0.10374027498052465,
				"lost_packets":	9454,
				"packets":	18242,
				"lost_percent":	51.8254577348975,
				"omitted":	false,
				"sender":	false
			}
		}, {
			"streams":	[{
					"socket":	5,
					"start":	874.001082,
					"end":	875.001158,
					"seconds":	1.0000760555267334,
					"bytes":	12016072,
					"bits_per_second":	96121265.4465262,
					"jitter_ms":	0.0398585073419321,
					"lost_packets":	9628,
					"packets":	18542,
					"lost_percent":	51.925358645237836,
					"omitted":	false,
					"sender":	false
				}],
			"sum":	{
				"start":	874.001082,
				"end":	875.001158,
				"seconds":	1.0000760555267334,
				"bytes":	12016072,
				"bits_per_second":	96121265.4465262,
				"jitter_ms":	0.0398585073419321,
				"lost_packets":	9628,
				"packets":	18542,
				"lost_percent":	51.925358645237836,
				"omitted":	false,
				"sender":	false
			}
		}, {
			"streams":	[{
					"socket":	5,
					"start":	875.001158,
					"end":	876.001081,
					"seconds":	0.9999229907989502,
					"bytes":	12006636,
					"bits_per_second":	96060485.541244,
					"jitter_ms":	0.035776853384436078,
					"lost_packets":	9639,
					"packets":	18546,
					"lost_percent":	51.973471368489164,
					"omitted":	false,
					"sender":	false
				}],
			"sum":	{
				"start":	875.001158,
				"end":	876.001081,
				"seconds":	0.9999229907989502,
				"bytes":	12006636,
				"bits_per_second":	96060485.541244,
				"jitter_ms":	0.035776853384436078,
				"lost_packets":	9639,
				"packets":	18546,
				"lost_percent":	51.973471368489164,
				"omitted":	false,
				"sender":	false
			}
		}, {
			"streams":	[{
					"socket":	5,
					"start":	876.001081,
					"end":	877.000274,
					"seconds":	0.999193012714386,
					"bytes":	12181876,
					"bits_per_second":	97533716.469109252,
					"jitter_ms":	0.056951335592540439,
					"lost_packets":	9818,
					"packets":	18855,
					"lost_percent":	52.0710686820472,
					"omitted":	false,
					"sender":	false
				}],
			"sum":	{
				"start":	876.001081,
				"end":	877.000274,
				"seconds":	0.999193012714386,
				"bytes":	12181876,
				"bits_per_second":	97533716.469109252,
				"jitter_ms":	0.056951335592540439,
				"lost_packets":	9818,
				"packets":	18855,
				"lost_percent":	52.0710686820472,
				"omitted":	false,
				"sender":	false
			}
		}, {
			"streams":	[{
					"socket":	5,
					"start":	877.000274,
					"end":	878.001108,
					"seconds":	1.0008339881896973,
					"bytes":	11847572,
					"bits_per_second":	94701595.987401024,
					"jitter_ms":	0.073869976316095862,
					"lost_packets":	9447,
					"packets":	18236,
					"lost_percent":	51.8041237113402,
					"omitted":	false,
					"sender":	false
				}],
			"sum":	{
				"start":	877.000274,
				"end":	878.001108,
				"seconds":	1.0008339881896973,
				"bytes":	11847572,
				"bits_per_second":	94701595.987401024,
				"jitter_ms":	0.073869976316095862,
				"lost_packets":	9447,
				"packets":	18236,
				"lost_percent":	51.8041237113402,
				"omitted":	false,
				"sender":	false
			}
		}, {
			"streams":	[{
					"socket":	5,
					"start":	878.001108,
					"end":	879.001112,
					"seconds":	1.0000040531158447,
					"bytes":	12010680,
					"bits_per_second":	96085050.556159154,
					"jitter_ms":	0.0509765234534221,
					"lost_packets":	9639,
					"packets":	18549,
					"lost_percent":	51.9650655021834,
					"omitted":	false,
					"sender":	false
				}],
			"sum":	{
				"start":	878.001108,
				"end":	879.001112,
				"seconds":	1.0000040531158447,
				"bytes":	12010680,
				"bits_per_second":	96085050.556159154,
				"jitter_ms":	0.0509765234534221,
				"lost_packets":	9639,
				"packets":	18549,
				"lost_percent":	51.9650655021834,
				"omitted":	false,
				"sender":	false
			}
		}, {
			"streams":	[{
					"socket":	5,
					"start":	879.001112,
					"end":	880.001103,
					"seconds":	0.999990999698639,
					"bytes":	12002592,
					"bits_per_second":	96021600.2233392,
					"jitter_ms":	0.0514140108335653,
					"lost_packets":	9641,
					"packets":	18545,
					"lost_percent":	51.987058506335941,
					"omitted":	false,
					"sender":	false
				}],
			"sum":	{
				"start":	879.001112,
				"end":	880.001103,
				"seconds":	0.999990999698639,
				"bytes":	12002592,
				"bits_per_second":	96021600.2233392,
				"jitter_ms":	0.0514140108335653,
				"lost_packets":	9641,
				"packets":	18545,
				"lost_percent":	51.987058506335941,
				"omitted":	false,
				"sender":	false
			}
		}, {
			"streams":	[{
					"socket":	5,
					"start":	880.001103,
					"end":	881.001103,
					"seconds":	1,
					"bytes":	12191312,
					"bits_per_second":	97530496,
					"jitter_ms":	0.060288740641001037,
					"lost_packets":	9810,
					"packets":	18854,
					"lost_percent":	52.031399172589374,
					"omitted":	false,
					"sender":	false
				}],
			"sum":	{
				"start":	880.001103,
				"end":	881.001103,
				"seconds":	1,
				"bytes":	12191312,
				"bits_per_second":	97530496,
				"jitter_ms":	0.060288740641001037,
				"lost_packets":	9810,
				"packets":	18854,
				"lost_percent":	52.031399172589374,
				"omitted":	false,
				"sender":	false
			}
		}, {
			"streams":	[{
					"socket":	5,
					"start":	881.001103,
					"end":	882.000178,
					"seconds":	0.99907499551773071,
					"bytes":	11858356,
					"bits_per_second":	94954681.5060055,
					"jitter_ms":	0.037767926026057642,
					"lost_packets":	9440,
					"packets":	18237,
					"lost_percent":	51.762899599714864,
					"omitted":	false,
					"sender":	false
				}],
			"sum":	{
				"start":	881.001103,
				"end":	882.000178,
				"seconds":	0.99907499551773071,
				"bytes":	11858356,
				"bits_per_second":	94954681.5060055,
				"jitter_ms":	0.037767926026057642,
				"lost_packets":	9440,
				"packets":	18237,
				"lost_percent":	51.762899599714864,
				"omitted":	false,
				"sender":	false
			}
		}, {
			"streams":	[{
					"socket":	5,
					"start":	882.000178,
					"end":	883.001104,
					"seconds":	1.0009260177612305,
					"bytes":	12002592,
					"bits_per_second":	95931901.3554762,
					"jitter_ms":	0.069694666429138671,
					"lost_packets":	9641,
					"packets":	18545,
					"lost_percent":	51.987058506335941,
					"omitted":	false,
					"sender":	false
				}],
			"sum":	{
				"start":	882.000178,
				"end":	883.001104,
				"seconds":	1.0009260177612305,
				"bytes":	12002592,
				"bits_per_second":	95931901.3554762,
				"jitter_ms":	0.069694666429138671,
				"lost_packets":	9641,
				"packets":	18545,
				"lost_percent":	51.987058506335941,
				"omitted":	false,
				"sender":	false
			}
		}, {
			"streams":	[{
					"socket":	5,
					"start":	883.001104,
					"end":	884.001076,
					"seconds":	0.99997198581695557,
					"bytes":	12188616,
					"bits_per_second":	97511659.709484071,
					"jitter_ms":	0.060042709346670678,
					"lost_packets":	9813,
					"packets":	18855,
					"lost_percent":	52.044550517104213,
					"omitted":	false,
					"sender":	false
				}],
			"sum":	{
				"start":	883.001104,
				"end":	884.001076,
				"seconds":	0.99997198581695557,
				"bytes":	12188616,
				"bits_per_second":	97511659.709484071,
				"jitter_ms":	0.060042709346670678,
				"lost_packets":	9813,
				"packets":	18855,
				"lost_percent":	52.044550517104213,
				"omitted":	false,
				"sender":	false
			}
		}, {
			"streams":	[{
					"socket":	5,
					"start":	884.001076,
					"end":	885.000267,
					"seconds":	0.99919098615646362,
					"bytes":	12016072,
					"bits_per_second":	96206408.3161647,
					"jitter_ms":	0.057961754959651716,
					"lost_packets":	9780,
					"packets":	18694,
					"lost_percent":	52.316251203594739,
					"omitted":	false,
					"sender":	false
				}],
			"sum":	{
				"start":	884.001076,
				"end":	885.000267,
				"seconds":	0.99919098615646362,
				"bytes":	12016072,
				"bits_per_second":	96206408.3161647,
				"jitter_ms":	0.057961754959651716,
				"lost_packets":	9780,
				"packets":	18694,
				"lost_percent":	52.316251203594739,
				"omitted":	false,
				"sender":	false
			}
		}, {
			"streams":	[{
					"socket":	5,
					"start":	885.000267,
					"end":	886.00106,
					"seconds":	1.0007929801940918,
					"bytes":	11851616,
					"bits_per_second":	94737802.7987488,
					"jitter_ms":	0.062837008922876275,
					"lost_packets":	9300,
					"packets":	18092,
					"lost_percent":	51.403935441078929,
					"omitted":	false,
					"sender":	false
				}],
			"sum":	{
				"start":	885.000267,
				"end":	886.00106,
				"seconds":	1.0007929801940918,
				"bytes":	11851616,
				"bits_per_second":	94737802.7987488,
				"jitter_ms":	0.062837008922876275,
				"lost_packets":	9300,
				"packets":	18092,
				"lost_percent":	51.403935441078929,
				"omitted":	false,
				"sender":	false
			}
		}, {
			"streams":	[{
					"socket":	5,
					"start":	886.00106,
					"end":	887.001119,
					"seconds":	1.0000590085983276,
					"bytes":	12010680,
					"bits_per_second":	96079770.467417076,
					"jitter_ms":	0.04175722389692102,
					"lost_packets":	9636,
					"packets":	18546,
					"lost_percent":	51.957295373665481,
					"omitted":	false,
					"sender":	false
				}],
			"sum":	{
				"start":	886.00106,
				"end":	887.001119,
				"seconds":	1.0000590085983276,
				"bytes":	12010680,
				"bits_per_second":	96079770.467417076,
				"jitter_ms":	0.04175722389692102,
				"lost_packets":	9636,
				"packets":	18546,
				"lost_percent":	51.957295373665481,
				"omitted":	false,
				"sender":	false
			}
		}, {
			"streams":	[{
					"socket":	5,
					"start":	887.001119,
					"end":	888.00113,
					"seconds":	1.0000109672546387,
					"bytes":	12009332,
					"bits_per_second":	96073602.3363391,
					"jitter_ms":	0.041653790521286461,
					"lost_packets":	9634,
					"packets":	18543,
					"lost_percent":	51.954915601574719,
					"omitted":	false,
					"sender":	false
				}],
			"sum":	{
				"start":	887.001119,
				"end":	888.00113,
				"seconds":	1.0000109672546387,
				"bytes":	12009332,
				"bits_per_second":	96073602.3363391,
				"jitter_ms":	0.041653790521286461,
				"lost_packets":	9634,
				"packets":	18543,
				"lost_percent":	51.954915601574719,
				"omitted":	false,
				"sender":	false
			}
		}, {
			"streams":	[{
					"socket":	5,
					"start":	888.00113,
					"end":	889.001061,
					"seconds":	0.99993097782135,
					"bytes":	12185920,
					"bits_per_second":	97494089.254445836,
					"jitter_ms":	0.0576436633129332,
					"lost_packets":	9964,
					"packets":	19004,
					"lost_percent":	52.4310671437592,
					"omitted":	false,
					"sender":	false
				}],
			"sum":	{
				"start":	888.00113,
				"end":	889.001061,
				"seconds":	0.99993097782135,
				"bytes":	12185920,
				"bits_per_second":	97494089.254445836,
				"jitter_ms":	0.0576436633129332,
				"lost_packets":	9964,
				"packets":	19004,
				"lost_percent":	52.4310671437592,
				"omitted":	false,
				"sender":	false
			}
		}, {
			"streams":	[{
					"socket":	5,
					"start":	889.001061,
					"end":	890.000401,
					"seconds":	0.999339997768402,
					"bytes":	11835440,
					"bits_per_second":	94746052.606155157,
					"jitter_ms":	0.043082582169582544,
					"lost_packets":	9309,
					"packets":	18089,
					"lost_percent":	51.4622146055614,
					"omitted":	false,
					"sender":	false
				}],
			"sum":	{
				"start":	889.001061,
				"end":	890.000401,
				"seconds":	0.999339997768402,
				"bytes":	11835440,
				"bits_per_second":	94746052.606155157,
				"jitter_ms":	0.043082582169582544,
				"lost_packets":	9309,
				"packets":	18089,
				"lost_percent":	51.4622146055614,
				"omitted":	false,
				"sender":	false
			}
		}, {
			"streams":	[{
					"socket":	5,
					"start":	890.000401,
					"end":	891.001061,
					"seconds":	1.0006599426269531,
					"bytes":	12184572,
					"bits_per_second":	97412289.4777845,
					"jitter_ms":	0.054573186244791148,
					"lost_packets":	9964,
					"packets":	19003,
					"lost_percent":	52.433826237962428,
					"omitted":	false,
					"sender":	false
				}],
			"sum":	{
				"start":	890.000401,
				"end":	891.001061,
				"seconds":	1.0006599426269531,
				"bytes":	12184572,
				"bits_per_second":	97412289.4777845,
				"jitter_ms":	0.054573186244791148,
				"lost_packets":	9964,
				"packets":	19003,
				"lost_percent":	52.433826237962428,
				"omitted":	false,
				"sender":	false
			}
		}, {
			"streams":	[{
					"socket":	5,
					"start":	891.001061,
					"end":	892.001123,
					"seconds":	1.0000619888305664,
					"bytes":	12022812,
					"bits_per_second":	96176534.1291214,
					"jitter_ms":	0.055538743048301462,
					"lost_packets":	9627,
					"packets":	18546,
					"lost_percent":	51.908767389194438,
					"omitted":	false,
					"sender":	false
				}],
			"sum":	{
				"start":	891.001061,
				"end":	892.001123,
				"seconds":	1.0000619888305664,
				"bytes":	12022812,
				"bits_per_second":	96176534.1291214,
				"jitter_ms":	0.055538743048301462,
				"lost_packets":	9627,
				"packets":	18546,
				"lost_percent":	51.908767389194438,
				"omitted":	false,
				"sender":	false
			}
		}, {
			"streams":	[{
					"socket":	5,
					"start":	892.001123,
					"end":	893.001081,
					"seconds":	0.99995797872543335,
					"bytes":	12022812,
					"bits_per_second":	96186537.8809179,
					"jitter_ms":	0.057740241104388919,
					"lost_packets":	9478,
					"packets":	18397,
					"lost_percent":	51.519269446105341,
					"omitted":	false,
					"sender":	false
				}],
			"sum":	{
				"start":	892.001123,
				"end":	893.001081,
				"seconds":	0.99995797872543335,
				"bytes":	12022812,
				"bits_per_second":	96186537.8809179,
				"jitter_ms":	0.057740241104388919,
				"lost_packets":	9478,
				"packets":	18397,
				"lost_percent":	51.519269446105341,
				"omitted":	false,
				"sender":	false
			}
		}, {
			"streams":	[{
					"socket":	5,
					"start":	893.001081,
					"end":	894.000213,
					"seconds":	0.999131977558136,
					"bytes":	11879924,
					"bits_per_second":	95121959.9959906,
					"jitter_ms":	0.045870464600312875,
					"lost_packets":	9572,
					"packets":	18385,
					"lost_percent":	52.0641827576829,
					"omitted":	false,
					"sender":	false
				}],
			"sum":	{
				"start":	893.001081,
				"end":	894.000213,
				"seconds":	0.999131977558136,
				"bytes":	11879924,
				"bits_per_second":	95121959.9959906,
				"jitter_ms":	0.045870464600312875,
				"lost_packets":	9572,
				"packets":	18385,
				"lost_percent":	52.0641827576829,
				"omitted":	false,
				"sender":	false
			}
		}, {
			"streams":	[{
					"socket":	5,
					"start":	894.000213,
					"end":	895.001114,
					"seconds":	1.0009009838104248,
					"bytes":	12013376,
					"bits_per_second":	96020495.088456333,
					"jitter_ms":	0.041823454210896734,
					"lost_packets":	9487,
					"packets":	18399,
					"lost_percent":	51.562584923093645,
					"omitted":	false,
					"sender":	false
				}],
			"sum":	{
				"start":	894.000213,
				"end":	895.001114,
				"seconds":	1.0009009838104248,
				"bytes":	12013376,
				"bits_per_second":	96020495.088456333,
				"jitter_ms":	0.041823454210896734,
				"lost_packets":	9487,
				"packets":	18399,
				"lost_percent":	51.562584923093645,
				"omitted":	false,
				"sender":	false
			}
		}, {
			"streams":	[{
					"socket":	5,
					"start":	895.001114,
					"end":	896.001199,
					"seconds":	1.00008499622345,
					"bytes":	11827352,
					"bits_per_second":	94610774.441474825,
					"jitter_ms":	0.065969382196396142,
					"lost_packets":	9466,
					"packets":	18240,
					"lost_percent":	51.8969298245614,
					"omitted":	false,
					"sender":	false
				}],
			"sum":	{
				"start":	895.001114,
				"end":	896.001199,
				"seconds":	1.00008499622345,
				"bytes":	11827352,
				"bits_per_second":	94610774.441474825,
				"jitter_ms":	0.065969382196396142,
				"lost_packets":	9466,
				"packets":	18240,
				"lost_percent":	51.8969298245614,
				"omitted":	false,
				"sender":	false
			}
		}, {
			"streams":	[{
					"socket":	5,
					"start":	896.001199,
					"end":	897.001061,
					"seconds":	0.999862015247345,
					"bytes":	12026856,
					"bits_per_second":	96228126.0141665,
					"jitter_ms":	0.076313746563799328,
					"lost_packets":	9769,
					"packets":	18691,
					"lost_percent":	52.26579637258574,
					"omitted":	false,
					"sender":	false
				}],
			"sum":	{
				"start":	896.001199,
				"end":	897.001061,
				"seconds":	0.999862015247345,
				"bytes":	12026856,
				"bits_per_second":	96228126.0141665,
				"jitter_ms":	0.076313746563799328,
				"lost_packets":	9769,
				"packets":	18691,
				"lost_percent":	52.26579637258574,
				"omitted":	false,
				"sender":	false
			}
		}, {
			"streams":	[{
					"socket":	5,
					"start":	897.001061,
					"end":	898.001088,
					"seconds":	1.0000269412994385,
					"bytes":	12243884,
					"bits_per_second":	97948433.1419332,
					"jitter_ms":	0.042590004913289688,
					"lost_packets":	9626,
					"packets":	18709,
					"lost_percent":	51.451173232134266,
					"omitted":	false,
					"sender":	false
				}],
			"sum":	{
				"start":	897.001061,
				"end":	898.001088,
				"seconds":	1.0000269412994385,
				"bytes":	12243884,
				"bits_per_second":	97948433.1419332,
				"jitter_ms":	0.042590004913289688,
				"lost_packets":	9626,
				"packets":	18709,
				"lost_percent":	51.451173232134266,
				"omitted":	false,
				"sender":	false
			}
		}, {
			"streams":	[{
					"socket":	5,
					"start":	898.001088,
					"end":	899.001117,
					"seconds":	1.0000289678573608,
					"bytes":	11846224,
					"bits_per_second":	94767046.801705733,
					"jitter_ms":	0.089960621442834926,
					"lost_packets":	9556,
					"packets":	18344,
					"lost_percent":	52.093327518534672,
					"omitted":	false,
					"sender":	false
				}],
			"sum":	{
				"start":	898.001088,
				"end":	899.001117,
				"seconds":	1.0000289678573608,
				"bytes":	11846224,
				"bits_per_second":	94767046.801705733,
				"jitter_ms":	0.089960621442834926,
				"lost_packets":	9556,
				"packets":	18344,
				"lost_percent":	52.093327518534672,
				"omitted":	false,
				"sender":	false
			}
		}, {
			"streams":	[{
					"socket":	5,
					"start":	899.001117,
					"end":	900.001105,
					"seconds":	0.9999880194664,
					"bytes":	12257364,
					"bits_per_second":	98060086.812164858,
					"jitter_ms":	0.057271871410114146,
					"lost_packets":	9961,
					"packets":	19054,
					"lost_percent":	52.277736958119029,
					"omitted":	false,
					"sender":	false
				}],
			"sum":	{
				"start":	899.001117,
				"end":	900.001105,
				"seconds":	0.9999880194664,
				"bytes":	12257364,
				"bits_per_second":	98060086.812164858,
				"jitter_ms":	0.057271871410114146,
				"lost_packets":	9961,
				"packets":	19054,
				"lost_percent":	52.277736958119029,
				"omitted":	false,
				"sender":	false
			}
		}, {
			"streams":	[{
					"socket":	5,
					"start":	900.001105,
					"end":	901.001091,
					"seconds":	0.99998599290847778,
					"bytes":	12045728,
					"bits_per_second":	96367173.8238235,
					"jitter_ms":	0.0564528215088611,
					"lost_packets":	9610,
					"packets":	18546,
					"lost_percent":	51.8171034185269,
					"omitted":	false,
					"sender":	false
				}],
			"sum":	{
				"start":	900.001105,
				"end":	901.001091,
				"seconds":	0.99998599290847778,
				"bytes":	12045728,
				"bits_per_second":	96367173.8238235,
				"jitter_ms":	0.0564528215088611,
				"lost_packets":	9610,
				"packets":	18546,
				"lost_percent":	51.8171034185269,
				"omitted":	false,
				"sender":	false
			}
		}, {
			"streams":	[{
					"socket":	5,
					"start":	901.001091,
					"end":	902.000186,
					"seconds":	0.99909502267837524,
					"bytes":	11867792,
					"bits_per_second":	95028334.487623066,
					"jitter_ms":	0.0450537001163238,
					"lost_packets":	9581,
					"packets":	18385,
					"lost_percent":	52.113135708457982,
					"omitted":	false,
					"sender":	false
				}],
			"sum":	{
				"start":	901.001091,
				"end":	902.000186,
				"seconds":	0.99909502267837524,
				"bytes":	11867792,
				"bits_per_second":	95028334.487623066,
				"jitter_ms":	0.0450537001163238,
				"lost_packets":	9581,
				"packets":	18385,
				"lost_percent":	52.113135708457982,
				"omitted":	false,
				"sender":	false
			}
		}, {
			"streams":	[{
					"socket":	5,
					"start":	902.000186,
					"end":	903.001092,
					"seconds":	1.0009059906005859,
					"bytes":	12036292,
					"bits_per_second":	96203176.8260491,
					"jitter_ms":	0.042775994989841887,
					"lost_packets":	9620,
					"packets":	18549,
					"lost_percent":	51.86263410426438,
					"omitted":	false,
					"sender":	false
				}],
			"sum":	{
				"start":	902.000186,
				"end":	903.001092,
				"seconds":	1.0009059906005859,
				"bytes":	12036292,
				"bits_per_second":	96203176.8260491,
				"jitter_ms":	0.042775994989841887,
				"lost_packets":	9620,
				"packets":	18549,
				"lost_percent":	51.86263410426438,
				"omitted":	false,
				"sender":	false
			}
		}, {
			"streams":	[{
					"socket":	5,
					"start":	903.001092,
					"end":	904.001085,
					"seconds":	0.99999302625656128,
					"bytes":	11842180,
					"bits_per_second":	94738100.679208,
					"jitter_ms":	0.077329872672636468,
					"lost_packets":	9450,
					"packets":	18235,
					"lost_percent":	51.823416506717848,
					"omitted":	false,
					"sender":	false
				}],
			"sum":	{
				"start":	903.001092,
				"end":	904.001085,
				"seconds":	0.99999302625656128,
				"bytes":	11842180,
				"bits_per_second":	94738100.679208,
				"jitter_ms":	0.077329872672636468,
				"lost_packets":	9450,
				"packets":	18235,
				"lost_percent":	51.823416506717848,
				"omitted":	false,
				"sender":	false
			}
		}, {
			"streams":	[{
					"socket":	5,
					"start":	904.001085,
					"end":	905.000206,
					"seconds":	0.99912101030349731,
					"bytes":	12026856,
					"bits_per_second":	96299494.2632358,
					"jitter_ms":	0.081601871466619236,
					"lost_packets":	9624,
					"packets":	18546,
					"lost_percent":	51.892591394370754,
					"omitted":	false,
					"sender":	false
				}],
			"sum":	{
				"start":	904.001085,
				"end":	905.000206,
				"seconds":	0.99912101030349731,
				"bytes":	12026856,
				"bits_per_second":	96299494.2632358,
				"jitter_ms":	0.081601871466619236,
				"lost_packets":	9624,
				"packets":	18546,
				"lost_percent":	51.892591394370754,
				"omitted":	false,
				"sender":	false
			}
		}, {
			"streams":	[{
					"socket":	5,
					"start":	905.000206,
					"end":	906.001079,
					"seconds":	1.0008729696273804,
					"bytes":	11873184,
					"bits_per_second":	94902624.890911564,
					"jitter_ms":	0.0525065697404799,
					"lost_packets":	9615,
					"packets":	18423,
					"lost_percent":	52.1901970363133,
					"omitted":	false,
					"sender":	false
				}],
			"sum":	{
				"start":	905.000206,
				"end":	906.001079,
				"seconds":	1.0008729696273804,
				"bytes":	11873184,
				"bits_per_second":	94902624.890911564,
				"jitter_ms":	0.0525065697404799,
				"lost_packets":	9615,
				"packets":	18423,
				"lost_percent":	52.1901970363133,
				"omitted":	false,
				"sender":	false
			}
		}, {
			"streams":	[{
					"socket":	5,
					"start":	906.001079,
					"end":	907.001118,
					"seconds":	1.0000389814376831,
					"bytes":	11974284,
					"bits_per_second":	95790537.9471144,
					"jitter_ms":	0.0516956256001098,
					"lost_packets":	9515,
					"packets":	18398,
					"lost_percent":	51.717577997608437,
					"omitted":	false,
					"sender":	false
				}],
			"sum":	{
				"start":	906.001079,
				"end":	907.001118,
				"seconds":	1.0000389814376831,
				"bytes":	11974284,
				"bits_per_second":	95790537.9471144,
				"jitter_ms":	0.0516956256001098,
				"lost_packets":	9515,
				"packets":	18398,
				"lost_percent":	51.717577997608437,
				"omitted":	false,
				"sender":	false
			}
		}, {
			"streams":	[{
					"socket":	5,
					"start":	907.001118,
					"end":	908.000206,
					"seconds":	0.99908798933029175,
					"bytes":	12075384,
					"bits_per_second":	96691255.456643939,
					"jitter_ms":	0.066547872040257167,
					"lost_packets":	9714,
					"packets":	18672,
					"lost_percent":	52.024421593830333,
					"omitted":	false,
					"sender":	false
				}],
			"sum":	{
				"start":	907.001118,
				"end":	908.000206,
				"seconds":	0.99908798933029175,
				"bytes":	12075384,
				"bits_per_second":	96691255.456643939,
				"jitter_ms":	0.066547872040257167,
				"lost_packets":	9714,
				"packets":	18672,
				"lost_percent":	52.024421593830333,
				"omitted":	false,
				"sender":	false
			}
		}, {
			"streams":	[{
					"socket":	5,
					"start":	908.000206,
					"end":	909.001066,
					"seconds":	1.0008599758148193,
					"bytes":	11964848,
					"bits_per_second":	95636538.889541969,
					"jitter_ms":	0.076503809553251576,
					"lost_packets":	9815,
					"packets":	18691,
					"lost_percent":	52.511904124979935,
					"omitted":	false,
					"sender":	false
				}],
			"sum":	{
				"start":	908.000206,
				"end":	909.001066,
				"seconds":	1.0008599758148193,
				"bytes":	11964848,
				"bits_per_second":	95636538.889541969,
				"jitter_ms":	0.076503809553251576,
				"lost_packets":	9815,
				"packets":	18691,
				"lost_percent":	52.511904124979935,
				"omitted":	false,
				"sender":	false
			}
		}, {
			"streams":	[{
					"socket":	5,
					"start":	909.001066,
					"end":	910.00024,
					"seconds":	0.99917399883270264,
					"bytes":	12176484,
					"bits_per_second":	97492400.8368939,
					"jitter_ms":	0.0379823299317165,
					"lost_packets":	9823,
					"packets":	18856,
					"lost_percent":	52.094823928722953,
					"omitted":	false,
					"sender":	false
				}],
			"sum":	{
				"start":	909.001066,
				"end":	910.00024,
				"seconds":	0.99917399883270264,
				"bytes":	12176484,
				"bits_per_second":	97492400.8368939,
				"jitter_ms":	0.0379823299317165,
				"lost_packets":	9823,
				"packets":	18856,
				"lost_percent":	52.094823928722953,
				"omitted":	false,
				"sender":	false
			}
		}, {
			"streams":	[{
					"socket":	5,
					"start":	910.00024,
					"end":	911.000167,
					"seconds":	0.99992698431015,
					"bytes":	11700640,
					"bits_per_second":	93611955.141482845,
					"jitter_ms":	0.050304460965474987,
					"lost_packets":	9434,
					"packets":	18114,
					"lost_percent":	52.081263111405541,
					"omitted":	false,
					"sender":	false
				}],
			"sum":	{
				"start":	910.00024,
				"end":	911.000167,
				"seconds":	0.99992698431015,
				"bytes":	11700640,
				"bits_per_second":	93611955.141482845,
				"jitter_ms":	0.050304460965474987,
				"lost_packets":	9434,
				"packets":	18114,
				"lost_percent":	52.081263111405541,
				"omitted":	false,
				"sender":	false
			}
		}, {
			"streams":	[{
					"socket":	5,
					"start":	911.000167,
					"end":	912.001107,
					"seconds":	1.0009399652481079,
					"bytes":	12130652,
					"bits_per_second":	96954082.531757966,
					"jitter_ms":	0.0679089221100429,
					"lost_packets":	9524,
					"packets":	18523,
					"lost_percent":	51.417157047994387,
					"omitted":	false,
					"sender":	false
				}],
			"sum":	{
				"start":	911.000167,
				"end":	912.001107,
				"seconds":	1.0009399652481079,
				"bytes":	12130652,
				"bits_per_second":	96954082.531757966,
				"jitter_ms":	0.0679089221100429,
				"lost_packets":	9524,
				"packets":	18523,
				"lost_percent":	51.417157047994387,
				"omitted":	false,
				"sender":	false
			}
		}, {
			"streams":	[{
					"socket":	5,
					"start":	912.001107,
					"end":	913.001112,
					"seconds":	1.0000050067901611,
					"bytes":	11991808,
					"bits_per_second":	95933983.6786744,
					"jitter_ms":	0.0625650594199199,
					"lost_packets":	9651,
					"packets":	18547,
					"lost_percent":	52.0353696015528,
					"omitted":	false,
					"sender":	false
				}],
			"sum":	{
				"start":	912.001107,
				"end":	913.001112,
				"seconds":	1.0000050067901611,
				"bytes":	11991808,
				"bits_per_second":	95933983.6786744,
				"jitter_ms":	0.0625650594199199,
				"lost_packets":	9651,
				"packets":	18547,
				"lost_percent":	52.0353696015528,
				"omitted":	false,
				"sender":	false
			}
		}, {
			"streams":	[{
					"socket":	5,
					"start":	913.001112,
					"end":	914.000176,
					"seconds":	0.999064028263092,
					"bytes":	11824656,
					"bits_per_second":	94685871.299420759,
					"jitter_ms":	0.040008743573638969,
					"lost_packets":	9652,
					"packets":	18424,
					"lost_percent":	52.3881893182805,
					"omitted":	false,
					"sender":	false
				}],
			"sum":	{
				"start":	913.001112,
				"end":	914.000176,
				"seconds":	0.999064028263092,
				"bytes":	11824656,
				"bits_per_second":	94685871.299420759,
				"jitter_ms":	0.040008743573638969,
				"lost_packets":	9652,
				"packets":	18424,
				"lost_percent":	52.3881893182805,
				"omitted":	false,
				"sender":	false
			}
		}, {
			"streams":	[{
					"socket":	5,
					"start":	914.000176,
					"end":	915.001098,
					"seconds":	1.0009219646453857,
					"bytes":	11948672,
					"bits_per_second":	95501327.1527777,
					"jitter_ms":	0.073900229316061841,
					"lost_packets":	9765,
					"packets":	18629,
					"lost_percent":	52.4182725857534,
					"omitted":	false,
					"sender":	false
				}],
			"sum":	{
				"start":	914.000176,
				"end":	915.001098,
				"seconds":	1.0009219646453857,
				"bytes":	11948672,
				"bits_per_second":	95501327.1527777,
				"jitter_ms":	0.073900229316061841,
				"lost_packets":	9765,
				"packets":	18629,
				"lost_percent":	52.4182725857534,
				"omitted":	false,
				"sender":	false
			}
		}, {
			"streams":	[{
					"socket":	5,
					"start":	915.001098,
					"end":	916.001085,
					"seconds":	0.999987006187439,
					"bytes":	11944628,
					"bits_per_second":	95558265.666192725,
					"jitter_ms":	0.042321734916545076,
					"lost_packets":	9581,
					"packets":	18442,
					"lost_percent":	51.9520659364494,
					"omitted":	false,
					"sender":	false
				}],
			"sum":	{
				"start":	915.001098,
				"end":	916.001085,
				"seconds":	0.999987006187439,
				"bytes":	11944628,
				"bits_per_second":	95558265.666192725,
				"jitter_ms":	0.042321734916545076,
				"lost_packets":	9581,
				"packets":	18442,
				"lost_percent":	51.9520659364494,
				"omitted":	false,
				"sender":	false
			}
		}, {
			"streams":	[{
					"socket":	5,
					"start":	916.001085,
					"end":	917.001091,
					"seconds":	1.0000059604644775,
					"bytes":	12064600,
					"bits_per_second":	96516224.718471065,
					"jitter_ms":	0.0808455187418044,
					"lost_packets":	9883,
					"packets":	18833,
					"lost_percent":	52.477034991769763,
					"omitted":	false,
					"sender":	false
				}],
			"sum":	{
				"start":	916.001085,
				"end":	917.001091,
				"seconds":	1.0000059604644775,
				"bytes":	12064600,
				"bits_per_second":	96516224.718471065,
				"jitter_ms":	0.0808455187418044,
				"lost_packets":	9883,
				"packets":	18833,
				"lost_percent":	52.477034991769763,
				"omitted":	false,
				"sender":	false
			}
		}, {
			"streams":	[{
					"socket":	5,
					"start":	917.001091,
					"end":	918.001091,
					"seconds":	1,
					"bytes":	11851616,
					"bits_per_second":	94812928,
					"jitter_ms":	0.053666629505827262,
					"lost_packets":	9631,
					"packets":	18423,
					"lost_percent":	52.2770449981002,
					"omitted":	false,
					"sender":	false
				}],
			"sum":	{
				"start":	917.001091,
				"end":	918.001091,
				"seconds":	1,
				"bytes":	11851616,
				"bits_per_second":	94812928,
				"jitter_ms":	0.053666629505827262,
				"lost_packets":	9631,
				"packets":	18423,
				"lost_percent":	52.2770449981002,
				"omitted":	false,
				"sender":	false
			}
		}, {
			"streams":	[{
					"socket":	5,
					"start":	918.001091,
					"end":	919.001069,
					"seconds":	0.999978005886078,
					"bytes":	12061904,
					"bits_per_second":	96497354.3738053,
					"jitter_ms":	0.07046826407513046,
					"lost_packets":	9724,
					"packets":	18672,
					"lost_percent":	52.077977720651241,
					"omitted":	false,
					"sender":	false
				}],
			"sum":	{
				"start":	918.001091,
				"end":	919.001069,
				"seconds":	0.999978005886078,
				"bytes":	12061904,
				"bits_per_second":	96497354.3738053,
				"jitter_ms":	0.07046826407513046,
				"lost_packets":	9724,
				"packets":	18672,
				"lost_percent":	52.077977720651241,
				"omitted":	false,
				"sender":	false
			}
		}, {
			"streams":	[{
					"socket":	5,
					"start":	919.001069,
					"end":	920.001098,
					"seconds":	1.0000289678573608,
					"bytes":	11940584,
					"bits_per_second":	95521904.935083,
					"jitter_ms":	0.065357968040458472,
					"lost_packets":	9541,
					"packets":	18399,
					"lost_percent":	51.85607913473558,
					"omitted":	false,
					"sender":	false
				}],
			"sum":	{
				"start":	919.001069,
				"end":	920.001098,
				"seconds":	1.0000289678573608,
				"bytes":	11940584,
				"bits_per_second":	95521904.935083,
				"jitter_ms":	0.065357968040458472,
				"lost_packets":	9541,
				"packets":	18399,
				"lost_percent":	51.85607913473558,
				"omitted":	false,
				"sender":	false
			}
		}, {
			"streams":	[{
					"socket":	5,
					"start":	920.001098,
					"end":	921.000176,
					"seconds":	0.99907797574996948,
					"bytes":	12161656,
					"bits_per_second":	97383037.522137046,
					"jitter_ms":	0.03538925199857635,
					"lost_packets":	9831,
					"packets":	18853,
					"lost_percent":	52.145547127778073,
					"omitted":	false,
					"sender":	false
				}],
			"sum":	{
				"start":	920.001098,
				"end":	921.000176,
				"seconds":	0.99907797574996948,
				"bytes":	12161656,
				"bits_per_second":	97383037.522137046,
				"jitter_ms":	0.03538925199857635,
				"lost_packets":	9831,
				"packets":	18853,
				"lost_percent":	52.145547127778073,
				"omitted":	false,
				"sender":	false
			}
		}, {
			"streams":	[{
					"socket":	5,
					"start":	921.000176,
					"end":	922.001117,
					"seconds":	1.0009410381317139,
					"bytes":	12152220,
					"bits_per_second":	97126360.391277224,
					"jitter_ms":	0.057390495860992444,
					"lost_packets":	9837,
					"packets":	18852,
					"lost_percent":	52.180140038192235,
					"omitted":	false,
					"sender":	false
				}],
			"sum":	{
				"start":	921.000176,
				"end":	922.001117,
				"seconds":	1.0009410381317139,
				"bytes":	12152220,
				"bits_per_second":	97126360.391277224,
				"jitter_ms":	0.057390495860992444,
				"lost_packets":	9837,
				"packets":	18852,
				"lost_percent":	52.180140038192235,
				"omitted":	false,
				"sender":	false
			}
		}, {
			"streams":	[{
					"socket":	5,
					"start":	922.001117,
					"end":	923.001059,
					"seconds":	0.99994200468063354,
					"bytes":	12016072,
					"bits_per_second":	96134151.330808461,
					"jitter_ms":	0.056243173968718675,
					"lost_packets":	9632,
					"packets":	18546,
					"lost_percent":	51.935727380567236,
					"omitted":	false,
					"sender":	false
				}],
			"sum":	{
				"start":	922.001117,
				"end":	923.001059,
				"seconds":	0.99994200468063354,
				"bytes":	12016072,
				"bits_per_second":	96134151.330808461,
				"jitter_ms":	0.056243173968718675,
				"lost_packets":	9632,
				"packets":	18546,
				"lost_percent":	51.935727380567236,
				"omitted":	false,
				"sender":	false
			}
		}, {
			"streams":	[{
					"socket":	5,
					"start":	923.001059,
					"end":	924.001107,
					"seconds":	1.000048041343689,
					"bytes":	12029552,
					"bits_per_second":	96231792.8953637,
					"jitter_ms":	0.05942362823330273,
					"lost_packets":	9622,
					"packets":	18546,
					"lost_percent":	51.881807397821632,
					"omitted":	false,
					"sender":	false
				}],
			"sum":	{
				"start":	923.001059,
				"end":	924.001107,
				"seconds":	1.000048041343689,
				"bytes":	12029552,
				"bits_per_second":	96231792.8953637,
				"jitter_ms":	0.05942362823330273,
				"lost_packets":	9622,
				"packets":	18546,
				"lost_percent":	51.881807397821632,
				"omitted":	false,
				"sender":	false
			}
		}, {
			"streams":	[{
					"socket":	5,
					"start":	924.001107,
					"end":	925.001071,
					"seconds":	0.99996399879455566,
					"bytes":	11854312,
					"bits_per_second":	94837910.279091865,
					"jitter_ms":	0.060378315845040435,
					"lost_packets":	9443,
					"packets":	18237,
					"lost_percent":	51.7793496737402,
					"omitted":	false,
					"sender":	false
				}],
			"sum":	{
				"start":	924.001107,
				"end":	925.001071,
				"seconds":	0.99996399879455566,
				"bytes":	11854312,
				"bits_per_second":	94837910.279091865,
				"jitter_ms":	0.060378315845040435,
				"lost_packets":	9443,
				"packets":	18237,
				"lost_percent":	51.7793496737402,
				"omitted":	false,
				"sender":	false
			}
		}, {
			"streams":	[{
					"socket":	5,
					"start":	925.001071,
					"end":	926.001061,
					"seconds":	0.99998998641967773,
					"bytes":	12175136,
					"bits_per_second":	97402063.343384847,
					"jitter_ms":	0.06965764330787716,
					"lost_packets":	9823,
					"packets":	18855,
					"lost_percent":	52.0975868469902,
					"omitted":	false,
					"sender":	false
				}],
			"sum":	{
				"start":	925.001071,
				"end":	926.001061,
				"seconds":	0.99998998641967773,
				"bytes":	12175136,
				"bits_per_second":	97402063.343384847,
				"jitter_ms":	0.06965764330787716,
				"lost_packets":	9823,
				"packets":	18855,
				"lost_percent":	52.0975868469902,
				"omitted":	false,
				"sender":	false
			}
		}, {
			"streams":	[{
					"socket":	5,
					"start":	926.001061,
					"end":	927.000209,
					"seconds":	0.99914801120758057,
					"bytes":	12036292,
					"bits_per_second":	96372444.2423926,
					"jitter_ms":	0.056591589014163036,
					"lost_packets":	9617,
					"packets":	18546,
					"lost_percent":	51.854847406448833,
					"omitted":	false,
					"sender":	false
				}],
			"sum":	{
				"start":	926.001061,
				"end":	927.000209,
				"seconds":	0.99914801120758057,
				"bytes":	12036292,
				"bits_per_second":	96372444.2423926,
				"jitter_ms":	0.056591589014163036,
				"lost_packets":	9617,
				"packets":	18546,
				"lost_percent":	51.854847406448833,
				"omitted":	false,
				"sender":	false
			}
		}, {
			"streams":	[{
					"socket":	5,
					"start":	927.000209,
					"end":	928.001075,
					"seconds":	1.0008660554885864,
					"bytes":	12020116,
					"bits_per_second":	96077719.3638141,
					"jitter_ms":	0.0888336886784906,
					"lost_packets":	9622,
					"packets":	18539,
					"lost_percent":	51.901397054857327,
					"omitted":	false,
					"sender":	false
				}],
			"sum":	{
				"start":	927.000209,
				"end":	928.001075,
				"seconds":	1.0008660554885864,
				"bytes":	12020116,
				"bits_per_second":	96077719.3638141,
				"jitter_ms":	0.0888336886784906,
				"lost_packets":	9622,
				"packets":	18539,
				"lost_percent":	51.901397054857327,
				"omitted":	false,
				"sender":	false
			}
		}, {
			"streams":	[{
					"socket":	5,
					"start":	928.001075,
					"end":	929.001103,
					"seconds":	1.0000280141830444,
					"bytes":	11848920,
					"bits_per_second":	94788704.5718796,
					"jitter_ms":	0.038222768832902612,
					"lost_packets":	9458,
					"packets":	18248,
					"lost_percent":	51.830337571240683,
					"omitted":	false,
					"sender":	false
				}],
			"sum":	{
				"start":	928.001075,
				"end":	929.001103,
				"seconds":	1.0000280141830444,
				"bytes":	11848920,
				"bits_per_second":	94788704.5718796,
				"jitter_ms":	0.038222768832902612,
				"lost_packets":	9458,
				"packets":	18248,
				"lost_percent":	51.830337571240683,
				"omitted":	false,
				"sender":	false
			}
		}, {
			"streams":	[{
					"socket":	5,
					"start":	929.001103,
					"end":	930.001087,
					"seconds":	0.9999840259552002,
					"bytes":	11954064,
					"bits_per_second":	95634039.662433952,
					"jitter_ms":	0.0714003771546745,
					"lost_packets":	9627,
					"packets":	18495,
					"lost_percent":	52.051905920519062,
					"omitted":	false,
					"sender":	false
				}],
			"sum":	{
				"start":	929.001103,
				"end":	930.001087,
				"seconds":	0.9999840259552002,
				"bytes":	11954064,
				"bits_per_second":	95634039.662433952,
				"jitter_ms":	0.0714003771546745,
				"lost_packets":	9627,
				"packets":	18495,
				"lost_percent":	52.051905920519062,
				"omitted":	false,
				"sender":	false
			}
		}, {
			"streams":	[{
					"socket":	5,
					"start":	930.001087,
					"end":	931.000523,
					"seconds":	0.99943602085113525,
					"bytes":	12076732,
					"bits_per_second":	96668374.9478252,
					"jitter_ms":	0.044331534508959769,
					"lost_packets":	9634,
					"packets":	18593,
					"lost_percent":	51.815199268541924,
					"omitted":	false,
					"sender":	false
				}],
			"sum":	{
				"start":	930.001087,
				"end":	931.000523,
				"seconds":	0.99943602085113525,
				"bytes":	12076732,
				"bits_per_second":	96668374.9478252,
				"jitter_ms":	0.044331534508959769,
				"lost_packets":	9634,
				"packets":	18593,
				"lost_percent":	51.815199268541924,
				"omitted":	false,
				"sender":	false
			}
		}, {
			"streams":	[{
					"socket":	5,
					"start":	931.000523,
					"end":	932.001073,
					"seconds":	1.0005500316619873,
					"bytes":	11821960,
					"bits_per_second":	94523688.978254125,
					"jitter_ms":	0.064702587799365,
					"lost_packets":	9471,
					"packets":	18241,
					"lost_percent":	51.9214955320432,
					"omitted":	false,
					"sender":	false
				}],
			"sum":	{
				"start":	931.000523,
				"end":	932.001073,
				"seconds":	1.0005500316619873,
				"bytes":	11821960,
				"bits_per_second":	94523688.978254125,
				"jitter_ms":	0.064702587799365,
				"lost_packets":	9471,
				"packets":	18241,
				"lost_percent":	51.9214955320432,
				"omitted":	false,
				"sender":	false
			}
		}, {
			"streams":	[{
					"socket":	5,
					"start":	932.001073,
					"end":	933.001104,
					"seconds":	1.0000309944152832,
					"bytes":	12208836,
					"bits_per_second":	97667660.847959936,
					"jitter_ms":	0.0290641976295022,
					"lost_packets":	9797,
					"packets":	18854,
					"lost_percent":	51.962448286835688,
					"omitted":	false,
					"sender":	false
				}],
			"sum":	{
				"start":	932.001073,
				"end":	933.001104,
				"seconds":	1.0000309944152832,
				"bytes":	12208836,
				"bits_per_second":	97667660.847959936,
				"jitter_ms":	0.0290641976295022,
				"lost_packets":	9797,
				"packets":	18854,
				"lost_percent":	51.962448286835688,
				"omitted":	false,
				"sender":	false
			}
		}, {
			"streams":	[{
					"socket":	5,
					"start":	933.001104,
					"end":	934.00017,
					"seconds":	0.99906599521636963,
					"bytes":	12018768,
					"bits_per_second":	96240032.650872663,
					"jitter_ms":	0.045638410623256055,
					"lost_packets":	9630,
					"packets":	18546,
					"lost_percent":	51.924943384018114,
					"omitted":	false,
					"sender":	false
				}],
			"sum":	{
				"start":	933.001104,
				"end":	934.00017,
				"seconds":	0.99906599521636963,
				"bytes":	12018768,
				"bits_per_second":	96240032.650872663,
				"jitter_ms":	0.045638410623256055,
				"lost_packets":	9630,
				"packets":	18546,
				"lost_percent":	51.924943384018114,
				"omitted":	false,
				"sender":	false
			}
		}, {
			"streams":	[{
					"socket":	5,
					"start":	934.00017,
					"end":	935.001064,
					"seconds":	1.0008939504623413,
					"bytes":	11956760,
					"bits_per_second":	95568646.3643972,
					"jitter_ms":	0.080680738422180431,
					"lost_packets":	9624,
					"packets":	18494,
					"lost_percent":	52.038498972639772,
					"omitted":	false,
					"sender":	false
				}],
			"sum":	{
				"start":	934.00017,
				"end":	935.001064,
				"seconds":	1.0008939504623413,
				"bytes":	11956760,
				"bits_per_second":	95568646.3643972,
				"jitter_ms":	0.080680738422180431,
				"lost_packets":	9624,
				"packets":	18494,
				"lost_percent":	52.038498972639772,
				"omitted":	false,
				"sender":	false
			}
		}, {
			"streams":	[{
					"socket":	5,
					"start":	935.001064,
					"end":	936.000156,
					"seconds":	0.9990919828414917,
					"bytes":	12212880,
					"bits_per_second":	97791836.665654451,
					"jitter_ms":	0.054067082367499943,
					"lost_packets":	9845,
					"packets":	18905,
					"lost_percent":	52.076170325310763,
					"omitted":	false,
					"sender":	false
				}],
			"sum":	{
				"start":	935.001064,
				"end":	936.000156,
				"seconds":	0.9990919828414917,
				"bytes":	12212880,
				"bits_per_second":	97791836.665654451,
				"jitter_ms":	0.054067082367499943,
				"lost_packets":	9845,
				"packets":	18905,
				"lost_percent":	52.076170325310763,
				"omitted":	false,
				"sender":	false
			}
		}, {
			"streams":	[{
					"socket":	5,
					"start":	936.000156,
					"end":	937.001066,
					"seconds":	1.0009100437164307,
					"bytes":	11820612,
					"bits_per_second":	94478916.056107953,
					"jitter_ms":	0.074208255091463837,
					"lost_packets":	9438,
					"packets":	18207,
					"lost_percent":	51.837205470423463,
					"omitted":	false,
					"sender":	false
				}],
			"sum":	{
				"start":	936.000156,
				"end":	937.001066,
				"seconds":	1.0009100437164307,
				"bytes":	11820612,
				"bits_per_second":	94478916.056107953,
				"jitter_ms":	0.074208255091463837,
				"lost_packets":	9438,
				"packets":	18207,
				"lost_percent":	51.837205470423463,
				"omitted":	false,
				"sender":	false
			}
		}, {
			"streams":	[{
					"socket":	5,
					"start":	937.001066,
					"end":	938.001073,
					"seconds":	1.0000070333480835,
					"bytes":	12044380,
					"bits_per_second":	96354362.30623053,
					"jitter_ms":	0.046641000752002851,
					"lost_packets":	9639,
					"packets":	18574,
					"lost_percent":	51.895122213847316,
					"omitted":	false,
					"sender":	false
				}],
			"sum":	{
				"start":	937.001066,
				"end":	938.001073,
				"seconds":	1.0000070333480835,
				"bytes":	12044380,
				"bits_per_second":	96354362.30623053,
				"jitter_ms":	0.046641000752002851,
				"lost_packets":	9639,
				"packets":	18574,
				"lost_percent":	51.895122213847316,
				"omitted":	false,
				"sender":	false
			}
		}, {
			"streams":	[{
					"socket":	5,
					"start":	938.001073,
					"end":	939.000216,
					"seconds":	0.99914300441741943,
					"bytes":	11813872,
					"bits_per_second":	94592040.961251065,
					"jitter_ms":	0.0736924263520293,
					"lost_packets":	9476,
					"packets":	18240,
					"lost_percent":	51.951754385964911,
					"omitted":	false,
					"sender":	false
				}],
			"sum":	{
				"start":	938.001073,
				"end":	939.000216,
				"seconds":	0.99914300441741943,
				"bytes":	11813872,
				"bits_per_second":	94592040.961251065,
				"jitter_ms":	0.0736924263520293,
				"lost_packets":	9476,
				"packets":	18240,
				"lost_percent":	51.951754385964911,
				"omitted":	false,
				"sender":	false
			}
		}, {
			"streams":	[{
					"socket":	5,
					"start":	939.000216,
					"end":	940.000201,
					"seconds":	0.9999849796295166,
					"bytes":	12020116,
					"bits_per_second":	96162372.394459933,
					"jitter_ms":	0.070604117447206877,
					"lost_packets":	9629,
					"packets":	18546,
					"lost_percent":	51.91955138574356,
					"omitted":	false,
					"sender":	false
				}],
			"sum":	{
				"start":	939.000216,
				"end":	940.000201,
				"seconds":	0.9999849796295166,
				"bytes":	12020116,
				"bits_per_second":	96162372.394459933,
				"jitter_ms":	0.070604117447206877,
				"lost_packets":	9629,
				"packets":	18546,
				"lost_percent":	51.91955138574356,
				"omitted":	false,
				"sender":	false
			}
		}, {
			"streams":	[{
					"socket":	5,
					"start":	940.000201,
					"end":	941.00112,
					"seconds":	1.000918984413147,
					"bytes":	12106388,
					"bits_per_second":	96762181.063820243,
					"jitter_ms":	0.0883246915318327,
					"lost_packets":	9821,
					"packets":	18802,
					"lost_percent":	52.233804914370815,
					"omitted":	false,
					"sender":	false
				}],
			"sum":	{
				"start":	940.000201,
				"end":	941.00112,
				"seconds":	1.000918984413147,
				"bytes":	12106388,
				"bits_per_second":	96762181.063820243,
				"jitter_ms":	0.0883246915318327,
				"lost_packets":	9821,
				"packets":	18802,
				"lost_percent":	52.233804914370815,
				"omitted":	false,
				"sender":	false
			}
		}, {
			"streams":	[{
					"socket":	5,
					"start":	941.00112,
					"end":	942.001063,
					"seconds":	0.99994301795959473,
					"bytes":	12005288,
					"bits_per_second":	96047776.998309761,
					"jitter_ms":	0.044621579153687967,
					"lost_packets":	9689,
					"packets":	18595,
					"lost_percent":	52.105404678677061,
					"omitted":	false,
					"sender":	false
				}],
			"sum":	{
				"start":	941.00112,
				"end":	942.001063,
				"seconds":	0.99994301795959473,
				"bytes":	12005288,
				"bits_per_second":	96047776.998309761,
				"jitter_ms":	0.044621579153687967,
				"lost_packets":	9689,
				"packets":	18595,
				"lost_percent":	52.105404678677061,
				"omitted":	false,
				"sender":	false
			}
		}, {
			"streams":	[{
					"socket":	5,
					"start":	942.001063,
					"end":	943.001094,
					"seconds":	1.0000309944152832,
					"bytes":	12136044,
					"bits_per_second":	97085342.89656435,
					"jitter_ms":	0.05541492068788164,
					"lost_packets":	9855,
					"packets":	18858,
					"lost_percent":	52.258988227807826,
					"omitted":	false,
					"sender":	false
				}],
			"sum":	{
				"start":	942.001063,
				"end":	943.001094,
				"seconds":	1.0000309944152832,
				"bytes":	12136044,
				"bits_per_second":	97085342.89656435,
				"jitter_ms":	0.05541492068788164,
				"lost_packets":	9855,
				"packets":	18858,
				"lost_percent":	52.258988227807826,
				"omitted":	false,
				"sender":	false
			}
		}, {
			"streams":	[{
					"socket":	5,
					"start":	943.001094,
					"end":	944.001079,
					"seconds":	0.9999849796295166,
					"bytes":	12016072,
					"bits_per_second":	96130019.9085136,
					"jitter_ms":	0.037811811433202482,
					"lost_packets":	9638,
					"packets":	18552,
					"lost_percent":	51.95127210004312,
					"omitted":	false,
					"sender":	false
				}],
			"sum":	{
				"start":	943.001094,
				"end":	944.001079,
				"seconds":	0.9999849796295166,
				"bytes":	12016072,
				"bits_per_second":	96130019.9085136,
				"jitter_ms":	0.037811811433202482,
				"lost_packets":	9638,
				"packets":	18552,
				"lost_percent":	51.95127210004312,
				"omitted":	false,
				"sender":	false
			}
		}, {
			"streams":	[{
					"socket":	5,
					"start":	944.001079,
					"end":	945.000221,
					"seconds":	0.99914199113845825,
					"bytes":	11865096,
					"bits_per_second":	95002280.798792034,
					"jitter_ms":	0.042516614211368271,
					"lost_packets":	9429,
					"packets":	18231,
					"lost_percent":	51.719598486095116,
					"omitted":	false,
					"sender":	false
				}],
			"sum":	{
				"start":	944.001079,
				"end":	945.000221,
				"seconds":	0.99914199113845825,
				"bytes":	11865096,
				"bits_per_second":	95002280.798792034,
				"jitter_ms":	0.042516614211368271,
				"lost_packets":	9429,
				"packets":	18231,
				"lost_percent":	51.719598486095116,
				"omitted":	false,
				"sender":	false
			}
		}, {
			"streams":	[{
					"socket":	5,
					"start":	945.000221,
					"end":	946.00106,
					"seconds":	1.0008389949798584,
					"bytes":	11882620,
					"bits_per_second":	94981271.1902908,
					"jitter_ms":	0.059707696811927211,
					"lost_packets":	9518,
					"packets":	18333,
					"lost_percent":	51.917307587410683,
					"omitted":	false,
					"sender":	false
				}],
			"sum":	{
				"start":	945.000221,
				"end":	946.00106,
				"seconds":	1.0008389949798584,
				"bytes":	11882620,
				"bits_per_second":	94981271.1902908,
				"jitter_ms":	0.059707696811927211,
				"lost_packets":	9518,
				"packets":	18333,
				"lost_percent":	51.917307587410683,
				"omitted":	false,
				"sender":	false
			}
		}, {
			"streams":	[{
					"socket":	5,
					"start":	946.00106,
					"end":	947.001093,
					"seconds":	1.0000330209732056,
					"bytes":	11924408,
					"bits_per_second":	95392114.0595576,
					"jitter_ms":	0.053922548638910529,
					"lost_packets":	9758,
					"packets":	18604,
					"lost_percent":	52.45108578800258,
					"omitted":	false,
					"sender":	false
				}],
			"sum":	{
				"start":	946.00106,
				"end":	947.001093,
				"seconds":	1.0000330209732056,
				"bytes":	11924408,
				"bits_per_second":	95392114.0595576,
				"jitter_ms":	0.053922548638910529,
				"lost_packets":	9758,
				"packets":	18604,
				"lost_percent":	52.45108578800258,
				"omitted":	false,
				"sender":	false
			}
		}, {
			"streams":	[{
					"socket":	5,
					"start":	947.001093,
					"end":	948.001064,
					"seconds":	0.99997097253799438,
					"bytes":	12014724,
					"bits_per_second":	96120582.136545926,
					"jitter_ms":	0.0408251166156538,
					"lost_packets":	9471,
					"packets":	18384,
					"lost_percent":	51.51762402088773,
					"omitted":	false,
					"sender":	false
				}],
			"sum":	{
				"start":	947.001093,
				"end":	948.001064,
				"seconds":	0.99997097253799438,
				"bytes":	12014724,
				"bits_per_second":	96120582.136545926,
				"jitter_ms":	0.0408251166156538,
				"lost_packets":	9471,
				"packets":	18384,
				"lost_percent":	51.51762402088773,
				"omitted":	false,
				"sender":	false
			}
		}, {
			"streams":	[{
					"socket":	5,
					"start":	948.001064,
					"end":	949.000224,
					"seconds":	0.99915999174118042,
					"bytes":	12358464,
					"bits_per_second":	98950831.515690237,
					"jitter_ms":	0.045460700130682548,
					"lost_packets":	10049,
					"packets":	19217,
					"lost_percent":	52.29224124473123,
					"omitted":	false,
					"sender":	false
				}],
			"sum":	{
				"start":	948.001064,
				"end":	949.000224,
				"seconds":	0.99915999174118042,
				"bytes":	12358464,
				"bits_per_second":	98950831.515690237,
				"jitter_ms":	0.045460700130682548,
				"lost_packets":	10049,
				"packets":	19217,
				"lost_percent":	52.29224124473123,
				"omitted":	false,
				"sender":	false
			}
		}, {
			"streams":	[{
					"socket":	5,
					"start":	949.000224,
					"end":	950.001081,
					"seconds":	1.0008569955825806,
					"bytes":	11755908,
					"bits_per_second":	93966734.92326124,
					"jitter_ms":	0.0686099161058094,
					"lost_packets":	9405,
					"packets":	18126,
					"lost_percent":	51.886792452830186,
					"omitted":	false,
					"sender":	false
				}],
			"sum":	{
				"start":	949.000224,
				"end":	950.001081,
				"seconds":	1.0008569955825806,
				"bytes":	11755908,
				"bits_per_second":	93966734.92326124,
				"jitter_ms":	0.0686099161058094,
				"lost_packets":	9405,
				"packets":	18126,
				"lost_percent":	51.886792452830186,
				"omitted":	false,
				"sender":	false
			}
		}, {
			"streams":	[{
					"socket":	5,
					"start":	950.001081,
					"end":	951.000385,
					"seconds":	0.99930399656295776,
					"bytes":	11852964,
					"bits_per_second":	94889755.596034944,
					"jitter_ms":	0.053177009000253232,
					"lost_packets":	9479,
					"packets":	18272,
					"lost_percent":	51.8771891418564,
					"omitted":	false,
					"sender":	false
				}],
			"sum":	{
				"start":	950.001081,
				"end":	951.000385,
				"seconds":	0.99930399656295776,
				"bytes":	11852964,
				"bits_per_second":	94889755.596034944,
				"jitter_ms":	0.053177009000253232,
				"lost_packets":	9479,
				"packets":	18272,
				"lost_percent":	51.8771891418564,
				"omitted":	false,
				"sender":	false
			}
		}, {
			"streams":	[{
					"socket":	5,
					"start":	951.000385,
					"end":	952.000232,
					"seconds":	0.99984699487686157,
					"bytes":	12013376,
					"bits_per_second":	96121715.1148574,
					"jitter_ms":	0.051069914168444738,
					"lost_packets":	9635,
					"packets":	18547,
					"lost_percent":	51.9491022806923,
					"omitted":	false,
					"sender":	false
				}],
			"sum":	{
				"start":	951.000385,
				"end":	952.000232,
				"seconds":	0.99984699487686157,
				"bytes":	12013376,
				"bits_per_second":	96121715.1148574,
				"jitter_ms":	0.051069914168444738,
				"lost_packets":	9635,
				"packets":	18547,
				"lost_percent":	51.9491022806923,
				"omitted":	false,
				"sender":	false
			}
		}, {
			"streams":	[{
					"socket":	5,
					"start":	952.000232,
					"end":	953.000226,
					"seconds":	0.99999397993087769,
					"bytes":	12189964,
					"bits_per_second":	97520299.0789413,
					"jitter_ms":	0.0430256447472165,
					"lost_packets":	9783,
					"packets":	18826,
					"lost_percent":	51.96536704557527,
					"omitted":	false,
					"sender":	false
				}],
			"sum":	{
				"start":	952.000232,
				"end":	953.000226,
				"seconds":	0.99999397993087769,
				"bytes":	12189964,
				"bits_per_second":	97520299.0789413,
				"jitter_ms":	0.0430256447472165,
				"lost_packets":	9783,
				"packets":	18826,
				"lost_percent":	51.96536704557527,
				"omitted":	false,
				"sender":	false
			}
		}, {
			"streams":	[{
					"socket":	5,
					"start":	953.000226,
					"end":	954.000225,
					"seconds":	0.99999898672103882,
					"bytes":	12071340,
					"bits_per_second":	96570817.853178,
					"jitter_ms":	0.04785527546647985,
					"lost_packets":	9646,
					"packets":	18601,
					"lost_percent":	51.857427020052683,
					"omitted":	false,
					"sender":	false
				}],
			"sum":	{
				"start":	953.000226,
				"end":	954.000225,
				"seconds":	0.99999898672103882,
				"bytes":	12071340,
				"bits_per_second":	96570817.853178,
				"jitter_ms":	0.04785527546647985,
				"lost_packets":	9646,
				"packets":	18601,
				"lost_percent":	51.857427020052683,
				"omitted":	false,
				"sender":	false
			}
		}, {
			"streams":	[{
					"socket":	5,
					"start":	954.000225,
					"end":	955.000225,
					"seconds":	1,
					"bytes":	12122564,
					"bits_per_second":	96980512,
					"jitter_ms":	0.037021034289550551,
					"lost_packets":	9914,
					"packets":	18907,
					"lost_percent":	52.4356058602634,
					"omitted":	false,
					"sender":	false
				}],
			"sum":	{
				"start":	954.000225,
				"end":	955.000225,
				"seconds":	1,
				"bytes":	12122564,
				"bits_per_second":	96980512,
				"jitter_ms":	0.037021034289550551,
				"lost_packets":	9914,
				"packets":	18907,
				"lost_percent":	52.4356058602634,
				"omitted":	false,
				"sender":	false
			}
		}, {
			"streams":	[{
					"socket":	5,
					"start":	955.000225,
					"end":	956.000887,
					"seconds":	1.0006619691848755,
					"bytes":	11882620,
					"bits_per_second":	94998074.2022556,
					"jitter_ms":	0.044288809711881635,
					"lost_packets":	9668,
					"packets":	18483,
					"lost_percent":	52.307525834550667,
					"omitted":	false,
					"sender":	false
				}],
			"sum":	{
				"start":	955.000225,
				"end":	956.000887,
				"seconds":	1.0006619691848755,
				"bytes":	11882620,
				"bits_per_second":	94998074.2022556,
				"jitter_ms":	0.044288809711881635,
				"lost_packets":	9668,
				"packets":	18483,
				"lost_percent":	52.307525834550667,
				"omitted":	false,
				"sender":	false
			}
		}, {
			"streams":	[{
					"socket":	5,
					"start":	956.000887,
					"end":	957.001098,
					"seconds":	1.0002110004425049,
					"bytes":	11747820,
					"bits_per_second":	93962733.821584672,
					"jitter_ms":	0.04675424177528778,
					"lost_packets":	9236,
					"packets":	17951,
					"lost_percent":	51.451172636621912,
					"omitted":	false,
					"sender":	false
				}],
			"sum":	{
				"start":	956.000887,
				"end":	957.001098,
				"seconds":	1.0002110004425049,
				"bytes":	11747820,
				"bits_per_second":	93962733.821584672,
				"jitter_ms":	0.04675424177528778,
				"lost_packets":	9236,
				"packets":	17951,
				"lost_percent":	51.451172636621912,
				"omitted":	false,
				"sender":	false
			}
		}, {
			"streams":	[{
					"socket":	5,
					"start":	957.001098,
					"end":	958.000168,
					"seconds":	0.99906998872756958,
					"bytes":	12158960,
					"bits_per_second":	97362227.9695206,
					"jitter_ms":	0.0846160906531522,
					"lost_packets":	9776,
					"packets":	18796,
					"lost_percent":	52.011066184294528,
					"omitted":	false,
					"sender":	false
				}],
			"sum":	{
				"start":	957.001098,
				"end":	958.000168,
				"seconds":	0.99906998872756958,
				"bytes":	12158960,
				"bits_per_second":	97362227.9695206,
				"jitter_ms":	0.0846160906531522,
				"lost_packets":	9776,
				"packets":	18796,
				"lost_percent":	52.011066184294528,
				"omitted":	false,
				"sender":	false
			}
		}, {
			"streams":	[{
					"socket":	5,
					"start":	958.000168,
					"end":	959.001119,
					"seconds":	1.0009510517120361,
					"bytes":	11867792,
					"bits_per_second":	94852126.7224903,
					"jitter_ms":	0.047413996710205519,
					"lost_packets":	9492,
					"packets":	18296,
					"lost_percent":	51.880192391779623,
					"omitted":	false,
					"sender":	false
				}],
			"sum":	{
				"start":	958.000168,
				"end":	959.001119,
				"seconds":	1.0009510517120361,
				"bytes":	11867792,
				"bits_per_second":	94852126.7224903,
				"jitter_ms":	0.047413996710205519,
				"lost_packets":	9492,
				"packets":	18296,
				"lost_percent":	51.880192391779623,
				"omitted":	false,
				"sender":	false
			}
		}, {
			"streams":	[{
					"socket":	5,
					"start":	959.001119,
					"end":	960.001085,
					"seconds":	0.999966025352478,
					"bytes":	11983720,
					"bits_per_second":	95873017.251968,
					"jitter_ms":	0.052674864170930528,
					"lost_packets":	9656,
					"packets":	18546,
					"lost_percent":	52.0651353391567,
					"omitted":	false,
					"sender":	false
				}],
			"sum":	{
				"start":	959.001119,
				"end":	960.001085,
				"seconds":	0.999966025352478,
				"bytes":	11983720,
				"bits_per_second":	95873017.251968,
				"jitter_ms":	0.052674864170930528,
				"lost_packets":	9656,
				"packets":	18546,
				"lost_percent":	52.0651353391567,
				"omitted":	false,
				"sender":	false
			}
		}, {
			"streams":	[{
					"socket":	5,
					"start":	960.001085,
					"end":	961.001084,
					"seconds":	0.99999898672103882,
					"bytes":	12206140,
					"bits_per_second":	97649218.945899129,
					"jitter_ms":	0.052328234518178668,
					"lost_packets":	9785,
					"packets":	18840,
					"lost_percent":	51.937367303609342,
					"omitted":	false,
					"sender":	false
				}],
			"sum":	{
				"start":	960.001085,
				"end":	961.001084,
				"seconds":	0.99999898672103882,
				"bytes":	12206140,
				"bits_per_second":	97649218.945899129,
				"jitter_ms":	0.052328234518178668,
				"lost_packets":	9785,
				"packets":	18840,
				"lost_percent":	51.937367303609342,
				"omitted":	false,
				"sender":	false
			}
		}, {
			"streams":	[{
					"socket":	5,
					"start":	961.001084,
					"end":	962.000216,
					"seconds":	0.999131977558136,
					"bytes":	12029552,
					"bits_per_second":	96320023.942382872,
					"jitter_ms":	0.056545468414340126,
					"lost_packets":	9622,
					"packets":	18546,
					"lost_percent":	51.881807397821632,
					"omitted":	false,
					"sender":	false
				}],
			"sum":	{
				"start":	961.001084,
				"end":	962.000216,
				"seconds":	0.999131977558136,
				"bytes":	12029552,
				"bits_per_second":	96320023.942382872,
				"jitter_ms":	0.056545468414340126,
				"lost_packets":	9622,
				"packets":	18546,
				"lost_percent":	51.881807397821632,
				"omitted":	false,
				"sender":	false
			}
		}, {
			"streams":	[{
					"socket":	5,
					"start":	962.000216,
					"end":	963.000207,
					"seconds":	0.999990999698639,
					"bytes":	11739732,
					"bits_per_second":	93918701.2966151,
					"jitter_ms":	0.055829961845231986,
					"lost_packets":	9504,
					"packets":	18213,
					"lost_percent":	52.182507000494155,
					"omitted":	false,
					"sender":	false
				}],
			"sum":	{
				"start":	962.000216,
				"end":	963.000207,
				"seconds":	0.999990999698639,
				"bytes":	11739732,
				"bits_per_second":	93918701.2966151,
				"jitter_ms":	0.055829961845231986,
				"lost_packets":	9504,
				"packets":	18213,
				"lost_percent":	52.182507000494155,
				"omitted":	false,
				"sender":	false
			}
		}, {
			"streams":	[{
					"socket":	5,
					"start":	963.000207,
					"end":	964.00107,
					"seconds":	1.0008629560470581,
					"bytes":	12016072,
					"bits_per_second":	96045692.7886142,
					"jitter_ms":	0.052391862146587621,
					"lost_packets":	9670,
					"packets":	18584,
					"lost_percent":	52.034007748600949,
					"omitted":	false,
					"sender":	false
				}],
			"sum":	{
				"start":	963.000207,
				"end":	964.00107,
				"seconds":	1.0008629560470581,
				"bytes":	12016072,
				"bits_per_second":	96045692.7886142,
				"jitter_ms":	0.052391862146587621,
				"lost_packets":	9670,
				"packets":	18584,
				"lost_percent":	52.034007748600949,
				"omitted":	false,
				"sender":	false
			}
		}, {
			"streams":	[{
					"socket":	5,
					"start":	964.00107,
					"end":	965.001059,
					"seconds":	0.99998897314071655,
					"bytes":	12179180,
					"bits_per_second":	97434514.3966796,
					"jitter_ms":	0.0735279918662193,
					"lost_packets":	9783,
					"packets":	18818,
					"lost_percent":	51.9874588160272,
					"omitted":	false,
					"sender":	false
				}],
			"sum":	{
				"start":	964.00107,
				"end":	965.001059,
				"seconds":	0.99998897314071655,
				"bytes":	12179180,
				"bits_per_second":	97434514.3966796,
				"jitter_ms":	0.0735279918662193,
				"lost_packets":	9783,
				"packets":	18818,
				"lost_percent":	51.9874588160272,
				"omitted":	false,
				"sender":	false
			}
		}, {
			"streams":	[{
					"socket":	5,
					"start":	965.001059,
					"end":	966.000237,
					"seconds":	0.99917799234390259,
					"bytes":	11737036,
					"bits_per_second":	93973534.965211943,
					"jitter_ms":	0.049280673536476048,
					"lost_packets":	9383,
					"packets":	18090,
					"lost_percent":	51.868435599778884,
					"omitted":	false,
					"sender":	false
				}],
			"sum":	{
				"start":	965.001059,
				"end":	966.000237,
				"seconds":	0.99917799234390259,
				"bytes":	11737036,
				"bits_per_second":	93973534.965211943,
				"jitter_ms":	0.049280673536476048,
				"lost_packets":	9383,
				"packets":	18090,
				"lost_percent":	51.868435599778884,
				"omitted":	false,
				"sender":	false
			}
		}, {
			"streams":	[{
					"socket":	5,
					"start":	966.000237,
					"end":	967.001098,
					"seconds":	1.0008610486984253,
					"bytes":	12123912,
					"bits_per_second":	96907853.618774369,
					"jitter_ms":	0.043181776792745458,
					"lost_packets":	9739,
					"packets":	18733,
					"lost_percent":	51.988469545721458,
					"omitted":	false,
					"sender":	false
				}],
			"sum":	{
				"start":	966.000237,
				"end":	967.001098,
				"seconds":	1.0008610486984253,
				"bytes":	12123912,
				"bits_per_second":	96907853.618774369,
				"jitter_ms":	0.043181776792745458,
				"lost_packets":	9739,
				"packets":	18733,
				"lost_percent":	51.988469545721458,
				"omitted":	false,
				"sender":	false
			}
		}, {
			"streams":	[{
					"socket":	5,
					"start":	967.001098,
					"end":	968.000158,
					"seconds":	0.99905997514724731,
					"bytes":	12063252,
					"bits_per_second":	96596819.410943151,
					"jitter_ms":	0.068036220806918,
					"lost_packets":	9718,
					"packets":	18667,
					"lost_percent":	52.059784646702738,
					"omitted":	false,
					"sender":	false
				}],
			"sum":	{
				"start":	967.001098,
				"end":	968.000158,
				"seconds":	0.99905997514724731,
				"bytes":	12063252,
				"bits_per_second":	96596819.410943151,
				"jitter_ms":	0.068036220806918,
				"lost_packets":	9718,
				"packets":	18667,
				"lost_percent":	52.059784646702738,
				"omitted":	false,
				"sender":	false
			}
		}, {
			"streams":	[{
					"socket":	5,
					"start":	968.000158,
					"end":	969.001079,
					"seconds":	1.0009210109710693,
					"bytes":	11772084,
					"bits_per_second":	94090014.064778268,
					"jitter_ms":	0.053510317134289366,
					"lost_packets":	9559,
					"packets":	18292,
					"lost_percent":	52.257817625191343,
					"omitted":	false,
					"sender":	false
				}],
			"sum":	{
				"start":	968.000158,
				"end":	969.001079,
				"seconds":	1.0009210109710693,
				"bytes":	11772084,
				"bits_per_second":	94090014.064778268,
				"jitter_ms":	0.053510317134289366,
				"lost_packets":	9559,
				"packets":	18292,
				"lost_percent":	52.257817625191343,
				"omitted":	false,
				"sender":	false
			}
		}, {
			"streams":	[{
					"socket":	5,
					"start":	969.001079,
					"end":	970.000215,
					"seconds":	0.999135971069336,
					"bytes":	12072688,
					"bits_per_second":	96665025.3785104,
					"jitter_ms":	0.051041926847568246,
					"lost_packets":	9721,
					"packets":	18677,
					"lost_percent":	52.047973443272475,
					"omitted":	false,
					"sender":	false
				}],
			"sum":	{
				"start":	969.001079,
				"end":	970.000215,
				"seconds":	0.999135971069336,
				"bytes":	12072688,
				"bits_per_second":	96665025.3785104,
				"jitter_ms":	0.051041926847568246,
				"lost_packets":	9721,
				"packets":	18677,
				"lost_percent":	52.047973443272475,
				"omitted":	false,
				"sender":	false
			}
		}, {
			"streams":	[{
					"socket":	5,
					"start":	970.000215,
					"end":	971.001236,
					"seconds":	1.0010210275650024,
					"bytes":	11941932,
					"bits_per_second":	95438011.1598568,
					"jitter_ms":	0.051201923939992983,
					"lost_packets":	9686,
					"packets":	18545,
					"lost_percent":	52.229711512537072,
					"omitted":	false,
					"sender":	false
				}],
			"sum":	{
				"start":	970.000215,
				"end":	971.001236,
				"seconds":	1.0010210275650024,
				"bytes":	11941932,
				"bits_per_second":	95438011.1598568,
				"jitter_ms":	0.051201923939992983,
				"lost_packets":	9686,
				"packets":	18545,
				"lost_percent":	52.229711512537072,
				"omitted":	false,
				"sender":	false
			}
		}, {
			"streams":	[{
					"socket":	5,
					"start":	971.001236,
					"end":	972.000165,
					"seconds":	0.99892902374267578,
					"bytes":	12152220,
					"bits_per_second":	97321989.540113,
					"jitter_ms":	0.047291002436840979,
					"lost_packets":	9776,
					"packets":	18791,
					"lost_percent":	52.024905539886113,
					"omitted":	false,
					"sender":	false
				}],
			"sum":	{
				"start":	971.001236,
				"end":	972.000165,
				"seconds":	0.99892902374267578,
				"bytes":	12152220,
				"bits_per_second":	97321989.540113,
				"jitter_ms":	0.047291002436840979,
				"lost_packets":	9776,
				"packets":	18791,
				"lost_percent":	52.024905539886113,
				"omitted":	false,
				"sender":	false
			}
		}, {
			"streams":	[{
					"socket":	5,
					"start":	972.000165,
					"end":	973.000228,
					"seconds":	1.0000629425048828,
					"bytes":	12006636,
					"bits_per_second":	96047042.5585548,
					"jitter_ms":	0.0846445889371051,
					"lost_packets":	9645,
					"packets":	18552,
					"lost_percent":	51.989003880983184,
					"omitted":	false,
					"sender":	false
				}],
			"sum":	{
				"start":	972.000165,
				"end":	973.000228,
				"seconds":	1.0000629425048828,
				"bytes":	12006636,
				"bits_per_second":	96047042.5585548,
				"jitter_ms":	0.0846445889371051,
				"lost_packets":	9645,
				"packets":	18552,
				"lost_percent":	51.989003880983184,
				"omitted":	false,
				"sender":	false
			}
		}, {
			"streams":	[{
					"socket":	5,
					"start":	973.000228,
					"end":	974.001063,
					"seconds":	1.0008349418640137,
					"bytes":	11966196,
					"bits_per_second":	95649706.056133136,
					"jitter_ms":	0.042532378917010116,
					"lost_packets":	9646,
					"packets":	18523,
					"lost_percent":	52.075797656967012,
					"omitted":	false,
					"sender":	false
				}],
			"sum":	{
				"start":	973.000228,
				"end":	974.001063,
				"seconds":	1.0008349418640137,
				"bytes":	11966196,
				"bits_per_second":	95649706.056133136,
				"jitter_ms":	0.042532378917010116,
				"lost_packets":	9646,
				"packets":	18523,
				"lost_percent":	52.075797656967012,
				"omitted":	false,
				"sender":	false
			}
		}, {
			"streams":	[{
					"socket":	5,
					"start":	974.001063,
					"end":	975.000164,
					"seconds":	0.99910098314285278,
					"bytes":	11894752,
					"bits_per_second":	95243641.639369875,
					"jitter_ms":	0.05505151447070572,
					"lost_packets":	9495,
					"packets":	18319,
					"lost_percent":	51.831431846716526,
					"omitted":	false,
					"sender":	false
				}],
			"sum":	{
				"start":	974.001063,
				"end":	975.000164,
				"seconds":	0.99910098314285278,
				"bytes":	11894752,
				"bits_per_second":	95243641.639369875,
				"jitter_ms":	0.05505151447070572,
				"lost_packets":	9495,
				"packets":	18319,
				"lost_percent":	51.831431846716526,
				"omitted":	false,
				"sender":	false
			}
		}, {
			"streams":	[{
					"socket":	5,
					"start":	975.000164,
					"end":	976.000169,
					"seconds":	1.0000050067901611,
					"bytes":	11881272,
					"bits_per_second":	95049700.1060967,
					"jitter_ms":	0.0483525547888167,
					"lost_packets":	9585,
					"packets":	18399,
					"lost_percent":	52.09522256644383,
					"omitted":	false,
					"sender":	false
				}],
			"sum":	{
				"start":	975.000164,
				"end":	976.000169,
				"seconds":	1.0000050067901611,
				"bytes":	11881272,
				"bits_per_second":	95049700.1060967,
				"jitter_ms":	0.0483525547888167,
				"lost_packets":	9585,
				"packets":	18399,
				"lost_percent":	52.09522256644383,
				"omitted":	false,
				"sender":	false
			}
		}, {
			"streams":	[{
					"socket":	5,
					"start":	976.000169,
					"end":	977.001079,
					"seconds":	1.0009100437164307,
					"bytes":	11987764,
					"bits_per_second":	95814916.2375377,
					"jitter_ms":	0.050925610569785659,
					"lost_packets":	9654,
					"packets":	18547,
					"lost_percent":	52.05154472421416,
					"omitted":	false,
					"sender":	false
				}],
			"sum":	{
				"start":	976.000169,
				"end":	977.001079,
				"seconds":	1.0009100437164307,
				"bytes":	11987764,
				"bits_per_second":	95814916.2375377,
				"jitter_ms":	0.050925610569785659,
				"lost_packets":	9654,
				"packets":	18547,
				"lost_percent":	52.05154472421416,
				"omitted":	false,
				"sender":	false
			}
		}, {
			"streams":	[{
					"socket":	5,
					"start":	977.001079,
					"end":	978.000208,
					"seconds":	0.99912899732589722,
					"bytes":	11967544,
					"bits_per_second":	95823814.7989326,
					"jitter_ms":	0.042228510205943121,
					"lost_packets":	9667,
					"packets":	18545,
					"lost_percent":	52.127258021029924,
					"omitted":	false,
					"sender":	false
				}],
			"sum":	{
				"start":	977.001079,
				"end":	978.000208,
				"seconds":	0.99912899732589722,
				"bytes":	11967544,
				"bits_per_second":	95823814.7989326,
				"jitter_ms":	0.042228510205943121,
				"lost_packets":	9667,
				"packets":	18545,
				"lost_percent":	52.127258021029924,
				"omitted":	false,
				"sender":	false
			}
		}, {
			"streams":	[{
					"socket":	5,
					"start":	978.000208,
					"end":	979.00106,
					"seconds":	1.0008519887924194,
					"bytes":	12100996,
					"bits_per_second":	96725558.90787,
					"jitter_ms":	0.040967960923455261,
					"lost_packets":	9737,
					"packets":	18714,
					"lost_percent":	52.03056535214278,
					"omitted":	false,
					"sender":	false
				}],
			"sum":	{
				"start":	978.000208,
				"end":	979.00106,
				"seconds":	1.0008519887924194,
				"bytes":	12100996,
				"bits_per_second":	96725558.90787,
				"jitter_ms":	0.040967960923455261,
				"lost_packets":	9737,
				"packets":	18714,
				"lost_percent":	52.03056535214278,
				"omitted":	false,
				"sender":	false
			}
		}, {
			"streams":	[{
					"socket":	5,
					"start":	979.00106,
					"end":	980.000164,
					"seconds":	0.99910402297973633,
					"bytes":	11831396,
					"bits_per_second":	94736049.323184133,
					"jitter_ms":	0.043108669851105938,
					"lost_packets":	9601,
					"packets":	18378,
					"lost_percent":	52.241810860811839,
					"omitted":	false,
					"sender":	false
				}],
			"sum":	{
				"start":	979.00106,
				"end":	980.000164,
				"seconds":	0.99910402297973633,
				"bytes":	11831396,
				"bits_per_second":	94736049.323184133,
				"jitter_ms":	0.043108669851105938,
				"lost_packets":	9601,
				"packets":	18378,
				"lost_percent":	52.241810860811839,
				"omitted":	false,
				"sender":	false
			}
		}, {
			"streams":	[{
					"socket":	5,
					"start":	980.000164,
					"end":	981.000271,
					"seconds":	1.0001070499420166,
					"bytes":	12013376,
					"bits_per_second":	96096720.851604849,
					"jitter_ms":	0.04598688942362663,
					"lost_packets":	9781,
					"packets":	18693,
					"lost_percent":	52.324399507837157,
					"omitted":	false,
					"sender":	false
				}],
			"sum":	{
				"start":	980.000164,
				"end":	981.000271,
				"seconds":	1.0001070499420166,
				"bytes":	12013376,
				"bits_per_second":	96096720.851604849,
				"jitter_ms":	0.04598688942362663,
				"lost_packets":	9781,
				"packets":	18693,
				"lost_percent":	52.324399507837157,
				"omitted":	false,
				"sender":	false
			}
		}, {
			"streams":	[{
					"socket":	5,
					"start":	981.000271,
					"end":	982.001084,
					"seconds":	1.0008130073547363,
					"bytes":	11932496,
					"bits_per_second":	95382421.389897451,
					"jitter_ms":	0.04404059363406948,
					"lost_packets":	9547,
					"packets":	18399,
					"lost_percent":	51.8886896026958,
					"omitted":	false,
					"sender":	false
				}],
			"sum":	{
				"start":	981.000271,
				"end":	982.001084,
				"seconds":	1.0008130073547363,
				"bytes":	11932496,
				"bits_per_second":	95382421.389897451,
				"jitter_ms":	0.04404059363406948,
				"lost_packets":	9547,
				"packets":	18399,
				"lost_percent":	51.8886896026958,
				"omitted":	false,
				"sender":	false
			}
		}, {
			"streams":	[{
					"socket":	5,
					"start":	982.001084,
					"end":	983.001057,
					"seconds":	0.99997299909591675,
					"bytes":	12243884,
					"bits_per_second":	97953716.838912964,
					"jitter_ms":	0.070570892015230022,
					"lost_packets":	9900,
					"packets":	18983,
					"lost_percent":	52.151925406943057,
					"omitted":	false,
					"sender":	false
				}],
			"sum":	{
				"start":	982.001084,
				"end":	983.001057,
				"seconds":	0.99997299909591675,
				"bytes":	12243884,
				"bits_per_second":	97953716.838912964,
				"jitter_ms":	0.070570892015230022,
				"lost_packets":	9900,
				"packets":	18983,
				"lost_percent":	52.151925406943057,
				"omitted":	false,
				"sender":	false
			}
		}, {
			"streams":	[{
					"socket":	5,
					"start":	983.001057,
					"end":	984.000281,
					"seconds":	0.99922400712966919,
					"bytes":	11966196,
					"bits_per_second":	95803911.152003765,
					"jitter_ms":	0.11567319721006673,
					"lost_packets":	9669,
					"packets":	18546,
					"lost_percent":	52.135231316725978,
					"omitted":	false,
					"sender":	false
				}],
			"sum":	{
				"start":	983.001057,
				"end":	984.000281,
				"seconds":	0.99922400712966919,
				"bytes":	11966196,
				"bits_per_second":	95803911.152003765,
				"jitter_ms":	0.11567319721006673,
				"lost_packets":	9669,
				"packets":	18546,
				"lost_percent":	52.135231316725978,
				"omitted":	false,
				"sender":	false
			}
		}, {
			"streams":	[{
					"socket":	5,
					"start":	984.000281,
					"end":	985.000191,
					"seconds":	0.999909996986389,
					"bytes":	11994504,
					"bits_per_second":	95964669.10942,
					"jitter_ms":	0.073994218874606568,
					"lost_packets":	9648,
					"packets":	18546,
					"lost_percent":	52.0219993529602,
					"omitted":	false,
					"sender":	false
				}],
			"sum":	{
				"start":	984.000281,
				"end":	985.000191,
				"seconds":	0.999909996986389,
				"bytes":	11994504,
				"bits_per_second":	95964669.10942,
				"jitter_ms":	0.073994218874606568,
				"lost_packets":	9648,
				"packets":	18546,
				"lost_percent":	52.0219993529602,
				"omitted":	false,
				"sender":	false
			}
		}, {
			"streams":	[{
					"socket":	5,
					"start":	985.000191,
					"end":	986.00106,
					"seconds":	1.0008690357208252,
					"bytes":	11840832,
					"bits_per_second":	94644406.629862338,
					"jitter_ms":	0.023332612163024562,
					"lost_packets":	9494,
					"packets":	18278,
					"lost_percent":	51.942225626436155,
					"omitted":	false,
					"sender":	false
				}],
			"sum":	{
				"start":	985.000191,
				"end":	986.00106,
				"seconds":	1.0008690357208252,
				"bytes":	11840832,
				"bits_per_second":	94644406.629862338,
				"jitter_ms":	0.023332612163024562,
				"lost_packets":	9494,
				"packets":	18278,
				"lost_percent":	51.942225626436155,
				"omitted":	false,
				"sender":	false
			}
		}, {
			"streams":	[{
					"socket":	5,
					"start":	986.00106,
					"end":	987.00106,
					"seconds":	1,
					"bytes":	12140088,
					"bits_per_second":	97120704,
					"jitter_ms":	0.07203019788165535,
					"lost_packets":	9808,
					"packets":	18814,
					"lost_percent":	52.13139151695546,
					"omitted":	false,
					"sender":	false
				}],
			"sum":	{
				"start":	986.00106,
				"end":	987.00106,
				"seconds":	1,
				"bytes":	12140088,
				"bits_per_second":	97120704,
				"jitter_ms":	0.07203019788165535,
				"lost_packets":	9808,
				"packets":	18814,
				"lost_percent":	52.13139151695546,
				"omitted":	false,
				"sender":	false
			}
		}, {
			"streams":	[{
					"socket":	5,
					"start":	987.00106,
					"end":	988.000178,
					"seconds":	0.99911797046661377,
					"bytes":	11904188,
					"bits_per_second":	95317576.9178924,
					"jitter_ms":	0.068558173165871678,
					"lost_packets":	9512,
					"packets":	18343,
					"lost_percent":	51.856293954096934,
					"omitted":	false,
					"sender":	false
				}],
			"sum":	{
				"start":	987.00106,
				"end":	988.000178,
				"seconds":	0.99911797046661377,
				"bytes":	11904188,
				"bits_per_second":	95317576.9178924,
				"jitter_ms":	0.068558173165871678,
				"lost_packets":	9512,
				"packets":	18343,
				"lost_percent":	51.856293954096934,
				"omitted":	false,
				"sender":	false
			}
		}, {
			"streams":	[{
					"socket":	5,
					"start":	988.000178,
					"end":	989.000221,
					"seconds":	1.0000430345535278,
					"bytes":	12065948,
					"bits_per_second":	96523430.1572782,
					"jitter_ms":	0.057250494433990627,
					"lost_packets":	9820,
					"packets":	18771,
					"lost_percent":	52.3147408236109,
					"omitted":	false,
					"sender":	false
				}],
			"sum":	{
				"start":	988.000178,
				"end":	989.000221,
				"seconds":	1.0000430345535278,
				"bytes":	12065948,
				"bits_per_second":	96523430.1572782,
				"jitter_ms":	0.057250494433990627,
				"lost_packets":	9820,
				"packets":	18771,
				"lost_percent":	52.3147408236109,
				"omitted":	false,
				"sender":	false
			}
		}, {
			"streams":	[{
					"socket":	5,
					"start":	989.000221,
					"end":	990.00073,
					"seconds":	1.0005090236663818,
					"bytes":	11827352,
					"bits_per_second":	94570677.2871151,
					"jitter_ms":	0.041827289990146163,
					"lost_packets":	9481,
					"packets":	18255,
					"lost_percent":	51.936455765543684,
					"omitted":	false,
					"sender":	false
				}],
			"sum":	{
				"start":	989.000221,
				"end":	990.00073,
				"seconds":	1.0005090236663818,
				"bytes":	11827352,
				"bits_per_second":	94570677.2871151,
				"jitter_ms":	0.041827289990146163,
				"lost_packets":	9481,
				"packets":	18255,
				"lost_percent":	51.936455765543684,
				"omitted":	false,
				"sender":	false
			}
		}, {
			"streams":	[{
					"socket":	5,
					"start":	990.00073,
					"end":	991.000194,
					"seconds":	0.999463975429535,
					"bytes":	12016072,
					"bits_per_second":	96180130.9133601,
					"jitter_ms":	0.041352938648529625,
					"lost_packets":	9780,
					"packets":	18694,
					"lost_percent":	52.316251203594739,
					"omitted":	false,
					"sender":	false
				}],
			"sum":	{
				"start":	990.00073,
				"end":	991.000194,
				"seconds":	0.999463975429535,
				"bytes":	12016072,
				"bits_per_second":	96180130.9133601,
				"jitter_ms":	0.041352938648529625,
				"lost_packets":	9780,
				"packets":	18694,
				"lost_percent":	52.316251203594739,
				"omitted":	false,
				"sender":	false
			}
		}, {
			"streams":	[{
					"socket":	5,
					"start":	991.000194,
					"end":	992.000189,
					"seconds":	0.999994993209839,
					"bytes":	11869140,
					"bits_per_second":	94953595.4127273,
					"jitter_ms":	0.045808759951266348,
					"lost_packets":	9572,
					"packets":	18377,
					"lost_percent":	52.086847690047342,
					"omitted":	false,
					"sender":	false
				}],
			"sum":	{
				"start":	991.000194,
				"end":	992.000189,
				"seconds":	0.999994993209839,
				"bytes":	11869140,
				"bits_per_second":	94953595.4127273,
				"jitter_ms":	0.045808759951266348,
				"lost_packets":	9572,
				"packets":	18377,
				"lost_percent":	52.086847690047342,
				"omitted":	false,
				"sender":	false
			}
		}, {
			"streams":	[{
					"socket":	5,
					"start":	992.000189,
					"end":	993.001094,
					"seconds":	1.0009050369262695,
					"bytes":	11986416,
					"bits_per_second":	95804621.2800343,
					"jitter_ms":	0.045462988528912347,
					"lost_packets":	9508,
					"packets":	18400,
					"lost_percent":	51.673913043478258,
					"omitted":	false,
					"sender":	false
				}],
			"sum":	{
				"start":	992.000189,
				"end":	993.001094,
				"seconds":	1.0009050369262695,
				"bytes":	11986416,
				"bits_per_second":	95804621.2800343,
				"jitter_ms":	0.045462988528912347,
				"lost_packets":	9508,
				"packets":	18400,
				"lost_percent":	51.673913043478258,
				"omitted":	false,
				"sender":	false
			}
		}, {
			"streams":	[{
					"socket":	5,
					"start":	993.001094,
					"end":	994.001086,
					"seconds":	0.9999920129776,
					"bytes":	12142784,
					"bits_per_second":	97143047.883699447,
					"jitter_ms":	0.04064997033922868,
					"lost_packets":	9705,
					"packets":	18713,
					"lost_percent":	51.86234168759686,
					"omitted":	false,
					"sender":	false
				}],
			"sum":	{
				"start":	993.001094,
				"end":	994.001086,
				"seconds":	0.9999920129776,
				"bytes":	12142784,
				"bits_per_second":	97143047.883699447,
				"jitter_ms":	0.04064997033922868,
				"lost_packets":	9705,
				"packets":	18713,
				"lost_percent":	51.86234168759686,
				"omitted":	false,
				"sender":	false
			}
		}, {
			"streams":	[{
					"socket":	5,
					"start":	994.001086,
					"end":	995.001093,
					"seconds":	1.0000070333480835,
					"bytes":	11976980,
					"bits_per_second":	95815166.098585144,
					"jitter_ms":	0.044305406455199044,
					"lost_packets":	9809,
					"packets":	18694,
					"lost_percent":	52.471381191826254,
					"omitted":	false,
					"sender":	false
				}],
			"sum":	{
				"start":	994.001086,
				"end":	995.001093,
				"seconds":	1.0000070333480835,
				"bytes":	11976980,
				"bits_per_second":	95815166.098585144,
				"jitter_ms":	0.044305406455199044,
				"lost_packets":	9809,
				"packets":	18694,
				"lost_percent":	52.471381191826254,
				"omitted":	false,
				"sender":	false
			}
		}, {
			"streams":	[{
					"socket":	5,
					"start":	995.001093,
					"end":	996.001065,
					"seconds":	0.99997198581695557,
					"bytes":	11804436,
					"bits_per_second":	94438133.607161239,
					"jitter_ms":	0.0387132497207625,
					"lost_packets":	9474,
					"packets":	18231,
					"lost_percent":	51.966430804673358,
					"omitted":	false,
					"sender":	false
				}],
			"sum":	{
				"start":	995.001093,
				"end":	996.001065,
				"seconds":	0.99997198581695557,
				"bytes":	11804436,
				"bits_per_second":	94438133.607161239,
				"jitter_ms":	0.0387132497207625,
				"lost_packets":	9474,
				"packets":	18231,
				"lost_percent":	51.966430804673358,
				"omitted":	false,
				"sender":	false
			}
		}, {
			"streams":	[{
					"socket":	5,
					"start":	996.001065,
					"end":	997.000254,
					"seconds":	0.999189019203186,
					"bytes":	11958108,
					"bits_per_second":	95742509.3365107,
					"jitter_ms":	0.0473517139818391,
					"lost_packets":	9675,
					"packets":	18546,
					"lost_percent":	52.167583306373345,
					"omitted":	false,
					"sender":	false
				}],
			"sum":	{
				"start":	996.001065,
				"end":	997.000254,
				"seconds":	0.999189019203186,
				"bytes":	11958108,
				"bits_per_second":	95742509.3365107,
				"jitter_ms":	0.0473517139818391,
				"lost_packets":	9675,
				"packets":	18546,
				"lost_percent":	52.167583306373345,
				"omitted":	false,
				"sender":	false
			}
		}, {
			"streams":	[{
					"socket":	5,
					"start":	997.000254,
					"end":	998.001059,
					"seconds":	1.0008050203323364,
					"bytes":	12067296,
					"bits_per_second":	96460715.163022056,
					"jitter_ms":	0.038618994756603658,
					"lost_packets":	9762,
					"packets":	18714,
					"lost_percent":	52.164155177941645,
					"omitted":	false,
					"sender":	false
				}],
			"sum":	{
				"start":	997.000254,
				"end":	998.001059,
				"seconds":	1.0008050203323364,
				"bytes":	12067296,
				"bits_per_second":	96460715.163022056,
				"jitter_ms":	0.038618994756603658,
				"lost_packets":	9762,
				"packets":	18714,
				"lost_percent":	52.164155177941645,
				"omitted":	false,
				"sender":	false
			}
		}, {
			"streams":	[{
					"socket":	5,
					"start":	998.001059,
					"end":	999.001084,
					"seconds":	1.0000250339508057,
					"bytes":	11939236,
					"bits_per_second":	95511496.9698835,
					"jitter_ms":	0.047329488781383662,
					"lost_packets":	9688,
					"packets":	18545,
					"lost_percent":	52.240496090590455,
					"omitted":	false,
					"sender":	false
				}],
			"sum":	{
				"start":	998.001059,
				"end":	999.001084,
				"seconds":	1.0000250339508057,
				"bytes":	11939236,
				"bits_per_second":	95511496.9698835,
				"jitter_ms":	0.047329488781383662,
				"lost_packets":	9688,
				"packets":	18545,
				"lost_percent":	52.240496090590455,
				"omitted":	false,
				"sender":	false
			}
		}, {
			"streams":	[{
					"socket":	5,
					"start":	999.001084,
					"end":	1000.000439,
					"seconds":	0.9993550181388855,
					"bytes":	12107736,
					"bits_per_second":	96924402.481499925,
					"jitter_ms":	0.080332946402824748,
					"lost_packets":	9833,
					"packets":	18815,
					"lost_percent":	52.2614934892373,
					"omitted":	false,
					"sender":	false
				}],
			"sum":	{
				"start":	999.001084,
				"end":	1000.000439,
				"seconds":	0.9993550181388855,
				"bytes":	12107736,
				"bits_per_second":	96924402.481499925,
				"jitter_ms":	0.080332946402824748,
				"lost_packets":	9833,
				"packets":	18815,
				"lost_percent":	52.2614934892373,
				"omitted":	false,
				"sender":	false
			}
		}, {
			"streams":	[{
					"socket":	5,
					"start":	1000.000439,
					"end":	1001.001117,
					"seconds":	1.0006779432296753,
					"bytes":	11951368,
					"bits_per_second":	95546169.12152265,
					"jitter_ms":	0.18729239657821681,
					"lost_packets":	9679,
					"packets":	18545,
					"lost_percent":	52.191965489350231,
					"omitted":	false,
					"sender":	false
				}],
			"sum":	{
				"start":	1000.000439,
				"end":	1001.001117,
				"seconds":	1.0006779432296753,
				"bytes":	11951368,
				"bits_per_second":	95546169.12152265,
				"jitter_ms":	0.18729239657821681,
				"lost_packets":	9679,
				"packets":	18545,
				"lost_percent":	52.191965489350231,
				"omitted":	false,
				"sender":	false
			}
		}, {
			"streams":	[{
					"socket":	5,
					"start":	1001.001117,
					"end":	1002.001095,
					"seconds":	0.999978005886078,
					"bytes":	11870488,
					"bits_per_second":	94965992.692862,
					"jitter_ms":	0.0405514244026782,
					"lost_packets":	9472,
					"packets":	18278,
					"lost_percent":	51.821862348178136,
					"omitted":	false,
					"sender":	false
				}],
			"sum":	{
				"start":	1001.001117,
				"end":	1002.001095,
				"seconds":	0.999978005886078,
				"bytes":	11870488,
				"bits_per_second":	94965992.692862,
				"jitter_ms":	0.0405514244026782,
				"lost_packets":	9472,
				"packets":	18278,
				"lost_percent":	51.821862348178136,
				"omitted":	false,
				"sender":	false
			}
		}, {
			"streams":	[{
					"socket":	5,
					"start":	1002.001095,
					"end":	1003.001097,
					"seconds":	1.0000020265579224,
					"bytes":	12010680,
					"bits_per_second":	96085245.277684957,
					"jitter_ms":	0.042355108626152618,
					"lost_packets":	9636,
					"packets":	18546,
					"lost_percent":	51.957295373665481,
					"omitted":	false,
					"sender":	false
				}],
			"sum":	{
				"start":	1002.001095,
				"end":	1003.001097,
				"seconds":	1.0000020265579224,
				"bytes":	12010680,
				"bits_per_second":	96085245.277684957,
				"jitter_ms":	0.042355108626152618,
				"lost_packets":	9636,
				"packets":	18546,
				"lost_percent":	51.957295373665481,
				"omitted":	false,
				"sender":	false
			}
		}, {
			"streams":	[{
					"socket":	5,
					"start":	1003.001097,
					"end":	1004.001133,
					"seconds":	1.0000360012054443,
					"bytes":	12156264,
					"bits_per_second":	97246611.004778445,
					"jitter_ms":	0.078755309885503527,
					"lost_packets":	9944,
					"packets":	18962,
					"lost_percent":	52.4417255563759,
					"omitted":	false,
					"sender":	false
				}],
			"sum":	{
				"start":	1003.001097,
				"end":	1004.001133,
				"seconds":	1.0000360012054443,
				"bytes":	12156264,
				"bits_per_second":	97246611.004778445,
				"jitter_ms":	0.078755309885503527,
				"lost_packets":	9944,
				"packets":	18962,
				"lost_percent":	52.4417255563759,
				"omitted":	false,
				"sender":	false
			}
		}, {
			"streams":	[{
					"socket":	5,
					"start":	1004.001133,
					"end":	1005.001077,
					"seconds":	0.999943971633911,
					"bytes":	12016072,
					"bits_per_second":	96133962.228829324,
					"jitter_ms":	0.077187343229355068,
					"lost_packets":	9632,
					"packets":	18546,
					"lost_percent":	51.935727380567236,
					"omitted":	false,
					"sender":	false
				}],
			"sum":	{
				"start":	1004.001133,
				"end":	1005.001077,
				"seconds":	0.999943971633911,
				"bytes":	12016072,
				"bits_per_second":	96133962.228829324,
				"jitter_ms":	0.077187343229355068,
				"lost_packets":	9632,
				"packets":	18546,
				"lost_percent":	51.935727380567236,
				"omitted":	false,
				"sender":	false
			}
		}, {
			"streams":	[{
					"socket":	5,
					"start":	1005.001077,
					"end":	1006.001082,
					"seconds":	1.0000050067901611,
					"bytes":	12187268,
					"bits_per_second":	97497655.849695966,
					"jitter_ms":	0.047233741289958581,
					"lost_packets":	9662,
					"packets":	18703,
					"lost_percent":	51.6601614714217,
					"omitted":	false,
					"sender":	false
				}],
			"sum":	{
				"start":	1005.001077,
				"end":	1006.001082,
				"seconds":	1.0000050067901611,
				"bytes":	12187268,
				"bits_per_second":	97497655.849695966,
				"jitter_ms":	0.047233741289958581,
				"lost_packets":	9662,
				"packets":	18703,
				"lost_percent":	51.6601614714217,
				"omitted":	false,
				"sender":	false
			}
		}, {
			"streams":	[{
					"socket":	5,
					"start":	1006.001082,
					"end":	1007.001108,
					"seconds":	1.0000259876251221,
					"bytes":	12018768,
					"bits_per_second":	96147645.351036251,
					"jitter_ms":	0.047626577396634479,
					"lost_packets":	9630,
					"packets":	18546,
					"lost_percent":	51.924943384018114,
					"omitted":	false,
					"sender":	false
				}],
			"sum":	{
				"start":	1006.001082,
				"end":	1007.001108,
				"seconds":	1.0000259876251221,
				"bytes":	12018768,
				"bits_per_second":	96147645.351036251,
				"jitter_ms":	0.047626577396634479,
				"lost_packets":	9630,
				"packets":	18546,
				"lost_percent":	51.924943384018114,
				"omitted":	false,
				"sender":	false
			}
		}, {
			"streams":	[{
					"socket":	5,
					"start":	1007.001108,
					"end":	1008.001097,
					"seconds":	0.99998897314071655,
					"bytes":	11834092,
					"bits_per_second":	94673779.9544494,
					"jitter_ms":	0.073736235593171023,
					"lost_packets":	9610,
					"packets":	18389,
					"lost_percent":	52.259502963728316,
					"omitted":	false,
					"sender":	false
				}],
			"sum":	{
				"start":	1007.001108,
				"end":	1008.001097,
				"seconds":	0.99998897314071655,
				"bytes":	11834092,
				"bits_per_second":	94673779.9544494,
				"jitter_ms":	0.073736235593171023,
				"lost_packets":	9610,
				"packets":	18389,
				"lost_percent":	52.259502963728316,
				"omitted":	false,
				"sender":	false
			}
		}, {
			"streams":	[{
					"socket":	5,
					"start":	1008.001097,
					"end":	1009.001068,
					"seconds":	0.99997097253799438,
					"bytes":	12022812,
					"bits_per_second":	96185288.014793351,
					"jitter_ms":	0.074768305969339546,
					"lost_packets":	9627,
					"packets":	18546,
					"lost_percent":	51.908767389194438,
					"omitted":	false,
					"sender":	false
				}],
			"sum":	{
				"start":	1008.001097,
				"end":	1009.001068,
				"seconds":	0.99997097253799438,
				"bytes":	12022812,
				"bits_per_second":	96185288.014793351,
				"jitter_ms":	0.074768305969339546,
				"lost_packets":	9627,
				"packets":	18546,
				"lost_percent":	51.908767389194438,
				"omitted":	false,
				"sender":	false
			}
		}, {
			"streams":	[{
					"socket":	5,
					"start":	1009.001068,
					"end":	1010.000286,
					"seconds":	0.999217987060547,
					"bytes":	11866444,
					"bits_per_second":	95005847.8023051,
					"jitter_ms":	0.0435922559528683,
					"lost_packets":	9475,
					"packets":	18278,
					"lost_percent":	51.83827552248605,
					"omitted":	false,
					"sender":	false
				}],
			"sum":	{
				"start":	1009.001068,
				"end":	1010.000286,
				"seconds":	0.999217987060547,
				"bytes":	11866444,
				"bits_per_second":	95005847.8023051,
				"jitter_ms":	0.0435922559528683,
				"lost_packets":	9475,
				"packets":	18278,
				"lost_percent":	51.83827552248605,
				"omitted":	false,
				"sender":	false
			}
		}, {
			"streams":	[{
					"socket":	5,
					"start":	1010.000286,
					"end":	1011.001076,
					"seconds":	1.000789999961853,
					"bytes":	12016072,
					"bits_per_second":	96052694.3751078,
					"jitter_ms":	0.0425366692144385,
					"lost_packets":	9631,
					"packets":	18545,
					"lost_percent":	51.933135616069023,
					"omitted":	false,
					"sender":	false
				}],
			"sum":	{
				"start":	1010.000286,
				"end":	1011.001076,
				"seconds":	1.000789999961853,
				"bytes":	12016072,
				"bits_per_second":	96052694.3751078,
				"jitter_ms":	0.0425366692144385,
				"lost_packets":	9631,
				"packets":	18545,
				"lost_percent":	51.933135616069023,
				"omitted":	false,
				"sender":	false
			}
		}, {
			"streams":	[{
					"socket":	5,
					"start":	1011.001076,
					"end":	1012.001108,
					"seconds":	1.0000319480895996,
					"bytes":	12176484,
					"bits_per_second":	97408759.9762085,
					"jitter_ms":	0.076216287250265927,
					"lost_packets":	9634,
					"packets":	18667,
					"lost_percent":	51.609792682273529,
					"omitted":	false,
					"sender":	false
				}],
			"sum":	{
				"start":	1011.001076,
				"end":	1012.001108,
				"seconds":	1.0000319480895996,
				"bytes":	12176484,
				"bits_per_second":	97408759.9762085,
				"jitter_ms":	0.076216287250265927,
				"lost_packets":	9634,
				"packets":	18667,
				"lost_percent":	51.609792682273529,
				"omitted":	false,
				"sender":	false
			}
		}, {
			"streams":	[{
					"socket":	5,
					"start":	1012.001108,
					"end":	1013.000232,
					"seconds":	0.999123990535736,
					"bytes":	12006636,
					"bits_per_second":	96137305.1892146,
					"jitter_ms":	0.0734193947573248,
					"lost_packets":	9639,
					"packets":	18546,
					"lost_percent":	51.973471368489164,
					"omitted":	false,
					"sender":	false
				}],
			"sum":	{
				"start":	1012.001108,
				"end":	1013.000232,
				"seconds":	0.999123990535736,
				"bytes":	12006636,
				"bits_per_second":	96137305.1892146,
				"jitter_ms":	0.0734193947573248,
				"lost_packets":	9639,
				"packets":	18546,
				"lost_percent":	51.973471368489164,
				"omitted":	false,
				"sender":	false
			}
		}, {
			"streams":	[{
					"socket":	5,
					"start":	1013.000232,
					"end":	1014.000811,
					"seconds":	1.0005789995193481,
					"bytes":	12189964,
					"bits_per_second":	97463280.8072585,
					"jitter_ms":	0.045952935027067952,
					"lost_packets":	9808,
					"packets":	18851,
					"lost_percent":	52.029070075858044,
					"omitted":	false,
					"sender":	false
				}],
			"sum":	{
				"start":	1013.000232,
				"end":	1014.000811,
				"seconds":	1.0005789995193481,
				"bytes":	12189964,
				"bits_per_second":	97463280.8072585,
				"jitter_ms":	0.045952935027067952,
				"lost_packets":	9808,
				"packets":	18851,
				"lost_percent":	52.029070075858044,
				"omitted":	false,
				"sender":	false
			}
		}, {
			"streams":	[{
					"socket":	5,
					"start":	1014.000811,
					"end":	1015.001051,
					"seconds":	1.0002399682998657,
					"bytes":	12003940,
					"bits_per_second":	96008481.0080398,
					"jitter_ms":	0.048155751802464779,
					"lost_packets":	9641,
					"packets":	18546,
					"lost_percent":	51.98425536503828,
					"omitted":	false,
					"sender":	false
				}],
			"sum":	{
				"start":	1014.000811,
				"end":	1015.001051,
				"seconds":	1.0002399682998657,
				"bytes":	12003940,
				"bits_per_second":	96008481.0080398,
				"jitter_ms":	0.048155751802464779,
				"lost_packets":	9641,
				"packets":	18546,
				"lost_percent":	51.98425536503828,
				"omitted":	false,
				"sender":	false
			}
		}, {
			"streams":	[{
					"socket":	5,
					"start":	1015.001051,
					"end":	1016.001093,
					"seconds":	1.0000419616699219,
					"bytes":	11851616,
					"bits_per_second":	94808949.6581488,
					"jitter_ms":	0.090015914702561151,
					"lost_packets":	9448,
					"packets":	18240,
					"lost_percent":	51.798245614035089,
					"omitted":	false,
					"sender":	false
				}],
			"sum":	{
				"start":	1015.001051,
				"end":	1016.001093,
				"seconds":	1.0000419616699219,
				"bytes":	11851616,
				"bits_per_second":	94808949.6581488,
				"jitter_ms":	0.090015914702561151,
				"lost_packets":	9448,
				"packets":	18240,
				"lost_percent":	51.798245614035089,
				"omitted":	false,
				"sender":	false
			}
		}, {
			"streams":	[{
					"socket":	5,
					"start":	1016.001093,
					"end":	1017.000273,
					"seconds":	0.999180018901825,
					"bytes":	12036292,
					"bits_per_second":	96369357.0512253,
					"jitter_ms":	0.085630772144868667,
					"lost_packets":	9766,
					"packets":	18695,
					"lost_percent":	52.238566461620756,
					"omitted":	false,
					"sender":	false
				}],
			"sum":	{
				"start":	1016.001093,
				"end":	1017.000273,
				"seconds":	0.999180018901825,
				"bytes":	12036292,
				"bits_per_second":	96369357.0512253,
				"jitter_ms":	0.085630772144868667,
				"lost_packets":	9766,
				"packets":	18695,
				"lost_percent":	52.238566461620756,
				"omitted":	false,
				"sender":	false
			}
		}, {
			"streams":	[{
					"socket":	5,
					"start":	1017.000273,
					"end":	1018.001101,
					"seconds":	1.00082802772522,
					"bytes":	12183224,
					"bits_per_second":	97385154.3921385,
					"jitter_ms":	0.0369655019428699,
					"lost_packets":	9669,
					"packets":	18707,
					"lost_percent":	51.686534452344041,
					"omitted":	false,
					"sender":	false
				}],
			"sum":	{
				"start":	1017.000273,
				"end":	1018.001101,
				"seconds":	1.00082802772522,
				"bytes":	12183224,
				"bits_per_second":	97385154.3921385,
				"jitter_ms":	0.0369655019428699,
				"lost_packets":	9669,
				"packets":	18707,
				"lost_percent":	51.686534452344041,
				"omitted":	false,
				"sender":	false
			}
		}, {
			"streams":	[{
					"socket":	5,
					"start":	1018.001101,
					"end":	1019.001099,
					"seconds":	0.99999797344207764,
					"bytes":	12016072,
					"bits_per_second":	96128770.81052205,
					"jitter_ms":	0.047280800528086364,
					"lost_packets":	9627,
					"packets":	18541,
					"lost_percent":	51.9227657623645,
					"omitted":	false,
					"sender":	false
				}],
			"sum":	{
				"start":	1018.001101,
				"end":	1019.001099,
				"seconds":	0.99999797344207764,
				"bytes":	12016072,
				"bits_per_second":	96128770.81052205,
				"jitter_ms":	0.047280800528086364,
				"lost_packets":	9627,
				"packets":	18541,
				"lost_percent":	51.9227657623645,
				"omitted":	false,
				"sender":	false
			}
		}, {
			"streams":	[{
					"socket":	5,
					"start":	1019.001099,
					"end":	1020.001095,
					"seconds":	0.9999960064888,
					"bytes":	11840832,
					"bits_per_second":	94727034.2934724,
					"jitter_ms":	0.0786402079412534,
					"lost_packets":	9606,
					"packets":	18390,
					"lost_percent":	52.23491027732463,
					"omitted":	false,
					"sender":	false
				}],
			"sum":	{
				"start":	1019.001099,
				"end":	1020.001095,
				"seconds":	0.9999960064888,
				"bytes":	11840832,
				"bits_per_second":	94727034.2934724,
				"jitter_ms":	0.0786402079412534,
				"lost_packets":	9606,
				"packets":	18390,
				"lost_percent":	52.23491027732463,
				"omitted":	false,
				"sender":	false
			}
		}, {
			"streams":	[{
					"socket":	5,
					"start":	1020.001095,
					"end":	1021.005121,
					"seconds":	1.0040260553359985,
					"bytes":	11873184,
					"bits_per_second":	94604588.6908911,
					"jitter_ms":	0.032126747123092776,
					"lost_packets":	9326,
					"packets":	18134,
					"lost_percent":	51.4282563141061,
					"omitted":	false,
					"sender":	false
				}],
			"sum":	{
				"start":	1020.001095,
				"end":	1021.005121,
				"seconds":	1.0040260553359985,
				"bytes":	11873184,
				"bits_per_second":	94604588.6908911,
				"jitter_ms":	0.032126747123092776,
				"lost_packets":	9326,
				"packets":	18134,
				"lost_percent":	51.4282563141061,
				"omitted":	false,
				"sender":	false
			}
		}, {
			"streams":	[{
					"socket":	5,
					"start":	1021.005121,
					"end":	1022.001088,
					"seconds":	0.99596697092056274,
					"bytes":	12332852,
					"bits_per_second":	99062337.2869553,
					"jitter_ms":	0.048211429518811078,
					"lost_packets":	10113,
					"packets":	19262,
					"lost_percent":	52.502336206001452,
					"omitted":	false,
					"sender":	false
				}],
			"sum":	{
				"start":	1021.005121,
				"end":	1022.001088,
				"seconds":	0.99596697092056274,
				"bytes":	12332852,
				"bits_per_second":	99062337.2869553,
				"jitter_ms":	0.048211429518811078,
				"lost_packets":	10113,
				"packets":	19262,
				"lost_percent":	52.502336206001452,
				"omitted":	false,
				"sender":	false
			}
		}, {
			"streams":	[{
					"socket":	5,
					"start":	1022.001088,
					"end":	1023.000205,
					"seconds":	0.99911701679229736,
					"bytes":	11836788,
					"bits_per_second":	94777991.374843776,
					"jitter_ms":	0.08501541397299163,
					"lost_packets":	9461,
					"packets":	18242,
					"lost_percent":	51.863830720315754,
					"omitted":	false,
					"sender":	false
				}],
			"sum":	{
				"start":	1022.001088,
				"end":	1023.000205,
				"seconds":	0.99911701679229736,
				"bytes":	11836788,
				"bits_per_second":	94777991.374843776,
				"jitter_ms":	0.08501541397299163,
				"lost_packets":	9461,
				"packets":	18242,
				"lost_percent":	51.863830720315754,
				"omitted":	false,
				"sender":	false
			}
		}, {
			"streams":	[{
					"socket":	5,
					"start":	1023.000205,
					"end":	1024.000887,
					"seconds":	1.00068199634552,
					"bytes":	12192660,
					"bits_per_second":	97474802.540886834,
					"jitter_ms":	0.0598785166835401,
					"lost_packets":	9655,
					"packets":	18700,
					"lost_percent":	51.63101604278075,
					"omitted":	false,
					"sender":	false
				}],
			"sum":	{
				"start":	1023.000205,
				"end":	1024.000887,
				"seconds":	1.00068199634552,
				"bytes":	12192660,
				"bits_per_second":	97474802.540886834,
				"jitter_ms":	0.0598785166835401,
				"lost_packets":	9655,
				"packets":	18700,
				"lost_percent":	51.63101604278075,
				"omitted":	false,
				"sender":	false
			}
		}, {
			"streams":	[{
					"socket":	5,
					"start":	1024.000887,
					"end":	1025.001129,
					"seconds":	1.0002419948577881,
					"bytes":	12006636,
					"bits_per_second":	96029849.270282432,
					"jitter_ms":	0.0742928345765885,
					"lost_packets":	9782,
					"packets":	18689,
					"lost_percent":	52.34094922146717,
					"omitted":	false,
					"sender":	false
				}],
			"sum":	{
				"start":	1024.000887,
				"end":	1025.001129,
				"seconds":	1.0002419948577881,
				"bytes":	12006636,
				"bits_per_second":	96029849.270282432,
				"jitter_ms":	0.0742928345765885,
				"lost_packets":	9782,
				"packets":	18689,
				"lost_percent":	52.34094922146717,
				"omitted":	false,
				"sender":	false
			}
		}, {
			"streams":	[{
					"socket":	5,
					"start":	1025.001129,
					"end":	1026.000208,
					"seconds":	0.99907898902893066,
					"bytes":	12020116,
					"bits_per_second":	96249574.914457,
					"jitter_ms":	0.072499575470491961,
					"lost_packets":	9629,
					"packets":	18546,
					"lost_percent":	51.91955138574356,
					"omitted":	false,
					"sender":	false
				}],
			"sum":	{
				"start":	1025.001129,
				"end":	1026.000208,
				"seconds":	0.99907898902893066,
				"bytes":	12020116,
				"bits_per_second":	96249574.914457,
				"jitter_ms":	0.072499575470491961,
				"lost_packets":	9629,
				"packets":	18546,
				"lost_percent":	51.91955138574356,
				"omitted":	false,
				"sender":	false
			}
		}, {
			"streams":	[{
					"socket":	5,
					"start":	1026.000208,
					"end":	1027.001072,
					"seconds":	1.0008640289306641,
					"bytes":	12010680,
					"bits_per_second":	96002491.070299447,
					"jitter_ms":	0.077618845806637748,
					"lost_packets":	9636,
					"packets":	18546,
					"lost_percent":	51.957295373665481,
					"omitted":	false,
					"sender":	false
				}],
			"sum":	{
				"start":	1026.000208,
				"end":	1027.001072,
				"seconds":	1.0008640289306641,
				"bytes":	12010680,
				"bits_per_second":	96002491.070299447,
				"jitter_ms":	0.077618845806637748,
				"lost_packets":	9636,
				"packets":	18546,
				"lost_percent":	51.957295373665481,
				"omitted":	false,
				"sender":	false
			}
		}, {
			"streams":	[{
					"socket":	5,
					"start":	1027.001072,
					"end":	1028.000223,
					"seconds":	0.99915099143981934,
					"bytes":	11848920,
					"bits_per_second":	94871907.061215639,
					"jitter_ms":	0.070574171488806431,
					"lost_packets":	9311,
					"packets":	18101,
					"lost_percent":	51.439147008452572,
					"omitted":	false,
					"sender":	false
				}],
			"sum":	{
				"start":	1027.001072,
				"end":	1028.000223,
				"seconds":	0.99915099143981934,
				"bytes":	11848920,
				"bits_per_second":	94871907.061215639,
				"jitter_ms":	0.070574171488806431,
				"lost_packets":	9311,
				"packets":	18101,
				"lost_percent":	51.439147008452572,
				"omitted":	false,
				"sender":	false
			}
		}, {
			"streams":	[{
					"socket":	5,
					"start":	1028.000223,
					"end":	1029.000168,
					"seconds":	0.99994498491287231,
					"bytes":	12196704,
					"bits_per_second":	97579000.3172043,
					"jitter_ms":	0.0555246376396843,
					"lost_packets":	9801,
					"packets":	18849,
					"lost_percent":	51.997453445806144,
					"omitted":	false,
					"sender":	false
				}],
			"sum":	{
				"start":	1028.000223,
				"end":	1029.000168,
				"seconds":	0.99994498491287231,
				"bytes":	12196704,
				"bits_per_second":	97579000.3172043,
				"jitter_ms":	0.0555246376396843,
				"lost_packets":	9801,
				"packets":	18849,
				"lost_percent":	51.997453445806144,
				"omitted":	false,
				"sender":	false
			}
		}, {
			"streams":	[{
					"socket":	5,
					"start":	1029.000168,
					"end":	1030.000179,
					"seconds":	1.0000109672546387,
					"bytes":	11842180,
					"bits_per_second":	94736401.001766667,
					"jitter_ms":	0.076143920090123038,
					"lost_packets":	9606,
					"packets":	18391,
					"lost_percent":	52.232070034255884,
					"omitted":	false,
					"sender":	false
				}],
			"sum":	{
				"start":	1029.000168,
				"end":	1030.000179,
				"seconds":	1.0000109672546387,
				"bytes":	11842180,
				"bits_per_second":	94736401.001766667,
				"jitter_ms":	0.076143920090123038,
				"lost_packets":	9606,
				"packets":	18391,
				"lost_percent":	52.232070034255884,
				"omitted":	false,
				"sender":	false
			}
		}, {
			"streams":	[{
					"socket":	5,
					"start":	1030.000179,
					"end":	1031.001101,
					"seconds":	1.0009219646453857,
					"bytes":	11878576,
					"bits_per_second":	94941075.6848237,
					"jitter_ms":	0.066913274474991957,
					"lost_packets":	9329,
					"packets":	18141,
					"lost_percent":	51.424949010528636,
					"omitted":	false,
					"sender":	false
				}],
			"sum":	{
				"start":	1030.000179,
				"end":	1031.001101,
				"seconds":	1.0009219646453857,
				"bytes":	11878576,
				"bits_per_second":	94941075.6848237,
				"jitter_ms":	0.066913274474991957,
				"lost_packets":	9329,
				"packets":	18141,
				"lost_percent":	51.424949010528636,
				"omitted":	false,
				"sender":	false
			}
		}, {
			"streams":	[{
					"socket":	5,
					"start":	1031.001101,
					"end":	1032.001061,
					"seconds":	0.99996000528335571,
					"bytes":	12153568,
					"bits_per_second":	97232432.7835978,
					"jitter_ms":	0.050671207475155272,
					"lost_packets":	9795,
					"packets":	18811,
					"lost_percent":	52.070596991122216,
					"omitted":	false,
					"sender":	false
				}],
			"sum":	{
				"start":	1031.001101,
				"end":	1032.001061,
				"seconds":	0.99996000528335571,
				"bytes":	12153568,
				"bits_per_second":	97232432.7835978,
				"jitter_ms":	0.050671207475155272,
				"lost_packets":	9795,
				"packets":	18811,
				"lost_percent":	52.070596991122216,
				"omitted":	false,
				"sender":	false
			}
		}, {
			"streams":	[{
					"socket":	5,
					"start":	1032.001061,
					"end":	1033.001093,
					"seconds":	1.0000319480895996,
					"bytes":	11858356,
					"bits_per_second":	94863817.2822657,
					"jitter_ms":	0.065924834452511849,
					"lost_packets":	9483,
					"packets":	18280,
					"lost_percent":	51.876367614879648,
					"omitted":	false,
					"sender":	false
				}],
			"sum":	{
				"start":	1032.001061,
				"end":	1033.001093,
				"seconds":	1.0000319480895996,
				"bytes":	11858356,
				"bits_per_second":	94863817.2822657,
				"jitter_ms":	0.065924834452511849,
				"lost_packets":	9483,
				"packets":	18280,
				"lost_percent":	51.876367614879648,
				"omitted":	false,
				"sender":	false
			}
		}, {
			"streams":	[{
					"socket":	5,
					"start":	1033.001093,
					"end":	1034.000196,
					"seconds":	0.999103009700775,
					"bytes":	12161656,
					"bits_per_second":	97380597.4512465,
					"jitter_ms":	0.0751113062643979,
					"lost_packets":	9930,
					"packets":	18952,
					"lost_percent":	52.395525538201774,
					"omitted":	false,
					"sender":	false
				}],
			"sum":	{
				"start":	1033.001093,
				"end":	1034.000196,
				"seconds":	0.999103009700775,
				"bytes":	12161656,
				"bits_per_second":	97380597.4512465,
				"jitter_ms":	0.0751113062643979,
				"lost_packets":	9930,
				"packets":	18952,
				"lost_percent":	52.395525538201774,
				"omitted":	false,
				"sender":	false
			}
		}, {
			"streams":	[{
					"socket":	5,
					"start":	1034.000196,
					"end":	1035.000162,
					"seconds":	0.999966025352478,
					"bytes":	12199400,
					"bits_per_second":	97598515.8751755,
					"jitter_ms":	0.0516494512419602,
					"lost_packets":	9653,
					"packets":	18703,
					"lost_percent":	51.61204084906165,
					"omitted":	false,
					"sender":	false
				}],
			"sum":	{
				"start":	1034.000196,
				"end":	1035.000162,
				"seconds":	0.999966025352478,
				"bytes":	12199400,
				"bits_per_second":	97598515.8751755,
				"jitter_ms":	0.0516494512419602,
				"lost_packets":	9653,
				"packets":	18703,
				"lost_percent":	51.61204084906165,
				"omitted":	false,
				"sender":	false
			}
		}, {
			"streams":	[{
					"socket":	5,
					"start":	1035.000162,
					"end":	1036.001123,
					"seconds":	1.0009609460830688,
					"bytes":	11834092,
					"bits_per_second":	94581847.9436891,
					"jitter_ms":	0.057508428984023689,
					"lost_packets":	9468,
					"packets":	18247,
					"lost_percent":	51.887981586014142,
					"omitted":	false,
					"sender":	false
				}],
			"sum":	{
				"start":	1035.000162,
				"end":	1036.001123,
				"seconds":	1.0009609460830688,
				"bytes":	11834092,
				"bits_per_second":	94581847.9436891,
				"jitter_ms":	0.057508428984023689,
				"lost_packets":	9468,
				"packets":	18247,
				"lost_percent":	51.887981586014142,
				"omitted":	false,
				"sender":	false
			}
		}, {
			"streams":	[{
					"socket":	5,
					"start":	1036.001123,
					"end":	1037.001115,
					"seconds":	0.9999920129776,
					"bytes":	12176484,
					"bits_per_second":	97412650.0370179,
					"jitter_ms":	0.075868588765053244,
					"lost_packets":	9952,
					"packets":	18985,
					"lost_percent":	52.420331840927048,
					"omitted":	false,
					"sender":	false
				}],
			"sum":	{
				"start":	1036.001123,
				"end":	1037.001115,
				"seconds":	0.9999920129776,
				"bytes":	12176484,
				"bits_per_second":	97412650.0370179,
				"jitter_ms":	0.075868588765053244,
				"lost_packets":	9952,
				"packets":	18985,
				"lost_percent":	52.420331840927048,
				"omitted":	false,
				"sender":	false
			}
		}, {
			"streams":	[{
					"socket":	5,
					"start":	1037.001115,
					"end":	1038.001061,
					"seconds":	0.9999459981918335,
					"bytes":	12028204,
					"bits_per_second":	96230828.638747856,
					"jitter_ms":	0.0481534956758457,
					"lost_packets":	9483,
					"packets":	18406,
					"lost_percent":	51.521243072911,
					"omitted":	false,
					"sender":	false
				}],
			"sum":	{
				"start":	1037.001115,
				"end":	1038.001061,
				"seconds":	0.9999459981918335,
				"bytes":	12028204,
				"bits_per_second":	96230828.638747856,
				"jitter_ms":	0.0481534956758457,
				"lost_packets":	9483,
				"packets":	18406,
				"lost_percent":	51.521243072911,
				"omitted":	false,
				"sender":	false
			}
		}, {
			"streams":	[{
					"socket":	5,
					"start":	1038.001061,
					"end":	1039.0011,
					"seconds":	1.0000389814376831,
					"bytes":	11840832,
					"bits_per_second":	94722963.5626987,
					"jitter_ms":	0.072430063051861379,
					"lost_packets":	9605,
					"packets":	18389,
					"lost_percent":	52.232312795693076,
					"omitted":	false,
					"sender":	false
				}],
			"sum":	{
				"start":	1038.001061,
				"end":	1039.0011,
				"seconds":	1.0000389814376831,
				"bytes":	11840832,
				"bits_per_second":	94722963.5626987,
				"jitter_ms":	0.072430063051861379,
				"lost_packets":	9605,
				"packets":	18389,
				"lost_percent":	52.232312795693076,
				"omitted":	false,
				"sender":	false
			}
		}, {
			"streams":	[{
					"socket":	5,
					"start":	1039.0011,
					"end":	1040.001113,
					"seconds":	1.000012993812561,
					"bytes":	12013376,
					"bits_per_second":	96105759.219778657,
					"jitter_ms":	0.095395316608260963,
					"lost_packets":	9634,
					"packets":	18546,
					"lost_percent":	51.946511377116359,
					"omitted":	false,
					"sender":	false
				}],
			"sum":	{
				"start":	1039.0011,
				"end":	1040.001113,
				"seconds":	1.000012993812561,
				"bytes":	12013376,
				"bits_per_second":	96105759.219778657,
				"jitter_ms":	0.095395316608260963,
				"lost_packets":	9634,
				"packets":	18546,
				"lost_percent":	51.946511377116359,
				"omitted":	false,
				"sender":	false
			}
		}, {
			"streams":	[{
					"socket":	5,
					"start":	1040.001113,
					"end":	1041.000275,
					"seconds":	0.99916201829910278,
					"bytes":	11871836,
					"bits_per_second":	95054341.7990184,
					"jitter_ms":	0.061875629666708717,
					"lost_packets":	9339,
					"packets":	18146,
					"lost_percent":	51.465887798963962,
					"omitted":	false,
					"sender":	false
				}],
			"sum":	{
				"start":	1040.001113,
				"end":	1041.000275,
				"seconds":	0.99916201829910278,
				"bytes":	11871836,
				"bits_per_second":	95054341.7990184,
				"jitter_ms":	0.061875629666708717,
				"lost_packets":	9339,
				"packets":	18146,
				"lost_percent":	51.465887798963962,
				"omitted":	false,
				"sender":	false
			}
		}, {
			"streams":	[{
					"socket":	5,
					"start":	1041.000275,
					"end":	1042.000177,
					"seconds":	0.99990200996398926,
					"bytes":	12006636,
					"bits_per_second":	96062501.167948723,
					"jitter_ms":	0.055337321729461778,
					"lost_packets":	9636,
					"packets":	18543,
					"lost_percent":	51.965701342824786,
					"omitted":	false,
					"sender":	false
				}],
			"sum":	{
				"start":	1041.000275,
				"end":	1042.000177,
				"seconds":	0.99990200996398926,
				"bytes":	12006636,
				"bits_per_second":	96062501.167948723,
				"jitter_ms":	0.055337321729461778,
				"lost_packets":	9636,
				"packets":	18543,
				"lost_percent":	51.965701342824786,
				"omitted":	false,
				"sender":	false
			}
		}, {
			"streams":	[{
					"socket":	5,
					"start":	1042.000177,
					"end":	1043.001082,
					"seconds":	1.0009050369262695,
					"bytes":	12169744,
					"bits_per_second":	97269919.131370857,
					"jitter_ms":	0.075418160136759269,
					"lost_packets":	9921,
					"packets":	18949,
					"lost_percent":	52.3563248720249,
					"omitted":	false,
					"sender":	false
				}],
			"sum":	{
				"start":	1042.000177,
				"end":	1043.001082,
				"seconds":	1.0009050369262695,
				"bytes":	12169744,
				"bits_per_second":	97269919.131370857,
				"jitter_ms":	0.075418160136759269,
				"lost_packets":	9921,
				"packets":	18949,
				"lost_percent":	52.3563248720249,
				"omitted":	false,
				"sender":	false
			}
		}, {
			"streams":	[{
					"socket":	5,
					"start":	1043.001082,
					"end":	1044.001081,
					"seconds":	0.99999898672103882,
					"bytes":	11997200,
					"bits_per_second":	95977697.252181366,
					"jitter_ms":	0.05572597322993815,
					"lost_packets":	9505,
					"packets":	18405,
					"lost_percent":	51.643575115457757,
					"omitted":	false,
					"sender":	false
				}],
			"sum":	{
				"start":	1043.001082,
				"end":	1044.001081,
				"seconds":	0.99999898672103882,
				"bytes":	11997200,
				"bits_per_second":	95977697.252181366,
				"jitter_ms":	0.05572597322993815,
				"lost_packets":	9505,
				"packets":	18405,
				"lost_percent":	51.643575115457757,
				"omitted":	false,
				"sender":	false
			}
		}, {
			"streams":	[{
					"socket":	5,
					"start":	1044.001081,
					"end":	1045.001196,
					"seconds":	1.0001150369644165,
					"bytes":	12187268,
					"bits_per_second":	97486929.3995716,
					"jitter_ms":	0.076111428336125025,
					"lost_packets":	9943,
					"packets":	18984,
					"lost_percent":	52.375684787189215,
					"omitted":	false,
					"sender":	false
				}],
			"sum":	{
				"start":	1044.001081,
				"end":	1045.001196,
				"seconds":	1.0001150369644165,
				"bytes":	12187268,
				"bits_per_second":	97486929.3995716,
				"jitter_ms":	0.076111428336125025,
				"lost_packets":	9943,
				"packets":	18984,
				"lost_percent":	52.375684787189215,
				"omitted":	false,
				"sender":	false
			}
		}, {
			"streams":	[{
					"socket":	5,
					"start":	1045.001196,
					"end":	1046.001114,
					"seconds":	0.999917984008789,
					"bytes":	12013376,
					"bits_per_second":	96114890.958052054,
					"jitter_ms":	0.0735465684413268,
					"lost_packets":	9634,
					"packets":	18546,
					"lost_percent":	51.946511377116359,
					"omitted":	false,
					"sender":	false
				}],
			"sum":	{
				"start":	1045.001196,
				"end":	1046.001114,
				"seconds":	0.999917984008789,
				"bytes":	12013376,
				"bits_per_second":	96114890.958052054,
				"jitter_ms":	0.0735465684413268,
				"lost_packets":	9634,
				"packets":	18546,
				"lost_percent":	51.946511377116359,
				"omitted":	false,
				"sender":	false
			}
		}, {
			"streams":	[{
					"socket":	5,
					"start":	1046.001114,
					"end":	1047.001064,
					"seconds":	0.99994999170303345,
					"bytes":	11843528,
					"bits_per_second":	94752962.434283867,
					"jitter_ms":	0.047268768958528856,
					"lost_packets":	9323,
					"packets":	18109,
					"lost_percent":	51.482688166105248,
					"omitted":	false,
					"sender":	false
				}],
			"sum":	{
				"start":	1046.001114,
				"end":	1047.001064,
				"seconds":	0.99994999170303345,
				"bytes":	11843528,
				"bits_per_second":	94752962.434283867,
				"jitter_ms":	0.047268768958528856,
				"lost_packets":	9323,
				"packets":	18109,
				"lost_percent":	51.482688166105248,
				"omitted":	false,
				"sender":	false
			}
		}, {
			"streams":	[{
					"socket":	5,
					"start":	1047.001064,
					"end":	1048.000178,
					"seconds":	0.99911397695541382,
					"bytes":	12013376,
					"bits_per_second":	96192236.5382832,
					"jitter_ms":	0.05522207845012661,
					"lost_packets":	9634,
					"packets":	18546,
					"lost_percent":	51.946511377116359,
					"omitted":	false,
					"sender":	false
				}],
			"sum":	{
				"start":	1047.001064,
				"end":	1048.000178,
				"seconds":	0.99911397695541382,
				"bytes":	12013376,
				"bits_per_second":	96192236.5382832,
				"jitter_ms":	0.05522207845012661,
				"lost_packets":	9634,
				"packets":	18546,
				"lost_percent":	51.946511377116359,
				"omitted":	false,
				"sender":	false
			}
		}, {
			"streams":	[{
					"socket":	5,
					"start":	1048.000178,
					"end":	1049.00024,
					"seconds":	1.0000619888305664,
					"bytes":	12199400,
					"bits_per_second":	97589150.562680647,
					"jitter_ms":	0.055231127298735222,
					"lost_packets":	9791,
					"packets":	18841,
					"lost_percent":	51.966456132901648,
					"omitted":	false,
					"sender":	false
				}],
			"sum":	{
				"start":	1048.000178,
				"end":	1049.00024,
				"seconds":	1.0000619888305664,
				"bytes":	12199400,
				"bits_per_second":	97589150.562680647,
				"jitter_ms":	0.055231127298735222,
				"lost_packets":	9791,
				"packets":	18841,
				"lost_percent":	51.966456132901648,
				"omitted":	false,
				"sender":	false
			}
		}, {
			"streams":	[{
					"socket":	5,
					"start":	1049.00024,
					"end":	1050.001069,
					"seconds":	1.0008289813995361,
					"bytes":	12032248,
					"bits_per_second":	96178254.016380563,
					"jitter_ms":	0.083371789021642578,
					"lost_packets":	9762,
					"packets":	18688,
					"lost_percent":	52.2367294520548,
					"omitted":	false,
					"sender":	false
				}],
			"sum":	{
				"start":	1049.00024,
				"end":	1050.001069,
				"seconds":	1.0008289813995361,
				"bytes":	12032248,
				"bits_per_second":	96178254.016380563,
				"jitter_ms":	0.083371789021642578,
				"lost_packets":	9762,
				"packets":	18688,
				"lost_percent":	52.2367294520548,
				"omitted":	false,
				"sender":	false
			}
		}, {
			"streams":	[{
					"socket":	5,
					"start":	1050.001069,
					"end":	1051.000164,
					"seconds":	0.99909502267837524,
					"bytes":	11817916,
					"bits_per_second":	94628965.0673548,
					"jitter_ms":	0.038810613884987369,
					"lost_packets":	9346,
					"packets":	18113,
					"lost_percent":	51.598299563849167,
					"omitted":	false,
					"sender":	false
				}],
			"sum":	{
				"start":	1050.001069,
				"end":	1051.000164,
				"seconds":	0.99909502267837524,
				"bytes":	11817916,
				"bits_per_second":	94628965.0673548,
				"jitter_ms":	0.038810613884987369,
				"lost_packets":	9346,
				"packets":	18113,
				"lost_percent":	51.598299563849167,
				"omitted":	false,
				"sender":	false
			}
		}, {
			"streams":	[{
					"socket":	5,
					"start":	1051.000164,
					"end":	1052.000233,
					"seconds":	1.00006902217865,
					"bytes":	12006636,
					"bits_per_second":	96046458.6641714,
					"jitter_ms":	0.055402391608135648,
					"lost_packets":	9639,
					"packets":	18546,
					"lost_percent":	51.973471368489164,
					"omitted":	false,
					"sender":	false
				}],
			"sum":	{
				"start":	1051.000164,
				"end":	1052.000233,
				"seconds":	1.00006902217865,
				"bytes":	12006636,
				"bits_per_second":	96046458.6641714,
				"jitter_ms":	0.055402391608135648,
				"lost_packets":	9639,
				"packets":	18546,
				"lost_percent":	51.973471368489164,
				"omitted":	false,
				"sender":	false
			}
		}, {
			"streams":	[{
					"socket":	5,
					"start":	1052.000233,
					"end":	1053.000167,
					"seconds":	0.99993401765823364,
					"bytes":	12211532,
					"bits_per_second":	97698702.389171168,
					"jitter_ms":	0.06852748421935384,
					"lost_packets":	9922,
					"packets":	18981,
					"lost_percent":	52.273325957536485,
					"omitted":	false,
					"sender":	false
				}],
			"sum":	{
				"start":	1052.000233,
				"end":	1053.000167,
				"seconds":	0.99993401765823364,
				"bytes":	12211532,
				"bits_per_second":	97698702.389171168,
				"jitter_ms":	0.06852748421935384,
				"lost_packets":	9922,
				"packets":	18981,
				"lost_percent":	52.273325957536485,
				"omitted":	false,
				"sender":	false
			}
		}, {
			"streams":	[{
					"socket":	5,
					"start":	1053.000167,
					"end":	1054.001095,
					"seconds":	1.0009280443191528,
					"bytes":	12036292,
					"bits_per_second":	96201057.155410424,
					"jitter_ms":	0.076188261008921246,
					"lost_packets":	9615,
					"packets":	18544,
					"lost_percent":	51.849654874892146,
					"omitted":	false,
					"sender":	false
				}],
			"sum":	{
				"start":	1053.000167,
				"end":	1054.001095,
				"seconds":	1.0009280443191528,
				"bytes":	12036292,
				"bits_per_second":	96201057.155410424,
				"jitter_ms":	0.076188261008921246,
				"lost_packets":	9615,
				"packets":	18544,
				"lost_percent":	51.849654874892146,
				"omitted":	false,
				"sender":	false
			}
		}, {
			"streams":	[{
					"socket":	5,
					"start":	1054.001095,
					"end":	1055.001074,
					"seconds":	0.999979019165039,
					"bytes":	11852964,
					"bits_per_second":	94825701.5223937,
					"jitter_ms":	0.076232432418507745,
					"lost_packets":	9456,
					"packets":	18249,
					"lost_percent":	51.816537892487261,
					"omitted":	false,
					"sender":	false
				}],
			"sum":	{
				"start":	1054.001095,
				"end":	1055.001074,
				"seconds":	0.999979019165039,
				"bytes":	11852964,
				"bits_per_second":	94825701.5223937,
				"jitter_ms":	0.076232432418507745,
				"lost_packets":	9456,
				"packets":	18249,
				"lost_percent":	51.816537892487261,
				"omitted":	false,
				"sender":	false
			}
		}, {
			"streams":	[{
					"socket":	5,
					"start":	1055.001074,
					"end":	1056.001082,
					"seconds":	1.0000079870224,
					"bytes":	12017420,
					"bits_per_second":	96138592.1389111,
					"jitter_ms":	0.055400961902252029,
					"lost_packets":	9491,
					"packets":	18406,
					"lost_percent":	51.564707160708465,
					"omitted":	false,
					"sender":	false
				}],
			"sum":	{
				"start":	1055.001074,
				"end":	1056.001082,
				"seconds":	1.0000079870224,
				"bytes":	12017420,
				"bits_per_second":	96138592.1389111,
				"jitter_ms":	0.055400961902252029,
				"lost_packets":	9491,
				"packets":	18406,
				"lost_percent":	51.564707160708465,
				"omitted":	false,
				"sender":	false
			}
		}, {
			"streams":	[{
					"socket":	5,
					"start":	1056.001082,
					"end":	1057.001068,
					"seconds":	0.99998599290847778,
					"bytes":	12202096,
					"bits_per_second":	97618135.346156,
					"jitter_ms":	0.08291687064198823,
					"lost_packets":	9799,
					"packets":	18851,
					"lost_percent":	51.981327250543735,
					"omitted":	false,
					"sender":	false
				}],
			"sum":	{
				"start":	1056.001082,
				"end":	1057.001068,
				"seconds":	0.99998599290847778,
				"bytes":	12202096,
				"bits_per_second":	97618135.346156,
				"jitter_ms":	0.08291687064198823,
				"lost_packets":	9799,
				"packets":	18851,
				"lost_percent":	51.981327250543735,
				"omitted":	false,
				"sender":	false
			}
		}, {
			"streams":	[{
					"socket":	5,
					"start":	1057.001068,
					"end":	1058.00109,
					"seconds":	1.0000220537185669,
					"bytes":	12026856,
					"bits_per_second":	96212726.1516149,
					"jitter_ms":	0.073962596934878222,
					"lost_packets":	9756,
					"packets":	18678,
					"lost_percent":	52.232573080629621,
					"omitted":	false,
					"sender":	false
				}],
			"sum":	{
				"start":	1057.001068,
				"end":	1058.00109,
				"seconds":	1.0000220537185669,
				"bytes":	12026856,
				"bits_per_second":	96212726.1516149,
				"jitter_ms":	0.073962596934878222,
				"lost_packets":	9756,
				"packets":	18678,
				"lost_percent":	52.232573080629621,
				"omitted":	false,
				"sender":	false
			}
		}, {
			"streams":	[{
					"socket":	5,
					"start":	1058.00109,
					"end":	1059.001081,
					"seconds":	0.999990999698639,
					"bytes":	11846224,
					"bits_per_second":	94770644.964364856,
					"jitter_ms":	0.0966232456683944,
					"lost_packets":	9458,
					"packets":	18246,
					"lost_percent":	51.836018853447328,
					"omitted":	false,
					"sender":	false
				}],
			"sum":	{
				"start":	1058.00109,
				"end":	1059.001081,
				"seconds":	0.999990999698639,
				"bytes":	11846224,
				"bits_per_second":	94770644.964364856,
				"jitter_ms":	0.0966232456683944,
				"lost_packets":	9458,
				"packets":	18246,
				"lost_percent":	51.836018853447328,
				"omitted":	false,
				"sender":	false
			}
		}, {
			"streams":	[{
					"socket":	5,
					"start":	1059.001081,
					"end":	1060.000215,
					"seconds":	0.99913400411605835,
					"bytes":	12022812,
					"bits_per_second":	96265861.840117633,
					"jitter_ms":	0.044417313561683748,
					"lost_packets":	9493,
					"packets":	18412,
					"lost_percent":	51.55876602215946,
					"omitted":	false,
					"sender":	false
				}],
			"sum":	{
				"start":	1059.001081,
				"end":	1060.000215,
				"seconds":	0.99913400411605835,
				"bytes":	12022812,
				"bits_per_second":	96265861.840117633,
				"jitter_ms":	0.044417313561683748,
				"lost_packets":	9493,
				"packets":	18412,
				"lost_percent":	51.55876602215946,
				"omitted":	false,
				"sender":	false
			}
		}, {
			"streams":	[{
					"socket":	5,
					"start":	1060.000215,
					"end":	1061.00107,
					"seconds":	1.0008549690246582,
					"bytes":	11878576,
					"bits_per_second":	94947430.8876202,
					"jitter_ms":	0.0437698615451915,
					"lost_packets":	9474,
					"packets":	18286,
					"lost_percent":	51.810127966750521,
					"omitted":	false,
					"sender":	false
				}],
			"sum":	{
				"start":	1060.000215,
				"end":	1061.00107,
				"seconds":	1.0008549690246582,
				"bytes":	11878576,
				"bits_per_second":	94947430.8876202,
				"jitter_ms":	0.0437698615451915,
				"lost_packets":	9474,
				"packets":	18286,
				"lost_percent":	51.810127966750521,
				"omitted":	false,
				"sender":	false
			}
		}, {
			"streams":	[{
					"socket":	5,
					"start":	1061.00107,
					"end":	1062.001063,
					"seconds":	0.99999302625656128,
					"bytes":	12327460,
					"bits_per_second":	98620367.753142536,
					"jitter_ms":	0.13114153021038033,
					"lost_packets":	10095,
					"packets":	19240,
					"lost_percent":	52.468814968814968,
					"omitted":	false,
					"sender":	false
				}],
			"sum":	{
				"start":	1061.00107,
				"end":	1062.001063,
				"seconds":	0.99999302625656128,
				"bytes":	12327460,
				"bits_per_second":	98620367.753142536,
				"jitter_ms":	0.13114153021038033,
				"lost_packets":	10095,
				"packets":	19240,
				"lost_percent":	52.468814968814968,
				"omitted":	false,
				"sender":	false
			}
		}, {
			"streams":	[{
					"socket":	5,
					"start":	1062.001063,
					"end":	1063.000936,
					"seconds":	0.99987298250198364,
					"bytes":	11827352,
					"bits_per_second":	94630835.771994948,
					"jitter_ms":	0.0946124980624126,
					"lost_packets":	9475,
					"packets":	18249,
					"lost_percent":	51.920653186475974,
					"omitted":	false,
					"sender":	false
				}],
			"sum":	{
				"start":	1062.001063,
				"end":	1063.000936,
				"seconds":	0.99987298250198364,
				"bytes":	11827352,
				"bits_per_second":	94630835.771994948,
				"jitter_ms":	0.0946124980624126,
				"lost_packets":	9475,
				"packets":	18249,
				"lost_percent":	51.920653186475974,
				"omitted":	false,
				"sender":	false
			}
		}, {
			"streams":	[{
					"socket":	5,
					"start":	1063.000936,
					"end":	1064.001093,
					"seconds":	1.0001569986343384,
					"bytes":	12033596,
					"bits_per_second":	96253656.307409659,
					"jitter_ms":	0.038813561968862466,
					"lost_packets":	9482,
					"packets":	18409,
					"lost_percent":	51.507414851431363,
					"omitted":	false,
					"sender":	false
				}],
			"sum":	{
				"start":	1063.000936,
				"end":	1064.001093,
				"seconds":	1.0001569986343384,
				"bytes":	12033596,
				"bits_per_second":	96253656.307409659,
				"jitter_ms":	0.038813561968862466,
				"lost_packets":	9482,
				"packets":	18409,
				"lost_percent":	51.507414851431363,
				"omitted":	false,
				"sender":	false
			}
		}, {
			"streams":	[{
					"socket":	5,
					"start":	1064.001093,
					"end":	1065.001107,
					"seconds":	1.0000139474868774,
					"bytes":	11846224,
					"bits_per_second":	94768470.21800524,
					"jitter_ms":	0.044145885306040432,
					"lost_packets":	9497,
					"packets":	18285,
					"lost_percent":	51.9387476073284,
					"omitted":	false,
					"sender":	false
				}],
			"sum":	{
				"start":	1064.001093,
				"end":	1065.001107,
				"seconds":	1.0000139474868774,
				"bytes":	11846224,
				"bits_per_second":	94768470.21800524,
				"jitter_ms":	0.044145885306040432,
				"lost_packets":	9497,
				"packets":	18285,
				"lost_percent":	51.9387476073284,
				"omitted":	false,
				"sender":	false
			}
		}, {
			"streams":	[{
					"socket":	5,
					"start":	1065.001107,
					"end":	1066.000202,
					"seconds":	0.99909502267837524,
					"bytes":	12020116,
					"bits_per_second":	96248030.28465867,
					"jitter_ms":	0.031578257728122665,
					"lost_packets":	9632,
					"packets":	18549,
					"lost_percent":	51.927327618739554,
					"omitted":	false,
					"sender":	false
				}],
			"sum":	{
				"start":	1065.001107,
				"end":	1066.000202,
				"seconds":	0.99909502267837524,
				"bytes":	12020116,
				"bits_per_second":	96248030.28465867,
				"jitter_ms":	0.031578257728122665,
				"lost_packets":	9632,
				"packets":	18549,
				"lost_percent":	51.927327618739554,
				"omitted":	false,
				"sender":	false
			}
		}, {
			"streams":	[{
					"socket":	5,
					"start":	1066.000202,
					"end":	1067.001158,
					"seconds":	1.0009560585021973,
					"bytes":	12185920,
					"bits_per_second":	97394245.4036168,
					"jitter_ms":	0.077807305569078028,
					"lost_packets":	9900,
					"packets":	18940,
					"lost_percent":	52.270327349524813,
					"omitted":	false,
					"sender":	false
				}],
			"sum":	{
				"start":	1066.000202,
				"end":	1067.001158,
				"seconds":	1.0009560585021973,
				"bytes":	12185920,
				"bits_per_second":	97394245.4036168,
				"jitter_ms":	0.077807305569078028,
				"lost_packets":	9900,
				"packets":	18940,
				"lost_percent":	52.270327349524813,
				"omitted":	false,
				"sender":	false
			}
		}, {
			"streams":	[{
					"socket":	5,
					"start":	1067.001158,
					"end":	1068.001062,
					"seconds":	0.999903976917267,
					"bytes":	12003940,
					"bits_per_second":	96040742.128127128,
					"jitter_ms":	0.0324884609551114,
					"lost_packets":	9508,
					"packets":	18413,
					"lost_percent":	51.637430076576329,
					"omitted":	false,
					"sender":	false
				}],
			"sum":	{
				"start":	1067.001158,
				"end":	1068.001062,
				"seconds":	0.999903976917267,
				"bytes":	12003940,
				"bits_per_second":	96040742.128127128,
				"jitter_ms":	0.0324884609551114,
				"lost_packets":	9508,
				"packets":	18413,
				"lost_percent":	51.637430076576329,
				"omitted":	false,
				"sender":	false
			}
		}, {
			"streams":	[{
					"socket":	5,
					"start":	1068.001062,
					"end":	1069.001099,
					"seconds":	1.0000369548797607,
					"bytes":	11820612,
					"bits_per_second":	94561401.494777754,
					"jitter_ms":	0.0358522288008028,
					"lost_packets":	9517,
					"packets":	18286,
					"lost_percent":	52.045280542491525,
					"omitted":	false,
					"sender":	false
				}],
			"sum":	{
				"start":	1068.001062,
				"end":	1069.001099,
				"seconds":	1.0000369548797607,
				"bytes":	11820612,
				"bits_per_second":	94561401.494777754,
				"jitter_ms":	0.0358522288008028,
				"lost_packets":	9517,
				"packets":	18286,
				"lost_percent":	52.045280542491525,
				"omitted":	false,
				"sender":	false
			}
		}, {
			"streams":	[{
					"socket":	5,
					"start":	1069.001099,
					"end":	1070.001074,
					"seconds":	0.999975025653839,
					"bytes":	12297804,
					"bits_per_second":	98384889.098277345,
					"jitter_ms":	0.042150211765773153,
					"lost_packets":	9977,
					"packets":	19100,
					"lost_percent":	52.235602094240839,
					"omitted":	false,
					"sender":	false
				}],
			"sum":	{
				"start":	1069.001099,
				"end":	1070.001074,
				"seconds":	0.999975025653839,
				"bytes":	12297804,
				"bits_per_second":	98384889.098277345,
				"jitter_ms":	0.042150211765773153,
				"lost_packets":	9977,
				"packets":	19100,
				"lost_percent":	52.235602094240839,
				"omitted":	false,
				"sender":	false
			}
		}, {
			"streams":	[{
					"socket":	5,
					"start":	1070.001074,
					"end":	1071.001108,
					"seconds":	1.000033974647522,
					"bytes":	11850268,
					"bits_per_second":	94798923.239997461,
					"jitter_ms":	0.041253449607231554,
					"lost_packets":	9457,
					"packets":	18248,
					"lost_percent":	51.824857518632179,
					"omitted":	false,
					"sender":	false
				}],
			"sum":	{
				"start":	1070.001074,
				"end":	1071.001108,
				"seconds":	1.000033974647522,
				"bytes":	11850268,
				"bits_per_second":	94798923.239997461,
				"jitter_ms":	0.041253449607231554,
				"lost_packets":	9457,
				"packets":	18248,
				"lost_percent":	51.824857518632179,
				"omitted":	false,
				"sender":	false
			}
		}, {
			"streams":	[{
					"socket":	5,
					"start":	1071.001108,
					"end":	1072.000328,
					"seconds":	0.99922001361846924,
					"bytes":	12003940,
					"bits_per_second":	96106481.746939451,
					"jitter_ms":	0.049474537994203364,
					"lost_packets":	9640,
					"packets":	18545,
					"lost_percent":	51.981666217309247,
					"omitted":	false,
					"sender":	false
				}],
			"sum":	{
				"start":	1071.001108,
				"end":	1072.000328,
				"seconds":	0.99922001361846924,
				"bytes":	12003940,
				"bits_per_second":	96106481.746939451,
				"jitter_ms":	0.049474537994203364,
				"lost_packets":	9640,
				"packets":	18545,
				"lost_percent":	51.981666217309247,
				"omitted":	false,
				"sender":	false
			}
		}, {
			"streams":	[{
					"socket":	5,
					"start":	1072.000328,
					"end":	1073.000172,
					"seconds":	0.9998440146446228,
					"bytes":	12022812,
					"bits_per_second":	96197501.4014425,
					"jitter_ms":	0.038563013979426276,
					"lost_packets":	9631,
					"packets":	18550,
					"lost_percent":	51.919137466307276,
					"omitted":	false,
					"sender":	false
				}],
			"sum":	{
				"start":	1072.000328,
				"end":	1073.000172,
				"seconds":	0.9998440146446228,
				"bytes":	12022812,
				"bits_per_second":	96197501.4014425,
				"jitter_ms":	0.038563013979426276,
				"lost_packets":	9631,
				"packets":	18550,
				"lost_percent":	51.919137466307276,
				"omitted":	false,
				"sender":	false
			}
		}, {
			"streams":	[{
					"socket":	5,
					"start":	1073.000172,
					"end":	1074.000315,
					"seconds":	1.0001430511474609,
					"bytes":	12184572,
					"bits_per_second":	97462633.858392,
					"jitter_ms":	0.052438389076620968,
					"lost_packets":	9798,
					"packets":	18837,
					"lost_percent":	52.014652014652015,
					"omitted":	false,
					"sender":	false
				}],
			"sum":	{
				"start":	1073.000172,
				"end":	1074.000315,
				"seconds":	1.0001430511474609,
				"bytes":	12184572,
				"bits_per_second":	97462633.858392,
				"jitter_ms":	0.052438389076620968,
				"lost_packets":	9798,
				"packets":	18837,
				"lost_percent":	52.014652014652015,
				"omitted":	false,
				"sender":	false
			}
		}, {
			"streams":	[{
					"socket":	5,
					"start":	1074.000315,
					"end":	1075.00112,
					"seconds":	1.0008050203323364,
					"bytes":	12036292,
					"bits_per_second":	96212882.673215359,
					"jitter_ms":	0.034959936633158856,
					"lost_packets":	9622,
					"packets":	18551,
					"lost_percent":	51.86782383698992,
					"omitted":	false,
					"sender":	false
				}],
			"sum":	{
				"start":	1074.000315,
				"end":	1075.00112,
				"seconds":	1.0008050203323364,
				"bytes":	12036292,
				"bits_per_second":	96212882.673215359,
				"jitter_ms":	0.034959936633158856,
				"lost_packets":	9622,
				"packets":	18551,
				"lost_percent":	51.86782383698992,
				"omitted":	false,
				"sender":	false
			}
		}, {
			"streams":	[{
					"socket":	5,
					"start":	1075.00112,
					"end":	1076.00109,
					"seconds":	0.999970018863678,
					"bytes":	11673680,
					"bits_per_second":	93392240.005479023,
					"jitter_ms":	0.028745689453005294,
					"lost_packets":	9369,
					"packets":	18029,
					"lost_percent":	51.966276554440071,
					"omitted":	false,
					"sender":	false
				}],
			"sum":	{
				"start":	1075.00112,
				"end":	1076.00109,
				"seconds":	0.999970018863678,
				"bytes":	11673680,
				"bits_per_second":	93392240.005479023,
				"jitter_ms":	0.028745689453005294,
				"lost_packets":	9369,
				"packets":	18029,
				"lost_percent":	51.966276554440071,
				"omitted":	false,
				"sender":	false
			}
		}, {
			"streams":	[{
					"socket":	5,
					"start":	1076.00109,
					"end":	1077.001061,
					"seconds":	0.99997097253799438,
					"bytes":	12163004,
					"bits_per_second":	97306856.571082,
					"jitter_ms":	0.0432867424657275,
					"lost_packets":	9739,
					"packets":	18762,
					"lost_percent":	51.908112141562732,
					"omitted":	false,
					"sender":	false
				}],
			"sum":	{
				"start":	1076.00109,
				"end":	1077.001061,
				"seconds":	0.99997097253799438,
				"bytes":	12163004,
				"bits_per_second":	97306856.571082,
				"jitter_ms":	0.0432867424657275,
				"lost_packets":	9739,
				"packets":	18762,
				"lost_percent":	51.908112141562732,
				"omitted":	false,
				"sender":	false
			}
		}, {
			"streams":	[{
					"socket":	5,
					"start":	1077.001061,
					"end":	1078.001096,
					"seconds":	1.0000350475311279,
					"bytes":	12235796,
					"bits_per_second":	97882937.444703,
					"jitter_ms":	0.038835577239931619,
					"lost_packets":	9770,
					"packets":	18847,
					"lost_percent":	51.838488884172548,
					"omitted":	false,
					"sender":	false
				}],
			"sum":	{
				"start":	1077.001061,
				"end":	1078.001096,
				"seconds":	1.0000350475311279,
				"bytes":	12235796,
				"bits_per_second":	97882937.444703,
				"jitter_ms":	0.038835577239931619,
				"lost_packets":	9770,
				"packets":	18847,
				"lost_percent":	51.838488884172548,
				"omitted":	false,
				"sender":	false
			}
		}, {
			"streams":	[{
					"socket":	5,
					"start":	1078.001096,
					"end":	1079.001104,
					"seconds":	1.0000079870224,
					"bytes":	11809828,
					"bits_per_second":	94477869.4031408,
					"jitter_ms":	0.048188014230852977,
					"lost_packets":	9483,
					"packets":	18244,
					"lost_percent":	51.978732734049551,
					"omitted":	false,
					"sender":	false
				}],
			"sum":	{
				"start":	1078.001096,
				"end":	1079.001104,
				"seconds":	1.0000079870224,
				"bytes":	11809828,
				"bits_per_second":	94477869.4031408,
				"jitter_ms":	0.048188014230852977,
				"lost_packets":	9483,
				"packets":	18244,
				"lost_percent":	51.978732734049551,
				"omitted":	false,
				"sender":	false
			}
		}, {
			"streams":	[{
					"socket":	5,
					"start":	1079.001104,
					"end":	1080.001099,
					"seconds":	0.999994993209839,
					"bytes":	12176484,
					"bits_per_second":	97412359.723244235,
					"jitter_ms":	0.0321269416092122,
					"lost_packets":	9817,
					"packets":	18850,
					"lost_percent":	52.079575596816973,
					"omitted":	false,
					"sender":	false
				}],
			"sum":	{
				"start":	1079.001104,
				"end":	1080.001099,
				"seconds":	0.999994993209839,
				"bytes":	12176484,
				"bits_per_second":	97412359.723244235,
				"jitter_ms":	0.0321269416092122,
				"lost_packets":	9817,
				"packets":	18850,
				"lost_percent":	52.079575596816973,
				"omitted":	false,
				"sender":	false
			}
		}, {
			"streams":	[{
					"socket":	5,
					"start":	1080.001099,
					"end":	1081.001059,
					"seconds":	0.99996000528335571,
					"bytes":	12036292,
					"bits_per_second":	96294187.2587339,
					"jitter_ms":	0.0802078255250738,
					"lost_packets":	9638,
					"packets":	18567,
					"lost_percent":	51.909301448807021,
					"omitted":	false,
					"sender":	false
				}],
			"sum":	{
				"start":	1080.001099,
				"end":	1081.001059,
				"seconds":	0.99996000528335571,
				"bytes":	12036292,
				"bits_per_second":	96294187.2587339,
				"jitter_ms":	0.0802078255250738,
				"lost_packets":	9638,
				"packets":	18567,
				"lost_percent":	51.909301448807021,
				"omitted":	false,
				"sender":	false
			}
		}, {
			"streams":	[{
					"socket":	5,
					"start":	1081.001059,
					"end":	1082.001086,
					"seconds":	1.0000269412994385,
					"bytes":	11862400,
					"bits_per_second":	94896643.3611155,
					"jitter_ms":	0.0399829550831189,
					"lost_packets":	9427,
					"packets":	18227,
					"lost_percent":	51.719975859987933,
					"omitted":	false,
					"sender":	false
				}],
			"sum":	{
				"start":	1081.001059,
				"end":	1082.001086,
				"seconds":	1.0000269412994385,
				"bytes":	11862400,
				"bits_per_second":	94896643.3611155,
				"jitter_ms":	0.0399829550831189,
				"lost_packets":	9427,
				"packets":	18227,
				"lost_percent":	51.719975859987933,
				"omitted":	false,
				"sender":	false
			}
		}, {
			"streams":	[{
					"socket":	5,
					"start":	1082.001086,
					"end":	1083.000261,
					"seconds":	0.99917501211166382,
					"bytes":	12038988,
					"bits_per_second":	96391425.758790463,
					"jitter_ms":	0.0509606437926671,
					"lost_packets":	9615,
					"packets":	18546,
					"lost_percent":	51.844063409899711,
					"omitted":	false,
					"sender":	false
				}],
			"sum":	{
				"start":	1082.001086,
				"end":	1083.000261,
				"seconds":	0.99917501211166382,
				"bytes":	12038988,
				"bits_per_second":	96391425.758790463,
				"jitter_ms":	0.0509606437926671,
				"lost_packets":	9615,
				"packets":	18546,
				"lost_percent":	51.844063409899711,
				"omitted":	false,
				"sender":	false
			}
		}, {
			"streams":	[{
					"socket":	5,
					"start":	1083.000261,
					"end":	1084.001062,
					"seconds":	1.0008009672164917,
					"bytes":	12183224,
					"bits_per_second":	97387787.574865878,
					"jitter_ms":	0.045918319073317386,
					"lost_packets":	9856,
					"packets":	18894,
					"lost_percent":	52.164708373028475,
					"omitted":	false,
					"sender":	false
				}],
			"sum":	{
				"start":	1083.000261,
				"end":	1084.001062,
				"seconds":	1.0008009672164917,
				"bytes":	12183224,
				"bits_per_second":	97387787.574865878,
				"jitter_ms":	0.045918319073317386,
				"lost_packets":	9856,
				"packets":	18894,
				"lost_percent":	52.164708373028475,
				"omitted":	false,
				"sender":	false
			}
		}, {
			"streams":	[{
					"socket":	5,
					"start":	1084.001062,
					"end":	1085.001067,
					"seconds":	1.0000050067901611,
					"bytes":	12022812,
					"bits_per_second":	96182014.436836436,
					"jitter_ms":	0.087323218896159321,
					"lost_packets":	9578,
					"packets":	18497,
					"lost_percent":	51.781369951884088,
					"omitted":	false,
					"sender":	false
				}],
			"sum":	{
				"start":	1084.001062,
				"end":	1085.001067,
				"seconds":	1.0000050067901611,
				"bytes":	12022812,
				"bits_per_second":	96182014.436836436,
				"jitter_ms":	0.087323218896159321,
				"lost_packets":	9578,
				"packets":	18497,
				"lost_percent":	51.781369951884088,
				"omitted":	false,
				"sender":	false
			}
		}, {
			"streams":	[{
					"socket":	5,
					"start":	1085.001067,
					"end":	1086.001081,
					"seconds":	1.0000139474868774,
					"bytes":	11862400,
					"bits_per_second":	94897876.413114026,
					"jitter_ms":	0.0501192429560423,
					"lost_packets":	9446,
					"packets":	18246,
					"lost_percent":	51.770251013920863,
					"omitted":	false,
					"sender":	false
				}],
			"sum":	{
				"start":	1085.001067,
				"end":	1086.001081,
				"seconds":	1.0000139474868774,
				"bytes":	11862400,
				"bits_per_second":	94897876.413114026,
				"jitter_ms":	0.0501192429560423,
				"lost_packets":	9446,
				"packets":	18246,
				"lost_percent":	51.770251013920863,
				"omitted":	false,
				"sender":	false
			}
		}, {
			"streams":	[{
					"socket":	5,
					"start":	1086.001081,
					"end":	1087.000378,
					"seconds":	0.999297022819519,
					"bytes":	12020116,
					"bits_per_second":	96228574.4919781,
					"jitter_ms":	0.049962419656555374,
					"lost_packets":	9628,
					"packets":	18545,
					"lost_percent":	51.916958748988947,
					"omitted":	false,
					"sender":	false
				}],
			"sum":	{
				"start":	1086.001081,
				"end":	1087.000378,
				"seconds":	0.999297022819519,
				"bytes":	12020116,
				"bits_per_second":	96228574.4919781,
				"jitter_ms":	0.049962419656555374,
				"lost_packets":	9628,
				"packets":	18545,
				"lost_percent":	51.916958748988947,
				"omitted":	false,
				"sender":	false
			}
		}, {
			"streams":	[{
					"socket":	5,
					"start":	1087.000378,
					"end":	1088.001107,
					"seconds":	1.000728964805603,
					"bytes":	12176484,
					"bits_per_second":	97340913.899621934,
					"jitter_ms":	0.086888559967812973,
					"lost_packets":	9872,
					"packets":	18905,
					"lost_percent":	52.218989685268447,
					"omitted":	false,
					"sender":	false
				}],
			"sum":	{
				"start":	1087.000378,
				"end":	1088.001107,
				"seconds":	1.000728964805603,
				"bytes":	12176484,
				"bits_per_second":	97340913.899621934,
				"jitter_ms":	0.086888559967812973,
				"lost_packets":	9872,
				"packets":	18905,
				"lost_percent":	52.218989685268447,
				"omitted":	false,
				"sender":	false
			}
		}, {
			"streams":	[{
					"socket":	5,
					"start":	1088.001107,
					"end":	1089.001061,
					"seconds":	0.9999539852142334,
					"bytes":	11692552,
					"bits_per_second":	93544720.440270662,
					"jitter_ms":	0.033743859110888848,
					"lost_packets":	9256,
					"packets":	17930,
					"lost_percent":	51.62297824874512,
					"omitted":	false,
					"sender":	false
				}],
			"sum":	{
				"start":	1088.001107,
				"end":	1089.001061,
				"seconds":	0.9999539852142334,
				"bytes":	11692552,
				"bits_per_second":	93544720.440270662,
				"jitter_ms":	0.033743859110888848,
				"lost_packets":	9256,
				"packets":	17930,
				"lost_percent":	51.62297824874512,
				"omitted":	false,
				"sender":	false
			}
		}, {
			"streams":	[{
					"socket":	5,
					"start":	1089.001061,
					"end":	1090.000183,
					"seconds":	0.9991220235824585,
					"bytes":	12167048,
					"bits_per_second":	97421918.146684453,
					"jitter_ms":	0.046920492073620319,
					"lost_packets":	9778,
					"packets":	18804,
					"lost_percent":	51.99957455860455,
					"omitted":	false,
					"sender":	false
				}],
			"sum":	{
				"start":	1089.001061,
				"end":	1090.000183,
				"seconds":	0.9991220235824585,
				"bytes":	12167048,
				"bits_per_second":	97421918.146684453,
				"jitter_ms":	0.046920492073620319,
				"lost_packets":	9778,
				"packets":	18804,
				"lost_percent":	51.99957455860455,
				"omitted":	false,
				"sender":	false
			}
		}, {
			"streams":	[{
					"socket":	5,
					"start":	1090.000183,
					"end":	1091.000155,
					"seconds":	0.99997198581695557,
					"bytes":	12013376,
					"bits_per_second":	96109700.4347403,
					"jitter_ms":	0.0492466345284003,
					"lost_packets":	9630,
					"packets":	18542,
					"lost_percent":	51.936144968180351,
					"omitted":	false,
					"sender":	false
				}],
			"sum":	{
				"start":	1090.000183,
				"end":	1091.000155,
				"seconds":	0.99997198581695557,
				"bytes":	12013376,
				"bits_per_second":	96109700.4347403,
				"jitter_ms":	0.0492466345284003,
				"lost_packets":	9630,
				"packets":	18542,
				"lost_percent":	51.936144968180351,
				"omitted":	false,
				"sender":	false
			}
		}, {
			"streams":	[{
					"socket":	5,
					"start":	1091.000155,
					"end":	1092.001068,
					"seconds":	1.0009130239486694,
					"bytes":	12183224,
					"bits_per_second":	97376884.572338641,
					"jitter_ms":	0.091197577261686938,
					"lost_packets":	9830,
					"packets":	18868,
					"lost_percent":	52.098791604833579,
					"omitted":	false,
					"sender":	false
				}],
			"sum":	{
				"start":	1091.000155,
				"end":	1092.001068,
				"seconds":	1.0009130239486694,
				"bytes":	12183224,
				"bits_per_second":	97376884.572338641,
				"jitter_ms":	0.091197577261686938,
				"lost_packets":	9830,
				"packets":	18868,
				"lost_percent":	52.098791604833579,
				"omitted":	false,
				"sender":	false
			}
		}, {
			"streams":	[{
					"socket":	5,
					"start":	1092.001068,
					"end":	1093.00019,
					"seconds":	0.9991220235824585,
					"bytes":	11997200,
					"bits_per_second":	96061940.118046924,
					"jitter_ms":	0.044789435767722659,
					"lost_packets":	9642,
					"packets":	18542,
					"lost_percent":	52.0008629058354,
					"omitted":	false,
					"sender":	false
				}],
			"sum":	{
				"start":	1092.001068,
				"end":	1093.00019,
				"seconds":	0.9991220235824585,
				"bytes":	11997200,
				"bits_per_second":	96061940.118046924,
				"jitter_ms":	0.044789435767722659,
				"lost_packets":	9642,
				"packets":	18542,
				"lost_percent":	52.0008629058354,
				"omitted":	false,
				"sender":	false
			}
		}, {
			"streams":	[{
					"socket":	5,
					"start":	1093.00019,
					"end":	1094.001081,
					"seconds":	1.0008909702301025,
					"bytes":	11850268,
					"bits_per_second":	94717753.301546127,
					"jitter_ms":	0.066716016593395058,
					"lost_packets":	9436,
					"packets":	18227,
					"lost_percent":	51.769353157403849,
					"omitted":	false,
					"sender":	false
				}],
			"sum":	{
				"start":	1093.00019,
				"end":	1094.001081,
				"seconds":	1.0008909702301025,
				"bytes":	11850268,
				"bits_per_second":	94717753.301546127,
				"jitter_ms":	0.066716016593395058,
				"lost_packets":	9436,
				"packets":	18227,
				"lost_percent":	51.769353157403849,
				"omitted":	false,
				"sender":	false
			}
		}, {
			"streams":	[{
					"socket":	5,
					"start":	1094.001081,
					"end":	1095.001088,
					"seconds":	1.0000070333480835,
					"bytes":	12013376,
					"bits_per_second":	96106332.050713658,
					"jitter_ms":	0.0326139211191318,
					"lost_packets":	9641,
					"packets":	18553,
					"lost_percent":	51.9646418368997,
					"omitted":	false,
					"sender":	false
				}],
			"sum":	{
				"start":	1094.001081,
				"end":	1095.001088,
				"seconds":	1.0000070333480835,
				"bytes":	12013376,
				"bits_per_second":	96106332.050713658,
				"jitter_ms":	0.0326139211191318,
				"lost_packets":	9641,
				"packets":	18553,
				"lost_percent":	51.9646418368997,
				"omitted":	false,
				"sender":	false
			}
		}, {
			"streams":	[{
					"socket":	5,
					"start":	1095.001088,
					"end":	1096.00107,
					"seconds":	0.99998199939727783,
					"bytes":	11859704,
					"bits_per_second":	94879339.8853038,
					"jitter_ms":	0.035862094705084717,
					"lost_packets":	9488,
					"packets":	18286,
					"lost_percent":	51.886689270480147,
					"omitted":	false,
					"sender":	false
				}],
			"sum":	{
				"start":	1095.001088,
				"end":	1096.00107,
				"seconds":	0.99998199939727783,
				"bytes":	11859704,
				"bits_per_second":	94879339.8853038,
				"jitter_ms":	0.035862094705084717,
				"lost_packets":	9488,
				"packets":	18286,
				"lost_percent":	51.886689270480147,
				"omitted":	false,
				"sender":	false
			}
		}, {
			"streams":	[{
					"socket":	5,
					"start":	1096.00107,
					"end":	1097.001108,
					"seconds":	1.0000380277633667,
					"bytes":	12013376,
					"bits_per_second":	96103353.404418,
					"jitter_ms":	0.083261850206254429,
					"lost_packets":	9766,
					"packets":	18678,
					"lost_percent":	52.286112003426489,
					"omitted":	false,
					"sender":	false
				}],
			"sum":	{
				"start":	1096.00107,
				"end":	1097.001108,
				"seconds":	1.0000380277633667,
				"bytes":	12013376,
				"bits_per_second":	96103353.404418,
				"jitter_ms":	0.083261850206254429,
				"lost_packets":	9766,
				"packets":	18678,
				"lost_percent":	52.286112003426489,
				"omitted":	false,
				"sender":	false
			}
		}, {
			"streams":	[{
					"socket":	5,
					"start":	1097.001108,
					"end":	1098.000186,
					"seconds":	0.99907797574996948,
					"bytes":	12167048,
					"bits_per_second":	97426213.3312801,
					"jitter_ms":	0.093434682210404629,
					"lost_packets":	9649,
					"packets":	18675,
					"lost_percent":	51.668005354752346,
					"omitted":	false,
					"sender":	false
				}],
			"sum":	{
				"start":	1097.001108,
				"end":	1098.000186,
				"seconds":	0.99907797574996948,
				"bytes":	12167048,
				"bits_per_second":	97426213.3312801,
				"jitter_ms":	0.093434682210404629,
				"lost_packets":	9649,
				"packets":	18675,
				"lost_percent":	51.668005354752346,
				"omitted":	false,
				"sender":	false
			}
		}, {
			"streams":	[{
					"socket":	5,
					"start":	1098.000186,
					"end":	1099.00121,
					"seconds":	1.0010240077972412,
					"bytes":	11993156,
					"bits_per_second":	95847099.822438866,
					"jitter_ms":	0.0534513890762839,
					"lost_packets":	9648,
					"packets":	18545,
					"lost_percent":	52.024804529522783,
					"omitted":	false,
					"sender":	false
				}],
			"sum":	{
				"start":	1098.000186,
				"end":	1099.00121,
				"seconds":	1.0010240077972412,
				"bytes":	11993156,
				"bits_per_second":	95847099.822438866,
				"jitter_ms":	0.0534513890762839,
				"lost_packets":	9648,
				"packets":	18545,
				"lost_percent":	52.024804529522783,
				"omitted":	false,
				"sender":	false
			}
		}, {
			"streams":	[{
					"socket":	5,
					"start":	1099.00121,
					"end":	1100.001064,
					"seconds":	0.999854028224945,
					"bytes":	11839484,
					"bits_per_second":	94729699.862439334,
					"jitter_ms":	0.0943037265955487,
					"lost_packets":	9635,
					"packets":	18418,
					"lost_percent":	52.312954718210449,
					"omitted":	false,
					"sender":	false
				}],
			"sum":	{
				"start":	1099.00121,
				"end":	1100.001064,
				"seconds":	0.999854028224945,
				"bytes":	11839484,
				"bits_per_second":	94729699.862439334,
				"jitter_ms":	0.0943037265955487,
				"lost_packets":	9635,
				"packets":	18418,
				"lost_percent":	52.312954718210449,
				"omitted":	false,
				"sender":	false
			}
		}, {
			"streams":	[{
					"socket":	5,
					"start":	1100.001064,
					"end":	1101.001076,
					"seconds":	1.0000120401382446,
					"bytes":	11997200,
					"bits_per_second":	95976444.430340827,
					"jitter_ms":	0.0911595484794667,
					"lost_packets":	9515,
					"packets":	18415,
					"lost_percent":	51.6698343741515,
					"omitted":	false,
					"sender":	false
				}],
			"sum":	{
				"start":	1100.001064,
				"end":	1101.001076,
				"seconds":	1.0000120401382446,
				"bytes":	11997200,
				"bits_per_second":	95976444.430340827,
				"jitter_ms":	0.0911595484794667,
				"lost_packets":	9515,
				"packets":	18415,
				"lost_percent":	51.6698343741515,
				"omitted":	false,
				"sender":	false
			}
		}, {
			"streams":	[{
					"socket":	5,
					"start":	1101.001076,
					"end":	1102.000199,
					"seconds":	0.999122977256775,
					"bytes":	12187268,
					"bits_per_second":	97583727.148077533,
					"jitter_ms":	0.088259559404925525,
					"lost_packets":	9895,
					"packets":	18936,
					"lost_percent":	52.254964089564851,
					"omitted":	false,
					"sender":	false
				}],
			"sum":	{
				"start":	1101.001076,
				"end":	1102.000199,
				"seconds":	0.999122977256775,
				"bytes":	12187268,
				"bits_per_second":	97583727.148077533,
				"jitter_ms":	0.088259559404925525,
				"lost_packets":	9895,
				"packets":	18936,
				"lost_percent":	52.254964089564851,
				"omitted":	false,
				"sender":	false
			}
		}, {
			"streams":	[{
					"socket":	5,
					"start":	1102.000199,
					"end":	1103.001105,
					"seconds":	1.0009059906005859,
					"bytes":	11993156,
					"bits_per_second":	95858401.1895351,
					"jitter_ms":	0.0851507895407633,
					"lost_packets":	9651,
					"packets":	18548,
					"lost_percent":	52.032564157860683,
					"omitted":	false,
					"sender":	false
				}],
			"sum":	{
				"start":	1102.000199,
				"end":	1103.001105,
				"seconds":	1.0009059906005859,
				"bytes":	11993156,
				"bits_per_second":	95858401.1895351,
				"jitter_ms":	0.0851507895407633,
				"lost_packets":	9651,
				"packets":	18548,
				"lost_percent":	52.032564157860683,
				"omitted":	false,
				"sender":	false
			}
		}, {
			"streams":	[{
					"socket":	5,
					"start":	1103.001105,
					"end":	1104.001078,
					"seconds":	0.99997299909591675,
					"bytes":	11824656,
					"bits_per_second":	94599802.280187666,
					"jitter_ms":	0.084213588111968371,
					"lost_packets":	9513,
					"packets":	18285,
					"lost_percent":	52.026251025430682,
					"omitted":	false,
					"sender":	false
				}],
			"sum":	{
				"start":	1103.001105,
				"end":	1104.001078,
				"seconds":	0.99997299909591675,
				"bytes":	11824656,
				"bits_per_second":	94599802.280187666,
				"jitter_ms":	0.084213588111968371,
				"lost_packets":	9513,
				"packets":	18285,
				"lost_percent":	52.026251025430682,
				"omitted":	false,
				"sender":	false
			}
		}, {
			"streams":	[{
					"socket":	5,
					"start":	1104.001078,
					"end":	1105.001101,
					"seconds":	1.0000230073928833,
					"bytes":	12009332,
					"bits_per_second":	96072445.623498276,
					"jitter_ms":	0.037813658524913821,
					"lost_packets":	9504,
					"packets":	18413,
					"lost_percent":	51.615706294465866,
					"omitted":	false,
					"sender":	false
				}],
			"sum":	{
				"start":	1104.001078,
				"end":	1105.001101,
				"seconds":	1.0000230073928833,
				"bytes":	12009332,
				"bits_per_second":	96072445.623498276,
				"jitter_ms":	0.037813658524913821,
				"lost_packets":	9504,
				"packets":	18413,
				"lost_percent":	51.615706294465866,
				"omitted":	false,
				"sender":	false
			}
		}, {
			"streams":	[{
					"socket":	5,
					"start":	1105.001101,
					"end":	1106.001068,
					"seconds":	0.99996697902679443,
					"bytes":	12138740,
					"bits_per_second":	97113126.769956976,
					"jitter_ms":	0.078620008577103162,
					"lost_packets":	9935,
					"packets":	18940,
					"lost_percent":	52.455121436114041,
					"omitted":	false,
					"sender":	false
				}],
			"sum":	{
				"start":	1105.001101,
				"end":	1106.001068,
				"seconds":	0.99996697902679443,
				"bytes":	12138740,
				"bits_per_second":	97113126.769956976,
				"jitter_ms":	0.078620008577103162,
				"lost_packets":	9935,
				"packets":	18940,
				"lost_percent":	52.455121436114041,
				"omitted":	false,
				"sender":	false
			}
		}, {
			"streams":	[{
					"socket":	5,
					"start":	1106.001068,
					"end":	1107.000202,
					"seconds":	0.99913400411605835,
					"bytes":	12006636,
					"bits_per_second":	96136341.6761888,
					"jitter_ms":	0.12077680322689968,
					"lost_packets":	9637,
					"packets":	18544,
					"lost_percent":	51.968291630716138,
					"omitted":	false,
					"sender":	false
				}],
			"sum":	{
				"start":	1106.001068,
				"end":	1107.000202,
				"seconds":	0.99913400411605835,
				"bytes":	12006636,
				"bits_per_second":	96136341.6761888,
				"jitter_ms":	0.12077680322689968,
				"lost_packets":	9637,
				"packets":	18544,
				"lost_percent":	51.968291630716138,
				"omitted":	false,
				"sender":	false
			}
		}, {
			"streams":	[{
					"socket":	5,
					"start":	1107.000202,
					"end":	1108.00111,
					"seconds":	1.0009080171585083,
					"bytes":	11839484,
					"bits_per_second":	94629946.3849737,
					"jitter_ms":	0.089759305449123875,
					"lost_packets":	9503,
					"packets":	18286,
					"lost_percent":	51.9687192387619,
					"omitted":	false,
					"sender":	false
				}],
			"sum":	{
				"start":	1107.000202,
				"end":	1108.00111,
				"seconds":	1.0009080171585083,
				"bytes":	11839484,
				"bits_per_second":	94629946.3849737,
				"jitter_ms":	0.089759305449123875,
				"lost_packets":	9503,
				"packets":	18286,
				"lost_percent":	51.9687192387619,
				"omitted":	false,
				"sender":	false
			}
		}, {
			"streams":	[{
					"socket":	5,
					"start":	1108.00111,
					"end":	1109.001111,
					"seconds":	1.0000009536743164,
					"bytes":	12003940,
					"bits_per_second":	96031428.417293146,
					"jitter_ms":	0.038428544580797183,
					"lost_packets":	9509,
					"packets":	18414,
					"lost_percent":	51.640056478766155,
					"omitted":	false,
					"sender":	false
				}],
			"sum":	{
				"start":	1108.00111,
				"end":	1109.001111,
				"seconds":	1.0000009536743164,
				"bytes":	12003940,
				"bits_per_second":	96031428.417293146,
				"jitter_ms":	0.038428544580797183,
				"lost_packets":	9509,
				"packets":	18414,
				"lost_percent":	51.640056478766155,
				"omitted":	false,
				"sender":	false
			}
		}, {
			"streams":	[{
					"socket":	5,
					"start":	1109.001111,
					"end":	1110.001108,
					"seconds":	0.99999701976776123,
					"bytes":	12157612,
					"bits_per_second":	97261185.8609217,
					"jitter_ms":	0.089427808251679342,
					"lost_packets":	9921,
					"packets":	18940,
					"lost_percent":	52.38120380147835,
					"omitted":	false,
					"sender":	false
				}],
			"sum":	{
				"start":	1109.001111,
				"end":	1110.001108,
				"seconds":	0.99999701976776123,
				"bytes":	12157612,
				"bits_per_second":	97261185.8609217,
				"jitter_ms":	0.089427808251679342,
				"lost_packets":	9921,
				"packets":	18940,
				"lost_percent":	52.38120380147835,
				"omitted":	false,
				"sender":	false
			}
		}, {
			"streams":	[{
					"socket":	5,
					"start":	1110.001108,
					"end":	1111.001059,
					"seconds":	0.99995100498199463,
					"bytes":	11994504,
					"bits_per_second":	95960733.597870439,
					"jitter_ms":	0.0770241126813337,
					"lost_packets":	9648,
					"packets":	18546,
					"lost_percent":	52.0219993529602,
					"omitted":	false,
					"sender":	false
				}],
			"sum":	{
				"start":	1110.001108,
				"end":	1111.001059,
				"seconds":	0.99995100498199463,
				"bytes":	11994504,
				"bits_per_second":	95960733.597870439,
				"jitter_ms":	0.0770241126813337,
				"lost_packets":	9648,
				"packets":	18546,
				"lost_percent":	52.0219993529602,
				"omitted":	false,
				"sender":	false
			}
		}, {
			"streams":	[{
					"socket":	5,
					"start":	1111.001059,
					"end":	1112.00108,
					"seconds":	1.0000209808349609,
					"bytes":	11869140,
					"bits_per_second":	94951127.8460573,
					"jitter_ms":	0.030688085557609109,
					"lost_packets":	9348,
					"packets":	18153,
					"lost_percent":	51.495620558585358,
					"omitted":	false,
					"sender":	false
				}],
			"sum":	{
				"start":	1111.001059,
				"end":	1112.00108,
				"seconds":	1.0000209808349609,
				"bytes":	11869140,
				"bits_per_second":	94951127.8460573,
				"jitter_ms":	0.030688085557609109,
				"lost_packets":	9348,
				"packets":	18153,
				"lost_percent":	51.495620558585358,
				"omitted":	false,
				"sender":	false
			}
		}, {
			"streams":	[{
					"socket":	5,
					"start":	1112.00108,
					"end":	1113.001059,
					"seconds":	0.999979019165039,
					"bytes":	12009332,
					"bits_per_second":	96076671.76879397,
					"jitter_ms":	0.086761302494253179,
					"lost_packets":	9768,
					"packets":	18677,
					"lost_percent":	52.2996198532955,
					"omitted":	false,
					"sender":	false
				}],
			"sum":	{
				"start":	1112.00108,
				"end":	1113.001059,
				"seconds":	0.999979019165039,
				"bytes":	12009332,
				"bits_per_second":	96076671.76879397,
				"jitter_ms":	0.086761302494253179,
				"lost_packets":	9768,
				"packets":	18677,
				"lost_percent":	52.2996198532955,
				"omitted":	false,
				"sender":	false
			}
		}, {
			"streams":	[{
					"socket":	5,
					"start":	1113.001059,
					"end":	1114.00106,
					"seconds":	1.0000009536743164,
					"bytes":	12157612,
					"bits_per_second":	97260803.244869947,
					"jitter_ms":	0.04414420512463206,
					"lost_packets":	9654,
					"packets":	18673,
					"lost_percent":	51.700315964226427,
					"omitted":	false,
					"sender":	false
				}],
			"sum":	{
				"start":	1113.001059,
				"end":	1114.00106,
				"seconds":	1.0000009536743164,
				"bytes":	12157612,
				"bits_per_second":	97260803.244869947,
				"jitter_ms":	0.04414420512463206,
				"lost_packets":	9654,
				"packets":	18673,
				"lost_percent":	51.700315964226427,
				"omitted":	false,
				"sender":	false
			}
		}, {
			"streams":	[{
					"socket":	5,
					"start":	1114.00106,
					"end":	1115.001078,
					"seconds":	1.0000180006027222,
					"bytes":	11994504,
					"bits_per_second":	95954304.764680445,
					"jitter_ms":	0.078739739975551531,
					"lost_packets":	9783,
					"packets":	18681,
					"lost_percent":	52.368716878111449,
					"omitted":	false,
					"sender":	false
				}],
			"sum":	{
				"start":	1114.00106,
				"end":	1115.001078,
				"seconds":	1.0000180006027222,
				"bytes":	11994504,
				"bits_per_second":	95954304.764680445,
				"jitter_ms":	0.078739739975551531,
				"lost_packets":	9783,
				"packets":	18681,
				"lost_percent":	52.368716878111449,
				"omitted":	false,
				"sender":	false
			}
		}, {
			"streams":	[{
					"socket":	5,
					"start":	1115.001078,
					"end":	1116.00109,
					"seconds":	1.0000120401382446,
					"bytes":	11869140,
					"bits_per_second":	94951976.76507315,
					"jitter_ms":	0.0832614324104733,
					"lost_packets":	9480,
					"packets":	18285,
					"lost_percent":	51.84577522559475,
					"omitted":	false,
					"sender":	false
				}],
			"sum":	{
				"start":	1115.001078,
				"end":	1116.00109,
				"seconds":	1.0000120401382446,
				"bytes":	11869140,
				"bits_per_second":	94951976.76507315,
				"jitter_ms":	0.0832614324104733,
				"lost_packets":	9480,
				"packets":	18285,
				"lost_percent":	51.84577522559475,
				"omitted":	false,
				"sender":	false
			}
		}, {
			"streams":	[{
					"socket":	5,
					"start":	1116.00109,
					"end":	1117.00106,
					"seconds":	0.999970018863678,
					"bytes":	12020116,
					"bits_per_second":	96163811.100329846,
					"jitter_ms":	0.0881502674709855,
					"lost_packets":	9498,
					"packets":	18415,
					"lost_percent":	51.577518327450449,
					"omitted":	false,
					"sender":	false
				}],
			"sum":	{
				"start":	1116.00109,
				"end":	1117.00106,
				"seconds":	0.999970018863678,
				"bytes":	12020116,
				"bits_per_second":	96163811.100329846,
				"jitter_ms":	0.0881502674709855,
				"lost_packets":	9498,
				"packets":	18415,
				"lost_percent":	51.577518327450449,
				"omitted":	false,
				"sender":	false
			}
		}, {
			"streams":	[{
					"socket":	5,
					"start":	1117.00106,
					"end":	1118.001105,
					"seconds":	1.0000449419021606,
					"bytes":	12160308,
					"bits_per_second":	97278092.1375008,
					"jitter_ms":	0.0782147757505831,
					"lost_packets":	9917,
					"packets":	18938,
					"lost_percent":	52.36561410919844,
					"omitted":	false,
					"sender":	false
				}],
			"sum":	{
				"start":	1117.00106,
				"end":	1118.001105,
				"seconds":	1.0000449419021606,
				"bytes":	12160308,
				"bits_per_second":	97278092.1375008,
				"jitter_ms":	0.0782147757505831,
				"lost_packets":	9917,
				"packets":	18938,
				"lost_percent":	52.36561410919844,
				"omitted":	false,
				"sender":	false
			}
		}, {
			"streams":	[{
					"socket":	5,
					"start":	1118.001105,
					"end":	1119.001075,
					"seconds":	0.999970018863678,
					"bytes":	11997200,
					"bits_per_second":	95980477.6037833,
					"jitter_ms":	0.0327038863469744,
					"lost_packets":	9512,
					"packets":	18412,
					"lost_percent":	51.661959591570714,
					"omitted":	false,
					"sender":	false
				}],
			"sum":	{
				"start":	1118.001105,
				"end":	1119.001075,
				"seconds":	0.999970018863678,
				"bytes":	11997200,
				"bits_per_second":	95980477.6037833,
				"jitter_ms":	0.0327038863469744,
				"lost_packets":	9512,
				"packets":	18412,
				"lost_percent":	51.661959591570714,
				"omitted":	false,
				"sender":	false
			}
		}, {
			"streams":	[{
					"socket":	5,
					"start":	1119.001075,
					"end":	1120.001073,
					"seconds":	0.99999797344207764,
					"bytes":	1201068,
					"bits_per_second":	9608563.47231043,
					"jitter_ms":	0.062218875235901541,
					"lost_packets":	1008,
					"packets":	1899,
					"lost_percent":	53.080568720379148,
					"omitted":	false,
					"sender":	false
				}],
			"sum":	{
				"start":	1119.001075,
				"end":	1120.001073,
				"seconds":	0.99999797344207764,
				"bytes":	1201068,
				"bits_per_second":	9608563.47231043,
				"jitter_ms":	0.062218875235901541,
				"lost_packets":	1008,
				"packets":	1899,
				"lost_percent":	53.080568720379148,
				"omitted":	false,
				"sender":	false
			}
		}, {
			"streams":	[{
					"socket":	5,
					"start":	1120.001073,
					"end":	1121.001129,
					"seconds":	1.0000560283660889,
					"bytes":	0,
					"bits_per_second":	0,
					"jitter_ms":	0.062218875235901541,
					"lost_packets":	0,
					"packets":	0,
					"lost_percent":	0,
					"omitted":	false,
					"sender":	false
				}],
			"sum":	{
				"start":	1120.001073,
				"end":	1121.001129,
				"seconds":	1.0000560283660889,
				"bytes":	0,
				"bits_per_second":	0,
				"jitter_ms":	0.062218875235901541,
				"lost_packets":	0,
				"packets":	0,
				"lost_percent":	0,
				"omitted":	false,
				"sender":	false
			}
		}, {
			"streams":	[{
					"socket":	5,
					"start":	1121.001129,
					"end":	1122.001099,
					"seconds":	0.999970018863678,
					"bytes":	0,
					"bits_per_second":	0,
					"jitter_ms":	0.062218875235901541,
					"lost_packets":	0,
					"packets":	0,
					"lost_percent":	0,
					"omitted":	false,
					"sender":	false
				}],
			"sum":	{
				"start":	1121.001129,
				"end":	1122.001099,
				"seconds":	0.999970018863678,
				"bytes":	0,
				"bits_per_second":	0,
				"jitter_ms":	0.062218875235901541,
				"lost_packets":	0,
				"packets":	0,
				"lost_percent":	0,
				"omitted":	false,
				"sender":	false
			}
		}, {
			"streams":	[{
					"socket":	5,
					"start":	1122.001099,
					"end":	1123.001196,
					"seconds":	1.0000970363616943,
					"bytes":	0,
					"bits_per_second":	0,
					"jitter_ms":	0.062218875235901541,
					"lost_packets":	0,
					"packets":	0,
					"lost_percent":	0,
					"omitted":	false,
					"sender":	false
				}],
			"sum":	{
				"start":	1122.001099,
				"end":	1123.001196,
				"seconds":	1.0000970363616943,
				"bytes":	0,
				"bits_per_second":	0,
				"jitter_ms":	0.062218875235901541,
				"lost_packets":	0,
				"packets":	0,
				"lost_percent":	0,
				"omitted":	false,
				"sender":	false
			}
		}, {
			"streams":	[{
					"socket":	5,
					"start":	1123.001196,
					"end":	1124.001898,
					"seconds":	1.0007020235061646,
					"bytes":	0,
					"bits_per_second":	0,
					"jitter_ms":	0.062218875235901541,
					"lost_packets":	0,
					"packets":	0,
					"lost_percent":	0,
					"omitted":	false,
					"sender":	false
				}],
			"sum":	{
				"start":	1123.001196,
				"end":	1124.001898,
				"seconds":	1.0007020235061646,
				"bytes":	0,
				"bits_per_second":	0,
				"jitter_ms":	0.062218875235901541,
				"lost_packets":	0,
				"packets":	0,
				"lost_percent":	0,
				"omitted":	false,
				"sender":	false
			}
		}, {
			"streams":	[{
					"socket":	5,
					"start":	1124.001898,
					"end":	1125.001856,
					"seconds":	0.99995797872543335,
					"bytes":	0,
					"bits_per_second":	0,
					"jitter_ms":	0.062218875235901541,
					"lost_packets":	0,
					"packets":	0,
					"lost_percent":	0,
					"omitted":	false,
					"sender":	false
				}],
			"sum":	{
				"start":	1124.001898,
				"end":	1125.001856,
				"seconds":	0.99995797872543335,
				"bytes":	0,
				"bits_per_second":	0,
				"jitter_ms":	0.062218875235901541,
				"lost_packets":	0,
				"packets":	0,
				"lost_percent":	0,
				"omitted":	false,
				"sender":	false
			}
		}, {
			"streams":	[{
					"socket":	5,
					"start":	1125.001856,
					"end":	1126.001843,
					"seconds":	0.999987006187439,
					"bytes":	0,
					"bits_per_second":	0,
					"jitter_ms":	0.062218875235901541,
					"lost_packets":	0,
					"packets":	0,
					"lost_percent":	0,
					"omitted":	false,
					"sender":	false
				}],
			"sum":	{
				"start":	1125.001856,
				"end":	1126.001843,
				"seconds":	0.999987006187439,
				"bytes":	0,
				"bits_per_second":	0,
				"jitter_ms":	0.062218875235901541,
				"lost_packets":	0,
				"packets":	0,
				"lost_percent":	0,
				"omitted":	false,
				"sender":	false
			}
		}, {
			"streams":	[{
					"socket":	5,
					"start":	1126.001843,
					"end":	1127.001795,
					"seconds":	0.99995201826095581,
					"bytes":	0,
					"bits_per_second":	0,
					"jitter_ms":	0.062218875235901541,
					"lost_packets":	0,
					"packets":	0,
					"lost_percent":	0,
					"omitted":	false,
					"sender":	false
				}],
			"sum":	{
				"start":	1126.001843,
				"end":	1127.001795,
				"seconds":	0.99995201826095581,
				"bytes":	0,
				"bits_per_second":	0,
				"jitter_ms":	0.062218875235901541,
				"lost_packets":	0,
				"packets":	0,
				"lost_percent":	0,
				"omitted":	false,
				"sender":	false
			}
		}, {
			"streams":	[{
					"socket":	5,
					"start":	1127.001795,
					"end":	1128.001878,
					"seconds":	1.0000829696655273,
					"bytes":	0,
					"bits_per_second":	0,
					"jitter_ms":	0.062218875235901541,
					"lost_packets":	0,
					"packets":	0,
					"lost_percent":	0,
					"omitted":	false,
					"sender":	false
				}],
			"sum":	{
				"start":	1127.001795,
				"end":	1128.001878,
				"seconds":	1.0000829696655273,
				"bytes":	0,
				"bits_per_second":	0,
				"jitter_ms":	0.062218875235901541,
				"lost_packets":	0,
				"packets":	0,
				"lost_percent":	0,
				"omitted":	false,
				"sender":	false
			}
		}, {
			"streams":	[{
					"socket":	5,
					"start":	1128.001878,
					"end":	1129.001108,
					"seconds":	0.9992300271987915,
					"bytes":	0,
					"bits_per_second":	0,
					"jitter_ms":	0.062218875235901541,
					"lost_packets":	0,
					"packets":	0,
					"lost_percent":	0,
					"omitted":	false,
					"sender":	false
				}],
			"sum":	{
				"start":	1128.001878,
				"end":	1129.001108,
				"seconds":	0.9992300271987915,
				"bytes":	0,
				"bits_per_second":	0,
				"jitter_ms":	0.062218875235901541,
				"lost_packets":	0,
				"packets":	0,
				"lost_percent":	0,
				"omitted":	false,
				"sender":	false
			}
		}, {
			"streams":	[{
					"socket":	5,
					"start":	1129.001108,
					"end":	1130.00074,
					"seconds":	0.99963200092315674,
					"bytes":	0,
					"bits_per_second":	0,
					"jitter_ms":	0.062218875235901541,
					"lost_packets":	0,
					"packets":	0,
					"lost_percent":	0,
					"omitted":	false,
					"sender":	false
				}],
			"sum":	{
				"start":	1129.001108,
				"end":	1130.00074,
				"seconds":	0.99963200092315674,
				"bytes":	0,
				"bits_per_second":	0,
				"jitter_ms":	0.062218875235901541,
				"lost_packets":	0,
				"packets":	0,
				"lost_percent":	0,
				"omitted":	false,
				"sender":	false
			}
		}, {
			"streams":	[{
					"socket":	5,
					"start":	1130.00074,
					"end":	1131.001906,
					"seconds":	1.0011659860610962,
					"bytes":	0,
					"bits_per_second":	0,
					"jitter_ms":	0.062218875235901541,
					"lost_packets":	0,
					"packets":	0,
					"lost_percent":	0,
					"omitted":	false,
					"sender":	false
				}],
			"sum":	{
				"start":	1130.00074,
				"end":	1131.001906,
				"seconds":	1.0011659860610962,
				"bytes":	0,
				"bits_per_second":	0,
				"jitter_ms":	0.062218875235901541,
				"lost_packets":	0,
				"packets":	0,
				"lost_percent":	0,
				"omitted":	false,
				"sender":	false
			}
		}, {
			"streams":	[{
					"socket":	5,
					"start":	1131.001906,
					"end":	1132.001916,
					"seconds":	1.0000100135803223,
					"bytes":	0,
					"bits_per_second":	0,
					"jitter_ms":	0.062218875235901541,
					"lost_packets":	0,
					"packets":	0,
					"lost_percent":	0,
					"omitted":	false,
					"sender":	false
				}],
			"sum":	{
				"start":	1131.001906,
				"end":	1132.001916,
				"seconds":	1.0000100135803223,
				"bytes":	0,
				"bits_per_second":	0,
				"jitter_ms":	0.062218875235901541,
				"lost_packets":	0,
				"packets":	0,
				"lost_percent":	0,
				"omitted":	false,
				"sender":	false
			}
		}, {
			"streams":	[{
					"socket":	5,
					"start":	1132.001916,
					"end":	1133.002035,
					"seconds":	1.0001189708709717,
					"bytes":	0,
					"bits_per_second":	0,
					"jitter_ms":	0.062218875235901541,
					"lost_packets":	0,
					"packets":	0,
					"lost_percent":	0,
					"omitted":	false,
					"sender":	false
				}],
			"sum":	{
				"start":	1132.001916,
				"end":	1133.002035,
				"seconds":	1.0001189708709717,
				"bytes":	0,
				"bits_per_second":	0,
				"jitter_ms":	0.062218875235901541,
				"lost_packets":	0,
				"packets":	0,
				"lost_percent":	0,
				"omitted":	false,
				"sender":	false
			}
		}, {
			"streams":	[{
					"socket":	5,
					"start":	1133.002035,
					"end":	1134.001893,
					"seconds":	0.999858021736145,
					"bytes":	0,
					"bits_per_second":	0,
					"jitter_ms":	0.062218875235901541,
					"lost_packets":	0,
					"packets":	0,
					"lost_percent":	0,
					"omitted":	false,
					"sender":	false
				}],
			"sum":	{
				"start":	1133.002035,
				"end":	1134.001893,
				"seconds":	0.999858021736145,
				"bytes":	0,
				"bits_per_second":	0,
				"jitter_ms":	0.062218875235901541,
				"lost_packets":	0,
				"packets":	0,
				"lost_percent":	0,
				"omitted":	false,
				"sender":	false
			}
		}, {
			"streams":	[{
					"socket":	5,
					"start":	1134.001893,
					"end":	1135.001863,
					"seconds":	0.999970018863678,
					"bytes":	0,
					"bits_per_second":	0,
					"jitter_ms":	0.062218875235901541,
					"lost_packets":	0,
					"packets":	0,
					"lost_percent":	0,
					"omitted":	false,
					"sender":	false
				}],
			"sum":	{
				"start":	1134.001893,
				"end":	1135.001863,
				"seconds":	0.999970018863678,
				"bytes":	0,
				"bits_per_second":	0,
				"jitter_ms":	0.062218875235901541,
				"lost_packets":	0,
				"packets":	0,
				"lost_percent":	0,
				"omitted":	false,
				"sender":	false
			}
		}, {
			"streams":	[{
					"socket":	5,
					"start":	1135.001863,
					"end":	1136.001916,
					"seconds":	1.00005304813385,
					"bytes":	0,
					"bits_per_second":	0,
					"jitter_ms":	0.062218875235901541,
					"lost_packets":	0,
					"packets":	0,
					"lost_percent":	0,
					"omitted":	false,
					"sender":	false
				}],
			"sum":	{
				"start":	1135.001863,
				"end":	1136.001916,
				"seconds":	1.00005304813385,
				"bytes":	0,
				"bits_per_second":	0,
				"jitter_ms":	0.062218875235901541,
				"lost_packets":	0,
				"packets":	0,
				"lost_percent":	0,
				"omitted":	false,
				"sender":	false
			}
		}, {
			"streams":	[{
					"socket":	5,
					"start":	1136.001916,
					"end":	1137.001864,
					"seconds":	0.999948024749756,
					"bytes":	0,
					"bits_per_second":	0,
					"jitter_ms":	0.062218875235901541,
					"lost_packets":	0,
					"packets":	0,
					"lost_percent":	0,
					"omitted":	false,
					"sender":	false
				}],
			"sum":	{
				"start":	1136.001916,
				"end":	1137.001864,
				"seconds":	0.999948024749756,
				"bytes":	0,
				"bits_per_second":	0,
				"jitter_ms":	0.062218875235901541,
				"lost_packets":	0,
				"packets":	0,
				"lost_percent":	0,
				"omitted":	false,
				"sender":	false
			}
		}, {
			"streams":	[{
					"socket":	5,
					"start":	1137.001864,
					"end":	1138.001776,
					"seconds":	0.99991202354431152,
					"bytes":	0,
					"bits_per_second":	0,
					"jitter_ms":	0.062218875235901541,
					"lost_packets":	0,
					"packets":	0,
					"lost_percent":	0,
					"omitted":	false,
					"sender":	false
				}],
			"sum":	{
				"start":	1137.001864,
				"end":	1138.001776,
				"seconds":	0.99991202354431152,
				"bytes":	0,
				"bits_per_second":	0,
				"jitter_ms":	0.062218875235901541,
				"lost_packets":	0,
				"packets":	0,
				"lost_percent":	0,
				"omitted":	false,
				"sender":	false
			}
		}, {
			"streams":	[{
					"socket":	5,
					"start":	1138.001776,
					"end":	1139.001113,
					"seconds":	0.99933701753616333,
					"bytes":	0,
					"bits_per_second":	0,
					"jitter_ms":	0.062218875235901541,
					"lost_packets":	0,
					"packets":	0,
					"lost_percent":	0,
					"omitted":	false,
					"sender":	false
				}],
			"sum":	{
				"start":	1138.001776,
				"end":	1139.001113,
				"seconds":	0.99933701753616333,
				"bytes":	0,
				"bits_per_second":	0,
				"jitter_ms":	0.062218875235901541,
				"lost_packets":	0,
				"packets":	0,
				"lost_percent":	0,
				"omitted":	false,
				"sender":	false
			}
		}, {
			"streams":	[{
					"socket":	5,
					"start":	1139.001113,
					"end":	1140.001913,
					"seconds":	1.0008000135421753,
					"bytes":	0,
					"bits_per_second":	0,
					"jitter_ms":	0.062218875235901541,
					"lost_packets":	0,
					"packets":	0,
					"lost_percent":	0,
					"omitted":	false,
					"sender":	false
				}],
			"sum":	{
				"start":	1139.001113,
				"end":	1140.001913,
				"seconds":	1.0008000135421753,
				"bytes":	0,
				"bits_per_second":	0,
				"jitter_ms":	0.062218875235901541,
				"lost_packets":	0,
				"packets":	0,
				"lost_percent":	0,
				"omitted":	false,
				"sender":	false
			}
		}, {
			"streams":	[{
					"socket":	5,
					"start":	1140.001913,
					"end":	1141.001789,
					"seconds":	0.99987602233886719,
					"bytes":	0,
					"bits_per_second":	0,
					"jitter_ms":	0.062218875235901541,
					"lost_packets":	0,
					"packets":	0,
					"lost_percent":	0,
					"omitted":	false,
					"sender":	false
				}],
			"sum":	{
				"start":	1140.001913,
				"end":	1141.001789,
				"seconds":	0.99987602233886719,
				"bytes":	0,
				"bits_per_second":	0,
				"jitter_ms":	0.062218875235901541,
				"lost_packets":	0,
				"packets":	0,
				"lost_percent":	0,
				"omitted":	false,
				"sender":	false
			}
		}, {
			"streams":	[{
					"socket":	5,
					"start":	1141.001789,
					"end":	1142.001822,
					"seconds":	1.0000330209732056,
					"bytes":	0,
					"bits_per_second":	0,
					"jitter_ms":	0.062218875235901541,
					"lost_packets":	0,
					"packets":	0,
					"lost_percent":	0,
					"omitted":	false,
					"sender":	false
				}],
			"sum":	{
				"start":	1141.001789,
				"end":	1142.001822,
				"seconds":	1.0000330209732056,
				"bytes":	0,
				"bits_per_second":	0,
				"jitter_ms":	0.062218875235901541,
				"lost_packets":	0,
				"packets":	0,
				"lost_percent":	0,
				"omitted":	false,
				"sender":	false
			}
		}, {
			"streams":	[{
					"socket":	5,
					"start":	1142.001822,
					"end":	1143.001873,
					"seconds":	1.0000510215759277,
					"bytes":	0,
					"bits_per_second":	0,
					"jitter_ms":	0.062218875235901541,
					"lost_packets":	0,
					"packets":	0,
					"lost_percent":	0,
					"omitted":	false,
					"sender":	false
				}],
			"sum":	{
				"start":	1142.001822,
				"end":	1143.001873,
				"seconds":	1.0000510215759277,
				"bytes":	0,
				"bits_per_second":	0,
				"jitter_ms":	0.062218875235901541,
				"lost_packets":	0,
				"packets":	0,
				"lost_percent":	0,
				"omitted":	false,
				"sender":	false
			}
		}, {
			"streams":	[{
					"socket":	5,
					"start":	1143.001873,
					"end":	1144.001911,
					"seconds":	1.0000380277633667,
					"bytes":	0,
					"bits_per_second":	0,
					"jitter_ms":	0.062218875235901541,
					"lost_packets":	0,
					"packets":	0,
					"lost_percent":	0,
					"omitted":	false,
					"sender":	false
				}],
			"sum":	{
				"start":	1143.001873,
				"end":	1144.001911,
				"seconds":	1.0000380277633667,
				"bytes":	0,
				"bits_per_second":	0,
				"jitter_ms":	0.062218875235901541,
				"lost_packets":	0,
				"packets":	0,
				"lost_percent":	0,
				"omitted":	false,
				"sender":	false
			}
		}, {
			"streams":	[{
					"socket":	5,
					"start":	1144.001911,
					"end":	1145.001926,
					"seconds":	1.0000150203704834,
					"bytes":	0,
					"bits_per_second":	0,
					"jitter_ms":	0.062218875235901541,
					"lost_packets":	0,
					"packets":	0,
					"lost_percent":	0,
					"omitted":	false,
					"sender":	false
				}],
			"sum":	{
				"start":	1144.001911,
				"end":	1145.001926,
				"seconds":	1.0000150203704834,
				"bytes":	0,
				"bits_per_second":	0,
				"jitter_ms":	0.062218875235901541,
				"lost_packets":	0,
				"packets":	0,
				"lost_percent":	0,
				"omitted":	false,
				"sender":	false
			}
		}, {
			"streams":	[{
					"socket":	5,
					"start":	1145.001926,
					"end":	1146.001884,
					"seconds":	0.99995797872543335,
					"bytes":	0,
					"bits_per_second":	0,
					"jitter_ms":	0.062218875235901541,
					"lost_packets":	0,
					"packets":	0,
					"lost_percent":	0,
					"omitted":	false,
					"sender":	false
				}],
			"sum":	{
				"start":	1145.001926,
				"end":	1146.001884,
				"seconds":	0.99995797872543335,
				"bytes":	0,
				"bits_per_second":	0,
				"jitter_ms":	0.062218875235901541,
				"lost_packets":	0,
				"packets":	0,
				"lost_percent":	0,
				"omitted":	false,
				"sender":	false
			}
		}, {
			"streams":	[{
					"socket":	5,
					"start":	1146.001884,
					"end":	1147.001919,
					"seconds":	1.0000350475311279,
					"bytes":	0,
					"bits_per_second":	0,
					"jitter_ms":	0.062218875235901541,
					"lost_packets":	0,
					"packets":	0,
					"lost_percent":	0,
					"omitted":	false,
					"sender":	false
				}],
			"sum":	{
				"start":	1146.001884,
				"end":	1147.001919,
				"seconds":	1.0000350475311279,
				"bytes":	0,
				"bits_per_second":	0,
				"jitter_ms":	0.062218875235901541,
				"lost_packets":	0,
				"packets":	0,
				"lost_percent":	0,
				"omitted":	false,
				"sender":	false
			}
		}, {
			"streams":	[{
					"socket":	5,
					"start":	1147.001919,
					"end":	1148.001827,
					"seconds":	0.9999079704284668,
					"bytes":	0,
					"bits_per_second":	0,
					"jitter_ms":	0.062218875235901541,
					"lost_packets":	0,
					"packets":	0,
					"lost_percent":	0,
					"omitted":	false,
					"sender":	false
				}],
			"sum":	{
				"start":	1147.001919,
				"end":	1148.001827,
				"seconds":	0.9999079704284668,
				"bytes":	0,
				"bits_per_second":	0,
				"jitter_ms":	0.062218875235901541,
				"lost_packets":	0,
				"packets":	0,
				"lost_percent":	0,
				"omitted":	false,
				"sender":	false
			}
		}, {
			"streams":	[{
					"socket":	5,
					"start":	1148.001827,
					"end":	1149.001801,
					"seconds":	0.999974012374878,
					"bytes":	0,
					"bits_per_second":	0,
					"jitter_ms":	0.062218875235901541,
					"lost_packets":	0,
					"packets":	0,
					"lost_percent":	0,
					"omitted":	false,
					"sender":	false
				}],
			"sum":	{
				"start":	1148.001827,
				"end":	1149.001801,
				"seconds":	0.999974012374878,
				"bytes":	0,
				"bits_per_second":	0,
				"jitter_ms":	0.062218875235901541,
				"lost_packets":	0,
				"packets":	0,
				"lost_percent":	0,
				"omitted":	false,
				"sender":	false
			}
		}, {
			"streams":	[{
					"socket":	5,
					"start":	1149.001801,
					"end":	1150.001854,
					"seconds":	1.00005304813385,
					"bytes":	0,
					"bits_per_second":	0,
					"jitter_ms":	0.062218875235901541,
					"lost_packets":	0,
					"packets":	0,
					"lost_percent":	0,
					"omitted":	false,
					"sender":	false
				}],
			"sum":	{
				"start":	1149.001801,
				"end":	1150.001854,
				"seconds":	1.00005304813385,
				"bytes":	0,
				"bits_per_second":	0,
				"jitter_ms":	0.062218875235901541,
				"lost_packets":	0,
				"packets":	0,
				"lost_percent":	0,
				"omitted":	false,
				"sender":	false
			}
		}, {
			"streams":	[{
					"socket":	5,
					"start":	1150.001854,
					"end":	1151.001846,
					"seconds":	0.9999920129776,
					"bytes":	0,
					"bits_per_second":	0,
					"jitter_ms":	0.062218875235901541,
					"lost_packets":	0,
					"packets":	0,
					"lost_percent":	0,
					"omitted":	false,
					"sender":	false
				}],
			"sum":	{
				"start":	1150.001854,
				"end":	1151.001846,
				"seconds":	0.9999920129776,
				"bytes":	0,
				"bits_per_second":	0,
				"jitter_ms":	0.062218875235901541,
				"lost_packets":	0,
				"packets":	0,
				"lost_percent":	0,
				"omitted":	false,
				"sender":	false
			}
		}, {
			"streams":	[{
					"socket":	5,
					"start":	1151.001846,
					"end":	1152.001909,
					"seconds":	1.0000629425048828,
					"bytes":	0,
					"bits_per_second":	0,
					"jitter_ms":	0.062218875235901541,
					"lost_packets":	0,
					"packets":	0,
					"lost_percent":	0,
					"omitted":	false,
					"sender":	false
				}],
			"sum":	{
				"start":	1151.001846,
				"end":	1152.001909,
				"seconds":	1.0000629425048828,
				"bytes":	0,
				"bits_per_second":	0,
				"jitter_ms":	0.062218875235901541,
				"lost_packets":	0,
				"packets":	0,
				"lost_percent":	0,
				"omitted":	false,
				"sender":	false
			}
		}, {
			"streams":	[{
					"socket":	5,
					"start":	1152.001909,
					"end":	1153.001907,
					"seconds":	0.99999797344207764,
					"bytes":	0,
					"bits_per_second":	0,
					"jitter_ms":	0.062218875235901541,
					"lost_packets":	0,
					"packets":	0,
					"lost_percent":	0,
					"omitted":	false,
					"sender":	false
				}],
			"sum":	{
				"start":	1152.001909,
				"end":	1153.001907,
				"seconds":	0.99999797344207764,
				"bytes":	0,
				"bits_per_second":	0,
				"jitter_ms":	0.062218875235901541,
				"lost_packets":	0,
				"packets":	0,
				"lost_percent":	0,
				"omitted":	false,
				"sender":	false
			}
		}, {
			"streams":	[{
					"socket":	5,
					"start":	1153.001907,
					"end":	1154.001912,
					"seconds":	1.0000050067901611,
					"bytes":	0,
					"bits_per_second":	0,
					"jitter_ms":	0.062218875235901541,
					"lost_packets":	0,
					"packets":	0,
					"lost_percent":	0,
					"omitted":	false,
					"sender":	false
				}],
			"sum":	{
				"start":	1153.001907,
				"end":	1154.001912,
				"seconds":	1.0000050067901611,
				"bytes":	0,
				"bits_per_second":	0,
				"jitter_ms":	0.062218875235901541,
				"lost_packets":	0,
				"packets":	0,
				"lost_percent":	0,
				"omitted":	false,
				"sender":	false
			}
		}, {
			"streams":	[{
					"socket":	5,
					"start":	1154.001912,
					"end":	1155.001921,
					"seconds":	1.0000089406967163,
					"bytes":	0,
					"bits_per_second":	0,
					"jitter_ms":	0.062218875235901541,
					"lost_packets":	0,
					"packets":	0,
					"lost_percent":	0,
					"omitted":	false,
					"sender":	false
				}],
			"sum":	{
				"start":	1154.001912,
				"end":	1155.001921,
				"seconds":	1.0000089406967163,
				"bytes":	0,
				"bits_per_second":	0,
				"jitter_ms":	0.062218875235901541,
				"lost_packets":	0,
				"packets":	0,
				"lost_percent":	0,
				"omitted":	false,
				"sender":	false
			}
		}, {
			"streams":	[{
					"socket":	5,
					"start":	1155.001921,
					"end":	1156.001848,
					"seconds":	0.99992698431015,
					"bytes":	0,
					"bits_per_second":	0,
					"jitter_ms":	0.062218875235901541,
					"lost_packets":	0,
					"packets":	0,
					"lost_percent":	0,
					"omitted":	false,
					"sender":	false
				}],
			"sum":	{
				"start":	1155.001921,
				"end":	1156.001848,
				"seconds":	0.99992698431015,
				"bytes":	0,
				"bits_per_second":	0,
				"jitter_ms":	0.062218875235901541,
				"lost_packets":	0,
				"packets":	0,
				"lost_percent":	0,
				"omitted":	false,
				"sender":	false
			}
		}, {
			"streams":	[{
					"socket":	5,
					"start":	1156.001848,
					"end":	1157.001847,
					"seconds":	0.99999898672103882,
					"bytes":	0,
					"bits_per_second":	0,
					"jitter_ms":	0.062218875235901541,
					"lost_packets":	0,
					"packets":	0,
					"lost_percent":	0,
					"omitted":	false,
					"sender":	false
				}],
			"sum":	{
				"start":	1156.001848,
				"end":	1157.001847,
				"seconds":	0.99999898672103882,
				"bytes":	0,
				"bits_per_second":	0,
				"jitter_ms":	0.062218875235901541,
				"lost_packets":	0,
				"packets":	0,
				"lost_percent":	0,
				"omitted":	false,
				"sender":	false
			}
		}, {
			"streams":	[{
					"socket":	5,
					"start":	1157.001847,
					"end":	1158.001906,
					"seconds":	1.0000590085983276,
					"bytes":	0,
					"bits_per_second":	0,
					"jitter_ms":	0.062218875235901541,
					"lost_packets":	0,
					"packets":	0,
					"lost_percent":	0,
					"omitted":	false,
					"sender":	false
				}],
			"sum":	{
				"start":	1157.001847,
				"end":	1158.001906,
				"seconds":	1.0000590085983276,
				"bytes":	0,
				"bits_per_second":	0,
				"jitter_ms":	0.062218875235901541,
				"lost_packets":	0,
				"packets":	0,
				"lost_percent":	0,
				"omitted":	false,
				"sender":	false
			}
		}, {
			"streams":	[{
					"socket":	5,
					"start":	1158.001906,
					"end":	1159.001927,
					"seconds":	1.0000209808349609,
					"bytes":	0,
					"bits_per_second":	0,
					"jitter_ms":	0.062218875235901541,
					"lost_packets":	0,
					"packets":	0,
					"lost_percent":	0,
					"omitted":	false,
					"sender":	false
				}],
			"sum":	{
				"start":	1158.001906,
				"end":	1159.001927,
				"seconds":	1.0000209808349609,
				"bytes":	0,
				"bits_per_second":	0,
				"jitter_ms":	0.062218875235901541,
				"lost_packets":	0,
				"packets":	0,
				"lost_percent":	0,
				"omitted":	false,
				"sender":	false
			}
		}, {
			"streams":	[{
					"socket":	5,
					"start":	1159.001927,
					"end":	1160.001897,
					"seconds":	0.999970018863678,
					"bytes":	0,
					"bits_per_second":	0,
					"jitter_ms":	0.062218875235901541,
					"lost_packets":	0,
					"packets":	0,
					"lost_percent":	0,
					"omitted":	false,
					"sender":	false
				}],
			"sum":	{
				"start":	1159.001927,
				"end":	1160.001897,
				"seconds":	0.999970018863678,
				"bytes":	0,
				"bits_per_second":	0,
				"jitter_ms":	0.062218875235901541,
				"lost_packets":	0,
				"packets":	0,
				"lost_percent":	0,
				"omitted":	false,
				"sender":	false
			}
		}, {
			"streams":	[{
					"socket":	5,
					"start":	1160.001897,
					"end":	1161.001891,
					"seconds":	0.99999397993087769,
					"bytes":	0,
					"bits_per_second":	0,
					"jitter_ms":	0.062218875235901541,
					"lost_packets":	0,
					"packets":	0,
					"lost_percent":	0,
					"omitted":	false,
					"sender":	false
				}],
			"sum":	{
				"start":	1160.001897,
				"end":	1161.001891,
				"seconds":	0.99999397993087769,
				"bytes":	0,
				"bits_per_second":	0,
				"jitter_ms":	0.062218875235901541,
				"lost_packets":	0,
				"packets":	0,
				"lost_percent":	0,
				"omitted":	false,
				"sender":	false
			}
		}, {
			"streams":	[{
					"socket":	5,
					"start":	1161.001891,
					"end":	1162.00189,
					"seconds":	0.99999898672103882,
					"bytes":	0,
					"bits_per_second":	0,
					"jitter_ms":	0.062218875235901541,
					"lost_packets":	0,
					"packets":	0,
					"lost_percent":	0,
					"omitted":	false,
					"sender":	false
				}],
			"sum":	{
				"start":	1161.001891,
				"end":	1162.00189,
				"seconds":	0.99999898672103882,
				"bytes":	0,
				"bits_per_second":	0,
				"jitter_ms":	0.062218875235901541,
				"lost_packets":	0,
				"packets":	0,
				"lost_percent":	0,
				"omitted":	false,
				"sender":	false
			}
		}, {
			"streams":	[{
					"socket":	5,
					"start":	1162.00189,
					"end":	1163.000313,
					"seconds":	0.99842298030853271,
					"bytes":	0,
					"bits_per_second":	0,
					"jitter_ms":	0.062218875235901541,
					"lost_packets":	0,
					"packets":	0,
					"lost_percent":	0,
					"omitted":	false,
					"sender":	false
				}],
			"sum":	{
				"start":	1162.00189,
				"end":	1163.000313,
				"seconds":	0.99842298030853271,
				"bytes":	0,
				"bits_per_second":	0,
				"jitter_ms":	0.062218875235901541,
				"lost_packets":	0,
				"packets":	0,
				"lost_percent":	0,
				"omitted":	false,
				"sender":	false
			}
		}, {
			"streams":	[{
					"socket":	5,
					"start":	1163.000313,
					"end":	1164.0019,
					"seconds":	1.0015870332717896,
					"bytes":	0,
					"bits_per_second":	0,
					"jitter_ms":	0.062218875235901541,
					"lost_packets":	0,
					"packets":	0,
					"lost_percent":	0,
					"omitted":	false,
					"sender":	false
				}],
			"sum":	{
				"start":	1163.000313,
				"end":	1164.0019,
				"seconds":	1.0015870332717896,
				"bytes":	0,
				"bits_per_second":	0,
				"jitter_ms":	0.062218875235901541,
				"lost_packets":	0,
				"packets":	0,
				"lost_percent":	0,
				"omitted":	false,
				"sender":	false
			}
		}, {
			"streams":	[{
					"socket":	5,
					"start":	1164.0019,
					"end":	1165.001202,
					"seconds":	0.99930202960968018,
					"bytes":	0,
					"bits_per_second":	0,
					"jitter_ms":	0.062218875235901541,
					"lost_packets":	0,
					"packets":	0,
					"lost_percent":	0,
					"omitted":	false,
					"sender":	false
				}],
			"sum":	{
				"start":	1164.0019,
				"end":	1165.001202,
				"seconds":	0.99930202960968018,
				"bytes":	0,
				"bits_per_second":	0,
				"jitter_ms":	0.062218875235901541,
				"lost_packets":	0,
				"packets":	0,
				"lost_percent":	0,
				"omitted":	false,
				"sender":	false
			}
		}, {
			"streams":	[{
					"socket":	5,
					"start":	1165.001202,
					"end":	1166.00194,
					"seconds":	1.0007380247116089,
					"bytes":	0,
					"bits_per_second":	0,
					"jitter_ms":	0.062218875235901541,
					"lost_packets":	0,
					"packets":	0,
					"lost_percent":	0,
					"omitted":	false,
					"sender":	false
				}],
			"sum":	{
				"start":	1165.001202,
				"end":	1166.00194,
				"seconds":	1.0007380247116089,
				"bytes":	0,
				"bits_per_second":	0,
				"jitter_ms":	0.062218875235901541,
				"lost_packets":	0,
				"packets":	0,
				"lost_percent":	0,
				"omitted":	false,
				"sender":	false
			}
		}, {
			"streams":	[{
					"socket":	5,
					"start":	1166.00194,
					"end":	1167.001857,
					"seconds":	0.999916970729828,
					"bytes":	0,
					"bits_per_second":	0,
					"jitter_ms":	0.062218875235901541,
					"lost_packets":	0,
					"packets":	0,
					"lost_percent":	0,
					"omitted":	false,
					"sender":	false
				}],
			"sum":	{
				"start":	1166.00194,
				"end":	1167.001857,
				"seconds":	0.999916970729828,
				"bytes":	0,
				"bits_per_second":	0,
				"jitter_ms":	0.062218875235901541,
				"lost_packets":	0,
				"packets":	0,
				"lost_percent":	0,
				"omitted":	false,
				"sender":	false
			}
		}, {
			"streams":	[{
					"socket":	5,
					"start":	1167.001857,
					"end":	1168.00207,
					"seconds":	1.0002130270004272,
					"bytes":	0,
					"bits_per_second":	0,
					"jitter_ms":	0.062218875235901541,
					"lost_packets":	0,
					"packets":	0,
					"lost_percent":	0,
					"omitted":	false,
					"sender":	false
				}],
			"sum":	{
				"start":	1167.001857,
				"end":	1168.00207,
				"seconds":	1.0002130270004272,
				"bytes":	0,
				"bits_per_second":	0,
				"jitter_ms":	0.062218875235901541,
				"lost_packets":	0,
				"packets":	0,
				"lost_percent":	0,
				"omitted":	false,
				"sender":	false
			}
		}, {
			"streams":	[{
					"socket":	5,
					"start":	1168.00207,
					"end":	1169.001088,
					"seconds":	0.99901801347732544,
					"bytes":	0,
					"bits_per_second":	0,
					"jitter_ms":	0.062218875235901541,
					"lost_packets":	0,
					"packets":	0,
					"lost_percent":	0,
					"omitted":	false,
					"sender":	false
				}],
			"sum":	{
				"start":	1168.00207,
				"end":	1169.001088,
				"seconds":	0.99901801347732544,
				"bytes":	0,
				"bits_per_second":	0,
				"jitter_ms":	0.062218875235901541,
				"lost_packets":	0,
				"packets":	0,
				"lost_percent":	0,
				"omitted":	false,
				"sender":	false
			}
		}, {
			"streams":	[{
					"socket":	5,
					"start":	1169.001088,
					"end":	1170.001831,
					"seconds":	1.00074303150177,
					"bytes":	0,
					"bits_per_second":	0,
					"jitter_ms":	0.062218875235901541,
					"lost_packets":	0,
					"packets":	0,
					"lost_percent":	0,
					"omitted":	false,
					"sender":	false
				}],
			"sum":	{
				"start":	1169.001088,
				"end":	1170.001831,
				"seconds":	1.00074303150177,
				"bytes":	0,
				"bits_per_second":	0,
				"jitter_ms":	0.062218875235901541,
				"lost_packets":	0,
				"packets":	0,
				"lost_percent":	0,
				"omitted":	false,
				"sender":	false
			}
		}, {
			"streams":	[{
					"socket":	5,
					"start":	1170.001831,
					"end":	1171.001124,
					"seconds":	0.999293029308319,
					"bytes":	0,
					"bits_per_second":	0,
					"jitter_ms":	0.062218875235901541,
					"lost_packets":	0,
					"packets":	0,
					"lost_percent":	0,
					"omitted":	false,
					"sender":	false
				}],
			"sum":	{
				"start":	1170.001831,
				"end":	1171.001124,
				"seconds":	0.999293029308319,
				"bytes":	0,
				"bits_per_second":	0,
				"jitter_ms":	0.062218875235901541,
				"lost_packets":	0,
				"packets":	0,
				"lost_percent":	0,
				"omitted":	false,
				"sender":	false
			}
		}, {
			"streams":	[{
					"socket":	5,
					"start":	1171.001124,
					"end":	1172.001108,
					"seconds":	0.9999840259552002,
					"bytes":	0,
					"bits_per_second":	0,
					"jitter_ms":	0.062218875235901541,
					"lost_packets":	0,
					"packets":	0,
					"lost_percent":	0,
					"omitted":	false,
					"sender":	false
				}],
			"sum":	{
				"start":	1171.001124,
				"end":	1172.001108,
				"seconds":	0.9999840259552002,
				"bytes":	0,
				"bits_per_second":	0,
				"jitter_ms":	0.062218875235901541,
				"lost_packets":	0,
				"packets":	0,
				"lost_percent":	0,
				"omitted":	false,
				"sender":	false
			}
		}, {
			"streams":	[{
					"socket":	5,
					"start":	1172.001108,
					"end":	1173.00186,
					"seconds":	1.0007519721984863,
					"bytes":	0,
					"bits_per_second":	0,
					"jitter_ms":	0.062218875235901541,
					"lost_packets":	0,
					"packets":	0,
					"lost_percent":	0,
					"omitted":	false,
					"sender":	false
				}],
			"sum":	{
				"start":	1172.001108,
				"end":	1173.00186,
				"seconds":	1.0007519721984863,
				"bytes":	0,
				"bits_per_second":	0,
				"jitter_ms":	0.062218875235901541,
				"lost_packets":	0,
				"packets":	0,
				"lost_percent":	0,
				"omitted":	false,
				"sender":	false
			}
		}, {
			"streams":	[{
					"socket":	5,
					"start":	1173.00186,
					"end":	1174.001948,
					"seconds":	1.0000879764556885,
					"bytes":	0,
					"bits_per_second":	0,
					"jitter_ms":	0.062218875235901541,
					"lost_packets":	0,
					"packets":	0,
					"lost_percent":	0,
					"omitted":	false,
					"sender":	false
				}],
			"sum":	{
				"start":	1173.00186,
				"end":	1174.001948,
				"seconds":	1.0000879764556885,
				"bytes":	0,
				"bits_per_second":	0,
				"jitter_ms":	0.062218875235901541,
				"lost_packets":	0,
				"packets":	0,
				"lost_percent":	0,
				"omitted":	false,
				"sender":	false
			}
		}, {
			"streams":	[{
					"socket":	5,
					"start":	1174.001948,
					"end":	1175.001814,
					"seconds":	0.999866008758545,
					"bytes":	0,
					"bits_per_second":	0,
					"jitter_ms":	0.062218875235901541,
					"lost_packets":	0,
					"packets":	0,
					"lost_percent":	0,
					"omitted":	false,
					"sender":	false
				}],
			"sum":	{
				"start":	1174.001948,
				"end":	1175.001814,
				"seconds":	0.999866008758545,
				"bytes":	0,
				"bits_per_second":	0,
				"jitter_ms":	0.062218875235901541,
				"lost_packets":	0,
				"packets":	0,
				"lost_percent":	0,
				"omitted":	false,
				"sender":	false
			}
		}, {
			"streams":	[{
					"socket":	5,
					"start":	1175.001814,
					"end":	1176.001919,
					"seconds":	1.0001050233840942,
					"bytes":	0,
					"bits_per_second":	0,
					"jitter_ms":	0.062218875235901541,
					"lost_packets":	0,
					"packets":	0,
					"lost_percent":	0,
					"omitted":	false,
					"sender":	false
				}],
			"sum":	{
				"start":	1175.001814,
				"end":	1176.001919,
				"seconds":	1.0001050233840942,
				"bytes":	0,
				"bits_per_second":	0,
				"jitter_ms":	0.062218875235901541,
				"lost_packets":	0,
				"packets":	0,
				"lost_percent":	0,
				"omitted":	false,
				"sender":	false
			}
		}, {
			"streams":	[{
					"socket":	5,
					"start":	1176.001919,
					"end":	1177.001871,
					"seconds":	0.99995201826095581,
					"bytes":	0,
					"bits_per_second":	0,
					"jitter_ms":	0.062218875235901541,
					"lost_packets":	0,
					"packets":	0,
					"lost_percent":	0,
					"omitted":	false,
					"sender":	false
				}],
			"sum":	{
				"start":	1176.001919,
				"end":	1177.001871,
				"seconds":	0.99995201826095581,
				"bytes":	0,
				"bits_per_second":	0,
				"jitter_ms":	0.062218875235901541,
				"lost_packets":	0,
				"packets":	0,
				"lost_percent":	0,
				"omitted":	false,
				"sender":	false
			}
		}, {
			"streams":	[{
					"socket":	5,
					"start":	1177.001871,
					"end":	1178.001858,
					"seconds":	0.999987006187439,
					"bytes":	0,
					"bits_per_second":	0,
					"jitter_ms":	0.062218875235901541,
					"lost_packets":	0,
					"packets":	0,
					"lost_percent":	0,
					"omitted":	false,
					"sender":	false
				}],
			"sum":	{
				"start":	1177.001871,
				"end":	1178.001858,
				"seconds":	0.999987006187439,
				"bytes":	0,
				"bits_per_second":	0,
				"jitter_ms":	0.062218875235901541,
				"lost_packets":	0,
				"packets":	0,
				"lost_percent":	0,
				"omitted":	false,
				"sender":	false
			}
		}, {
			"streams":	[{
					"socket":	5,
					"start":	1178.001858,
					"end":	1179.001877,
					"seconds":	1.0000189542770386,
					"bytes":	0,
					"bits_per_second":	0,
					"jitter_ms":	0.062218875235901541,
					"lost_packets":	0,
					"packets":	0,
					"lost_percent":	0,
					"omitted":	false,
					"sender":	false
				}],
			"sum":	{
				"start":	1178.001858,
				"end":	1179.001877,
				"seconds":	1.0000189542770386,
				"bytes":	0,
				"bits_per_second":	0,
				"jitter_ms":	0.062218875235901541,
				"lost_packets":	0,
				"packets":	0,
				"lost_percent":	0,
				"omitted":	false,
				"sender":	false
			}
		}, {
			"streams":	[{
					"socket":	5,
					"start":	1179.001877,
					"end":	1180.001885,
					"seconds":	1.0000079870224,
					"bytes":	0,
					"bits_per_second":	0,
					"jitter_ms":	0.062218875235901541,
					"lost_packets":	0,
					"packets":	0,
					"lost_percent":	0,
					"omitted":	false,
					"sender":	false
				}],
			"sum":	{
				"start":	1179.001877,
				"end":	1180.001885,
				"seconds":	1.0000079870224,
				"bytes":	0,
				"bits_per_second":	0,
				"jitter_ms":	0.062218875235901541,
				"lost_packets":	0,
				"packets":	0,
				"lost_percent":	0,
				"omitted":	false,
				"sender":	false
			}
		}, {
			"streams":	[{
					"socket":	5,
					"start":	1180.001885,
					"end":	1181.001842,
					"seconds":	0.999957025051117,
					"bytes":	0,
					"bits_per_second":	0,
					"jitter_ms":	0.062218875235901541,
					"lost_packets":	0,
					"packets":	0,
					"lost_percent":	0,
					"omitted":	false,
					"sender":	false
				}],
			"sum":	{
				"start":	1180.001885,
				"end":	1181.001842,
				"seconds":	0.999957025051117,
				"bytes":	0,
				"bits_per_second":	0,
				"jitter_ms":	0.062218875235901541,
				"lost_packets":	0,
				"packets":	0,
				"lost_percent":	0,
				"omitted":	false,
				"sender":	false
			}
		}, {
			"streams":	[{
					"socket":	5,
					"start":	1181.001842,
					"end":	1182.0014,
					"seconds":	0.9995579719543457,
					"bytes":	0,
					"bits_per_second":	0,
					"jitter_ms":	0.062218875235901541,
					"lost_packets":	0,
					"packets":	0,
					"lost_percent":	0,
					"omitted":	false,
					"sender":	false
				}],
			"sum":	{
				"start":	1181.001842,
				"end":	1182.0014,
				"seconds":	0.9995579719543457,
				"bytes":	0,
				"bits_per_second":	0,
				"jitter_ms":	0.062218875235901541,
				"lost_packets":	0,
				"packets":	0,
				"lost_percent":	0,
				"omitted":	false,
				"sender":	false
			}
		}, {
			"streams":	[{
					"socket":	5,
					"start":	1182.0014,
					"end":	1183.001848,
					"seconds":	1.0004479885101318,
					"bytes":	0,
					"bits_per_second":	0,
					"jitter_ms":	0.062218875235901541,
					"lost_packets":	0,
					"packets":	0,
					"lost_percent":	0,
					"omitted":	false,
					"sender":	false
				}],
			"sum":	{
				"start":	1182.0014,
				"end":	1183.001848,
				"seconds":	1.0004479885101318,
				"bytes":	0,
				"bits_per_second":	0,
				"jitter_ms":	0.062218875235901541,
				"lost_packets":	0,
				"packets":	0,
				"lost_percent":	0,
				"omitted":	false,
				"sender":	false
			}
		}, {
			"streams":	[{
					"socket":	5,
					"start":	1183.001848,
					"end":	1184.001878,
					"seconds":	1.0000300407409668,
					"bytes":	0,
					"bits_per_second":	0,
					"jitter_ms":	0.062218875235901541,
					"lost_packets":	0,
					"packets":	0,
					"lost_percent":	0,
					"omitted":	false,
					"sender":	false
				}],
			"sum":	{
				"start":	1183.001848,
				"end":	1184.001878,
				"seconds":	1.0000300407409668,
				"bytes":	0,
				"bits_per_second":	0,
				"jitter_ms":	0.062218875235901541,
				"lost_packets":	0,
				"packets":	0,
				"lost_percent":	0,
				"omitted":	false,
				"sender":	false
			}
		}, {
			"streams":	[{
					"socket":	5,
					"start":	1184.001878,
					"end":	1185.001783,
					"seconds":	0.999904990196228,
					"bytes":	0,
					"bits_per_second":	0,
					"jitter_ms":	0.062218875235901541,
					"lost_packets":	0,
					"packets":	0,
					"lost_percent":	0,
					"omitted":	false,
					"sender":	false
				}],
			"sum":	{
				"start":	1184.001878,
				"end":	1185.001783,
				"seconds":	0.999904990196228,
				"bytes":	0,
				"bits_per_second":	0,
				"jitter_ms":	0.062218875235901541,
				"lost_packets":	0,
				"packets":	0,
				"lost_percent":	0,
				"omitted":	false,
				"sender":	false
			}
		}, {
			"streams":	[{
					"socket":	5,
					"start":	1185.001783,
					"end":	1186.001847,
					"seconds":	1.0000640153884888,
					"bytes":	0,
					"bits_per_second":	0,
					"jitter_ms":	0.062218875235901541,
					"lost_packets":	0,
					"packets":	0,
					"lost_percent":	0,
					"omitted":	false,
					"sender":	false
				}],
			"sum":	{
				"start":	1185.001783,
				"end":	1186.001847,
				"seconds":	1.0000640153884888,
				"bytes":	0,
				"bits_per_second":	0,
				"jitter_ms":	0.062218875235901541,
				"lost_packets":	0,
				"packets":	0,
				"lost_percent":	0,
				"omitted":	false,
				"sender":	false
			}
		}, {
			"streams":	[{
					"socket":	5,
					"start":	1186.001847,
					"end":	1187.001934,
					"seconds":	1.0000870227813721,
					"bytes":	0,
					"bits_per_second":	0,
					"jitter_ms":	0.062218875235901541,
					"lost_packets":	0,
					"packets":	0,
					"lost_percent":	0,
					"omitted":	false,
					"sender":	false
				}],
			"sum":	{
				"start":	1186.001847,
				"end":	1187.001934,
				"seconds":	1.0000870227813721,
				"bytes":	0,
				"bits_per_second":	0,
				"jitter_ms":	0.062218875235901541,
				"lost_packets":	0,
				"packets":	0,
				"lost_percent":	0,
				"omitted":	false,
				"sender":	false
			}
		}, {
			"streams":	[{
					"socket":	5,
					"start":	1187.001934,
					"end":	1188.001072,
					"seconds":	0.9991379976272583,
					"bytes":	0,
					"bits_per_second":	0,
					"jitter_ms":	0.062218875235901541,
					"lost_packets":	0,
					"packets":	0,
					"lost_percent":	0,
					"omitted":	false,
					"sender":	false
				}],
			"sum":	{
				"start":	1187.001934,
				"end":	1188.001072,
				"seconds":	0.9991379976272583,
				"bytes":	0,
				"bits_per_second":	0,
				"jitter_ms":	0.062218875235901541,
				"lost_packets":	0,
				"packets":	0,
				"lost_percent":	0,
				"omitted":	false,
				"sender":	false
			}
		}, {
			"streams":	[{
					"socket":	5,
					"start":	1188.001072,
					"end":	1189.000287,
					"seconds":	0.999215006828308,
					"bytes":	0,
					"bits_per_second":	0,
					"jitter_ms":	0.062218875235901541,
					"lost_packets":	0,
					"packets":	0,
					"lost_percent":	0,
					"omitted":	false,
					"sender":	false
				}],
			"sum":	{
				"start":	1188.001072,
				"end":	1189.000287,
				"seconds":	0.999215006828308,
				"bytes":	0,
				"bits_per_second":	0,
				"jitter_ms":	0.062218875235901541,
				"lost_packets":	0,
				"packets":	0,
				"lost_percent":	0,
				"omitted":	false,
				"sender":	false
			}
		}, {
			"streams":	[{
					"socket":	5,
					"start":	1189.000287,
					"end":	1190.001156,
					"seconds":	1.0008690357208252,
					"bytes":	0,
					"bits_per_second":	0,
					"jitter_ms":	0.062218875235901541,
					"lost_packets":	0,
					"packets":	0,
					"lost_percent":	0,
					"omitted":	false,
					"sender":	false
				}],
			"sum":	{
				"start":	1189.000287,
				"end":	1190.001156,
				"seconds":	1.0008690357208252,
				"bytes":	0,
				"bits_per_second":	0,
				"jitter_ms":	0.062218875235901541,
				"lost_packets":	0,
				"packets":	0,
				"lost_percent":	0,
				"omitted":	false,
				"sender":	false
			}
		}, {
			"streams":	[{
					"socket":	5,
					"start":	1190.001156,
					"end":	1191.001963,
					"seconds":	1.0008070468902588,
					"bytes":	0,
					"bits_per_second":	0,
					"jitter_ms":	0.062218875235901541,
					"lost_packets":	0,
					"packets":	0,
					"lost_percent":	0,
					"omitted":	false,
					"sender":	false
				}],
			"sum":	{
				"start":	1190.001156,
				"end":	1191.001963,
				"seconds":	1.0008070468902588,
				"bytes":	0,
				"bits_per_second":	0,
				"jitter_ms":	0.062218875235901541,
				"lost_packets":	0,
				"packets":	0,
				"lost_percent":	0,
				"omitted":	false,
				"sender":	false
			}
		}, {
			"streams":	[{
					"socket":	5,
					"start":	1191.001963,
					"end":	1192.001513,
					"seconds":	0.9995499849319458,
					"bytes":	0,
					"bits_per_second":	0,
					"jitter_ms":	0.062218875235901541,
					"lost_packets":	0,
					"packets":	0,
					"lost_percent":	0,
					"omitted":	false,
					"sender":	false
				}],
			"sum":	{
				"start":	1191.001963,
				"end":	1192.001513,
				"seconds":	0.9995499849319458,
				"bytes":	0,
				"bits_per_second":	0,
				"jitter_ms":	0.062218875235901541,
				"lost_packets":	0,
				"packets":	0,
				"lost_percent":	0,
				"omitted":	false,
				"sender":	false
			}
		}, {
			"streams":	[{
					"socket":	5,
					"start":	1192.001513,
					"end":	1193.001826,
					"seconds":	1.0003130435943604,
					"bytes":	0,
					"bits_per_second":	0,
					"jitter_ms":	0.062218875235901541,
					"lost_packets":	0,
					"packets":	0,
					"lost_percent":	0,
					"omitted":	false,
					"sender":	false
				}],
			"sum":	{
				"start":	1192.001513,
				"end":	1193.001826,
				"seconds":	1.0003130435943604,
				"bytes":	0,
				"bits_per_second":	0,
				"jitter_ms":	0.062218875235901541,
				"lost_packets":	0,
				"packets":	0,
				"lost_percent":	0,
				"omitted":	false,
				"sender":	false
			}
		}, {
			"streams":	[{
					"socket":	5,
					"start":	1193.001826,
					"end":	1194.001403,
					"seconds":	0.999576985836029,
					"bytes":	0,
					"bits_per_second":	0,
					"jitter_ms":	0.062218875235901541,
					"lost_packets":	0,
					"packets":	0,
					"lost_percent":	0,
					"omitted":	false,
					"sender":	false
				}],
			"sum":	{
				"start":	1193.001826,
				"end":	1194.001403,
				"seconds":	0.999576985836029,
				"bytes":	0,
				"bits_per_second":	0,
				"jitter_ms":	0.062218875235901541,
				"lost_packets":	0,
				"packets":	0,
				"lost_percent":	0,
				"omitted":	false,
				"sender":	false
			}
		}, {
			"streams":	[{
					"socket":	5,
					"start":	1194.001403,
					"end":	1195.0011,
					"seconds":	0.99969702959060669,
					"bytes":	0,
					"bits_per_second":	0,
					"jitter_ms":	0.062218875235901541,
					"lost_packets":	0,
					"packets":	0,
					"lost_percent":	0,
					"omitted":	false,
					"sender":	false
				}],
			"sum":	{
				"start":	1194.001403,
				"end":	1195.0011,
				"seconds":	0.99969702959060669,
				"bytes":	0,
				"bits_per_second":	0,
				"jitter_ms":	0.062218875235901541,
				"lost_packets":	0,
				"packets":	0,
				"lost_percent":	0,
				"omitted":	false,
				"sender":	false
			}
		}, {
			"streams":	[{
					"socket":	5,
					"start":	1195.0011,
					"end":	1196.001842,
					"seconds":	1.0007419586181641,
					"bytes":	0,
					"bits_per_second":	0,
					"jitter_ms":	0.062218875235901541,
					"lost_packets":	0,
					"packets":	0,
					"lost_percent":	0,
					"omitted":	false,
					"sender":	false
				}],
			"sum":	{
				"start":	1195.0011,
				"end":	1196.001842,
				"seconds":	1.0007419586181641,
				"bytes":	0,
				"bits_per_second":	0,
				"jitter_ms":	0.062218875235901541,
				"lost_packets":	0,
				"packets":	0,
				"lost_percent":	0,
				"omitted":	false,
				"sender":	false
			}
		}, {
			"streams":	[{
					"socket":	5,
					"start":	1196.001842,
					"end":	1197.001881,
					"seconds":	1.0000389814376831,
					"bytes":	0,
					"bits_per_second":	0,
					"jitter_ms":	0.062218875235901541,
					"lost_packets":	0,
					"packets":	0,
					"lost_percent":	0,
					"omitted":	false,
					"sender":	false
				}],
			"sum":	{
				"start":	1196.001842,
				"end":	1197.001881,
				"seconds":	1.0000389814376831,
				"bytes":	0,
				"bits_per_second":	0,
				"jitter_ms":	0.062218875235901541,
				"lost_packets":	0,
				"packets":	0,
				"lost_percent":	0,
				"omitted":	false,
				"sender":	false
			}
		}, {
			"streams":	[{
					"socket":	5,
					"start":	1197.001881,
					"end":	1198.00184,
					"seconds":	0.99995899200439453,
					"bytes":	0,
					"bits_per_second":	0,
					"jitter_ms":	0.062218875235901541,
					"lost_packets":	0,
					"packets":	0,
					"lost_percent":	0,
					"omitted":	false,
					"sender":	false
				}],
			"sum":	{
				"start":	1197.001881,
				"end":	1198.00184,
				"seconds":	0.99995899200439453,
				"bytes":	0,
				"bits_per_second":	0,
				"jitter_ms":	0.062218875235901541,
				"lost_packets":	0,
				"packets":	0,
				"lost_percent":	0,
				"omitted":	false,
				"sender":	false
			}
		}, {
			"streams":	[{
					"socket":	5,
					"start":	1198.00184,
					"end":	1199.001941,
					"seconds":	1.0001009702682495,
					"bytes":	0,
					"bits_per_second":	0,
					"jitter_ms":	0.062218875235901541,
					"lost_packets":	0,
					"packets":	0,
					"lost_percent":	0,
					"omitted":	false,
					"sender":	false
				}],
			"sum":	{
				"start":	1198.00184,
				"end":	1199.001941,
				"seconds":	1.0001009702682495,
				"bytes":	0,
				"bits_per_second":	0,
				"jitter_ms":	0.062218875235901541,
				"lost_packets":	0,
				"packets":	0,
				"lost_percent":	0,
				"omitted":	false,
				"sender":	false
			}
		}, {
			"streams":	[{
					"socket":	5,
					"start":	1199.001941,
					"end":	1200.001089,
					"seconds":	0.99914801120758057,
					"bytes":	0,
					"bits_per_second":	0,
					"jitter_ms":	0.062218875235901541,
					"lost_packets":	0,
					"packets":	0,
					"lost_percent":	0,
					"omitted":	false,
					"sender":	false
				}],
			"sum":	{
				"start":	1199.001941,
				"end":	1200.001089,
				"seconds":	0.99914801120758057,
				"bytes":	0,
				"bits_per_second":	0,
				"jitter_ms":	0.062218875235901541,
				"lost_packets":	0,
				"packets":	0,
				"lost_percent":	0,
				"omitted":	false,
				"sender":	false
			}
		}, {
			"streams":	[{
					"socket":	5,
					"start":	1200.001089,
					"end":	1201.001161,
					"seconds":	1.0000720024108887,
					"bytes":	0,
					"bits_per_second":	0,
					"jitter_ms":	0.062218875235901541,
					"lost_packets":	0,
					"packets":	0,
					"lost_percent":	0,
					"omitted":	false,
					"sender":	false
				}],
			"sum":	{
				"start":	1200.001089,
				"end":	1201.001161,
				"seconds":	1.0000720024108887,
				"bytes":	0,
				"bits_per_second":	0,
				"jitter_ms":	0.062218875235901541,
				"lost_packets":	0,
				"packets":	0,
				"lost_percent":	0,
				"omitted":	false,
				"sender":	false
			}
		}, {
			"streams":	[{
					"socket":	5,
					"start":	1201.001161,
					"end":	1202.001083,
					"seconds":	0.999921977519989,
					"bytes":	0,
					"bits_per_second":	0,
					"jitter_ms":	0.062218875235901541,
					"lost_packets":	0,
					"packets":	0,
					"lost_percent":	0,
					"omitted":	false,
					"sender":	false
				}],
			"sum":	{
				"start":	1201.001161,
				"end":	1202.001083,
				"seconds":	0.999921977519989,
				"bytes":	0,
				"bits_per_second":	0,
				"jitter_ms":	0.062218875235901541,
				"lost_packets":	0,
				"packets":	0,
				"lost_percent":	0,
				"omitted":	false,
				"sender":	false
			}
		}, {
			"streams":	[{
					"socket":	5,
					"start":	1202.001083,
					"end":	1203.001147,
					"seconds":	1.0000640153884888,
					"bytes":	0,
					"bits_per_second":	0,
					"jitter_ms":	0.062218875235901541,
					"lost_packets":	0,
					"packets":	0,
					"lost_percent":	0,
					"omitted":	false,
					"sender":	false
				}],
			"sum":	{
				"start":	1202.001083,
				"end":	1203.001147,
				"seconds":	1.0000640153884888,
				"bytes":	0,
				"bits_per_second":	0,
				"jitter_ms":	0.062218875235901541,
				"lost_packets":	0,
				"packets":	0,
				"lost_percent":	0,
				"omitted":	false,
				"sender":	false
			}
		}, {
			"streams":	[{
					"socket":	5,
					"start":	1203.001147,
					"end":	1204.000304,
					"seconds":	0.99915701150894165,
					"bytes":	0,
					"bits_per_second":	0,
					"jitter_ms":	0.062218875235901541,
					"lost_packets":	0,
					"packets":	0,
					"lost_percent":	0,
					"omitted":	false,
					"sender":	false
				}],
			"sum":	{
				"start":	1203.001147,
				"end":	1204.000304,
				"seconds":	0.99915701150894165,
				"bytes":	0,
				"bits_per_second":	0,
				"jitter_ms":	0.062218875235901541,
				"lost_packets":	0,
				"packets":	0,
				"lost_percent":	0,
				"omitted":	false,
				"sender":	false
			}
		}, {
			"streams":	[{
					"socket":	5,
					"start":	1204.000304,
					"end":	1205.001907,
					"seconds":	1.0016030073165894,
					"bytes":	0,
					"bits_per_second":	0,
					"jitter_ms":	0.062218875235901541,
					"lost_packets":	0,
					"packets":	0,
					"lost_percent":	0,
					"omitted":	false,
					"sender":	false
				}],
			"sum":	{
				"start":	1204.000304,
				"end":	1205.001907,
				"seconds":	1.0016030073165894,
				"bytes":	0,
				"bits_per_second":	0,
				"jitter_ms":	0.062218875235901541,
				"lost_packets":	0,
				"packets":	0,
				"lost_percent":	0,
				"omitted":	false,
				"sender":	false
			}
		}, {
			"streams":	[{
					"socket":	5,
					"start":	1205.001907,
					"end":	1206.00109,
					"seconds":	0.99918299913406372,
					"bytes":	0,
					"bits_per_second":	0,
					"jitter_ms":	0.062218875235901541,
					"lost_packets":	0,
					"packets":	0,
					"lost_percent":	0,
					"omitted":	false,
					"sender":	false
				}],
			"sum":	{
				"start":	1205.001907,
				"end":	1206.00109,
				"seconds":	0.99918299913406372,
				"bytes":	0,
				"bits_per_second":	0,
				"jitter_ms":	0.062218875235901541,
				"lost_packets":	0,
				"packets":	0,
				"lost_percent":	0,
				"omitted":	false,
				"sender":	false
			}
		}, {
			"streams":	[{
					"socket":	5,
					"start":	1206.00109,
					"end":	1207.000545,
					"seconds":	0.99945497512817383,
					"bytes":	0,
					"bits_per_second":	0,
					"jitter_ms":	0.062218875235901541,
					"lost_packets":	0,
					"packets":	0,
					"lost_percent":	0,
					"omitted":	false,
					"sender":	false
				}],
			"sum":	{
				"start":	1206.00109,
				"end":	1207.000545,
				"seconds":	0.99945497512817383,
				"bytes":	0,
				"bits_per_second":	0,
				"jitter_ms":	0.062218875235901541,
				"lost_packets":	0,
				"packets":	0,
				"lost_percent":	0,
				"omitted":	false,
				"sender":	false
			}
		}, {
			"streams":	[{
					"socket":	5,
					"start":	1207.000545,
					"end":	1208.001121,
					"seconds":	1.0005760192871094,
					"bytes":	0,
					"bits_per_second":	0,
					"jitter_ms":	0.062218875235901541,
					"lost_packets":	0,
					"packets":	0,
					"lost_percent":	0,
					"omitted":	false,
					"sender":	false
				}],
			"sum":	{
				"start":	1207.000545,
				"end":	1208.001121,
				"seconds":	1.0005760192871094,
				"bytes":	0,
				"bits_per_second":	0,
				"jitter_ms":	0.062218875235901541,
				"lost_packets":	0,
				"packets":	0,
				"lost_percent":	0,
				"omitted":	false,
				"sender":	false
			}
		}, {
			"streams":	[{
					"socket":	5,
					"start":	1208.001121,
					"end":	1209.001843,
					"seconds":	1.0007220506668091,
					"bytes":	0,
					"bits_per_second":	0,
					"jitter_ms":	0.062218875235901541,
					"lost_packets":	0,
					"packets":	0,
					"lost_percent":	0,
					"omitted":	false,
					"sender":	false
				}],
			"sum":	{
				"start":	1208.001121,
				"end":	1209.001843,
				"seconds":	1.0007220506668091,
				"bytes":	0,
				"bits_per_second":	0,
				"jitter_ms":	0.062218875235901541,
				"lost_packets":	0,
				"packets":	0,
				"lost_percent":	0,
				"omitted":	false,
				"sender":	false
			}
		}, {
			"streams":	[{
					"socket":	5,
					"start":	1209.001843,
					"end":	1210.001324,
					"seconds":	0.99948102235794067,
					"bytes":	0,
					"bits_per_second":	0,
					"jitter_ms":	0.062218875235901541,
					"lost_packets":	0,
					"packets":	0,
					"lost_percent":	0,
					"omitted":	false,
					"sender":	false
				}],
			"sum":	{
				"start":	1209.001843,
				"end":	1210.001324,
				"seconds":	0.99948102235794067,
				"bytes":	0,
				"bits_per_second":	0,
				"jitter_ms":	0.062218875235901541,
				"lost_packets":	0,
				"packets":	0,
				"lost_percent":	0,
				"omitted":	false,
				"sender":	false
			}
		}, {
			"streams":	[{
					"socket":	5,
					"start":	1210.001324,
					"end":	1211.001118,
					"seconds":	0.99979400634765625,
					"bytes":	0,
					"bits_per_second":	0,
					"jitter_ms":	0.062218875235901541,
					"lost_packets":	0,
					"packets":	0,
					"lost_percent":	0,
					"omitted":	false,
					"sender":	false
				}],
			"sum":	{
				"start":	1210.001324,
				"end":	1211.001118,
				"seconds":	0.99979400634765625,
				"bytes":	0,
				"bits_per_second":	0,
				"jitter_ms":	0.062218875235901541,
				"lost_packets":	0,
				"packets":	0,
				"lost_percent":	0,
				"omitted":	false,
				"sender":	false
			}
		}, {
			"streams":	[{
					"socket":	5,
					"start":	1211.001118,
					"end":	1212.001082,
					"seconds":	0.99996399879455566,
					"bytes":	0,
					"bits_per_second":	0,
					"jitter_ms":	0.062218875235901541,
					"lost_packets":	0,
					"packets":	0,
					"lost_percent":	0,
					"omitted":	false,
					"sender":	false
				}],
			"sum":	{
				"start":	1211.001118,
				"end":	1212.001082,
				"seconds":	0.99996399879455566,
				"bytes":	0,
				"bits_per_second":	0,
				"jitter_ms":	0.062218875235901541,
				"lost_packets":	0,
				"packets":	0,
				"lost_percent":	0,
				"omitted":	false,
				"sender":	false
			}
		}, {
			"streams":	[{
					"socket":	5,
					"start":	1212.001082,
					"end":	1213.001888,
					"seconds":	1.0008059740066528,
					"bytes":	0,
					"bits_per_second":	0,
					"jitter_ms":	0.062218875235901541,
					"lost_packets":	0,
					"packets":	0,
					"lost_percent":	0,
					"omitted":	false,
					"sender":	false
				}],
			"sum":	{
				"start":	1212.001082,
				"end":	1213.001888,
				"seconds":	1.0008059740066528,
				"bytes":	0,
				"bits_per_second":	0,
				"jitter_ms":	0.062218875235901541,
				"lost_packets":	0,
				"packets":	0,
				"lost_percent":	0,
				"omitted":	false,
				"sender":	false
			}
		}, {
			"streams":	[{
					"socket":	5,
					"start":	1213.001888,
					"end":	1214.001114,
					"seconds":	0.99922597408294678,
					"bytes":	0,
					"bits_per_second":	0,
					"jitter_ms":	0.062218875235901541,
					"lost_packets":	0,
					"packets":	0,
					"lost_percent":	0,
					"omitted":	false,
					"sender":	false
				}],
			"sum":	{
				"start":	1213.001888,
				"end":	1214.001114,
				"seconds":	0.99922597408294678,
				"bytes":	0,
				"bits_per_second":	0,
				"jitter_ms":	0.062218875235901541,
				"lost_packets":	0,
				"packets":	0,
				"lost_percent":	0,
				"omitted":	false,
				"sender":	false
			}
		}, {
			"streams":	[{
					"socket":	5,
					"start":	1214.001114,
					"end":	1215.001962,
					"seconds":	1.0008480548858643,
					"bytes":	0,
					"bits_per_second":	0,
					"jitter_ms":	0.062218875235901541,
					"lost_packets":	0,
					"packets":	0,
					"lost_percent":	0,
					"omitted":	false,
					"sender":	false
				}],
			"sum":	{
				"start":	1214.001114,
				"end":	1215.001962,
				"seconds":	1.0008480548858643,
				"bytes":	0,
				"bits_per_second":	0,
				"jitter_ms":	0.062218875235901541,
				"lost_packets":	0,
				"packets":	0,
				"lost_percent":	0,
				"omitted":	false,
				"sender":	false
			}
		}, {
			"streams":	[{
					"socket":	5,
					"start":	1215.001962,
					"end":	1216.001639,
					"seconds":	0.999677002429962,
					"bytes":	0,
					"bits_per_second":	0,
					"jitter_ms":	0.062218875235901541,
					"lost_packets":	0,
					"packets":	0,
					"lost_percent":	0,
					"omitted":	false,
					"sender":	false
				}],
			"sum":	{
				"start":	1215.001962,
				"end":	1216.001639,
				"seconds":	0.999677002429962,
				"bytes":	0,
				"bits_per_second":	0,
				"jitter_ms":	0.062218875235901541,
				"lost_packets":	0,
				"packets":	0,
				"lost_percent":	0,
				"omitted":	false,
				"sender":	false
			}
		}, {
			"streams":	[{
					"socket":	5,
					"start":	1216.001639,
					"end":	1217.001082,
					"seconds":	0.999442994594574,
					"bytes":	0,
					"bits_per_second":	0,
					"jitter_ms":	0.062218875235901541,
					"lost_packets":	0,
					"packets":	0,
					"lost_percent":	0,
					"omitted":	false,
					"sender":	false
				}],
			"sum":	{
				"start":	1216.001639,
				"end":	1217.001082,
				"seconds":	0.999442994594574,
				"bytes":	0,
				"bits_per_second":	0,
				"jitter_ms":	0.062218875235901541,
				"lost_packets":	0,
				"packets":	0,
				"lost_percent":	0,
				"omitted":	false,
				"sender":	false
			}
		}, {
			"streams":	[{
					"socket":	5,
					"start":	1217.001082,
					"end":	1218.00109,
					"seconds":	1.0000079870224,
					"bytes":	0,
					"bits_per_second":	0,
					"jitter_ms":	0.062218875235901541,
					"lost_packets":	0,
					"packets":	0,
					"lost_percent":	0,
					"omitted":	false,
					"sender":	false
				}],
			"sum":	{
				"start":	1217.001082,
				"end":	1218.00109,
				"seconds":	1.0000079870224,
				"bytes":	0,
				"bits_per_second":	0,
				"jitter_ms":	0.062218875235901541,
				"lost_packets":	0,
				"packets":	0,
				"lost_percent":	0,
				"omitted":	false,
				"sender":	false
			}
		}, {
			"streams":	[{
					"socket":	5,
					"start":	1218.00109,
					"end":	1219.001162,
					"seconds":	1.0000720024108887,
					"bytes":	0,
					"bits_per_second":	0,
					"jitter_ms":	0.062218875235901541,
					"lost_packets":	0,
					"packets":	0,
					"lost_percent":	0,
					"omitted":	false,
					"sender":	false
				}],
			"sum":	{
				"start":	1218.00109,
				"end":	1219.001162,
				"seconds":	1.0000720024108887,
				"bytes":	0,
				"bits_per_second":	0,
				"jitter_ms":	0.062218875235901541,
				"lost_packets":	0,
				"packets":	0,
				"lost_percent":	0,
				"omitted":	false,
				"sender":	false
			}
		}, {
			"streams":	[{
					"socket":	5,
					"start":	1219.001162,
					"end":	1220.001103,
					"seconds":	0.99994099140167236,
					"bytes":	0,
					"bits_per_second":	0,
					"jitter_ms":	0.062218875235901541,
					"lost_packets":	0,
					"packets":	0,
					"lost_percent":	0,
					"omitted":	false,
					"sender":	false
				}],
			"sum":	{
				"start":	1219.001162,
				"end":	1220.001103,
				"seconds":	0.99994099140167236,
				"bytes":	0,
				"bits_per_second":	0,
				"jitter_ms":	0.062218875235901541,
				"lost_packets":	0,
				"packets":	0,
				"lost_percent":	0,
				"omitted":	false,
				"sender":	false
			}
		}, {
			"streams":	[{
					"socket":	5,
					"start":	1220.001103,
					"end":	1221.001159,
					"seconds":	1.0000560283660889,
					"bytes":	0,
					"bits_per_second":	0,
					"jitter_ms":	0.062218875235901541,
					"lost_packets":	0,
					"packets":	0,
					"lost_percent":	0,
					"omitted":	false,
					"sender":	false
				}],
			"sum":	{
				"start":	1220.001103,
				"end":	1221.001159,
				"seconds":	1.0000560283660889,
				"bytes":	0,
				"bits_per_second":	0,
				"jitter_ms":	0.062218875235901541,
				"lost_packets":	0,
				"packets":	0,
				"lost_percent":	0,
				"omitted":	false,
				"sender":	false
			}
		}, {
			"streams":	[{
					"socket":	5,
					"start":	1221.001159,
					"end":	1222.000259,
					"seconds":	0.99910002946853638,
					"bytes":	0,
					"bits_per_second":	0,
					"jitter_ms":	0.062218875235901541,
					"lost_packets":	0,
					"packets":	0,
					"lost_percent":	0,
					"omitted":	false,
					"sender":	false
				}],
			"sum":	{
				"start":	1221.001159,
				"end":	1222.000259,
				"seconds":	0.99910002946853638,
				"bytes":	0,
				"bits_per_second":	0,
				"jitter_ms":	0.062218875235901541,
				"lost_packets":	0,
				"packets":	0,
				"lost_percent":	0,
				"omitted":	false,
				"sender":	false
			}
		}, {
			"streams":	[{
					"socket":	5,
					"start":	1222.000259,
					"end":	1223.001086,
					"seconds":	1.0008269548416138,
					"bytes":	0,
					"bits_per_second":	0,
					"jitter_ms":	0.062218875235901541,
					"lost_packets":	0,
					"packets":	0,
					"lost_percent":	0,
					"omitted":	false,
					"sender":	false
				}],
			"sum":	{
				"start":	1222.000259,
				"end":	1223.001086,
				"seconds":	1.0008269548416138,
				"bytes":	0,
				"bits_per_second":	0,
				"jitter_ms":	0.062218875235901541,
				"lost_packets":	0,
				"packets":	0,
				"lost_percent":	0,
				"omitted":	false,
				"sender":	false
			}
		}, {
			"streams":	[{
					"socket":	5,
					"start":	1223.001086,
					"end":	1224.001118,
					"seconds":	1.0000319480895996,
					"bytes":	0,
					"bits_per_second":	0,
					"jitter_ms":	0.062218875235901541,
					"lost_packets":	0,
					"packets":	0,
					"lost_percent":	0,
					"omitted":	false,
					"sender":	false
				}],
			"sum":	{
				"start":	1223.001086,
				"end":	1224.001118,
				"seconds":	1.0000319480895996,
				"bytes":	0,
				"bits_per_second":	0,
				"jitter_ms":	0.062218875235901541,
				"lost_packets":	0,
				"packets":	0,
				"lost_percent":	0,
				"omitted":	false,
				"sender":	false
			}
		}, {
			"streams":	[{
					"socket":	5,
					"start":	1224.001118,
					"end":	1225.001165,
					"seconds":	1.000046968460083,
					"bytes":	0,
					"bits_per_second":	0,
					"jitter_ms":	0.062218875235901541,
					"lost_packets":	0,
					"packets":	0,
					"lost_percent":	0,
					"omitted":	false,
					"sender":	false
				}],
			"sum":	{
				"start":	1224.001118,
				"end":	1225.001165,
				"seconds":	1.000046968460083,
				"bytes":	0,
				"bits_per_second":	0,
				"jitter_ms":	0.062218875235901541,
				"lost_packets":	0,
				"packets":	0,
				"lost_percent":	0,
				"omitted":	false,
				"sender":	false
			}
		}, {
			"streams":	[{
					"socket":	5,
					"start":	1225.001165,
					"end":	1226.001853,
					"seconds":	1.0006879568099976,
					"bytes":	0,
					"bits_per_second":	0,
					"jitter_ms":	0.062218875235901541,
					"lost_packets":	0,
					"packets":	0,
					"lost_percent":	0,
					"omitted":	false,
					"sender":	false
				}],
			"sum":	{
				"start":	1225.001165,
				"end":	1226.001853,
				"seconds":	1.0006879568099976,
				"bytes":	0,
				"bits_per_second":	0,
				"jitter_ms":	0.062218875235901541,
				"lost_packets":	0,
				"packets":	0,
				"lost_percent":	0,
				"omitted":	false,
				"sender":	false
			}
		}, {
			"streams":	[{
					"socket":	5,
					"start":	1226.001853,
					"end":	1227.001151,
					"seconds":	0.99929797649383545,
					"bytes":	0,
					"bits_per_second":	0,
					"jitter_ms":	0.062218875235901541,
					"lost_packets":	0,
					"packets":	0,
					"lost_percent":	0,
					"omitted":	false,
					"sender":	false
				}],
			"sum":	{
				"start":	1226.001853,
				"end":	1227.001151,
				"seconds":	0.99929797649383545,
				"bytes":	0,
				"bits_per_second":	0,
				"jitter_ms":	0.062218875235901541,
				"lost_packets":	0,
				"packets":	0,
				"lost_percent":	0,
				"omitted":	false,
				"sender":	false
			}
		}, {
			"streams":	[{
					"socket":	5,
					"start":	1227.001151,
					"end":	1228.001083,
					"seconds":	0.99993199110031128,
					"bytes":	0,
					"bits_per_second":	0,
					"jitter_ms":	0.062218875235901541,
					"lost_packets":	0,
					"packets":	0,
					"lost_percent":	0,
					"omitted":	false,
					"sender":	false
				}],
			"sum":	{
				"start":	1227.001151,
				"end":	1228.001083,
				"seconds":	0.99993199110031128,
				"bytes":	0,
				"bits_per_second":	0,
				"jitter_ms":	0.062218875235901541,
				"lost_packets":	0,
				"packets":	0,
				"lost_percent":	0,
				"omitted":	false,
				"sender":	false
			}
		}, {
			"streams":	[{
					"socket":	5,
					"start":	1228.001083,
					"end":	1229.001101,
					"seconds":	1.0000180006027222,
					"bytes":	0,
					"bits_per_second":	0,
					"jitter_ms":	0.062218875235901541,
					"lost_packets":	0,
					"packets":	0,
					"lost_percent":	0,
					"omitted":	false,
					"sender":	false
				}],
			"sum":	{
				"start":	1228.001083,
				"end":	1229.001101,
				"seconds":	1.0000180006027222,
				"bytes":	0,
				"bits_per_second":	0,
				"jitter_ms":	0.062218875235901541,
				"lost_packets":	0,
				"packets":	0,
				"lost_percent":	0,
				"omitted":	false,
				"sender":	false
			}
		}, {
			"streams":	[{
					"socket":	5,
					"start":	1229.001101,
					"end":	1230.001318,
					"seconds":	1.0002169609069824,
					"bytes":	0,
					"bits_per_second":	0,
					"jitter_ms":	0.062218875235901541,
					"lost_packets":	0,
					"packets":	0,
					"lost_percent":	0,
					"omitted":	false,
					"sender":	false
				}],
			"sum":	{
				"start":	1229.001101,
				"end":	1230.001318,
				"seconds":	1.0002169609069824,
				"bytes":	0,
				"bits_per_second":	0,
				"jitter_ms":	0.062218875235901541,
				"lost_packets":	0,
				"packets":	0,
				"lost_percent":	0,
				"omitted":	false,
				"sender":	false
			}
		}, {
			"streams":	[{
					"socket":	5,
					"start":	1230.001318,
					"end":	1231.001836,
					"seconds":	1.0005179643630981,
					"bytes":	0,
					"bits_per_second":	0,
					"jitter_ms":	0.062218875235901541,
					"lost_packets":	0,
					"packets":	0,
					"lost_percent":	0,
					"omitted":	false,
					"sender":	false
				}],
			"sum":	{
				"start":	1230.001318,
				"end":	1231.001836,
				"seconds":	1.0005179643630981,
				"bytes":	0,
				"bits_per_second":	0,
				"jitter_ms":	0.062218875235901541,
				"lost_packets":	0,
				"packets":	0,
				"lost_percent":	0,
				"omitted":	false,
				"sender":	false
			}
		}, {
			"streams":	[{
					"socket":	5,
					"start":	1231.001836,
					"end":	1232.001083,
					"seconds":	0.99924701452255249,
					"bytes":	0,
					"bits_per_second":	0,
					"jitter_ms":	0.062218875235901541,
					"lost_packets":	0,
					"packets":	0,
					"lost_percent":	0,
					"omitted":	false,
					"sender":	false
				}],
			"sum":	{
				"start":	1231.001836,
				"end":	1232.001083,
				"seconds":	0.99924701452255249,
				"bytes":	0,
				"bits_per_second":	0,
				"jitter_ms":	0.062218875235901541,
				"lost_packets":	0,
				"packets":	0,
				"lost_percent":	0,
				"omitted":	false,
				"sender":	false
			}
		}, {
			"streams":	[{
					"socket":	5,
					"start":	1232.001083,
					"end":	1233.00109,
					"seconds":	1.0000070333480835,
					"bytes":	0,
					"bits_per_second":	0,
					"jitter_ms":	0.062218875235901541,
					"lost_packets":	0,
					"packets":	0,
					"lost_percent":	0,
					"omitted":	false,
					"sender":	false
				}],
			"sum":	{
				"start":	1232.001083,
				"end":	1233.00109,
				"seconds":	1.0000070333480835,
				"bytes":	0,
				"bits_per_second":	0,
				"jitter_ms":	0.062218875235901541,
				"lost_packets":	0,
				"packets":	0,
				"lost_percent":	0,
				"omitted":	false,
				"sender":	false
			}
		}, {
			"streams":	[{
					"socket":	5,
					"start":	1233.00109,
					"end":	1234.001147,
					"seconds":	1.0000569820404053,
					"bytes":	0,
					"bits_per_second":	0,
					"jitter_ms":	0.062218875235901541,
					"lost_packets":	0,
					"packets":	0,
					"lost_percent":	0,
					"omitted":	false,
					"sender":	false
				}],
			"sum":	{
				"start":	1233.00109,
				"end":	1234.001147,
				"seconds":	1.0000569820404053,
				"bytes":	0,
				"bits_per_second":	0,
				"jitter_ms":	0.062218875235901541,
				"lost_packets":	0,
				"packets":	0,
				"lost_percent":	0,
				"omitted":	false,
				"sender":	false
			}
		}, {
			"streams":	[{
					"socket":	5,
					"start":	1234.001147,
					"end":	1235.001173,
					"seconds":	1.0000259876251221,
					"bytes":	0,
					"bits_per_second":	0,
					"jitter_ms":	0.062218875235901541,
					"lost_packets":	0,
					"packets":	0,
					"lost_percent":	0,
					"omitted":	false,
					"sender":	false
				}],
			"sum":	{
				"start":	1234.001147,
				"end":	1235.001173,
				"seconds":	1.0000259876251221,
				"bytes":	0,
				"bits_per_second":	0,
				"jitter_ms":	0.062218875235901541,
				"lost_packets":	0,
				"packets":	0,
				"lost_percent":	0,
				"omitted":	false,
				"sender":	false
			}
		}, {
			"streams":	[{
					"socket":	5,
					"start":	1235.001173,
					"end":	1236.001097,
					"seconds":	0.99992400407791138,
					"bytes":	0,
					"bits_per_second":	0,
					"jitter_ms":	0.062218875235901541,
					"lost_packets":	0,
					"packets":	0,
					"lost_percent":	0,
					"omitted":	false,
					"sender":	false
				}],
			"sum":	{
				"start":	1235.001173,
				"end":	1236.001097,
				"seconds":	0.99992400407791138,
				"bytes":	0,
				"bits_per_second":	0,
				"jitter_ms":	0.062218875235901541,
				"lost_packets":	0,
				"packets":	0,
				"lost_percent":	0,
				"omitted":	false,
				"sender":	false
			}
		}, {
			"streams":	[{
					"socket":	5,
					"start":	1236.001097,
					"end":	1237.001914,
					"seconds":	1.0008169412612915,
					"bytes":	0,
					"bits_per_second":	0,
					"jitter_ms":	0.062218875235901541,
					"lost_packets":	0,
					"packets":	0,
					"lost_percent":	0,
					"omitted":	false,
					"sender":	false
				}],
			"sum":	{
				"start":	1236.001097,
				"end":	1237.001914,
				"seconds":	1.0008169412612915,
				"bytes":	0,
				"bits_per_second":	0,
				"jitter_ms":	0.062218875235901541,
				"lost_packets":	0,
				"packets":	0,
				"lost_percent":	0,
				"omitted":	false,
				"sender":	false
			}
		}, {
			"streams":	[{
					"socket":	5,
					"start":	1237.001914,
					"end":	1238.001565,
					"seconds":	0.99965101480484,
					"bytes":	0,
					"bits_per_second":	0,
					"jitter_ms":	0.062218875235901541,
					"lost_packets":	0,
					"packets":	0,
					"lost_percent":	0,
					"omitted":	false,
					"sender":	false
				}],
			"sum":	{
				"start":	1237.001914,
				"end":	1238.001565,
				"seconds":	0.99965101480484,
				"bytes":	0,
				"bits_per_second":	0,
				"jitter_ms":	0.062218875235901541,
				"lost_packets":	0,
				"packets":	0,
				"lost_percent":	0,
				"omitted":	false,
				"sender":	false
			}
		}, {
			"streams":	[{
					"socket":	5,
					"start":	1238.001565,
					"end":	1239.001096,
					"seconds":	0.99953097105026245,
					"bytes":	0,
					"bits_per_second":	0,
					"jitter_ms":	0.062218875235901541,
					"lost_packets":	0,
					"packets":	0,
					"lost_percent":	0,
					"omitted":	false,
					"sender":	false
				}],
			"sum":	{
				"start":	1238.001565,
				"end":	1239.001096,
				"seconds":	0.99953097105026245,
				"bytes":	0,
				"bits_per_second":	0,
				"jitter_ms":	0.062218875235901541,
				"lost_packets":	0,
				"packets":	0,
				"lost_percent":	0,
				"omitted":	false,
				"sender":	false
			}
		}, {
			"streams":	[{
					"socket":	5,
					"start":	1238.001565,
					"end":	1239.001096,
					"seconds":	0.99953097105026245,
					"bytes":	0,
					"bits_per_second":	0,
					"jitter_ms":	0.062218875235901541,
					"lost_packets":	0,
					"packets":	0,
					"lost_percent":	0,
					"omitted":	false,
					"sender":	false
				}],
			"sum":	{
				"start":	1238.001565,
				"end":	1239.001096,
				"seconds":	0.99953097105026245,
				"bytes":	0,
				"bits_per_second":	0,
				"jitter_ms":	0.062218875235901541,
				"lost_packets":	0,
				"packets":	0,
				"lost_percent":	0,
				"omitted":	false,
				"sender":	false
			}
		}],
	"end":	{
	},
	"error":	"idle timeout for receiving data"
}
