{
	"start":	{
		"connected":	[{
				"socket":	5,
				"local_host":	"10.45.0.2",
				"local_port":	35080,
				"remote_host":	"10.45.0.1",
				"remote_port":	5201
			}],
		"version":	"iperf 3.18",
		"system_info":	"Linux localhost 4.19.113-22299651 #1 SMP PREEMPT Fri Nov 12 10:33:08 KST 2021 aarch64",
		"timestamp":	{
			"time":	"Wed, 05 Aug 2026 06:43:29 GMT",
			"timesecs":	1785912209
		},
		"connecting_to":	{
			"host":	"10.45.0.1",
			"port":	5201
		},
		"cookie":	"latsxzjijsefn64p6wji5pi3y32bembphe77",
		"target_bitrate":	500000000,
		"fq_rate":	0,
		"sock_bufsize":	0,
		"sndbuf_actual":	229376,
		"rcvbuf_actual":	229376,
		"test_start":	{
			"protocol":	"UDP",
			"num_streams":	1,
			"blksize":	1348,
			"omit":	0,
			"duration":	600,
			"bytes":	0,
			"blocks":	0,
			"reverse":	1,
			"tos":	0,
			"target_bitrate":	500000000,
			"bidir":	0,
			"fqrate":	0,
			"interval":	1
		}
	},
	"intervals":	[{
			"streams":	[{
					"socket":	5,
					"start":	0,
					"end":	1.001082,
					"seconds":	1.0010819435119629,
					"bytes":	64712088,
					"bits_per_second":	517137190.7716499,
					"jitter_ms":	0.0629741008071713,
					"lost_packets":	0,
					"packets":	48006,
					"lost_percent":	0,
					"omitted":	false,
					"sender":	false
				}],
			"sum":	{
				"start":	0,
				"end":	1.001082,
				"seconds":	1.0010819435119629,
				"bytes":	64712088,
				"bits_per_second":	517137190.7716499,
				"jitter_ms":	0.0629741008071713,
				"lost_packets":	0,
				"packets":	48006,
				"lost_percent":	0,
				"omitted":	false,
				"sender":	false
			}
		}, {
			"streams":	[{
					"socket":	5,
					"start":	1.001082,
					"end":	2.001077,
					"seconds":	0.999994993209839,
					"bytes":	62487888,
					"bits_per_second":	499905606.92247421,
					"jitter_ms":	0.0670437789243096,
					"lost_packets":	0,
					"packets":	46356,
					"lost_percent":	0,
					"omitted":	false,
					"sender":	false
				}],
			"sum":	{
				"start":	1.001082,
				"end":	2.001077,
				"seconds":	0.999994993209839,
				"bytes":	62487888,
				"bits_per_second":	499905606.92247421,
				"jitter_ms":	0.0670437789243096,
				"lost_packets":	0,
				"packets":	46356,
				"lost_percent":	0,
				"omitted":	false,
				"sender":	false
			}
		}, {
			"streams":	[{
					"socket":	5,
					"start":	2.001077,
					"end":	3.001058,
					"seconds":	0.99998098611831665,
					"bytes":	62477104,
					"bits_per_second":	499826335.638808,
					"jitter_ms":	0.19210396162180274,
					"lost_packets":	0,
					"packets":	46348,
					"lost_percent":	0,
					"omitted":	false,
					"sender":	false
				}],
			"sum":	{
				"start":	2.001077,
				"end":	3.001058,
				"seconds":	0.99998098611831665,
				"bytes":	62477104,
				"bits_per_second":	499826335.638808,
				"jitter_ms":	0.19210396162180274,
				"lost_packets":	0,
				"packets":	46348,
				"lost_percent":	0,
				"omitted":	false,
				"sender":	false
			}
		}, {
			"streams":	[{
					"socket":	5,
					"start":	3.001058,
					"end":	4.00106,
					"seconds":	1.0000020265579224,
					"bytes":	62498672,
					"bits_per_second":	499988362.74462241,
					"jitter_ms":	0.01269042696872166,
					"lost_packets":	0,
					"packets":	46364,
					"lost_percent":	0,
					"omitted":	false,
					"sender":	false
				}],
			"sum":	{
				"start":	3.001058,
				"end":	4.00106,
				"seconds":	1.0000020265579224,
				"bytes":	62498672,
				"bits_per_second":	499988362.74462241,
				"jitter_ms":	0.01269042696872166,
				"lost_packets":	0,
				"packets":	46364,
				"lost_percent":	0,
				"omitted":	false,
				"sender":	false
			}
		}, {
			"streams":	[{
					"socket":	5,
					"start":	4.00106,
					"end":	5.001087,
					"seconds":	1.0000269412994385,
					"bytes":	62500020,
					"bits_per_second":	499986689.70887733,
					"jitter_ms":	0.012690758209722305,
					"lost_packets":	0,
					"packets":	46365,
					"lost_percent":	0,
					"omitted":	false,
					"sender":	false
				}],
			"sum":	{
				"start":	4.00106,
				"end":	5.001087,
				"seconds":	1.0000269412994385,
				"bytes":	62500020,
				"bits_per_second":	499986689.70887733,
				"jitter_ms":	0.012690758209722305,
				"lost_packets":	0,
				"packets":	46365,
				"lost_percent":	0,
				"omitted":	false,
				"sender":	false
			}
		}, {
			"streams":	[{
					"socket":	5,
					"start":	5.001087,
					"end":	6.001069,
					"seconds":	0.99998199939727783,
					"bytes":	62498672,
					"bits_per_second":	499998376.272133,
					"jitter_ms":	0.013403673410837629,
					"lost_packets":	0,
					"packets":	46364,
					"lost_percent":	0,
					"omitted":	false,
					"sender":	false
				}],
			"sum":	{
				"start":	5.001087,
				"end":	6.001069,
				"seconds":	0.99998199939727783,
				"bytes":	62498672,
				"bits_per_second":	499998376.272133,
				"jitter_ms":	0.013403673410837629,
				"lost_packets":	0,
				"packets":	46364,
				"lost_percent":	0,
				"omitted":	false,
				"sender":	false
			}
		}, {
			"streams":	[{
					"socket":	5,
					"start":	6.001069,
					"end":	7.00039,
					"seconds":	0.99932098388671875,
					"bytes":	62526980,
					"bits_per_second":	500555725.403144,
					"jitter_ms":	0.0055905048812812923,
					"lost_packets":	0,
					"packets":	46385,
					"lost_percent":	0,
					"omitted":	false,
					"sender":	false
				}],
			"sum":	{
				"start":	6.001069,
				"end":	7.00039,
				"seconds":	0.99932098388671875,
				"bytes":	62526980,
				"bits_per_second":	500555725.403144,
				"jitter_ms":	0.0055905048812812923,
				"lost_packets":	0,
				"packets":	46385,
				"lost_percent":	0,
				"omitted":	false,
				"sender":	false
			}
		}, {
			"streams":	[{
					"socket":	5,
					"start":	7.00039,
					"end":	8.001119,
					"seconds":	1.000728964805603,
					"bytes":	61276036,
					"bits_per_second":	489851203.7125113,
					"jitter_ms":	0.019702907777067354,
					"lost_packets":	0,
					"packets":	45457,
					"lost_percent":	0,
					"omitted":	false,
					"sender":	false
				}],
			"sum":	{
				"start":	7.00039,
				"end":	8.001119,
				"seconds":	1.000728964805603,
				"bytes":	61276036,
				"bits_per_second":	489851203.7125113,
				"jitter_ms":	0.019702907777067354,
				"lost_packets":	0,
				"packets":	45457,
				"lost_percent":	0,
				"omitted":	false,
				"sender":	false
			}
		}, {
			"streams":	[{
					"socket":	5,
					"start":	8.001119,
					"end":	9.001058,
					"seconds":	0.99993902444839478,
					"bytes":	58954780,
					"bits_per_second":	471667000.15550846,
					"jitter_ms":	0.010078312190272949,
					"lost_packets":	0,
					"packets":	43735,
					"lost_percent":	0,
					"omitted":	false,
					"sender":	false
				}],
			"sum":	{
				"start":	8.001119,
				"end":	9.001058,
				"seconds":	0.99993902444839478,
				"bytes":	58954780,
				"bits_per_second":	471667000.15550846,
				"jitter_ms":	0.010078312190272949,
				"lost_packets":	0,
				"packets":	43735,
				"lost_percent":	0,
				"omitted":	false,
				"sender":	false
			}
		}, {
			"streams":	[{
					"socket":	5,
					"start":	9.001058,
					"end":	10.001057,
					"seconds":	0.99999898672103882,
					"bytes":	67100744,
					"bits_per_second":	536806495.93472856,
					"jitter_ms":	0.0452578990720574,
					"lost_packets":	37,
					"packets":	49815,
					"lost_percent":	0.0742748168222423,
					"omitted":	false,
					"sender":	false
				}],
			"sum":	{
				"start":	9.001058,
				"end":	10.001057,
				"seconds":	0.99999898672103882,
				"bytes":	67100744,
				"bits_per_second":	536806495.93472856,
				"jitter_ms":	0.0452578990720574,
				"lost_packets":	37,
				"packets":	49815,
				"lost_percent":	0.0742748168222423,
				"omitted":	false,
				"sender":	false
			}
		}, {
			"streams":	[{
					"socket":	5,
					"start":	10.001057,
					"end":	11.001099,
					"seconds":	1.0000419616699219,
					"bytes":	62299168,
					"bits_per_second":	498372431.4605329,
					"jitter_ms":	0.00667382322202879,
					"lost_packets":	0,
					"packets":	46216,
					"lost_percent":	0,
					"omitted":	false,
					"sender":	false
				}],
			"sum":	{
				"start":	10.001057,
				"end":	11.001099,
				"seconds":	1.0000419616699219,
				"bytes":	62299168,
				"bits_per_second":	498372431.4605329,
				"jitter_ms":	0.00667382322202879,
				"lost_packets":	0,
				"packets":	46216,
				"lost_percent":	0,
				"omitted":	false,
				"sender":	false
			}
		}, {
			"streams":	[{
					"socket":	5,
					"start":	11.001099,
					"end":	12.000235,
					"seconds":	0.999135971069336,
					"bytes":	62551244,
					"bits_per_second":	500842694.577827,
					"jitter_ms":	0.00952204613313419,
					"lost_packets":	0,
					"packets":	46403,
					"lost_percent":	0,
					"omitted":	false,
					"sender":	false
				}],
			"sum":	{
				"start":	11.001099,
				"end":	12.000235,
				"seconds":	0.999135971069336,
				"bytes":	62551244,
				"bits_per_second":	500842694.577827,
				"jitter_ms":	0.00952204613313419,
				"lost_packets":	0,
				"packets":	46403,
				"lost_percent":	0,
				"omitted":	false,
				"sender":	false
			}
		}, {
			"streams":	[{
					"socket":	5,
					"start":	12.000235,
					"end":	13.001096,
					"seconds":	1.0008610486984253,
					"bytes":	62753444,
					"bits_per_second":	501595653.71523273,
					"jitter_ms":	0.10782109390731913,
					"lost_packets":	0,
					"packets":	46554,
					"lost_percent":	0,
					"omitted":	false,
					"sender":	false
				}],
			"sum":	{
				"start":	12.000235,
				"end":	13.001096,
				"seconds":	1.0008610486984253,
				"bytes":	62753444,
				"bits_per_second":	501595653.71523273,
				"jitter_ms":	0.10782109390731913,
				"lost_packets":	0,
				"packets":	46554,
				"lost_percent":	0,
				"omitted":	false,
				"sender":	false
			}
		}, {
			"streams":	[{
					"socket":	5,
					"start":	13.001096,
					"end":	14.001064,
					"seconds":	0.99996799230575562,
					"bytes":	62482496,
					"bits_per_second":	499875967.87714,
					"jitter_ms":	0.012899254172303906,
					"lost_packets":	0,
					"packets":	46355,
					"lost_percent":	0,
					"omitted":	false,
					"sender":	false
				}],
			"sum":	{
				"start":	13.001096,
				"end":	14.001064,
				"seconds":	0.99996799230575562,
				"bytes":	62482496,
				"bits_per_second":	499875967.87714,
				"jitter_ms":	0.012899254172303906,
				"lost_packets":	0,
				"packets":	46355,
				"lost_percent":	0,
				"omitted":	false,
				"sender":	false
			}
		}, {
			"streams":	[{
					"socket":	5,
					"start":	14.001064,
					"end":	15.001064,
					"seconds":	1,
					"bytes":	62059224,
					"bits_per_second":	496473792,
					"jitter_ms":	0.014905115832494775,
					"lost_packets":	0,
					"packets":	46038,
					"lost_percent":	0,
					"omitted":	false,
					"sender":	false
				}],
			"sum":	{
				"start":	14.001064,
				"end":	15.001064,
				"seconds":	1,
				"bytes":	62059224,
				"bits_per_second":	496473792,
				"jitter_ms":	0.014905115832494775,
				"lost_packets":	0,
				"packets":	46038,
				"lost_percent":	0,
				"omitted":	false,
				"sender":	false
			}
		}, {
			"streams":	[{
					"socket":	5,
					"start":	15.001064,
					"end":	16.001086,
					"seconds":	1.0000220537185669,
					"bytes":	63051352,
					"bits_per_second":	504399692.111145,
					"jitter_ms":	0.021957049167224969,
					"lost_packets":	0,
					"packets":	46776,
					"lost_percent":	0,
					"omitted":	false,
					"sender":	false
				}],
			"sum":	{
				"start":	15.001064,
				"end":	16.001086,
				"seconds":	1.0000220537185669,
				"bytes":	63051352,
				"bits_per_second":	504399692.111145,
				"jitter_ms":	0.021957049167224969,
				"lost_packets":	0,
				"packets":	46776,
				"lost_percent":	0,
				"omitted":	false,
				"sender":	false
			}
		}, {
			"streams":	[{
					"socket":	5,
					"start":	16.001086,
					"end":	17.000142,
					"seconds":	0.99905598163604736,
					"bytes":	62416444,
					"bits_per_second":	499803375.56489879,
					"jitter_ms":	0.045017787027057041,
					"lost_packets":	0,
					"packets":	46306,
					"lost_percent":	0,
					"omitted":	false,
					"sender":	false
				}],
			"sum":	{
				"start":	16.001086,
				"end":	17.000142,
				"seconds":	0.99905598163604736,
				"bytes":	62416444,
				"bits_per_second":	499803375.56489879,
				"jitter_ms":	0.045017787027057041,
				"lost_packets":	0,
				"packets":	46306,
				"lost_percent":	0,
				"omitted":	false,
				"sender":	false
			}
		}, {
			"streams":	[{
					"socket":	5,
					"start":	17.000142,
					"end":	18.000192,
					"seconds":	1.0000499486923218,
					"bytes":	62466320,
					"bits_per_second":	499705600.35871619,
					"jitter_ms":	0.012800601146344485,
					"lost_packets":	0,
					"packets":	46340,
					"lost_percent":	0,
					"omitted":	false,
					"sender":	false
				}],
			"sum":	{
				"start":	17.000142,
				"end":	18.000192,
				"seconds":	1.0000499486923218,
				"bytes":	62466320,
				"bits_per_second":	499705600.35871619,
				"jitter_ms":	0.012800601146344485,
				"lost_packets":	0,
				"packets":	46340,
				"lost_percent":	0,
				"omitted":	false,
				"sender":	false
			}
		}, {
			"streams":	[{
					"socket":	5,
					"start":	18.000192,
					"end":	19.001084,
					"seconds":	1.0008920431137085,
					"bytes":	62541808,
					"bits_per_second":	499888541.8686043,
					"jitter_ms":	0.057671782678240656,
					"lost_packets":	0,
					"packets":	46396,
					"lost_percent":	0,
					"omitted":	false,
					"sender":	false
				}],
			"sum":	{
				"start":	18.000192,
				"end":	19.001084,
				"seconds":	1.0008920431137085,
				"bytes":	62541808,
				"bits_per_second":	499888541.8686043,
				"jitter_ms":	0.057671782678240656,
				"lost_packets":	0,
				"packets":	46396,
				"lost_percent":	0,
				"omitted":	false,
				"sender":	false
			}
		}, {
			"streams":	[{
					"socket":	5,
					"start":	19.001084,
					"end":	20.001058,
					"seconds":	0.999974012374878,
					"bytes":	62514848,
					"bits_per_second":	500131781.2372424,
					"jitter_ms":	0.028714835826662889,
					"lost_packets":	0,
					"packets":	46376,
					"lost_percent":	0,
					"omitted":	false,
					"sender":	false
				}],
			"sum":	{
				"start":	19.001084,
				"end":	20.001058,
				"seconds":	0.999974012374878,
				"bytes":	62514848,
				"bits_per_second":	500131781.2372424,
				"jitter_ms":	0.028714835826662889,
				"lost_packets":	0,
				"packets":	46376,
				"lost_percent":	0,
				"omitted":	false,
				"sender":	false
			}
		}, {
			"streams":	[{
					"socket":	5,
					"start":	20.001058,
					"end":	21.001055,
					"seconds":	0.99999701976776123,
					"bytes":	62548548,
					"bits_per_second":	500389875.27803826,
					"jitter_ms":	0.03122225477379087,
					"lost_packets":	0,
					"packets":	46401,
					"lost_percent":	0,
					"omitted":	false,
					"sender":	false
				}],
			"sum":	{
				"start":	20.001058,
				"end":	21.001055,
				"seconds":	0.99999701976776123,
				"bytes":	62548548,
				"bits_per_second":	500389875.27803826,
				"jitter_ms":	0.03122225477379087,
				"lost_packets":	0,
				"packets":	46401,
				"lost_percent":	0,
				"omitted":	false,
				"sender":	false
			}
		}, {
			"streams":	[{
					"socket":	5,
					"start":	21.001055,
					"end":	22.001072,
					"seconds":	1.0000170469284058,
					"bytes":	62172456,
					"bits_per_second":	497371169.349285,
					"jitter_ms":	0.059659780960950044,
					"lost_packets":	0,
					"packets":	46122,
					"lost_percent":	0,
					"omitted":	false,
					"sender":	false
				}],
			"sum":	{
				"start":	21.001055,
				"end":	22.001072,
				"seconds":	1.0000170469284058,
				"bytes":	62172456,
				"bits_per_second":	497371169.349285,
				"jitter_ms":	0.059659780960950044,
				"lost_packets":	0,
				"packets":	46122,
				"lost_percent":	0,
				"omitted":	false,
				"sender":	false
			}
		}, {
			"streams":	[{
					"socket":	5,
					"start":	22.001072,
					"end":	23.001061,
					"seconds":	0.99998897314071655,
					"bytes":	62351740,
					"bits_per_second":	498819420.41155672,
					"jitter_ms":	0.32980044366233058,
					"lost_packets":	0,
					"packets":	46255,
					"lost_percent":	0,
					"omitted":	false,
					"sender":	false
				}],
			"sum":	{
				"start":	22.001072,
				"end":	23.001061,
				"seconds":	0.99998897314071655,
				"bytes":	62351740,
				"bits_per_second":	498819420.41155672,
				"jitter_ms":	0.32980044366233058,
				"lost_packets":	0,
				"packets":	46255,
				"lost_percent":	0,
				"omitted":	false,
				"sender":	false
			}
		}, {
			"streams":	[{
					"socket":	5,
					"start":	23.001061,
					"end":	24.001055,
					"seconds":	0.99999397993087769,
					"bytes":	62266816,
					"bits_per_second":	498137526.82234389,
					"jitter_ms":	0.00645189995806455,
					"lost_packets":	0,
					"packets":	46192,
					"lost_percent":	0,
					"omitted":	false,
					"sender":	false
				}],
			"sum":	{
				"start":	23.001061,
				"end":	24.001055,
				"seconds":	0.99999397993087769,
				"bytes":	62266816,
				"bits_per_second":	498137526.82234389,
				"jitter_ms":	0.00645189995806455,
				"lost_packets":	0,
				"packets":	46192,
				"lost_percent":	0,
				"omitted":	false,
				"sender":	false
			}
		}, {
			"streams":	[{
					"socket":	5,
					"start":	24.001055,
					"end":	25.000147,
					"seconds":	0.9990919828414917,
					"bytes":	43145436,
					"bits_per_second":	345477187.21386337,
					"jitter_ms":	0.0363671497477753,
					"lost_packets":	32,
					"packets":	32039,
					"lost_percent":	0.0998782733543494,
					"omitted":	false,
					"sender":	false
				}],
			"sum":	{
				"start":	24.001055,
				"end":	25.000147,
				"seconds":	0.9990919828414917,
				"bytes":	43145436,
				"bits_per_second":	345477187.21386337,
				"jitter_ms":	0.0363671497477753,
				"lost_packets":	32,
				"packets":	32039,
				"lost_percent":	0.0998782733543494,
				"omitted":	false,
				"sender":	false
			}
		}, {
			"streams":	[{
					"socket":	5,
					"start":	25.000147,
					"end":	26.001082,
					"seconds":	1.0009349584579468,
					"bytes":	25226472,
					"bits_per_second":	201623266.62155333,
					"jitter_ms":	0.015050878252353038,
					"lost_packets":	39599,
					"packets":	58313,
					"lost_percent":	67.9076706737777,
					"omitted":	false,
					"sender":	false
				}],
			"sum":	{
				"start":	25.000147,
				"end":	26.001082,
				"seconds":	1.0009349584579468,
				"bytes":	25226472,
				"bits_per_second":	201623266.62155333,
				"jitter_ms":	0.015050878252353038,
				"lost_packets":	39599,
				"packets":	58313,
				"lost_percent":	67.9076706737777,
				"omitted":	false,
				"sender":	false
			}
		}, {
			"streams":	[{
					"socket":	5,
					"start":	26.001082,
					"end":	27.001079,
					"seconds":	0.99999701976776123,
					"bytes":	66216456,
					"bits_per_second":	529733226.72804022,
					"jitter_ms":	0.047927305859539873,
					"lost_packets":	0,
					"packets":	49122,
					"lost_percent":	0,
					"omitted":	false,
					"sender":	false
				}],
			"sum":	{
				"start":	26.001082,
				"end":	27.001079,
				"seconds":	0.99999701976776123,
				"bytes":	66216456,
				"bits_per_second":	529733226.72804022,
				"jitter_ms":	0.047927305859539873,
				"lost_packets":	0,
				"packets":	49122,
				"lost_percent":	0,
				"omitted":	false,
				"sender":	false
			}
		}, {
			"streams":	[{
					"socket":	5,
					"start":	27.001079,
					"end":	28.001067,
					"seconds":	0.9999880194664,
					"bytes":	62642908,
					"bits_per_second":	501149268.03564423,
					"jitter_ms":	0.032197210063487483,
					"lost_packets":	0,
					"packets":	46474,
					"lost_percent":	0,
					"omitted":	false,
					"sender":	false
				}],
			"sum":	{
				"start":	27.001079,
				"end":	28.001067,
				"seconds":	0.9999880194664,
				"bytes":	62642908,
				"bits_per_second":	501149268.03564423,
				"jitter_ms":	0.032197210063487483,
				"lost_packets":	0,
				"packets":	46474,
				"lost_percent":	0,
				"omitted":	false,
				"sender":	false
			}
		}, {
			"streams":	[{
					"socket":	5,
					"start":	28.001067,
					"end":	29.001106,
					"seconds":	1.0000389814376831,
					"bytes":	61910944,
					"bits_per_second":	495268245.73174256,
					"jitter_ms":	0.048211608605189742,
					"lost_packets":	0,
					"packets":	45931,
					"lost_percent":	0,
					"omitted":	false,
					"sender":	false
				}],
			"sum":	{
				"start":	28.001067,
				"end":	29.001106,
				"seconds":	1.0000389814376831,
				"bytes":	61910944,
				"bits_per_second":	495268245.73174256,
				"jitter_ms":	0.048211608605189742,
				"lost_packets":	0,
				"packets":	45931,
				"lost_percent":	0,
				"omitted":	false,
				"sender":	false
			}
		}, {
			"streams":	[{
					"socket":	5,
					"start":	29.001106,
					"end":	30.001079,
					"seconds":	0.99997299909591675,
					"bytes":	63191544,
					"bits_per_second":	505546002.199115,
					"jitter_ms":	0.037553844238075611,
					"lost_packets":	0,
					"packets":	46880,
					"lost_percent":	0,
					"omitted":	false,
					"sender":	false
				}],
			"sum":	{
				"start":	29.001106,
				"end":	30.001079,
				"seconds":	0.99997299909591675,
				"bytes":	63191544,
				"bits_per_second":	505546002.199115,
				"jitter_ms":	0.037553844238075611,
				"lost_packets":	0,
				"packets":	46880,
				"lost_percent":	0,
				"omitted":	false,
				"sender":	false
			}
		}, {
			"streams":	[{
					"socket":	5,
					"start":	30.001079,
					"end":	31.001086,
					"seconds":	1.0000070333480835,
					"bytes":	62471712,
					"bits_per_second":	499770180.94235569,
					"jitter_ms":	0.00757129032660391,
					"lost_packets":	0,
					"packets":	46350,
					"lost_percent":	0,
					"omitted":	false,
					"sender":	false
				}],
			"sum":	{
				"start":	30.001079,
				"end":	31.001086,
				"seconds":	1.0000070333480835,
				"bytes":	62471712,
				"bits_per_second":	499770180.94235569,
				"jitter_ms":	0.00757129032660391,
				"lost_packets":	0,
				"packets":	46350,
				"lost_percent":	0,
				"omitted":	false,
				"sender":	false
			}
		}, {
			"streams":	[{
					"socket":	5,
					"start":	31.001086,
					"end":	32.001076,
					"seconds":	0.99998998641967773,
					"bytes":	62349044,
					"bits_per_second":	498797346.74729621,
					"jitter_ms":	0.14370128968413937,
					"lost_packets":	0,
					"packets":	46265,
					"lost_percent":	0,
					"omitted":	false,
					"sender":	false
				}],
			"sum":	{
				"start":	31.001086,
				"end":	32.001076,
				"seconds":	0.99998998641967773,
				"bytes":	62349044,
				"bits_per_second":	498797346.74729621,
				"jitter_ms":	0.14370128968413937,
				"lost_packets":	0,
				"packets":	46265,
				"lost_percent":	0,
				"omitted":	false,
				"sender":	false
			}
		}, {
			"streams":	[{
					"socket":	5,
					"start":	32.001076,
					"end":	33.00109,
					"seconds":	1.0000139474868774,
					"bytes":	62660432,
					"bits_per_second":	501276464.45309,
					"jitter_ms":	0.021021394384978135,
					"lost_packets":	0,
					"packets":	46490,
					"lost_percent":	0,
					"omitted":	false,
					"sender":	false
				}],
			"sum":	{
				"start":	32.001076,
				"end":	33.00109,
				"seconds":	1.0000139474868774,
				"bytes":	62660432,
				"bits_per_second":	501276464.45309,
				"jitter_ms":	0.021021394384978135,
				"lost_packets":	0,
				"packets":	46490,
				"lost_percent":	0,
				"omitted":	false,
				"sender":	false
			}
		}, {
			"streams":	[{
					"socket":	5,
					"start":	33.00109,
					"end":	34.001063,
					"seconds":	0.99997299909591675,
					"bytes":	62307256,
					"bits_per_second":	498471507.18135363,
					"jitter_ms":	0.02223018628815765,
					"lost_packets":	0,
					"packets":	46224,
					"lost_percent":	0,
					"omitted":	false,
					"sender":	false
				}],
			"sum":	{
				"start":	33.00109,
				"end":	34.001063,
				"seconds":	0.99997299909591675,
				"bytes":	62307256,
				"bits_per_second":	498471507.18135363,
				"jitter_ms":	0.02223018628815765,
				"lost_packets":	0,
				"packets":	46224,
				"lost_percent":	0,
				"omitted":	false,
				"sender":	false
			}
		}, {
			"streams":	[{
					"socket":	5,
					"start":	34.001063,
					"end":	35.000143,
					"seconds":	0.999080002307892,
					"bytes":	62420488,
					"bits_per_second":	499823740.68789375,
					"jitter_ms":	0.048216248404819084,
					"lost_packets":	0,
					"packets":	46306,
					"lost_percent":	0,
					"omitted":	false,
					"sender":	false
				}],
			"sum":	{
				"start":	34.001063,
				"end":	35.000143,
				"seconds":	0.999080002307892,
				"bytes":	62420488,
				"bits_per_second":	499823740.68789375,
				"jitter_ms":	0.048216248404819084,
				"lost_packets":	0,
				"packets":	46306,
				"lost_percent":	0,
				"omitted":	false,
				"sender":	false
			}
		}, {
			"streams":	[{
					"socket":	5,
					"start":	35.000143,
					"end":	36.001056,
					"seconds":	1.0009130239486694,
					"bytes":	62679304,
					"bits_per_second":	500977027.975725,
					"jitter_ms":	0.00607708450050144,
					"lost_packets":	0,
					"packets":	46498,
					"lost_percent":	0,
					"omitted":	false,
					"sender":	false
				}],
			"sum":	{
				"start":	35.000143,
				"end":	36.001056,
				"seconds":	1.0009130239486694,
				"bytes":	62679304,
				"bits_per_second":	500977027.975725,
				"jitter_ms":	0.00607708450050144,
				"lost_packets":	0,
				"packets":	46498,
				"lost_percent":	0,
				"omitted":	false,
				"sender":	false
			}
		}, {
			"streams":	[{
					"socket":	5,
					"start":	36.001056,
					"end":	37.001057,
					"seconds":	1.0000009536743164,
					"bytes":	62049788,
					"bits_per_second":	496397830.59813821,
					"jitter_ms":	0.23997810390994326,
					"lost_packets":	0,
					"packets":	46031,
					"lost_percent":	0,
					"omitted":	false,
					"sender":	false
				}],
			"sum":	{
				"start":	36.001056,
				"end":	37.001057,
				"seconds":	1.0000009536743164,
				"bytes":	62049788,
				"bits_per_second":	496397830.59813821,
				"jitter_ms":	0.23997810390994326,
				"lost_packets":	0,
				"packets":	46031,
				"lost_percent":	0,
				"omitted":	false,
				"sender":	false
			}
		}, {
			"streams":	[{
					"socket":	5,
					"start":	37.001057,
					"end":	38.001074,
					"seconds":	1.0000170469284058,
					"bytes":	61249076,
					"bits_per_second":	489984255.27348042,
					"jitter_ms":	0.00959814717791152,
					"lost_packets":	0,
					"packets":	45437,
					"lost_percent":	0,
					"omitted":	false,
					"sender":	false
				}],
			"sum":	{
				"start":	37.001057,
				"end":	38.001074,
				"seconds":	1.0000170469284058,
				"bytes":	61249076,
				"bits_per_second":	489984255.27348042,
				"jitter_ms":	0.00959814717791152,
				"lost_packets":	0,
				"packets":	45437,
				"lost_percent":	0,
				"omitted":	false,
				"sender":	false
			}
		}, {
			"streams":	[{
					"socket":	5,
					"start":	38.001074,
					"end":	39.000155,
					"seconds":	0.999081015586853,
					"bytes":	61195156,
					"bits_per_second":	490011560.98680872,
					"jitter_ms":	0.00699644707164339,
					"lost_packets":	0,
					"packets":	45397,
					"lost_percent":	0,
					"omitted":	false,
					"sender":	false
				}],
			"sum":	{
				"start":	38.001074,
				"end":	39.000155,
				"seconds":	0.999081015586853,
				"bytes":	61195156,
				"bits_per_second":	490011560.98680872,
				"jitter_ms":	0.00699644707164339,
				"lost_packets":	0,
				"packets":	45397,
				"lost_percent":	0,
				"omitted":	false,
				"sender":	false
			}
		}, {
			"streams":	[{
					"socket":	5,
					"start":	39.000155,
					"end":	40.001067,
					"seconds":	1.0009119510650635,
					"bytes":	65431920,
					"bits_per_second":	522978429.264427,
					"jitter_ms":	0.0083291397823255352,
					"lost_packets":	0,
					"packets":	48540,
					"lost_percent":	0,
					"omitted":	false,
					"sender":	false
				}],
			"sum":	{
				"start":	39.000155,
				"end":	40.001067,
				"seconds":	1.0009119510650635,
				"bytes":	65431920,
				"bits_per_second":	522978429.264427,
				"jitter_ms":	0.0083291397823255352,
				"lost_packets":	0,
				"packets":	48540,
				"lost_percent":	0,
				"omitted":	false,
				"sender":	false
			}
		}, {
			"streams":	[{
					"socket":	5,
					"start":	40.001067,
					"end":	41.001083,
					"seconds":	1.0000159740448,
					"bytes":	62574160,
					"bits_per_second":	500585283.62825322,
					"jitter_ms":	0.0060155394720026083,
					"lost_packets":	0,
					"packets":	46420,
					"lost_percent":	0,
					"omitted":	false,
					"sender":	false
				}],
			"sum":	{
				"start":	40.001067,
				"end":	41.001083,
				"seconds":	1.0000159740448,
				"bytes":	62574160,
				"bits_per_second":	500585283.62825322,
				"jitter_ms":	0.0060155394720026083,
				"lost_packets":	0,
				"packets":	46420,
				"lost_percent":	0,
				"omitted":	false,
				"sender":	false
			}
		}, {
			"streams":	[{
					"socket":	5,
					"start":	41.001083,
					"end":	42.001061,
					"seconds":	0.999978005886078,
					"bytes":	62504064,
					"bits_per_second":	500043510.01392525,
					"jitter_ms":	0.057756371509402625,
					"lost_packets":	0,
					"packets":	46368,
					"lost_percent":	0,
					"omitted":	false,
					"sender":	false
				}],
			"sum":	{
				"start":	41.001083,
				"end":	42.001061,
				"seconds":	0.999978005886078,
				"bytes":	62504064,
				"bits_per_second":	500043510.01392525,
				"jitter_ms":	0.057756371509402625,
				"lost_packets":	0,
				"packets":	46368,
				"lost_percent":	0,
				"omitted":	false,
				"sender":	false
			}
		}, {
			"streams":	[{
					"socket":	5,
					"start":	42.001061,
					"end":	43.001067,
					"seconds":	1.0000059604644775,
					"bytes":	62369264,
					"bits_per_second":	498951138.0194658,
					"jitter_ms":	0.00603675884639514,
					"lost_packets":	0,
					"packets":	46268,
					"lost_percent":	0,
					"omitted":	false,
					"sender":	false
				}],
			"sum":	{
				"start":	42.001061,
				"end":	43.001067,
				"seconds":	1.0000059604644775,
				"bytes":	62369264,
				"bits_per_second":	498951138.0194658,
				"jitter_ms":	0.00603675884639514,
				"lost_packets":	0,
				"packets":	46268,
				"lost_percent":	0,
				"omitted":	false,
				"sender":	false
			}
		}, {
			"streams":	[{
					"socket":	5,
					"start":	43.001067,
					"end":	44.000154,
					"seconds":	0.99908697605133057,
					"bytes":	62533720,
					"bits_per_second":	500726935.68402338,
					"jitter_ms":	0.016660357948957157,
					"lost_packets":	0,
					"packets":	46390,
					"lost_percent":	0,
					"omitted":	false,
					"sender":	false
				}],
			"sum":	{
				"start":	43.001067,
				"end":	44.000154,
				"seconds":	0.99908697605133057,
				"bytes":	62533720,
				"bits_per_second":	500726935.68402338,
				"jitter_ms":	0.016660357948957157,
				"lost_packets":	0,
				"packets":	46390,
				"lost_percent":	0,
				"omitted":	false,
				"sender":	false
			}
		}, {
			"streams":	[{
					"socket":	5,
					"start":	44.000154,
					"end":	45.001058,
					"seconds":	1.0009039640426636,
					"bytes":	62506760,
					"bits_per_second":	499602457.34293562,
					"jitter_ms":	0.012711562082018617,
					"lost_packets":	0,
					"packets":	46370,
					"lost_percent":	0,
					"omitted":	false,
					"sender":	false
				}],
			"sum":	{
				"start":	44.000154,
				"end":	45.001058,
				"seconds":	1.0009039640426636,
				"bytes":	62506760,
				"bits_per_second":	499602457.34293562,
				"jitter_ms":	0.012711562082018617,
				"lost_packets":	0,
				"packets":	46370,
				"lost_percent":	0,
				"omitted":	false,
				"sender":	false
			}
		}, {
			"streams":	[{
					"socket":	5,
					"start":	45.001058,
					"end":	46.001062,
					"seconds":	1.0000040531158447,
					"bytes":	62500020,
					"bits_per_second":	499998133.449643,
					"jitter_ms":	0.012856064865754357,
					"lost_packets":	0,
					"packets":	46365,
					"lost_percent":	0,
					"omitted":	false,
					"sender":	false
				}],
			"sum":	{
				"start":	45.001058,
				"end":	46.001062,
				"seconds":	1.0000040531158447,
				"bytes":	62500020,
				"bits_per_second":	499998133.449643,
				"jitter_ms":	0.012856064865754357,
				"lost_packets":	0,
				"packets":	46365,
				"lost_percent":	0,
				"omitted":	false,
				"sender":	false
			}
		}, {
			"streams":	[{
					"socket":	5,
					"start":	46.001062,
					"end":	47.000169,
					"seconds":	0.999107003211975,
					"bytes":	62541808,
					"bits_per_second":	500781660.41425169,
					"jitter_ms":	0.031402896012718576,
					"lost_packets":	0,
					"packets":	46396,
					"lost_percent":	0,
					"omitted":	false,
					"sender":	false
				}],
			"sum":	{
				"start":	46.001062,
				"end":	47.000169,
				"seconds":	0.999107003211975,
				"bytes":	62541808,
				"bits_per_second":	500781660.41425169,
				"jitter_ms":	0.031402896012718576,
				"lost_packets":	0,
				"packets":	46396,
				"lost_percent":	0,
				"omitted":	false,
				"sender":	false
			}
		}, {
			"streams":	[{
					"socket":	5,
					"start":	47.000169,
					"end":	48.001081,
					"seconds":	1.0009119510650635,
					"bytes":	62602468,
					"bits_per_second":	500363437.030681,
					"jitter_ms":	0.00639304806262851,
					"lost_packets":	0,
					"packets":	46443,
					"lost_percent":	0,
					"omitted":	false,
					"sender":	false
				}],
			"sum":	{
				"start":	47.000169,
				"end":	48.001081,
				"seconds":	1.0009119510650635,
				"bytes":	62602468,
				"bits_per_second":	500363437.030681,
				"jitter_ms":	0.00639304806262851,
				"lost_packets":	0,
				"packets":	46443,
				"lost_percent":	0,
				"omitted":	false,
				"sender":	false
			}
		}, {
			"streams":	[{
					"socket":	5,
					"start":	48.001081,
					"end":	49.00109,
					"seconds":	1.0000089406967163,
					"bytes":	62187284,
					"bits_per_second":	497493824.05860084,
					"jitter_ms":	0.051486900601674587,
					"lost_packets":	0,
					"packets":	46139,
					"lost_percent":	0,
					"omitted":	false,
					"sender":	false
				}],
			"sum":	{
				"start":	48.001081,
				"end":	49.00109,
				"seconds":	1.0000089406967163,
				"bytes":	62187284,
				"bits_per_second":	497493824.05860084,
				"jitter_ms":	0.051486900601674587,
				"lost_packets":	0,
				"packets":	46139,
				"lost_percent":	0,
				"omitted":	false,
				"sender":	false
			}
		}, {
			"streams":	[{
					"socket":	5,
					"start":	49.00109,
					"end":	50.001068,
					"seconds":	0.999978005886078,
					"bytes":	62730528,
					"bits_per_second":	501855261.8618018,
					"jitter_ms":	0.0086000924817695654,
					"lost_packets":	0,
					"packets":	46541,
					"lost_percent":	0,
					"omitted":	false,
					"sender":	false
				}],
			"sum":	{
				"start":	49.00109,
				"end":	50.001068,
				"seconds":	0.999978005886078,
				"bytes":	62730528,
				"bits_per_second":	501855261.8618018,
				"jitter_ms":	0.0086000924817695654,
				"lost_packets":	0,
				"packets":	46541,
				"lost_percent":	0,
				"omitted":	false,
				"sender":	false
			}
		}, {
			"streams":	[{
					"socket":	5,
					"start":	50.001068,
					"end":	51.001061,
					"seconds":	0.99999302625656128,
					"bytes":	61402748,
					"bits_per_second":	491225409.67997772,
					"jitter_ms":	0.020773320406000106,
					"lost_packets":	0,
					"packets":	45555,
					"lost_percent":	0,
					"omitted":	false,
					"sender":	false
				}],
			"sum":	{
				"start":	50.001068,
				"end":	51.001061,
				"seconds":	0.99999302625656128,
				"bytes":	61402748,
				"bits_per_second":	491225409.67997772,
				"jitter_ms":	0.020773320406000106,
				"lost_packets":	0,
				"packets":	45555,
				"lost_percent":	0,
				"omitted":	false,
				"sender":	false
			}
		}, {
			"streams":	[{
					"socket":	5,
					"start":	51.001061,
					"end":	52.001061,
					"seconds":	1,
					"bytes":	63155148,
					"bits_per_second":	505241184,
					"jitter_ms":	0.0069627631501373646,
					"lost_packets":	0,
					"packets":	46851,
					"lost_percent":	0,
					"omitted":	false,
					"sender":	false
				}],
			"sum":	{
				"start":	51.001061,
				"end":	52.001061,
				"seconds":	1,
				"bytes":	63155148,
				"bits_per_second":	505241184,
				"jitter_ms":	0.0069627631501373646,
				"lost_packets":	0,
				"packets":	46851,
				"lost_percent":	0,
				"omitted":	false,
				"sender":	false
			}
		}, {
			"streams":	[{
					"socket":	5,
					"start":	52.001061,
					"end":	53.001535,
					"seconds":	1.0004739761352539,
					"bytes":	63072920,
					"bits_per_second":	504344312.83176672,
					"jitter_ms":	0.057396041133620283,
					"lost_packets":	0,
					"packets":	46790,
					"lost_percent":	0,
					"omitted":	false,
					"sender":	false
				}],
			"sum":	{
				"start":	52.001061,
				"end":	53.001535,
				"seconds":	1.0004739761352539,
				"bytes":	63072920,
				"bits_per_second":	504344312.83176672,
				"jitter_ms":	0.057396041133620283,
				"lost_packets":	0,
				"packets":	46790,
				"lost_percent":	0,
				"omitted":	false,
				"sender":	false
			}
		}, {
			"streams":	[{
					"socket":	5,
					"start":	53.001535,
					"end":	54.001085,
					"seconds":	0.9995499849319458,
					"bytes":	62374656,
					"bits_per_second":	499221905.37972361,
					"jitter_ms":	0.057438239576691488,
					"lost_packets":	0,
					"packets":	46272,
					"lost_percent":	0,
					"omitted":	false,
					"sender":	false
				}],
			"sum":	{
				"start":	53.001535,
				"end":	54.001085,
				"seconds":	0.9995499849319458,
				"bytes":	62374656,
				"bits_per_second":	499221905.37972361,
				"jitter_ms":	0.057438239576691488,
				"lost_packets":	0,
				"packets":	46272,
				"lost_percent":	0,
				"omitted":	false,
				"sender":	false
			}
		}, {
			"streams":	[{
					"socket":	5,
					"start":	54.001085,
					"end":	55.001088,
					"seconds":	1.0000029802322388,
					"bytes":	61297604,
					"bits_per_second":	490379370.55559063,
					"jitter_ms":	0.0070758618709245184,
					"lost_packets":	0,
					"packets":	45473,
					"lost_percent":	0,
					"omitted":	false,
					"sender":	false
				}],
			"sum":	{
				"start":	54.001085,
				"end":	55.001088,
				"seconds":	1.0000029802322388,
				"bytes":	61297604,
				"bits_per_second":	490379370.55559063,
				"jitter_ms":	0.0070758618709245184,
				"lost_packets":	0,
				"packets":	45473,
				"lost_percent":	0,
				"omitted":	false,
				"sender":	false
			}
		}, {
			"streams":	[{
					"socket":	5,
					"start":	55.001088,
					"end":	56.001068,
					"seconds":	0.99997997283935547,
					"bytes":	63786012,
					"bits_per_second":	510298315.82634771,
					"jitter_ms":	0.018797955865973156,
					"lost_packets":	0,
					"packets":	47322,
					"lost_percent":	0,
					"omitted":	false,
					"sender":	false
				}],
			"sum":	{
				"start":	55.001088,
				"end":	56.001068,
				"seconds":	0.99997997283935547,
				"bytes":	63786012,
				"bits_per_second":	510298315.82634771,
				"jitter_ms":	0.018797955865973156,
				"lost_packets":	0,
				"packets":	47322,
				"lost_percent":	0,
				"omitted":	false,
				"sender":	false
			}
		}, {
			"streams":	[{
					"socket":	5,
					"start":	56.001068,
					"end":	57.000172,
					"seconds":	0.99910402297973633,
					"bytes":	61630560,
					"bits_per_second":	493486632.682691,
					"jitter_ms":	0.011978589900250518,
					"lost_packets":	0,
					"packets":	45724,
					"lost_percent":	0,
					"omitted":	false,
					"sender":	false
				}],
			"sum":	{
				"start":	56.001068,
				"end":	57.000172,
				"seconds":	0.99910402297973633,
				"bytes":	61630560,
				"bits_per_second":	493486632.682691,
				"jitter_ms":	0.011978589900250518,
				"lost_packets":	0,
				"packets":	45724,
				"lost_percent":	0,
				"omitted":	false,
				"sender":	false
			}
		}, {
			"streams":	[{
					"socket":	5,
					"start":	57.000172,
					"end":	58.001066,
					"seconds":	1.0008939504623413,
					"bytes":	63400484,
					"bits_per_second":	506750861.83277273,
					"jitter_ms":	0.057866596487376479,
					"lost_packets":	0,
					"packets":	47033,
					"lost_percent":	0,
					"omitted":	false,
					"sender":	false
				}],
			"sum":	{
				"start":	57.000172,
				"end":	58.001066,
				"seconds":	1.0008939504623413,
				"bytes":	63400484,
				"bits_per_second":	506750861.83277273,
				"jitter_ms":	0.057866596487376479,
				"lost_packets":	0,
				"packets":	47033,
				"lost_percent":	0,
				"omitted":	false,
				"sender":	false
			}
		}, {
			"streams":	[{
					"socket":	5,
					"start":	58.001066,
					"end":	59.000152,
					"seconds":	0.999086022377014,
					"bytes":	62330172,
					"bits_per_second":	499097539.983232,
					"jitter_ms":	0.026399775306552839,
					"lost_packets":	0,
					"packets":	46239,
					"lost_percent":	0,
					"omitted":	false,
					"sender":	false
				}],
			"sum":	{
				"start":	58.001066,
				"end":	59.000152,
				"seconds":	0.999086022377014,
				"bytes":	62330172,
				"bits_per_second":	499097539.983232,
				"jitter_ms":	0.026399775306552839,
				"lost_packets":	0,
				"packets":	46239,
				"lost_percent":	0,
				"omitted":	false,
				"sender":	false
			}
		}, {
			"streams":	[{
					"socket":	5,
					"start":	59.000152,
					"end":	60.001068,
					"seconds":	1.0009160041809082,
					"bytes":	62455536,
					"bits_per_second":	499187030.59292173,
					"jitter_ms":	0.012812926533658179,
					"lost_packets":	0,
					"packets":	46332,
					"lost_percent":	0,
					"omitted":	false,
					"sender":	false
				}],
			"sum":	{
				"start":	59.000152,
				"end":	60.001068,
				"seconds":	1.0009160041809082,
				"bytes":	62455536,
				"bits_per_second":	499187030.59292173,
				"jitter_ms":	0.012812926533658179,
				"lost_packets":	0,
				"packets":	46332,
				"lost_percent":	0,
				"omitted":	false,
				"sender":	false
			}
		}, {
			"streams":	[{
					"socket":	5,
					"start":	60.001068,
					"end":	61.00108,
					"seconds":	1.0000120401382446,
					"bytes":	62500020,
					"bits_per_second":	499994140.0014329,
					"jitter_ms":	0.012777658435624997,
					"lost_packets":	0,
					"packets":	46365,
					"lost_percent":	0,
					"omitted":	false,
					"sender":	false
				}],
			"sum":	{
				"start":	60.001068,
				"end":	61.00108,
				"seconds":	1.0000120401382446,
				"bytes":	62500020,
				"bits_per_second":	499994140.0014329,
				"jitter_ms":	0.012777658435624997,
				"lost_packets":	0,
				"packets":	46365,
				"lost_percent":	0,
				"omitted":	false,
				"sender":	false
			}
		}, {
			"streams":	[{
					"socket":	5,
					"start":	61.00108,
					"end":	62.001068,
					"seconds":	0.9999880194664,
					"bytes":	62500020,
					"bits_per_second":	500006150.34048426,
					"jitter_ms":	0.012830171475236985,
					"lost_packets":	0,
					"packets":	46365,
					"lost_percent":	0,
					"omitted":	false,
					"sender":	false
				}],
			"sum":	{
				"start":	61.00108,
				"end":	62.001068,
				"seconds":	0.9999880194664,
				"bytes":	62500020,
				"bits_per_second":	500006150.34048426,
				"jitter_ms":	0.012830171475236985,
				"lost_packets":	0,
				"packets":	46365,
				"lost_percent":	0,
				"omitted":	false,
				"sender":	false
			}
		}, {
			"streams":	[{
					"socket":	5,
					"start":	62.001068,
					"end":	63.000155,
					"seconds":	0.99908697605133057,
					"bytes":	62500020,
					"bits_per_second":	500457089.30781943,
					"jitter_ms":	0.012710113069081456,
					"lost_packets":	0,
					"packets":	46365,
					"lost_percent":	0,
					"omitted":	false,
					"sender":	false
				}],
			"sum":	{
				"start":	62.001068,
				"end":	63.000155,
				"seconds":	0.99908697605133057,
				"bytes":	62500020,
				"bits_per_second":	500457089.30781943,
				"jitter_ms":	0.012710113069081456,
				"lost_packets":	0,
				"packets":	46365,
				"lost_percent":	0,
				"omitted":	false,
				"sender":	false
			}
		}, {
			"streams":	[{
					"socket":	5,
					"start":	63.000155,
					"end":	64.001091,
					"seconds":	1.0009360313415527,
					"bytes":	62707612,
					"bits_per_second":	501191764.800019,
					"jitter_ms":	0.0058775348843330541,
					"lost_packets":	0,
					"packets":	46521,
					"lost_percent":	0,
					"omitted":	false,
					"sender":	false
				}],
			"sum":	{
				"start":	63.000155,
				"end":	64.001091,
				"seconds":	1.0009360313415527,
				"bytes":	62707612,
				"bits_per_second":	501191764.800019,
				"jitter_ms":	0.0058775348843330541,
				"lost_packets":	0,
				"packets":	46521,
				"lost_percent":	0,
				"omitted":	false,
				"sender":	false
			}
		}, {
			"streams":	[{
					"socket":	5,
					"start":	64.001091,
					"end":	65.001067,
					"seconds":	0.99997597932815552,
					"bytes":	62157628,
					"bits_per_second":	497272968.83080143,
					"jitter_ms":	0.014219771281146827,
					"lost_packets":	0,
					"packets":	46114,
					"lost_percent":	0,
					"omitted":	false,
					"sender":	false
				}],
			"sum":	{
				"start":	64.001091,
				"end":	65.001067,
				"seconds":	0.99997597932815552,
				"bytes":	62157628,
				"bits_per_second":	497272968.83080143,
				"jitter_ms":	0.014219771281146827,
				"lost_packets":	0,
				"packets":	46114,
				"lost_percent":	0,
				"omitted":	false,
				"sender":	false
			}
		}, {
			"streams":	[{
					"socket":	5,
					"start":	65.001067,
					"end":	66.001067,
					"seconds":	1,
					"bytes":	62842412,
					"bits_per_second":	502739296,
					"jitter_ms":	0.057952077726406,
					"lost_packets":	0,
					"packets":	46619,
					"lost_percent":	0,
					"omitted":	false,
					"sender":	false
				}],
			"sum":	{
				"start":	65.001067,
				"end":	66.001067,
				"seconds":	1,
				"bytes":	62842412,
				"bits_per_second":	502739296,
				"jitter_ms":	0.057952077726406,
				"lost_packets":	0,
				"packets":	46619,
				"lost_percent":	0,
				"omitted":	false,
				"sender":	false
			}
		}, {
			"streams":	[{
					"socket":	5,
					"start":	66.001067,
					"end":	67.001066,
					"seconds":	0.99999898672103882,
					"bytes":	61908248,
					"bits_per_second":	495266485.84311026,
					"jitter_ms":	0.031908779355071561,
					"lost_packets":	0,
					"packets":	45926,
					"lost_percent":	0,
					"omitted":	false,
					"sender":	false
				}],
			"sum":	{
				"start":	66.001067,
				"end":	67.001066,
				"seconds":	0.99999898672103882,
				"bytes":	61908248,
				"bits_per_second":	495266485.84311026,
				"jitter_ms":	0.031908779355071561,
				"lost_packets":	0,
				"packets":	45926,
				"lost_percent":	0,
				"omitted":	false,
				"sender":	false
			}
		}, {
			"streams":	[{
					"socket":	5,
					"start":	67.001066,
					"end":	68.001062,
					"seconds":	0.9999960064888,
					"bytes":	61762664,
					"bits_per_second":	494103285.20700341,
					"jitter_ms":	0.0086112630091952341,
					"lost_packets":	0,
					"packets":	45818,
					"lost_percent":	0,
					"omitted":	false,
					"sender":	false
				}],
			"sum":	{
				"start":	67.001066,
				"end":	68.001062,
				"seconds":	0.9999960064888,
				"bytes":	61762664,
				"bits_per_second":	494103285.20700341,
				"jitter_ms":	0.0086112630091952341,
				"lost_packets":	0,
				"packets":	45818,
				"lost_percent":	0,
				"omitted":	false,
				"sender":	false
			}
		}, {
			"streams":	[{
					"socket":	5,
					"start":	68.001062,
					"end":	69.001063,
					"seconds":	1.0000009536743164,
					"bytes":	61294908,
					"bits_per_second":	490358796.35741,
					"jitter_ms":	0.016801958083718909,
					"lost_packets":	0,
					"packets":	45471,
					"lost_percent":	0,
					"omitted":	false,
					"sender":	false
				}],
			"sum":	{
				"start":	68.001062,
				"end":	69.001063,
				"seconds":	1.0000009536743164,
				"bytes":	61294908,
				"bits_per_second":	490358796.35741,
				"jitter_ms":	0.016801958083718909,
				"lost_packets":	0,
				"packets":	45471,
				"lost_percent":	0,
				"omitted":	false,
				"sender":	false
			}
		}, {
			"streams":	[{
					"socket":	5,
					"start":	69.001063,
					"end":	70.001093,
					"seconds":	1.0000300407409668,
					"bytes":	64726916,
					"bits_per_second":	517799772.91114932,
					"jitter_ms":	0.0684496750527232,
					"lost_packets":	0,
					"packets":	48017,
					"lost_percent":	0,
					"omitted":	false,
					"sender":	false
				}],
			"sum":	{
				"start":	69.001063,
				"end":	70.001093,
				"seconds":	1.0000300407409668,
				"bytes":	64726916,
				"bits_per_second":	517799772.91114932,
				"jitter_ms":	0.0684496750527232,
				"lost_packets":	0,
				"packets":	48017,
				"lost_percent":	0,
				"omitted":	false,
				"sender":	false
			}
		}, {
			"streams":	[{
					"socket":	5,
					"start":	70.001093,
					"end":	71.001063,
					"seconds":	0.999970018863678,
					"bytes":	62624036,
					"bits_per_second":	501007308.76842254,
					"jitter_ms":	0.089303681361951659,
					"lost_packets":	0,
					"packets":	46457,
					"lost_percent":	0,
					"omitted":	false,
					"sender":	false
				}],
			"sum":	{
				"start":	70.001093,
				"end":	71.001063,
				"seconds":	0.999970018863678,
				"bytes":	62624036,
				"bits_per_second":	501007308.76842254,
				"jitter_ms":	0.089303681361951659,
				"lost_packets":	0,
				"packets":	46457,
				"lost_percent":	0,
				"omitted":	false,
				"sender":	false
			}
		}, {
			"streams":	[{
					"socket":	5,
					"start":	71.001063,
					"end":	72.001077,
					"seconds":	1.0000139474868774,
					"bytes":	62578204,
					"bits_per_second":	500618649.62795371,
					"jitter_ms":	0.022040690997415437,
					"lost_packets":	0,
					"packets":	46425,
					"lost_percent":	0,
					"omitted":	false,
					"sender":	false
				}],
			"sum":	{
				"start":	71.001063,
				"end":	72.001077,
				"seconds":	1.0000139474868774,
				"bytes":	62578204,
				"bits_per_second":	500618649.62795371,
				"jitter_ms":	0.022040690997415437,
				"lost_packets":	0,
				"packets":	46425,
				"lost_percent":	0,
				"omitted":	false,
				"sender":	false
			}
		}, {
			"streams":	[{
					"socket":	5,
					"start":	72.001077,
					"end":	73.00109,
					"seconds":	1.000012993812561,
					"bytes":	62421836,
					"bits_per_second":	499368199.30321932,
					"jitter_ms":	0.035786015529804031,
					"lost_packets":	0,
					"packets":	46312,
					"lost_percent":	0,
					"omitted":	false,
					"sender":	false
				}],
			"sum":	{
				"start":	72.001077,
				"end":	73.00109,
				"seconds":	1.000012993812561,
				"bytes":	62421836,
				"bits_per_second":	499368199.30321932,
				"jitter_ms":	0.035786015529804031,
				"lost_packets":	0,
				"packets":	46312,
				"lost_percent":	0,
				"omitted":	false,
				"sender":	false
			}
		}, {
			"streams":	[{
					"socket":	5,
					"start":	73.00109,
					"end":	74.001062,
					"seconds":	0.99997198581695557,
					"bytes":	62233116,
					"bits_per_second":	497878875.669957,
					"jitter_ms":	0.058202625058590182,
					"lost_packets":	0,
					"packets":	46169,
					"lost_percent":	0,
					"omitted":	false,
					"sender":	false
				}],
			"sum":	{
				"start":	73.00109,
				"end":	74.001062,
				"seconds":	0.99997198581695557,
				"bytes":	62233116,
				"bits_per_second":	497878875.669957,
				"jitter_ms":	0.058202625058590182,
				"lost_packets":	0,
				"packets":	46169,
				"lost_percent":	0,
				"omitted":	false,
				"sender":	false
			}
		}, {
			"streams":	[{
					"socket":	5,
					"start":	74.001062,
					"end":	75.001065,
					"seconds":	1.0000029802322388,
					"bytes":	62734572,
					"bits_per_second":	501875080.29570585,
					"jitter_ms":	0.10625018689253207,
					"lost_packets":	0,
					"packets":	46541,
					"lost_percent":	0,
					"omitted":	false,
					"sender":	false
				}],
			"sum":	{
				"start":	74.001062,
				"end":	75.001065,
				"seconds":	1.0000029802322388,
				"bytes":	62734572,
				"bits_per_second":	501875080.29570585,
				"jitter_ms":	0.10625018689253207,
				"lost_packets":	0,
				"packets":	46541,
				"lost_percent":	0,
				"omitted":	false,
				"sender":	false
			}
		}, {
			"streams":	[{
					"socket":	5,
					"start":	75.001065,
					"end":	76.001067,
					"seconds":	1.0000020265579224,
					"bytes":	62696828,
					"bits_per_second":	501573607.532032,
					"jitter_ms":	0.057853298861084673,
					"lost_packets":	0,
					"packets":	46514,
					"lost_percent":	0,
					"omitted":	false,
					"sender":	false
				}],
			"sum":	{
				"start":	75.001065,
				"end":	76.001067,
				"seconds":	1.0000020265579224,
				"bytes":	62696828,
				"bits_per_second":	501573607.532032,
				"jitter_ms":	0.057853298861084673,
				"lost_packets":	0,
				"packets":	46514,
				"lost_percent":	0,
				"omitted":	false,
				"sender":	false
			}
		}, {
			"streams":	[{
					"socket":	5,
					"start":	76.001067,
					"end":	77.001076,
					"seconds":	1.0000089406967163,
					"bytes":	62284340,
					"bits_per_second":	498270265.11667681,
					"jitter_ms":	0.013554114073484537,
					"lost_packets":	0,
					"packets":	46205,
					"lost_percent":	0,
					"omitted":	false,
					"sender":	false
				}],
			"sum":	{
				"start":	76.001067,
				"end":	77.001076,
				"seconds":	1.0000089406967163,
				"bytes":	62284340,
				"bits_per_second":	498270265.11667681,
				"jitter_ms":	0.013554114073484537,
				"lost_packets":	0,
				"packets":	46205,
				"lost_percent":	0,
				"omitted":	false,
				"sender":	false
			}
		}, {
			"streams":	[{
					"socket":	5,
					"start":	77.001076,
					"end":	78.001067,
					"seconds":	0.999990999698639,
					"bytes":	62663128,
					"bits_per_second":	501309535.93689859,
					"jitter_ms":	0.0374363539234048,
					"lost_packets":	0,
					"packets":	46486,
					"lost_percent":	0,
					"omitted":	false,
					"sender":	false
				}],
			"sum":	{
				"start":	77.001076,
				"end":	78.001067,
				"seconds":	0.999990999698639,
				"bytes":	62663128,
				"bits_per_second":	501309535.93689859,
				"jitter_ms":	0.0374363539234048,
				"lost_packets":	0,
				"packets":	46486,
				"lost_percent":	0,
				"omitted":	false,
				"sender":	false
			}
		}, {
			"streams":	[{
					"socket":	5,
					"start":	78.001067,
					"end":	79.001079,
					"seconds":	1.0000120401382446,
					"bytes":	62266816,
					"bits_per_second":	498128530.4636296,
					"jitter_ms":	0.017758649710300559,
					"lost_packets":	0,
					"packets":	46192,
					"lost_percent":	0,
					"omitted":	false,
					"sender":	false
				}],
			"sum":	{
				"start":	78.001067,
				"end":	79.001079,
				"seconds":	1.0000120401382446,
				"bytes":	62266816,
				"bits_per_second":	498128530.4636296,
				"jitter_ms":	0.017758649710300559,
				"lost_packets":	0,
				"packets":	46192,
				"lost_percent":	0,
				"omitted":	false,
				"sender":	false
			}
		}, {
			"streams":	[{
					"socket":	5,
					"start":	79.001079,
					"end":	80.001072,
					"seconds":	0.99999302625656128,
					"bytes":	62552592,
					"bits_per_second":	500424225.83016145,
					"jitter_ms":	0.027745947430353367,
					"lost_packets":	0,
					"packets":	46404,
					"lost_percent":	0,
					"omitted":	false,
					"sender":	false
				}],
			"sum":	{
				"start":	79.001079,
				"end":	80.001072,
				"seconds":	0.99999302625656128,
				"bytes":	62552592,
				"bits_per_second":	500424225.83016145,
				"jitter_ms":	0.027745947430353367,
				"lost_packets":	0,
				"packets":	46404,
				"lost_percent":	0,
				"omitted":	false,
				"sender":	false
			}
		}, {
			"streams":	[{
					"socket":	5,
					"start":	80.001072,
					"end":	81.001113,
					"seconds":	1.0000410079956055,
					"bytes":	62533720,
					"bits_per_second":	500249245.78112739,
					"jitter_ms":	0.0077049311686164359,
					"lost_packets":	0,
					"packets":	46390,
					"lost_percent":	0,
					"omitted":	false,
					"sender":	false
				}],
			"sum":	{
				"start":	80.001072,
				"end":	81.001113,
				"seconds":	1.0000410079956055,
				"bytes":	62533720,
				"bits_per_second":	500249245.78112739,
				"jitter_ms":	0.0077049311686164359,
				"lost_packets":	0,
				"packets":	46390,
				"lost_percent":	0,
				"omitted":	false,
				"sender":	false
			}
		}, {
			"streams":	[{
					"socket":	5,
					"start":	81.001113,
					"end":	82.00107,
					"seconds":	0.999957025051117,
					"bytes":	62133364,
					"bits_per_second":	497088274.34318024,
					"jitter_ms":	0.47113025868780578,
					"lost_packets":	0,
					"packets":	46093,
					"lost_percent":	0,
					"omitted":	false,
					"sender":	false
				}],
			"sum":	{
				"start":	81.001113,
				"end":	82.00107,
				"seconds":	0.999957025051117,
				"bytes":	62133364,
				"bits_per_second":	497088274.34318024,
				"jitter_ms":	0.47113025868780578,
				"lost_packets":	0,
				"packets":	46093,
				"lost_percent":	0,
				"omitted":	false,
				"sender":	false
			}
		}, {
			"streams":	[{
					"socket":	5,
					"start":	82.00107,
					"end":	83.001071,
					"seconds":	1.0000009536743164,
					"bytes":	63006868,
					"bits_per_second":	504054463.29620427,
					"jitter_ms":	0.0451817230526725,
					"lost_packets":	0,
					"packets":	46743,
					"lost_percent":	0,
					"omitted":	false,
					"sender":	false
				}],
			"sum":	{
				"start":	82.00107,
				"end":	83.001071,
				"seconds":	1.0000009536743164,
				"bytes":	63006868,
				"bits_per_second":	504054463.29620427,
				"jitter_ms":	0.0451817230526725,
				"lost_packets":	0,
				"packets":	46743,
				"lost_percent":	0,
				"omitted":	false,
				"sender":	false
			}
		}, {
			"streams":	[{
					"socket":	5,
					"start":	83.001071,
					"end":	84.000157,
					"seconds":	0.999086022377014,
					"bytes":	62282992,
					"bits_per_second":	498719754.695933,
					"jitter_ms":	0.0092262534378746344,
					"lost_packets":	0,
					"packets":	46208,
					"lost_percent":	0,
					"omitted":	false,
					"sender":	false
				}],
			"sum":	{
				"start":	83.001071,
				"end":	84.000157,
				"seconds":	0.999086022377014,
				"bytes":	62282992,
				"bits_per_second":	498719754.695933,
				"jitter_ms":	0.0092262534378746344,
				"lost_packets":	0,
				"packets":	46208,
				"lost_percent":	0,
				"omitted":	false,
				"sender":	false
			}
		}, {
			"streams":	[{
					"socket":	5,
					"start":	84.000157,
					"end":	85.001062,
					"seconds":	1.0009050369262695,
					"bytes":	61770752,
					"bits_per_second":	493719181.90916461,
					"jitter_ms":	0.051230707589642183,
					"lost_packets":	0,
					"packets":	45824,
					"lost_percent":	0,
					"omitted":	false,
					"sender":	false
				}],
			"sum":	{
				"start":	84.000157,
				"end":	85.001062,
				"seconds":	1.0009050369262695,
				"bytes":	61770752,
				"bits_per_second":	493719181.90916461,
				"jitter_ms":	0.051230707589642183,
				"lost_packets":	0,
				"packets":	45824,
				"lost_percent":	0,
				"omitted":	false,
				"sender":	false
			}
		}, {
			"streams":	[{
					"socket":	5,
					"start":	85.001062,
					"end":	86.000162,
					"seconds":	0.99910002946853638,
					"bytes":	63281860,
					"bits_per_second":	506710904.88236541,
					"jitter_ms":	0.013393338261093037,
					"lost_packets":	0,
					"packets":	46945,
					"lost_percent":	0,
					"omitted":	false,
					"sender":	false
				}],
			"sum":	{
				"start":	85.001062,
				"end":	86.000162,
				"seconds":	0.99910002946853638,
				"bytes":	63281860,
				"bits_per_second":	506710904.88236541,
				"jitter_ms":	0.013393338261093037,
				"lost_packets":	0,
				"packets":	46945,
				"lost_percent":	0,
				"omitted":	false,
				"sender":	false
			}
		}, {
			"streams":	[{
					"socket":	5,
					"start":	86.000162,
					"end":	87.001062,
					"seconds":	1.0009000301361084,
					"bytes":	62367916,
					"bits_per_second":	498494667.776312,
					"jitter_ms":	0.018236270502840858,
					"lost_packets":	0,
					"packets":	46267,
					"lost_percent":	0,
					"omitted":	false,
					"sender":	false
				}],
			"sum":	{
				"start":	86.000162,
				"end":	87.001062,
				"seconds":	1.0009000301361084,
				"bytes":	62367916,
				"bits_per_second":	498494667.776312,
				"jitter_ms":	0.018236270502840858,
				"lost_packets":	0,
				"packets":	46267,
				"lost_percent":	0,
				"omitted":	false,
				"sender":	false
			}
		}, {
			"streams":	[{
					"socket":	5,
					"start":	87.001062,
					"end":	88.001057,
					"seconds":	0.999994993209839,
					"bytes":	62779056,
					"bits_per_second":	502234962.58506924,
					"jitter_ms":	0.0064197706766550818,
					"lost_packets":	0,
					"packets":	46572,
					"lost_percent":	0,
					"omitted":	false,
					"sender":	false
				}],
			"sum":	{
				"start":	87.001062,
				"end":	88.001057,
				"seconds":	0.999994993209839,
				"bytes":	62779056,
				"bits_per_second":	502234962.58506924,
				"jitter_ms":	0.0064197706766550818,
				"lost_packets":	0,
				"packets":	46572,
				"lost_percent":	0,
				"omitted":	false,
				"sender":	false
			}
		}, {
			"streams":	[{
					"socket":	5,
					"start":	88.001057,
					"end":	89.000356,
					"seconds":	0.99929898977279663,
					"bytes":	62350392,
					"bits_per_second":	499153047.39116091,
					"jitter_ms":	0.01484905878736689,
					"lost_packets":	0,
					"packets":	46254,
					"lost_percent":	0,
					"omitted":	false,
					"sender":	false
				}],
			"sum":	{
				"start":	88.001057,
				"end":	89.000356,
				"seconds":	0.99929898977279663,
				"bytes":	62350392,
				"bits_per_second":	499153047.39116091,
				"jitter_ms":	0.01484905878736689,
				"lost_packets":	0,
				"packets":	46254,
				"lost_percent":	0,
				"omitted":	false,
				"sender":	false
			}
		}, {
			"streams":	[{
					"socket":	5,
					"start":	89.000356,
					"end":	90.001062,
					"seconds":	1.00070595741272,
					"bytes":	62696828,
					"bits_per_second":	501220783.47249842,
					"jitter_ms":	0.010420904412066757,
					"lost_packets":	0,
					"packets":	46511,
					"lost_percent":	0,
					"omitted":	false,
					"sender":	false
				}],
			"sum":	{
				"start":	89.000356,
				"end":	90.001062,
				"seconds":	1.00070595741272,
				"bytes":	62696828,
				"bits_per_second":	501220783.47249842,
				"jitter_ms":	0.010420904412066757,
				"lost_packets":	0,
				"packets":	46511,
				"lost_percent":	0,
				"omitted":	false,
				"sender":	false
			}
		}, {
			"streams":	[{
					"socket":	5,
					"start":	90.001062,
					"end":	91.00106,
					"seconds":	0.99999797344207764,
					"bytes":	62404312,
					"bits_per_second":	499235507.72967333,
					"jitter_ms":	0.041943971818546984,
					"lost_packets":	0,
					"packets":	46294,
					"lost_percent":	0,
					"omitted":	false,
					"sender":	false
				}],
			"sum":	{
				"start":	90.001062,
				"end":	91.00106,
				"seconds":	0.99999797344207764,
				"bytes":	62404312,
				"bits_per_second":	499235507.72967333,
				"jitter_ms":	0.041943971818546984,
				"lost_packets":	0,
				"packets":	46294,
				"lost_percent":	0,
				"omitted":	false,
				"sender":	false
			}
		}, {
			"streams":	[{
					"socket":	5,
					"start":	91.00106,
					"end":	92.001083,
					"seconds":	1.0000230073928833,
					"bytes":	62563376,
					"bits_per_second":	500495492.90355843,
					"jitter_ms":	0.037793314160175978,
					"lost_packets":	0,
					"packets":	46412,
					"lost_percent":	0,
					"omitted":	false,
					"sender":	false
				}],
			"sum":	{
				"start":	91.00106,
				"end":	92.001083,
				"seconds":	1.0000230073928833,
				"bytes":	62563376,
				"bits_per_second":	500495492.90355843,
				"jitter_ms":	0.037793314160175978,
				"lost_packets":	0,
				"packets":	46412,
				"lost_percent":	0,
				"omitted":	false,
				"sender":	false
			}
		}, {
			"streams":	[{
					"socket":	5,
					"start":	92.001083,
					"end":	93.001084,
					"seconds":	1.0000009536743164,
					"bytes":	62404312,
					"bits_per_second":	499234019.89333737,
					"jitter_ms":	0.011589754019620851,
					"lost_packets":	0,
					"packets":	46294,
					"lost_percent":	0,
					"omitted":	false,
					"sender":	false
				}],
			"sum":	{
				"start":	92.001083,
				"end":	93.001084,
				"seconds":	1.0000009536743164,
				"bytes":	62404312,
				"bits_per_second":	499234019.89333737,
				"jitter_ms":	0.011589754019620851,
				"lost_packets":	0,
				"packets":	46294,
				"lost_percent":	0,
				"omitted":	false,
				"sender":	false
			}
		}, {
			"streams":	[{
					"socket":	5,
					"start":	93.001084,
					"end":	94.001079,
					"seconds":	0.999994993209839,
					"bytes":	62340956,
					"bits_per_second":	498730145.03718323,
					"jitter_ms":	0.0731678499410625,
					"lost_packets":	0,
					"packets":	46247,
					"lost_percent":	0,
					"omitted":	false,
					"sender":	false
				}],
			"sum":	{
				"start":	93.001084,
				"end":	94.001079,
				"seconds":	0.999994993209839,
				"bytes":	62340956,
				"bits_per_second":	498730145.03718323,
				"jitter_ms":	0.0731678499410625,
				"lost_packets":	0,
				"packets":	46247,
				"lost_percent":	0,
				"omitted":	false,
				"sender":	false
			}
		}, {
			"streams":	[{
					"socket":	5,
					"start":	94.001079,
					"end":	95.000222,
					"seconds":	0.99914300441741943,
					"bytes":	62428576,
					"bits_per_second":	499856983.22654718,
					"jitter_ms":	0.0064880695065581131,
					"lost_packets":	0,
					"packets":	46312,
					"lost_percent":	0,
					"omitted":	false,
					"sender":	false
				}],
			"sum":	{
				"start":	94.001079,
				"end":	95.000222,
				"seconds":	0.99914300441741943,
				"bytes":	62428576,
				"bits_per_second":	499856983.22654718,
				"jitter_ms":	0.0064880695065581131,
				"lost_packets":	0,
				"packets":	46312,
				"lost_percent":	0,
				"omitted":	false,
				"sender":	false
			}
		}, {
			"streams":	[{
					"socket":	5,
					"start":	95.000222,
					"end":	96.000209,
					"seconds":	0.999987006187439,
					"bytes":	62447448,
					"bits_per_second":	499586075.52782351,
					"jitter_ms":	0.045279912685115449,
					"lost_packets":	0,
					"packets":	46326,
					"lost_percent":	0,
					"omitted":	false,
					"sender":	false
				}],
			"sum":	{
				"start":	95.000222,
				"end":	96.000209,
				"seconds":	0.999987006187439,
				"bytes":	62447448,
				"bits_per_second":	499586075.52782351,
				"jitter_ms":	0.045279912685115449,
				"lost_packets":	0,
				"packets":	46326,
				"lost_percent":	0,
				"omitted":	false,
				"sender":	false
			}
		}, {
			"streams":	[{
					"socket":	5,
					"start":	96.000209,
					"end":	97.001055,
					"seconds":	1.0008460283279419,
					"bytes":	62932728,
					"bits_per_second":	503036241.09005642,
					"jitter_ms":	0.057504849067044589,
					"lost_packets":	0,
					"packets":	46686,
					"lost_percent":	0,
					"omitted":	false,
					"sender":	false
				}],
			"sum":	{
				"start":	96.000209,
				"end":	97.001055,
				"seconds":	1.0008460283279419,
				"bytes":	62932728,
				"bits_per_second":	503036241.09005642,
				"jitter_ms":	0.057504849067044589,
				"lost_packets":	0,
				"packets":	46686,
				"lost_percent":	0,
				"omitted":	false,
				"sender":	false
			}
		}, {
			"streams":	[{
					"socket":	5,
					"start":	97.001055,
					"end":	98.001058,
					"seconds":	1.0000029802322388,
					"bytes":	61467452,
					"bits_per_second":	491738150.50611085,
					"jitter_ms":	0.015041443457429738,
					"lost_packets":	0,
					"packets":	45599,
					"lost_percent":	0,
					"omitted":	false,
					"sender":	false
				}],
			"sum":	{
				"start":	97.001055,
				"end":	98.001058,
				"seconds":	1.0000029802322388,
				"bytes":	61467452,
				"bits_per_second":	491738150.50611085,
				"jitter_ms":	0.015041443457429738,
				"lost_packets":	0,
				"packets":	45599,
				"lost_percent":	0,
				"omitted":	false,
				"sender":	false
			}
		}, {
			"streams":	[{
					"socket":	5,
					"start":	98.001058,
					"end":	99.001057,
					"seconds":	0.99999898672103882,
					"bytes":	61592816,
					"bits_per_second":	492743027.28614283,
					"jitter_ms":	0.00679186307380529,
					"lost_packets":	0,
					"packets":	45692,
					"lost_percent":	0,
					"omitted":	false,
					"sender":	false
				}],
			"sum":	{
				"start":	98.001058,
				"end":	99.001057,
				"seconds":	0.99999898672103882,
				"bytes":	61592816,
				"bits_per_second":	492743027.28614283,
				"jitter_ms":	0.00679186307380529,
				"lost_packets":	0,
				"packets":	45692,
				"lost_percent":	0,
				"omitted":	false,
				"sender":	false
			}
		}, {
			"streams":	[{
					"socket":	5,
					"start":	99.001057,
					"end":	100.001072,
					"seconds":	1.0000150203704834,
					"bytes":	64174236,
					"bits_per_second":	513386176.74942416,
					"jitter_ms":	0.0082709663375178273,
					"lost_packets":	0,
					"packets":	47607,
					"lost_percent":	0,
					"omitted":	false,
					"sender":	false
				}],
			"sum":	{
				"start":	99.001057,
				"end":	100.001072,
				"seconds":	1.0000150203704834,
				"bytes":	64174236,
				"bits_per_second":	513386176.74942416,
				"jitter_ms":	0.0082709663375178273,
				"lost_packets":	0,
				"packets":	47607,
				"lost_percent":	0,
				"omitted":	false,
				"sender":	false
			}
		}, {
			"streams":	[{
					"socket":	5,
					"start":	100.001072,
					"end":	101.001061,
					"seconds":	0.99998897314071655,
					"bytes":	62642908,
					"bits_per_second":	501148790.09718847,
					"jitter_ms":	0.055694871327866,
					"lost_packets":	0,
					"packets":	46471,
					"lost_percent":	0,
					"omitted":	false,
					"sender":	false
				}],
			"sum":	{
				"start":	100.001072,
				"end":	101.001061,
				"seconds":	0.99998897314071655,
				"bytes":	62642908,
				"bits_per_second":	501148790.09718847,
				"jitter_ms":	0.055694871327866,
				"lost_packets":	0,
				"packets":	46471,
				"lost_percent":	0,
				"omitted":	false,
				"sender":	false
			}
		}, {
			"streams":	[{
					"socket":	5,
					"start":	101.001061,
					"end":	102.001095,
					"seconds":	1.000033974647522,
					"bytes":	62568768,
					"bits_per_second":	500533138.56304425,
					"jitter_ms":	0.039711369407564076,
					"lost_packets":	0,
					"packets":	46416,
					"lost_percent":	0,
					"omitted":	false,
					"sender":	false
				}],
			"sum":	{
				"start":	101.001061,
				"end":	102.001095,
				"seconds":	1.000033974647522,
				"bytes":	62568768,
				"bits_per_second":	500533138.56304425,
				"jitter_ms":	0.039711369407564076,
				"lost_packets":	0,
				"packets":	46416,
				"lost_percent":	0,
				"omitted":	false,
				"sender":	false
			}
		}, {
			"streams":	[{
					"socket":	5,
					"start":	102.001095,
					"end":	103.000467,
					"seconds":	0.99937200546264648,
					"bytes":	62338260,
					"bits_per_second":	499019461.49585247,
					"jitter_ms":	0.0126505859823019,
					"lost_packets":	0,
					"packets":	46245,
					"lost_percent":	0,
					"omitted":	false,
					"sender":	false
				}],
			"sum":	{
				"start":	102.001095,
				"end":	103.000467,
				"seconds":	0.99937200546264648,
				"bytes":	62338260,
				"bits_per_second":	499019461.49585247,
				"jitter_ms":	0.0126505859823019,
				"lost_packets":	0,
				"packets":	46245,
				"lost_percent":	0,
				"omitted":	false,
				"sender":	false
			}
		}, {
			"streams":	[{
					"socket":	5,
					"start":	103.000467,
					"end":	104.001071,
					"seconds":	1.0006040334701538,
					"bytes":	62715700,
					"bits_per_second":	501422723.89207351,
					"jitter_ms":	0.057363782477141238,
					"lost_packets":	0,
					"packets":	46525,
					"lost_percent":	0,
					"omitted":	false,
					"sender":	false
				}],
			"sum":	{
				"start":	103.000467,
				"end":	104.001071,
				"seconds":	1.0006040334701538,
				"bytes":	62715700,
				"bits_per_second":	501422723.89207351,
				"jitter_ms":	0.057363782477141238,
				"lost_packets":	0,
				"packets":	46525,
				"lost_percent":	0,
				"omitted":	false,
				"sender":	false
			}
		}, {
			"streams":	[{
					"socket":	5,
					"start":	104.001071,
					"end":	105.001084,
					"seconds":	1.000012993812561,
					"bytes":	62446100,
					"bits_per_second":	499562308.78099716,
					"jitter_ms":	0.0378337663513228,
					"lost_packets":	0,
					"packets":	46325,
					"lost_percent":	0,
					"omitted":	false,
					"sender":	false
				}],
			"sum":	{
				"start":	104.001071,
				"end":	105.001084,
				"seconds":	1.000012993812561,
				"bytes":	62446100,
				"bits_per_second":	499562308.78099716,
				"jitter_ms":	0.0378337663513228,
				"lost_packets":	0,
				"packets":	46325,
				"lost_percent":	0,
				"omitted":	false,
				"sender":	false
			}
		}, {
			"streams":	[{
					"socket":	5,
					"start":	105.001084,
					"end":	106.001065,
					"seconds":	0.99998098611831665,
					"bytes":	62556636,
					"bits_per_second":	500462603.73673439,
					"jitter_ms":	0.050930363343403326,
					"lost_packets":	0,
					"packets":	46407,
					"lost_percent":	0,
					"omitted":	false,
					"sender":	false
				}],
			"sum":	{
				"start":	105.001084,
				"end":	106.001065,
				"seconds":	0.99998098611831665,
				"bytes":	62556636,
				"bits_per_second":	500462603.73673439,
				"jitter_ms":	0.050930363343403326,
				"lost_packets":	0,
				"packets":	46407,
				"lost_percent":	0,
				"omitted":	false,
				"sender":	false
			}
		}, {
			"streams":	[{
					"socket":	5,
					"start":	106.001065,
					"end":	107.001098,
					"seconds":	1.0000330209732056,
					"bytes":	62497324,
					"bits_per_second":	499962082.76546121,
					"jitter_ms":	0.057413677453162289,
					"lost_packets":	0,
					"packets":	46363,
					"lost_percent":	0,
					"omitted":	false,
					"sender":	false
				}],
			"sum":	{
				"start":	106.001065,
				"end":	107.001098,
				"seconds":	1.0000330209732056,
				"bytes":	62497324,
				"bits_per_second":	499962082.76546121,
				"jitter_ms":	0.057413677453162289,
				"lost_packets":	0,
				"packets":	46363,
				"lost_percent":	0,
				"omitted":	false,
				"sender":	false
			}
		}, {
			"streams":	[{
					"socket":	5,
					"start":	107.001098,
					"end":	108.001055,
					"seconds":	0.999957025051117,
					"bytes":	62446100,
					"bits_per_second":	499590269.86631,
					"jitter_ms":	0.03778037811732448,
					"lost_packets":	0,
					"packets":	46325,
					"lost_percent":	0,
					"omitted":	false,
					"sender":	false
				}],
			"sum":	{
				"start":	107.001098,
				"end":	108.001055,
				"seconds":	0.999957025051117,
				"bytes":	62446100,
				"bits_per_second":	499590269.86631,
				"jitter_ms":	0.03778037811732448,
				"lost_packets":	0,
				"packets":	46325,
				"lost_percent":	0,
				"omitted":	false,
				"sender":	false
			}
		}, {
			"streams":	[{
					"socket":	5,
					"start":	108.001055,
					"end":	109.00111,
					"seconds":	1.0000549554824829,
					"bytes":	62167064,
					"bits_per_second":	497309182.13395262,
					"jitter_ms":	0.0072998910079655442,
					"lost_packets":	0,
					"packets":	46118,
					"lost_percent":	0,
					"omitted":	false,
					"sender":	false
				}],
			"sum":	{
				"start":	108.001055,
				"end":	109.00111,
				"seconds":	1.0000549554824829,
				"bytes":	62167064,
				"bits_per_second":	497309182.13395262,
				"jitter_ms":	0.0072998910079655442,
				"lost_packets":	0,
				"packets":	46118,
				"lost_percent":	0,
				"omitted":	false,
				"sender":	false
			}
		}, {
			"streams":	[{
					"socket":	5,
					"start":	109.00111,
					"end":	110.001091,
					"seconds":	0.99998098611831665,
					"bytes":	62838368,
					"bits_per_second":	502716502.59210056,
					"jitter_ms":	0.029724546340214521,
					"lost_packets":	0,
					"packets":	46616,
					"lost_percent":	0,
					"omitted":	false,
					"sender":	false
				}],
			"sum":	{
				"start":	109.00111,
				"end":	110.001091,
				"seconds":	0.99998098611831665,
				"bytes":	62838368,
				"bits_per_second":	502716502.59210056,
				"jitter_ms":	0.029724546340214521,
				"lost_packets":	0,
				"packets":	46616,
				"lost_percent":	0,
				"omitted":	false,
				"sender":	false
			}
		}, {
			"streams":	[{
					"socket":	5,
					"start":	110.001091,
					"end":	111.001056,
					"seconds":	0.999965012073517,
					"bytes":	62419140,
					"bits_per_second":	499370591.94155872,
					"jitter_ms":	0.0056716279654699525,
					"lost_packets":	0,
					"packets":	46305,
					"lost_percent":	0,
					"omitted":	false,
					"sender":	false
				}],
			"sum":	{
				"start":	110.001091,
				"end":	111.001056,
				"seconds":	0.999965012073517,
				"bytes":	62419140,
				"bits_per_second":	499370591.94155872,
				"jitter_ms":	0.0056716279654699525,
				"lost_packets":	0,
				"packets":	46305,
				"lost_percent":	0,
				"omitted":	false,
				"sender":	false
			}
		}, {
			"streams":	[{
					"socket":	5,
					"start":	111.001056,
					"end":	112.001079,
					"seconds":	1.0000230073928833,
					"bytes":	62119884,
					"bits_per_second":	496947638.53043789,
					"jitter_ms":	0.00683173226240012,
					"lost_packets":	0,
					"packets":	46083,
					"lost_percent":	0,
					"omitted":	false,
					"sender":	false
				}],
			"sum":	{
				"start":	111.001056,
				"end":	112.001079,
				"seconds":	1.0000230073928833,
				"bytes":	62119884,
				"bits_per_second":	496947638.53043789,
				"jitter_ms":	0.00683173226240012,
				"lost_packets":	0,
				"packets":	46083,
				"lost_percent":	0,
				"omitted":	false,
				"sender":	false
			}
		}, {
			"streams":	[{
					"socket":	5,
					"start":	112.001079,
					"end":	113.00108,
					"seconds":	1.0000009536743164,
					"bytes":	62760184,
					"bits_per_second":	502080993.178252,
					"jitter_ms":	0.054602906163231116,
					"lost_packets":	0,
					"packets":	46558,
					"lost_percent":	0,
					"omitted":	false,
					"sender":	false
				}],
			"sum":	{
				"start":	112.001079,
				"end":	113.00108,
				"seconds":	1.0000009536743164,
				"bytes":	62760184,
				"bits_per_second":	502080993.178252,
				"jitter_ms":	0.054602906163231116,
				"lost_packets":	0,
				"packets":	46558,
				"lost_percent":	0,
				"omitted":	false,
				"sender":	false
			}
		}, {
			"streams":	[{
					"socket":	5,
					"start":	113.00108,
					"end":	114.001087,
					"seconds":	1.0000070333480835,
					"bytes":	62183240,
					"bits_per_second":	497462421.17363346,
					"jitter_ms":	0.0058687901397072783,
					"lost_packets":	0,
					"packets":	46130,
					"lost_percent":	0,
					"omitted":	false,
					"sender":	false
				}],
			"sum":	{
				"start":	113.00108,
				"end":	114.001087,
				"seconds":	1.0000070333480835,
				"bytes":	62183240,
				"bits_per_second":	497462421.17363346,
				"jitter_ms":	0.0058687901397072783,
				"lost_packets":	0,
				"packets":	46130,
				"lost_percent":	0,
				"omitted":	false,
				"sender":	false
			}
		}, {
			"streams":	[{
					"socket":	5,
					"start":	114.001087,
					"end":	115.001065,
					"seconds":	0.999978005886078,
					"bytes":	59440060,
					"bits_per_second":	475530938.88164324,
					"jitter_ms":	0.057908665003199737,
					"lost_packets":	0,
					"packets":	44095,
					"lost_percent":	0,
					"omitted":	false,
					"sender":	false
				}],
			"sum":	{
				"start":	114.001087,
				"end":	115.001065,
				"seconds":	0.999978005886078,
				"bytes":	59440060,
				"bits_per_second":	475530938.88164324,
				"jitter_ms":	0.057908665003199737,
				"lost_packets":	0,
				"packets":	44095,
				"lost_percent":	0,
				"omitted":	false,
				"sender":	false
			}
		}, {
			"streams":	[{
					"socket":	5,
					"start":	115.001065,
					"end":	116.001114,
					"seconds":	1.0000489950180054,
					"bytes":	65427876,
					"bits_per_second":	523397364.13672018,
					"jitter_ms":	0.0071131777309832219,
					"lost_packets":	0,
					"packets":	48537,
					"lost_percent":	0,
					"omitted":	false,
					"sender":	false
				}],
			"sum":	{
				"start":	115.001065,
				"end":	116.001114,
				"seconds":	1.0000489950180054,
				"bytes":	65427876,
				"bits_per_second":	523397364.13672018,
				"jitter_ms":	0.0071131777309832219,
				"lost_packets":	0,
				"packets":	48537,
				"lost_percent":	0,
				"omitted":	false,
				"sender":	false
			}
		}, {
			"streams":	[{
					"socket":	5,
					"start":	116.001114,
					"end":	117.001062,
					"seconds":	0.999948024749756,
					"bytes":	62508108,
					"bits_per_second":	500090856.34740347,
					"jitter_ms":	0.058023017108677216,
					"lost_packets":	0,
					"packets":	46373,
					"lost_percent":	0,
					"omitted":	false,
					"sender":	false
				}],
			"sum":	{
				"start":	116.001114,
				"end":	117.001062,
				"seconds":	0.999948024749756,
				"bytes":	62508108,
				"bits_per_second":	500090856.34740347,
				"jitter_ms":	0.058023017108677216,
				"lost_packets":	0,
				"packets":	46373,
				"lost_percent":	0,
				"omitted":	false,
				"sender":	false
			}
		}, {
			"streams":	[{
					"socket":	5,
					"start":	117.001062,
					"end":	118.000299,
					"seconds":	0.99923700094223022,
					"bytes":	62725136,
					"bits_per_second":	502184254.11271483,
					"jitter_ms":	0.0066727747295201962,
					"lost_packets":	0,
					"packets":	46543,
					"lost_percent":	0,
					"omitted":	false,
					"sender":	false
				}],
			"sum":	{
				"start":	117.001062,
				"end":	118.000299,
				"seconds":	0.99923700094223022,
				"bytes":	62725136,
				"bits_per_second":	502184254.11271483,
				"jitter_ms":	0.0066727747295201962,
				"lost_packets":	0,
				"packets":	46543,
				"lost_percent":	0,
				"omitted":	false,
				"sender":	false
			}
		}, {
			"streams":	[{
					"socket":	5,
					"start":	118.000299,
					"end":	119.001502,
					"seconds":	1.0012029409408569,
					"bytes":	62826236,
					"bits_per_second":	502006004.42472148,
					"jitter_ms":	0.05215868688920286,
					"lost_packets":	0,
					"packets":	46607,
					"lost_percent":	0,
					"omitted":	false,
					"sender":	false
				}],
			"sum":	{
				"start":	118.000299,
				"end":	119.001502,
				"seconds":	1.0012029409408569,
				"bytes":	62826236,
				"bits_per_second":	502006004.42472148,
				"jitter_ms":	0.05215868688920286,
				"lost_packets":	0,
				"packets":	46607,
				"lost_percent":	0,
				"omitted":	false,
				"sender":	false
			}
		}, {
			"streams":	[{
					"socket":	5,
					"start":	119.001502,
					"end":	120.001071,
					"seconds":	0.999568998813629,
					"bytes":	62521588,
					"bits_per_second":	500388371.98197043,
					"jitter_ms":	0.024923237645618587,
					"lost_packets":	0,
					"packets":	46384,
					"lost_percent":	0,
					"omitted":	false,
					"sender":	false
				}],
			"sum":	{
				"start":	119.001502,
				"end":	120.001071,
				"seconds":	0.999568998813629,
				"bytes":	62521588,
				"bits_per_second":	500388371.98197043,
				"jitter_ms":	0.024923237645618587,
				"lost_packets":	0,
				"packets":	46384,
				"lost_percent":	0,
				"omitted":	false,
				"sender":	false
			}
		}, {
			"streams":	[{
					"socket":	5,
					"start":	120.001071,
					"end":	121.000149,
					"seconds":	0.99907797574996948,
					"bytes":	62327476,
					"bits_per_second":	499079971.836738,
					"jitter_ms":	0.00735754181347792,
					"lost_packets":	0,
					"packets":	46241,
					"lost_percent":	0,
					"omitted":	false,
					"sender":	false
				}],
			"sum":	{
				"start":	120.001071,
				"end":	121.000149,
				"seconds":	0.99907797574996948,
				"bytes":	62327476,
				"bits_per_second":	499079971.836738,
				"jitter_ms":	0.00735754181347792,
				"lost_packets":	0,
				"packets":	46241,
				"lost_percent":	0,
				"omitted":	false,
				"sender":	false
			}
		}, {
			"streams":	[{
					"socket":	5,
					"start":	121.000149,
					"end":	122.00107,
					"seconds":	1.0009210109710693,
					"bytes":	62766924,
					"bits_per_second":	501673345.34504414,
					"jitter_ms":	0.045411286048431823,
					"lost_packets":	0,
					"packets":	46563,
					"lost_percent":	0,
					"omitted":	false,
					"sender":	false
				}],
			"sum":	{
				"start":	121.000149,
				"end":	122.00107,
				"seconds":	1.0009210109710693,
				"bytes":	62766924,
				"bits_per_second":	501673345.34504414,
				"jitter_ms":	0.045411286048431823,
				"lost_packets":	0,
				"packets":	46563,
				"lost_percent":	0,
				"omitted":	false,
				"sender":	false
			}
		}, {
			"streams":	[{
					"socket":	5,
					"start":	122.00107,
					"end":	123.001064,
					"seconds":	0.99999397993087769,
					"bytes":	62454188,
					"bits_per_second":	499636511.84633732,
					"jitter_ms":	0.022254815205936987,
					"lost_packets":	0,
					"packets":	46331,
					"lost_percent":	0,
					"omitted":	false,
					"sender":	false
				}],
			"sum":	{
				"start":	122.00107,
				"end":	123.001064,
				"seconds":	0.99999397993087769,
				"bytes":	62454188,
				"bits_per_second":	499636511.84633732,
				"jitter_ms":	0.022254815205936987,
				"lost_packets":	0,
				"packets":	46331,
				"lost_percent":	0,
				"omitted":	false,
				"sender":	false
			}
		}, {
			"streams":	[{
					"socket":	5,
					"start":	123.001064,
					"end":	124.001065,
					"seconds":	1.0000009536743164,
					"bytes":	62025524,
					"bits_per_second":	496203718.78325766,
					"jitter_ms":	0.023133552495345648,
					"lost_packets":	0,
					"packets":	46015,
					"lost_percent":	0,
					"omitted":	false,
					"sender":	false
				}],
			"sum":	{
				"start":	123.001064,
				"end":	124.001065,
				"seconds":	1.0000009536743164,
				"bytes":	62025524,
				"bits_per_second":	496203718.78325766,
				"jitter_ms":	0.023133552495345648,
				"lost_packets":	0,
				"packets":	46015,
				"lost_percent":	0,
				"omitted":	false,
				"sender":	false
			}
		}, {
			"streams":	[{
					"socket":	5,
					"start":	124.001065,
					"end":	125.001069,
					"seconds":	1.0000040531158447,
					"bytes":	62458232,
					"bits_per_second":	499663830.80461031,
					"jitter_ms":	0.031554018586735878,
					"lost_packets":	0,
					"packets":	46338,
					"lost_percent":	0,
					"omitted":	false,
					"sender":	false
				}],
			"sum":	{
				"start":	124.001065,
				"end":	125.001069,
				"seconds":	1.0000040531158447,
				"bytes":	62458232,
				"bits_per_second":	499663830.80461031,
				"jitter_ms":	0.031554018586735878,
				"lost_packets":	0,
				"packets":	46338,
				"lost_percent":	0,
				"omitted":	false,
				"sender":	false
			}
		}, {
			"streams":	[{
					"socket":	5,
					"start":	125.001069,
					"end":	126.00108,
					"seconds":	1.0000109672546387,
					"bytes":	62481148,
					"bits_per_second":	499843702.08683968,
					"jitter_ms":	0.46274591222639228,
					"lost_packets":	0,
					"packets":	46351,
					"lost_percent":	0,
					"omitted":	false,
					"sender":	false
				}],
			"sum":	{
				"start":	125.001069,
				"end":	126.00108,
				"seconds":	1.0000109672546387,
				"bytes":	62481148,
				"bits_per_second":	499843702.08683968,
				"jitter_ms":	0.46274591222639228,
				"lost_packets":	0,
				"packets":	46351,
				"lost_percent":	0,
				"omitted":	false,
				"sender":	false
			}
		}, {
			"streams":	[{
					"socket":	5,
					"start":	126.00108,
					"end":	127.001066,
					"seconds":	0.99998599290847778,
					"bytes":	63072920,
					"bits_per_second":	504590427.844304,
					"jitter_ms":	0.045374757466107515,
					"lost_packets":	0,
					"packets":	46790,
					"lost_percent":	0,
					"omitted":	false,
					"sender":	false
				}],
			"sum":	{
				"start":	126.00108,
				"end":	127.001066,
				"seconds":	0.99998599290847778,
				"bytes":	63072920,
				"bits_per_second":	504590427.844304,
				"jitter_ms":	0.045374757466107515,
				"lost_packets":	0,
				"packets":	46790,
				"lost_percent":	0,
				"omitted":	false,
				"sender":	false
			}
		}, {
			"streams":	[{
					"socket":	5,
					"start":	127.001066,
					"end":	128.000161,
					"seconds":	0.99909502267837524,
					"bytes":	61255816,
					"bits_per_second":	490490410.69815624,
					"jitter_ms":	0.035350023465018879,
					"lost_packets":	0,
					"packets":	45442,
					"lost_percent":	0,
					"omitted":	false,
					"sender":	false
				}],
			"sum":	{
				"start":	127.001066,
				"end":	128.000161,
				"seconds":	0.99909502267837524,
				"bytes":	61255816,
				"bits_per_second":	490490410.69815624,
				"jitter_ms":	0.035350023465018879,
				"lost_packets":	0,
				"packets":	45442,
				"lost_percent":	0,
				"omitted":	false,
				"sender":	false
			}
		}, {
			"streams":	[{
					"socket":	5,
					"start":	128.000161,
					"end":	129.001068,
					"seconds":	1.0009069442749023,
					"bytes":	62696828,
					"bits_per_second":	501120135.96165133,
					"jitter_ms":	0.023530112486866768,
					"lost_packets":	0,
					"packets":	46511,
					"lost_percent":	0,
					"omitted":	false,
					"sender":	false
				}],
			"sum":	{
				"start":	128.000161,
				"end":	129.001068,
				"seconds":	1.0009069442749023,
				"bytes":	62696828,
				"bits_per_second":	501120135.96165133,
				"jitter_ms":	0.023530112486866768,
				"lost_packets":	0,
				"packets":	46511,
				"lost_percent":	0,
				"omitted":	false,
				"sender":	false
			}
		}, {
			"streams":	[{
					"socket":	5,
					"start":	129.001068,
					"end":	130.001091,
					"seconds":	1.0000230073928833,
					"bytes":	63424748,
					"bits_per_second":	507386310.36381388,
					"jitter_ms":	0.0402241864273814,
					"lost_packets":	0,
					"packets":	47051,
					"lost_percent":	0,
					"omitted":	false,
					"sender":	false
				}],
			"sum":	{
				"start":	129.001068,
				"end":	130.001091,
				"seconds":	1.0000230073928833,
				"bytes":	63424748,
				"bits_per_second":	507386310.36381388,
				"jitter_ms":	0.0402241864273814,
				"lost_packets":	0,
				"packets":	47051,
				"lost_percent":	0,
				"omitted":	false,
				"sender":	false
			}
		}, {
			"streams":	[{
					"socket":	5,
					"start":	130.001091,
					"end":	131.001079,
					"seconds":	0.9999880194664,
					"bytes":	62191328,
					"bits_per_second":	497536584.75377083,
					"jitter_ms":	0.035471210365898585,
					"lost_packets":	0,
					"packets":	46136,
					"lost_percent":	0,
					"omitted":	false,
					"sender":	false
				}],
			"sum":	{
				"start":	130.001091,
				"end":	131.001079,
				"seconds":	0.9999880194664,
				"bytes":	62191328,
				"bits_per_second":	497536584.75377083,
				"jitter_ms":	0.035471210365898585,
				"lost_packets":	0,
				"packets":	46136,
				"lost_percent":	0,
				"omitted":	false,
				"sender":	false
			}
		}, {
			"streams":	[{
					"socket":	5,
					"start":	131.001079,
					"end":	132.001081,
					"seconds":	1.0000020265579224,
					"bytes":	62361176,
					"bits_per_second":	498888396.97376674,
					"jitter_ms":	0.45849006770375267,
					"lost_packets":	0,
					"packets":	46262,
					"lost_percent":	0,
					"omitted":	false,
					"sender":	false
				}],
			"sum":	{
				"start":	131.001079,
				"end":	132.001081,
				"seconds":	1.0000020265579224,
				"bytes":	62361176,
				"bits_per_second":	498888396.97376674,
				"jitter_ms":	0.45849006770375267,
				"lost_packets":	0,
				"packets":	46262,
				"lost_percent":	0,
				"omitted":	false,
				"sender":	false
			}
		}, {
			"streams":	[{
					"socket":	5,
					"start":	132.001081,
					"end":	133.001016,
					"seconds":	0.99993497133255,
					"bytes":	62865328,
					"bits_per_second":	502955330.51493025,
					"jitter_ms":	0.00751156586947021,
					"lost_packets":	0,
					"packets":	46636,
					"lost_percent":	0,
					"omitted":	false,
					"sender":	false
				}],
			"sum":	{
				"start":	132.001081,
				"end":	133.001016,
				"seconds":	0.99993497133255,
				"bytes":	62865328,
				"bits_per_second":	502955330.51493025,
				"jitter_ms":	0.00751156586947021,
				"lost_packets":	0,
				"packets":	46636,
				"lost_percent":	0,
				"omitted":	false,
				"sender":	false
			}
		}, {
			"streams":	[{
					"socket":	5,
					"start":	133.001016,
					"end":	134.000163,
					"seconds":	0.99914699792861938,
					"bytes":	62497324,
					"bits_per_second":	500405438.87589127,
					"jitter_ms":	0.00827459817908505,
					"lost_packets":	0,
					"packets":	46363,
					"lost_percent":	0,
					"omitted":	false,
					"sender":	false
				}],
			"sum":	{
				"start":	133.001016,
				"end":	134.000163,
				"seconds":	0.99914699792861938,
				"bytes":	62497324,
				"bits_per_second":	500405438.87589127,
				"jitter_ms":	0.00827459817908505,
				"lost_packets":	0,
				"packets":	46363,
				"lost_percent":	0,
				"omitted":	false,
				"sender":	false
			}
		}, {
			"streams":	[{
					"socket":	5,
					"start":	134.000163,
					"end":	135.001059,
					"seconds":	1.0008959770202637,
					"bytes":	62622688,
					"bits_per_second":	500533037.9001587,
					"jitter_ms":	0.00917050348923634,
					"lost_packets":	0,
					"packets":	46456,
					"lost_percent":	0,
					"omitted":	false,
					"sender":	false
				}],
			"sum":	{
				"start":	134.000163,
				"end":	135.001059,
				"seconds":	1.0008959770202637,
				"bytes":	62622688,
				"bits_per_second":	500533037.9001587,
				"jitter_ms":	0.00917050348923634,
				"lost_packets":	0,
				"packets":	46456,
				"lost_percent":	0,
				"omitted":	false,
				"sender":	false
			}
		}, {
			"streams":	[{
					"socket":	5,
					"start":	135.001059,
					"end":	136.001061,
					"seconds":	1.0000020265579224,
					"bytes":	62541808,
					"bits_per_second":	500333450.045283,
					"jitter_ms":	0.019663726908223076,
					"lost_packets":	0,
					"packets":	46396,
					"lost_percent":	0,
					"omitted":	false,
					"sender":	false
				}],
			"sum":	{
				"start":	135.001059,
				"end":	136.001061,
				"seconds":	1.0000020265579224,
				"bytes":	62541808,
				"bits_per_second":	500333450.045283,
				"jitter_ms":	0.019663726908223076,
				"lost_packets":	0,
				"packets":	46396,
				"lost_percent":	0,
				"omitted":	false,
				"sender":	false
			}
		}, {
			"streams":	[{
					"socket":	5,
					"start":	136.001061,
					"end":	137.001058,
					"seconds":	0.99999701976776123,
					"bytes":	62493280,
					"bits_per_second":	499947729.96034253,
					"jitter_ms":	0.026194525674341405,
					"lost_packets":	0,
					"packets":	46360,
					"lost_percent":	0,
					"omitted":	false,
					"sender":	false
				}],
			"sum":	{
				"start":	136.001061,
				"end":	137.001058,
				"seconds":	0.99999701976776123,
				"bytes":	62493280,
				"bits_per_second":	499947729.96034253,
				"jitter_ms":	0.026194525674341405,
				"lost_packets":	0,
				"packets":	46360,
				"lost_percent":	0,
				"omitted":	false,
				"sender":	false
			}
		}, {
			"streams":	[{
					"socket":	5,
					"start":	137.001058,
					"end":	138.001056,
					"seconds":	0.99999797344207764,
					"bytes":	62047092,
					"bits_per_second":	496377741.93824542,
					"jitter_ms":	0.051343817603911455,
					"lost_packets":	0,
					"packets":	46029,
					"lost_percent":	0,
					"omitted":	false,
					"sender":	false
				}],
			"sum":	{
				"start":	137.001058,
				"end":	138.001056,
				"seconds":	0.99999797344207764,
				"bytes":	62047092,
				"bits_per_second":	496377741.93824542,
				"jitter_ms":	0.051343817603911455,
				"lost_packets":	0,
				"packets":	46029,
				"lost_percent":	0,
				"omitted":	false,
				"sender":	false
			}
		}, {
			"streams":	[{
					"socket":	5,
					"start":	138.001056,
					"end":	139.001055,
					"seconds":	0.99999898672103882,
					"bytes":	61466104,
					"bits_per_second":	491729330.258985,
					"jitter_ms":	0.015130377699598112,
					"lost_packets":	0,
					"packets":	45598,
					"lost_percent":	0,
					"omitted":	false,
					"sender":	false
				}],
			"sum":	{
				"start":	138.001056,
				"end":	139.001055,
				"seconds":	0.99999898672103882,
				"bytes":	61466104,
				"bits_per_second":	491729330.258985,
				"jitter_ms":	0.015130377699598112,
				"lost_packets":	0,
				"packets":	45598,
				"lost_percent":	0,
				"omitted":	false,
				"sender":	false
			}
		}, {
			"streams":	[{
					"socket":	5,
					"start":	139.001055,
					"end":	140.00106,
					"seconds":	1.0000050067901611,
					"bytes":	63912724,
					"bits_per_second":	511299232.03203565,
					"jitter_ms":	0.042636111516041145,
					"lost_packets":	0,
					"packets":	47413,
					"lost_percent":	0,
					"omitted":	false,
					"sender":	false
				}],
			"sum":	{
				"start":	139.001055,
				"end":	140.00106,
				"seconds":	1.0000050067901611,
				"bytes":	63912724,
				"bits_per_second":	511299232.03203565,
				"jitter_ms":	0.042636111516041145,
				"lost_packets":	0,
				"packets":	47413,
				"lost_percent":	0,
				"omitted":	false,
				"sender":	false
			}
		}, {
			"streams":	[{
					"socket":	5,
					"start":	140.00106,
					"end":	141.000166,
					"seconds":	0.999105989933014,
					"bytes":	62412400,
					"bits_per_second":	499745977.93520987,
					"jitter_ms":	0.00958004335909229,
					"lost_packets":	0,
					"packets":	46300,
					"lost_percent":	0,
					"omitted":	false,
					"sender":	false
				}],
			"sum":	{
				"start":	140.00106,
				"end":	141.000166,
				"seconds":	0.999105989933014,
				"bytes":	62412400,
				"bits_per_second":	499745977.93520987,
				"jitter_ms":	0.00958004335909229,
				"lost_packets":	0,
				"packets":	46300,
				"lost_percent":	0,
				"omitted":	false,
				"sender":	false
			}
		}, {
			"streams":	[{
					"socket":	5,
					"start":	141.000166,
					"end":	142.000154,
					"seconds":	0.9999880194664,
					"bytes":	62497324,
					"bits_per_second":	499984582.082085,
					"jitter_ms":	0.0099147977527408865,
					"lost_packets":	0,
					"packets":	46363,
					"lost_percent":	0,
					"omitted":	false,
					"sender":	false
				}],
			"sum":	{
				"start":	141.000166,
				"end":	142.000154,
				"seconds":	0.9999880194664,
				"bytes":	62497324,
				"bits_per_second":	499984582.082085,
				"jitter_ms":	0.0099147977527408865,
				"lost_packets":	0,
				"packets":	46363,
				"lost_percent":	0,
				"omitted":	false,
				"sender":	false
			}
		}, {
			"streams":	[{
					"socket":	5,
					"start":	142.000154,
					"end":	143.001067,
					"seconds":	1.0009130239486694,
					"bytes":	62715700,
					"bits_per_second":	501267930.3748678,
					"jitter_ms":	0.042737846336692482,
					"lost_packets":	0,
					"packets":	46525,
					"lost_percent":	0,
					"omitted":	false,
					"sender":	false
				}],
			"sum":	{
				"start":	142.000154,
				"end":	143.001067,
				"seconds":	1.0009130239486694,
				"bytes":	62715700,
				"bits_per_second":	501267930.3748678,
				"jitter_ms":	0.042737846336692482,
				"lost_packets":	0,
				"packets":	46525,
				"lost_percent":	0,
				"omitted":	false,
				"sender":	false
			}
		}, {
			"streams":	[{
					"socket":	5,
					"start":	143.001067,
					"end":	144.001058,
					"seconds":	0.999990999698639,
					"bytes":	62230420,
					"bits_per_second":	497847840.780599,
					"jitter_ms":	0.0075112467342727451,
					"lost_packets":	0,
					"packets":	46165,
					"lost_percent":	0,
					"omitted":	false,
					"sender":	false
				}],
			"sum":	{
				"start":	143.001067,
				"end":	144.001058,
				"seconds":	0.999990999698639,
				"bytes":	62230420,
				"bits_per_second":	497847840.780599,
				"jitter_ms":	0.0075112467342727451,
				"lost_packets":	0,
				"packets":	46165,
				"lost_percent":	0,
				"omitted":	false,
				"sender":	false
			}
		}, {
			"streams":	[{
					"socket":	5,
					"start":	144.001058,
					"end":	145.000169,
					"seconds":	0.999110996723175,
					"bytes":	62144148,
					"bits_per_second":	497595548.07277018,
					"jitter_ms":	0.0427890822430545,
					"lost_packets":	0,
					"packets":	46101,
					"lost_percent":	0,
					"omitted":	false,
					"sender":	false
				}],
			"sum":	{
				"start":	144.001058,
				"end":	145.000169,
				"seconds":	0.999110996723175,
				"bytes":	62144148,
				"bits_per_second":	497595548.07277018,
				"jitter_ms":	0.0427890822430545,
				"lost_packets":	0,
				"packets":	46101,
				"lost_percent":	0,
				"omitted":	false,
				"sender":	false
			}
		}, {
			"streams":	[{
					"socket":	5,
					"start":	145.000169,
					"end":	146.001057,
					"seconds":	1.0008879899978638,
					"bytes":	63082356,
					"bits_per_second":	504211113.57433426,
					"jitter_ms":	0.018654011223959668,
					"lost_packets":	0,
					"packets":	46797,
					"lost_percent":	0,
					"omitted":	false,
					"sender":	false
				}],
			"sum":	{
				"start":	145.000169,
				"end":	146.001057,
				"seconds":	1.0008879899978638,
				"bytes":	63082356,
				"bits_per_second":	504211113.57433426,
				"jitter_ms":	0.018654011223959668,
				"lost_packets":	0,
				"packets":	46797,
				"lost_percent":	0,
				"omitted":	false,
				"sender":	false
			}
		}, {
			"streams":	[{
					"socket":	5,
					"start":	146.001057,
					"end":	147.001084,
					"seconds":	1.0000269412994385,
					"bytes":	62543156,
					"bits_per_second":	500331768.41200864,
					"jitter_ms":	0.042741040920015155,
					"lost_packets":	0,
					"packets":	46397,
					"lost_percent":	0,
					"omitted":	false,
					"sender":	false
				}],
			"sum":	{
				"start":	146.001057,
				"end":	147.001084,
				"seconds":	1.0000269412994385,
				"bytes":	62543156,
				"bits_per_second":	500331768.41200864,
				"jitter_ms":	0.042741040920015155,
				"lost_packets":	0,
				"packets":	46397,
				"lost_percent":	0,
				"omitted":	false,
				"sender":	false
			}
		}, {
			"streams":	[{
					"socket":	5,
					"start":	147.001084,
					"end":	148.001084,
					"seconds":	1,
					"bytes":	62400268,
					"bits_per_second":	499202144,
					"jitter_ms":	0.022187476055381863,
					"lost_packets":	0,
					"packets":	46291,
					"lost_percent":	0,
					"omitted":	false,
					"sender":	false
				}],
			"sum":	{
				"start":	147.001084,
				"end":	148.001084,
				"seconds":	1,
				"bytes":	62400268,
				"bits_per_second":	499202144,
				"jitter_ms":	0.022187476055381863,
				"lost_packets":	0,
				"packets":	46291,
				"lost_percent":	0,
				"omitted":	false,
				"sender":	false
			}
		}, {
			"streams":	[{
					"socket":	5,
					"start":	148.001084,
					"end":	149.001066,
					"seconds":	0.99998199939727783,
					"bytes":	62605164,
					"bits_per_second":	500850327.60777056,
					"jitter_ms":	0.033560031930402912,
					"lost_packets":	0,
					"packets":	46443,
					"lost_percent":	0,
					"omitted":	false,
					"sender":	false
				}],
			"sum":	{
				"start":	148.001084,
				"end":	149.001066,
				"seconds":	0.99998199939727783,
				"bytes":	62605164,
				"bits_per_second":	500850327.60777056,
				"jitter_ms":	0.033560031930402912,
				"lost_packets":	0,
				"packets":	46443,
				"lost_percent":	0,
				"omitted":	false,
				"sender":	false
			}
		}, {
			"streams":	[{
					"socket":	5,
					"start":	149.001066,
					"end":	150.001099,
					"seconds":	1.0000330209732056,
					"bytes":	62450144,
					"bits_per_second":	499584655.22848576,
					"jitter_ms":	0.0197514400002832,
					"lost_packets":	0,
					"packets":	46328,
					"lost_percent":	0,
					"omitted":	false,
					"sender":	false
				}],
			"sum":	{
				"start":	149.001066,
				"end":	150.001099,
				"seconds":	1.0000330209732056,
				"bytes":	62450144,
				"bits_per_second":	499584655.22848576,
				"jitter_ms":	0.0197514400002832,
				"lost_packets":	0,
				"packets":	46328,
				"lost_percent":	0,
				"omitted":	false,
				"sender":	false
			}
		}, {
			"streams":	[{
					"socket":	5,
					"start":	150.001099,
					"end":	151.00106,
					"seconds":	0.999961018562317,
					"bytes":	62479800,
					"bits_per_second":	499857885.17900151,
					"jitter_ms":	0.04842680201987392,
					"lost_packets":	0,
					"packets":	46350,
					"lost_percent":	0,
					"omitted":	false,
					"sender":	false
				}],
			"sum":	{
				"start":	150.001099,
				"end":	151.00106,
				"seconds":	0.999961018562317,
				"bytes":	62479800,
				"bits_per_second":	499857885.17900151,
				"jitter_ms":	0.04842680201987392,
				"lost_packets":	0,
				"packets":	46350,
				"lost_percent":	0,
				"omitted":	false,
				"sender":	false
			}
		}, {
			"streams":	[{
					"socket":	5,
					"start":	151.00106,
					"end":	152.001067,
					"seconds":	1.0000070333480835,
					"bytes":	62510804,
					"bits_per_second":	500082914.74279,
					"jitter_ms":	0.027936453371289447,
					"lost_packets":	0,
					"packets":	46373,
					"lost_percent":	0,
					"omitted":	false,
					"sender":	false
				}],
			"sum":	{
				"start":	151.00106,
				"end":	152.001067,
				"seconds":	1.0000070333480835,
				"bytes":	62510804,
				"bits_per_second":	500082914.74279,
				"jitter_ms":	0.027936453371289447,
				"lost_packets":	0,
				"packets":	46373,
				"lost_percent":	0,
				"omitted":	false,
				"sender":	false
			}
		}, {
			"streams":	[{
					"socket":	5,
					"start":	152.001067,
					"end":	153.001073,
					"seconds":	1.0000059604644775,
					"bytes":	62452840,
					"bits_per_second":	499619742.03427535,
					"jitter_ms":	0.015007275340021135,
					"lost_packets":	0,
					"packets":	46330,
					"lost_percent":	0,
					"omitted":	false,
					"sender":	false
				}],
			"sum":	{
				"start":	152.001067,
				"end":	153.001073,
				"seconds":	1.0000059604644775,
				"bytes":	62452840,
				"bits_per_second":	499619742.03427535,
				"jitter_ms":	0.015007275340021135,
				"lost_packets":	0,
				"packets":	46330,
				"lost_percent":	0,
				"omitted":	false,
				"sender":	false
			}
		}, {
			"streams":	[{
					"socket":	5,
					"start":	153.001073,
					"end":	154.001054,
					"seconds":	0.99998098611831665,
					"bytes":	62299168,
					"bits_per_second":	498402820.572261,
					"jitter_ms":	0.02907218653513621,
					"lost_packets":	0,
					"packets":	46216,
					"lost_percent":	0,
					"omitted":	false,
					"sender":	false
				}],
			"sum":	{
				"start":	153.001073,
				"end":	154.001054,
				"seconds":	0.99998098611831665,
				"bytes":	62299168,
				"bits_per_second":	498402820.572261,
				"jitter_ms":	0.02907218653513621,
				"lost_packets":	0,
				"packets":	46216,
				"lost_percent":	0,
				"omitted":	false,
				"sender":	false
			}
		}, {
			"streams":	[{
					"socket":	5,
					"start":	154.001054,
					"end":	155.001082,
					"seconds":	1.0000280141830444,
					"bytes":	62389484,
					"bits_per_second":	499101890.06829381,
					"jitter_ms":	0.014202355576143478,
					"lost_packets":	0,
					"packets":	46283,
					"lost_percent":	0,
					"omitted":	false,
					"sender":	false
				}],
			"sum":	{
				"start":	154.001054,
				"end":	155.001082,
				"seconds":	1.0000280141830444,
				"bytes":	62389484,
				"bits_per_second":	499101890.06829381,
				"jitter_ms":	0.014202355576143478,
				"lost_packets":	0,
				"packets":	46283,
				"lost_percent":	0,
				"omitted":	false,
				"sender":	false
			}
		}, {
			"streams":	[{
					"socket":	5,
					"start":	155.001082,
					"end":	156.001068,
					"seconds":	0.99998599290847778,
					"bytes":	62863980,
					"bits_per_second":	502918884.43084246,
					"jitter_ms":	0.023482432684299951,
					"lost_packets":	0,
					"packets":	46635,
					"lost_percent":	0,
					"omitted":	false,
					"sender":	false
				}],
			"sum":	{
				"start":	155.001082,
				"end":	156.001068,
				"seconds":	0.99998599290847778,
				"bytes":	62863980,
				"bits_per_second":	502918884.43084246,
				"jitter_ms":	0.023482432684299951,
				"lost_packets":	0,
				"packets":	46635,
				"lost_percent":	0,
				"omitted":	false,
				"sender":	false
			}
		}, {
			"streams":	[{
					"socket":	5,
					"start":	156.001068,
					"end":	157.001061,
					"seconds":	0.99999302625656128,
					"bytes":	62508108,
					"bits_per_second":	500068351.34838414,
					"jitter_ms":	0.015866610982591636,
					"lost_packets":	0,
					"packets":	46371,
					"lost_percent":	0,
					"omitted":	false,
					"sender":	false
				}],
			"sum":	{
				"start":	156.001068,
				"end":	157.001061,
				"seconds":	0.99999302625656128,
				"bytes":	62508108,
				"bits_per_second":	500068351.34838414,
				"jitter_ms":	0.015866610982591636,
				"lost_packets":	0,
				"packets":	46371,
				"lost_percent":	0,
				"omitted":	false,
				"sender":	false
			}
		}, {
			"streams":	[{
					"socket":	5,
					"start":	157.001061,
					"end":	158.001066,
					"seconds":	1.0000050067901611,
					"bytes":	60352656,
					"bits_per_second":	482818830.62742919,
					"jitter_ms":	0.04266107549936668,
					"lost_packets":	0,
					"packets":	44772,
					"lost_percent":	0,
					"omitted":	false,
					"sender":	false
				}],
			"sum":	{
				"start":	157.001061,
				"end":	158.001066,
				"seconds":	1.0000050067901611,
				"bytes":	60352656,
				"bits_per_second":	482818830.62742919,
				"jitter_ms":	0.04266107549936668,
				"lost_packets":	0,
				"packets":	44772,
				"lost_percent":	0,
				"omitted":	false,
				"sender":	false
			}
		}, {
			"streams":	[{
					"socket":	5,
					"start":	158.001066,
					"end":	159.001069,
					"seconds":	1.0000029802322388,
					"bytes":	63241420,
					"bits_per_second":	505929852.21154386,
					"jitter_ms":	0.0055097463337347,
					"lost_packets":	0,
					"packets":	46915,
					"lost_percent":	0,
					"omitted":	false,
					"sender":	false
				}],
			"sum":	{
				"start":	158.001066,
				"end":	159.001069,
				"seconds":	1.0000029802322388,
				"bytes":	63241420,
				"bits_per_second":	505929852.21154386,
				"jitter_ms":	0.0055097463337347,
				"lost_packets":	0,
				"packets":	46915,
				"lost_percent":	0,
				"omitted":	false,
				"sender":	false
			}
		}, {
			"streams":	[{
					"socket":	5,
					"start":	159.001069,
					"end":	160.000182,
					"seconds":	0.99911302328109741,
					"bytes":	63533936,
					"bits_per_second":	508722713.202988,
					"jitter_ms":	0.014181269025253514,
					"lost_packets":	0,
					"packets":	47132,
					"lost_percent":	0,
					"omitted":	false,
					"sender":	false
				}],
			"sum":	{
				"start":	159.001069,
				"end":	160.000182,
				"seconds":	0.99911302328109741,
				"bytes":	63533936,
				"bits_per_second":	508722713.202988,
				"jitter_ms":	0.014181269025253514,
				"lost_packets":	0,
				"packets":	47132,
				"lost_percent":	0,
				"omitted":	false,
				"sender":	false
			}
		}, {
			"streams":	[{
					"socket":	5,
					"start":	160.000182,
					"end":	161.001072,
					"seconds":	1.0008900165557861,
					"bytes":	62865328,
					"bits_per_second":	502475412.56394261,
					"jitter_ms":	0.0209630737975446,
					"lost_packets":	0,
					"packets":	46636,
					"lost_percent":	0,
					"omitted":	false,
					"sender":	false
				}],
			"sum":	{
				"start":	160.000182,
				"end":	161.001072,
				"seconds":	1.0008900165557861,
				"bytes":	62865328,
				"bits_per_second":	502475412.56394261,
				"jitter_ms":	0.0209630737975446,
				"lost_packets":	0,
				"packets":	46636,
				"lost_percent":	0,
				"omitted":	false,
				"sender":	false
			}
		}, {
			"streams":	[{
					"socket":	5,
					"start":	161.001072,
					"end":	162.000166,
					"seconds":	0.999094009399414,
					"bytes":	62289732,
					"bits_per_second":	498769736.69330084,
					"jitter_ms":	0.058044302755625624,
					"lost_packets":	0,
					"packets":	46209,
					"lost_percent":	0,
					"omitted":	false,
					"sender":	false
				}],
			"sum":	{
				"start":	161.001072,
				"end":	162.000166,
				"seconds":	0.999094009399414,
				"bytes":	62289732,
				"bits_per_second":	498769736.69330084,
				"jitter_ms":	0.058044302755625624,
				"lost_packets":	0,
				"packets":	46209,
				"lost_percent":	0,
				"omitted":	false,
				"sender":	false
			}
		}, {
			"streams":	[{
					"socket":	5,
					"start":	162.000166,
					"end":	163.001066,
					"seconds":	1.0009000301361084,
					"bytes":	62675260,
					"bits_per_second":	500951208.81534624,
					"jitter_ms":	0.0055833690737100245,
					"lost_packets":	101,
					"packets":	46596,
					"lost_percent":	0.21675680315906945,
					"omitted":	false,
					"sender":	false
				}],
			"sum":	{
				"start":	162.000166,
				"end":	163.001066,
				"seconds":	1.0009000301361084,
				"bytes":	62675260,
				"bits_per_second":	500951208.81534624,
				"jitter_ms":	0.0055833690737100245,
				"lost_packets":	101,
				"packets":	46596,
				"lost_percent":	0.21675680315906945,
				"omitted":	false,
				"sender":	false
			}
		}, {
			"streams":	[{
					"socket":	5,
					"start":	163.001066,
					"end":	164.000556,
					"seconds":	0.99949002265930176,
					"bytes":	62297820,
					"bits_per_second":	498636853.49652028,
					"jitter_ms":	0.00843036358612149,
					"lost_packets":	0,
					"packets":	46217,
					"lost_percent":	0,
					"omitted":	false,
					"sender":	false
				}],
			"sum":	{
				"start":	163.001066,
				"end":	164.000556,
				"seconds":	0.99949002265930176,
				"bytes":	62297820,
				"bits_per_second":	498636853.49652028,
				"jitter_ms":	0.00843036358612149,
				"lost_packets":	0,
				"packets":	46217,
				"lost_percent":	0,
				"omitted":	false,
				"sender":	false
			}
		}, {
			"streams":	[{
					"socket":	5,
					"start":	164.000556,
					"end":	165.00106,
					"seconds":	1.0005040168762207,
					"bytes":	62528328,
					"bits_per_second":	499974628.34962964,
					"jitter_ms":	0.026256667326735771,
					"lost_packets":	0,
					"packets":	46388,
					"lost_percent":	0,
					"omitted":	false,
					"sender":	false
				}],
			"sum":	{
				"start":	164.000556,
				"end":	165.00106,
				"seconds":	1.0005040168762207,
				"bytes":	62528328,
				"bits_per_second":	499974628.34962964,
				"jitter_ms":	0.026256667326735771,
				"lost_packets":	0,
				"packets":	46388,
				"lost_percent":	0,
				"omitted":	false,
				"sender":	false
			}
		}, {
			"streams":	[{
					"socket":	5,
					"start":	165.00106,
					"end":	166.001092,
					"seconds":	1.0000319480895996,
					"bytes":	62622688,
					"bits_per_second":	500965499.10934812,
					"jitter_ms":	0.029635819256751888,
					"lost_packets":	0,
					"packets":	46456,
					"lost_percent":	0,
					"omitted":	false,
					"sender":	false
				}],
			"sum":	{
				"start":	165.00106,
				"end":	166.001092,
				"seconds":	1.0000319480895996,
				"bytes":	62622688,
				"bits_per_second":	500965499.10934812,
				"jitter_ms":	0.029635819256751888,
				"lost_packets":	0,
				"packets":	46456,
				"lost_percent":	0,
				"omitted":	false,
				"sender":	false
			}
		}, {
			"streams":	[{
					"socket":	5,
					"start":	166.001092,
					"end":	167.000154,
					"seconds":	0.99906200170516968,
					"bytes":	62369264,
					"bits_per_second":	499422569.51860821,
					"jitter_ms":	0.037597847936582315,
					"lost_packets":	0,
					"packets":	46268,
					"lost_percent":	0,
					"omitted":	false,
					"sender":	false
				}],
			"sum":	{
				"start":	166.001092,
				"end":	167.000154,
				"seconds":	0.99906200170516968,
				"bytes":	62369264,
				"bits_per_second":	499422569.51860821,
				"jitter_ms":	0.037597847936582315,
				"lost_packets":	0,
				"packets":	46268,
				"lost_percent":	0,
				"omitted":	false,
				"sender":	false
			}
		}, {
			"streams":	[{
					"socket":	5,
					"start":	167.000154,
					"end":	168.001061,
					"seconds":	1.0009069442749023,
					"bytes":	62313996,
					"bits_per_second":	498060255.10307789,
					"jitter_ms":	0.0852561350963895,
					"lost_packets":	0,
					"packets":	46227,
					"lost_percent":	0,
					"omitted":	false,
					"sender":	false
				}],
			"sum":	{
				"start":	167.000154,
				"end":	168.001061,
				"seconds":	1.0009069442749023,
				"bytes":	62313996,
				"bits_per_second":	498060255.10307789,
				"jitter_ms":	0.0852561350963895,
				"lost_packets":	0,
				"packets":	46227,
				"lost_percent":	0,
				"omitted":	false,
				"sender":	false
			}
		}, {
			"streams":	[{
					"socket":	5,
					"start":	168.001061,
					"end":	169.001225,
					"seconds":	1.0001640319824219,
					"bytes":	61823324,
					"bits_per_second":	494505477.28624225,
					"jitter_ms":	0.22978766448484655,
					"lost_packets":	0,
					"packets":	45863,
					"lost_percent":	0,
					"omitted":	false,
					"sender":	false
				}],
			"sum":	{
				"start":	168.001061,
				"end":	169.001225,
				"seconds":	1.0001640319824219,
				"bytes":	61823324,
				"bits_per_second":	494505477.28624225,
				"jitter_ms":	0.22978766448484655,
				"lost_packets":	0,
				"packets":	45863,
				"lost_percent":	0,
				"omitted":	false,
				"sender":	false
			}
		}, {
			"streams":	[{
					"socket":	5,
					"start":	169.001225,
					"end":	170.000153,
					"seconds":	0.9989280104637146,
					"bytes":	63086400,
					"bits_per_second":	505232804.27957582,
					"jitter_ms":	0.0086881566145264,
					"lost_packets":	0,
					"packets":	46800,
					"lost_percent":	0,
					"omitted":	false,
					"sender":	false
				}],
			"sum":	{
				"start":	169.001225,
				"end":	170.000153,
				"seconds":	0.9989280104637146,
				"bytes":	63086400,
				"bits_per_second":	505232804.27957582,
				"jitter_ms":	0.0086881566145264,
				"lost_packets":	0,
				"packets":	46800,
				"lost_percent":	0,
				"omitted":	false,
				"sender":	false
			}
		}, {
			"streams":	[{
					"socket":	5,
					"start":	170.000153,
					"end":	171.001073,
					"seconds":	1.0009200572967529,
					"bytes":	62859936,
					"bits_per_second":	502417235.35659575,
					"jitter_ms":	0.014988649560509755,
					"lost_packets":	0,
					"packets":	46632,
					"lost_percent":	0,
					"omitted":	false,
					"sender":	false
				}],
			"sum":	{
				"start":	170.000153,
				"end":	171.001073,
				"seconds":	1.0009200572967529,
				"bytes":	62859936,
				"bits_per_second":	502417235.35659575,
				"jitter_ms":	0.014988649560509755,
				"lost_packets":	0,
				"packets":	46632,
				"lost_percent":	0,
				"omitted":	false,
				"sender":	false
			}
		}, {
			"streams":	[{
					"socket":	5,
					"start":	171.001073,
					"end":	172.001069,
					"seconds":	0.9999960064888,
					"bytes":	62548548,
					"bits_per_second":	500390382.31459612,
					"jitter_ms":	0.027808092329744551,
					"lost_packets":	0,
					"packets":	46401,
					"lost_percent":	0,
					"omitted":	false,
					"sender":	false
				}],
			"sum":	{
				"start":	171.001073,
				"end":	172.001069,
				"seconds":	0.9999960064888,
				"bytes":	62548548,
				"bits_per_second":	500390382.31459612,
				"jitter_ms":	0.027808092329744551,
				"lost_packets":	0,
				"packets":	46401,
				"lost_percent":	0,
				"omitted":	false,
				"sender":	false
			}
		}, {
			"streams":	[{
					"socket":	5,
					"start":	172.001069,
					"end":	173.00016,
					"seconds":	0.99909102916717529,
					"bytes":	62214244,
					"bits_per_second":	498166771.06478035,
					"jitter_ms":	0.0095372103727006732,
					"lost_packets":	0,
					"packets":	46153,
					"lost_percent":	0,
					"omitted":	false,
					"sender":	false
				}],
			"sum":	{
				"start":	172.001069,
				"end":	173.00016,
				"seconds":	0.99909102916717529,
				"bytes":	62214244,
				"bits_per_second":	498166771.06478035,
				"jitter_ms":	0.0095372103727006732,
				"lost_packets":	0,
				"packets":	46153,
				"lost_percent":	0,
				"omitted":	false,
				"sender":	false
			}
		}, {
			"streams":	[{
					"socket":	5,
					"start":	173.00016,
					"end":	174.00106,
					"seconds":	1.0009000301361084,
					"bytes":	62324780,
					"bits_per_second":	498149890.086623,
					"jitter_ms":	0.0063989406276106549,
					"lost_packets":	0,
					"packets":	46235,
					"lost_percent":	0,
					"omitted":	false,
					"sender":	false
				}],
			"sum":	{
				"start":	173.00016,
				"end":	174.00106,
				"seconds":	1.0009000301361084,
				"bytes":	62324780,
				"bits_per_second":	498149890.086623,
				"jitter_ms":	0.0063989406276106549,
				"lost_packets":	0,
				"packets":	46235,
				"lost_percent":	0,
				"omitted":	false,
				"sender":	false
			}
		}, {
			"streams":	[{
					"socket":	5,
					"start":	174.00106,
					"end":	175.000176,
					"seconds":	0.99911600351333618,
					"bytes":	61855676,
					"bits_per_second":	495283236.64109421,
					"jitter_ms":	0.012274959562165122,
					"lost_packets":	0,
					"packets":	45887,
					"lost_percent":	0,
					"omitted":	false,
					"sender":	false
				}],
			"sum":	{
				"start":	174.00106,
				"end":	175.000176,
				"seconds":	0.99911600351333618,
				"bytes":	61855676,
				"bits_per_second":	495283236.64109421,
				"jitter_ms":	0.012274959562165122,
				"lost_packets":	0,
				"packets":	45887,
				"lost_percent":	0,
				"omitted":	false,
				"sender":	false
			}
		}, {
			"streams":	[{
					"socket":	5,
					"start":	175.000176,
					"end":	176.001089,
					"seconds":	1.0009130239486694,
					"bytes":	63550112,
					"bits_per_second":	507937137.229291,
					"jitter_ms":	0.019771181323837761,
					"lost_packets":	0,
					"packets":	47144,
					"lost_percent":	0,
					"omitted":	false,
					"sender":	false
				}],
			"sum":	{
				"start":	175.000176,
				"end":	176.001089,
				"seconds":	1.0009130239486694,
				"bytes":	63550112,
				"bits_per_second":	507937137.229291,
				"jitter_ms":	0.019771181323837761,
				"lost_packets":	0,
				"packets":	47144,
				"lost_percent":	0,
				"omitted":	false,
				"sender":	false
			}
		}, {
			"streams":	[{
					"socket":	5,
					"start":	176.001089,
					"end":	177.001057,
					"seconds":	0.99996799230575562,
					"bytes":	62429924,
					"bits_per_second":	499455378.415041,
					"jitter_ms":	0.030814443152862234,
					"lost_packets":	0,
					"packets":	46313,
					"lost_percent":	0,
					"omitted":	false,
					"sender":	false
				}],
			"sum":	{
				"start":	176.001089,
				"end":	177.001057,
				"seconds":	0.99996799230575562,
				"bytes":	62429924,
				"bits_per_second":	499455378.415041,
				"jitter_ms":	0.030814443152862234,
				"lost_packets":	0,
				"packets":	46313,
				"lost_percent":	0,
				"omitted":	false,
				"sender":	false
			}
		}, {
			"streams":	[{
					"socket":	5,
					"start":	177.001057,
					"end":	178.001097,
					"seconds":	1.0000400543212891,
					"bytes":	62591684,
					"bits_per_second":	500713416.26395124,
					"jitter_ms":	0.0079219964291182537,
					"lost_packets":	0,
					"packets":	46435,
					"lost_percent":	0,
					"omitted":	false,
					"sender":	false
				}],
			"sum":	{
				"start":	177.001057,
				"end":	178.001097,
				"seconds":	1.0000400543212891,
				"bytes":	62591684,
				"bits_per_second":	500713416.26395124,
				"jitter_ms":	0.0079219964291182537,
				"lost_packets":	0,
				"packets":	46435,
				"lost_percent":	0,
				"omitted":	false,
				"sender":	false
			}
		}, {
			"streams":	[{
					"socket":	5,
					"start":	178.001097,
					"end":	179.001087,
					"seconds":	0.99998998641967773,
					"bytes":	62349044,
					"bits_per_second":	498797346.74729621,
					"jitter_ms":	0.017593414718646679,
					"lost_packets":	0,
					"packets":	46257,
					"lost_percent":	0,
					"omitted":	false,
					"sender":	false
				}],
			"sum":	{
				"start":	178.001097,
				"end":	179.001087,
				"seconds":	0.99998998641967773,
				"bytes":	62349044,
				"bits_per_second":	498797346.74729621,
				"jitter_ms":	0.017593414718646679,
				"lost_packets":	0,
				"packets":	46257,
				"lost_percent":	0,
				"omitted":	false,
				"sender":	false
			}
		}, {
			"streams":	[{
					"socket":	5,
					"start":	179.001087,
					"end":	180.000136,
					"seconds":	0.99904900789260864,
					"bytes":	62212896,
					"bits_per_second":	498176930.32882714,
					"jitter_ms":	0.0095818757060505237,
					"lost_packets":	0,
					"packets":	46152,
					"lost_percent":	0,
					"omitted":	false,
					"sender":	false
				}],
			"sum":	{
				"start":	179.001087,
				"end":	180.000136,
				"seconds":	0.99904900789260864,
				"bytes":	62212896,
				"bits_per_second":	498176930.32882714,
				"jitter_ms":	0.0095818757060505237,
				"lost_packets":	0,
				"packets":	46152,
				"lost_percent":	0,
				"omitted":	false,
				"sender":	false
			}
		}, {
			"streams":	[{
					"socket":	5,
					"start":	180.000136,
					"end":	181.000187,
					"seconds":	1.0000510215759277,
					"bytes":	62777708,
					"bits_per_second":	502196041.166555,
					"jitter_ms":	0.026178678481391545,
					"lost_packets":	0,
					"packets":	46571,
					"lost_percent":	0,
					"omitted":	false,
					"sender":	false
				}],
			"sum":	{
				"start":	180.000136,
				"end":	181.000187,
				"seconds":	1.0000510215759277,
				"bytes":	62777708,
				"bits_per_second":	502196041.166555,
				"jitter_ms":	0.026178678481391545,
				"lost_packets":	0,
				"packets":	46571,
				"lost_percent":	0,
				"omitted":	false,
				"sender":	false
			}
		}, {
			"streams":	[{
					"socket":	5,
					"start":	181.000187,
					"end":	182.000148,
					"seconds":	0.999961018562317,
					"bytes":	62172456,
					"bits_per_second":	497399037.32957733,
					"jitter_ms":	0.050794626316895422,
					"lost_packets":	0,
					"packets":	46122,
					"lost_percent":	0,
					"omitted":	false,
					"sender":	false
				}],
			"sum":	{
				"start":	181.000187,
				"end":	182.000148,
				"seconds":	0.999961018562317,
				"bytes":	62172456,
				"bits_per_second":	497399037.32957733,
				"jitter_ms":	0.050794626316895422,
				"lost_packets":	0,
				"packets":	46122,
				"lost_percent":	0,
				"omitted":	false,
				"sender":	false
			}
		}, {
			"streams":	[{
					"socket":	5,
					"start":	182.000148,
					"end":	183.001072,
					"seconds":	1.0009239912033081,
					"bytes":	62956992,
					"bits_per_second":	503190991.94985443,
					"jitter_ms":	0.020825382463099368,
					"lost_packets":	0,
					"packets":	46704,
					"lost_percent":	0,
					"omitted":	false,
					"sender":	false
				}],
			"sum":	{
				"start":	182.000148,
				"end":	183.001072,
				"seconds":	1.0009239912033081,
				"bytes":	62956992,
				"bits_per_second":	503190991.94985443,
				"jitter_ms":	0.020825382463099368,
				"lost_packets":	0,
				"packets":	46704,
				"lost_percent":	0,
				"omitted":	false,
				"sender":	false
			}
		}, {
			"streams":	[{
					"socket":	5,
					"start":	183.001072,
					"end":	184.001071,
					"seconds":	0.99999898672103882,
					"bytes":	62506760,
					"bits_per_second":	500054586.69479215,
					"jitter_ms":	0.01577791537750067,
					"lost_packets":	0,
					"packets":	46370,
					"lost_percent":	0,
					"omitted":	false,
					"sender":	false
				}],
			"sum":	{
				"start":	183.001072,
				"end":	184.001071,
				"seconds":	0.99999898672103882,
				"bytes":	62506760,
				"bits_per_second":	500054586.69479215,
				"jitter_ms":	0.01577791537750067,
				"lost_packets":	0,
				"packets":	46370,
				"lost_percent":	0,
				"omitted":	false,
				"sender":	false
			}
		}, {
			"streams":	[{
					"socket":	5,
					"start":	184.001071,
					"end":	185.001065,
					"seconds":	0.99999397993087769,
					"bytes":	62532372,
					"bits_per_second":	500261987.6117447,
					"jitter_ms":	0.0054787656626966779,
					"lost_packets":	0,
					"packets":	46389,
					"lost_percent":	0,
					"omitted":	false,
					"sender":	false
				}],
			"sum":	{
				"start":	184.001071,
				"end":	185.001065,
				"seconds":	0.99999397993087769,
				"bytes":	62532372,
				"bits_per_second":	500261987.6117447,
				"jitter_ms":	0.0054787656626966779,
				"lost_packets":	0,
				"packets":	46389,
				"lost_percent":	0,
				"omitted":	false,
				"sender":	false
			}
		}, {
			"streams":	[{
					"socket":	5,
					"start":	185.001065,
					"end":	186.001112,
					"seconds":	1.000046968460083,
					"bytes":	62469016,
					"bits_per_second":	499728656.51454419,
					"jitter_ms":	0.01504332912270984,
					"lost_packets":	0,
					"packets":	46342,
					"lost_percent":	0,
					"omitted":	false,
					"sender":	false
				}],
			"sum":	{
				"start":	185.001065,
				"end":	186.001112,
				"seconds":	1.000046968460083,
				"bytes":	62469016,
				"bits_per_second":	499728656.51454419,
				"jitter_ms":	0.01504332912270984,
				"lost_packets":	0,
				"packets":	46342,
				"lost_percent":	0,
				"omitted":	false,
				"sender":	false
			}
		}, {
			"streams":	[{
					"socket":	5,
					"start":	186.001112,
					"end":	187.001056,
					"seconds":	0.999943971633911,
					"bytes":	62494628,
					"bits_per_second":	499985037.3447113,
					"jitter_ms":	0.018712897741454588,
					"lost_packets":	0,
					"packets":	46361,
					"lost_percent":	0,
					"omitted":	false,
					"sender":	false
				}],
			"sum":	{
				"start":	186.001112,
				"end":	187.001056,
				"seconds":	0.999943971633911,
				"bytes":	62494628,
				"bits_per_second":	499985037.3447113,
				"jitter_ms":	0.018712897741454588,
				"lost_packets":	0,
				"packets":	46361,
				"lost_percent":	0,
				"omitted":	false,
				"sender":	false
			}
		}, {
			"streams":	[{
					"socket":	5,
					"start":	187.001056,
					"end":	188.001088,
					"seconds":	1.0000319480895996,
					"bytes":	60660000,
					"bits_per_second":	485264496.7263791,
					"jitter_ms":	0.00559012452526996,
					"lost_packets":	0,
					"packets":	45000,
					"lost_percent":	0,
					"omitted":	false,
					"sender":	false
				}],
			"sum":	{
				"start":	187.001056,
				"end":	188.001088,
				"seconds":	1.0000319480895996,
				"bytes":	60660000,
				"bits_per_second":	485264496.7263791,
				"jitter_ms":	0.00559012452526996,
				"lost_packets":	0,
				"packets":	45000,
				"lost_percent":	0,
				"omitted":	false,
				"sender":	false
			}
		}, {
			"streams":	[{
					"socket":	5,
					"start":	188.001088,
					"end":	189.001063,
					"seconds":	0.999975025653839,
					"bytes":	62675260,
					"bits_per_second":	501414602.501853,
					"jitter_ms":	0.00781292616009559,
					"lost_packets":	0,
					"packets":	46495,
					"lost_percent":	0,
					"omitted":	false,
					"sender":	false
				}],
			"sum":	{
				"start":	188.001088,
				"end":	189.001063,
				"seconds":	0.999975025653839,
				"bytes":	62675260,
				"bits_per_second":	501414602.501853,
				"jitter_ms":	0.00781292616009559,
				"lost_packets":	0,
				"packets":	46495,
				"lost_percent":	0,
				"omitted":	false,
				"sender":	false
			}
		}, {
			"streams":	[{
					"socket":	5,
					"start":	189.001063,
					"end":	190.001111,
					"seconds":	1.000048041343689,
					"bytes":	3504800,
					"bits_per_second":	28037053.06229781,
					"jitter_ms":	0.03973670759460781,
					"lost_packets":	15,
					"packets":	2615,
					"lost_percent":	0.57361376673040154,
					"omitted":	false,
					"sender":	false
				}],
			"sum":	{
				"start":	189.001063,
				"end":	190.001111,
				"seconds":	1.000048041343689,
				"bytes":	3504800,
				"bits_per_second":	28037053.06229781,
				"jitter_ms":	0.03973670759460781,
				"lost_packets":	15,
				"packets":	2615,
				"lost_percent":	0.57361376673040154,
				"omitted":	false,
				"sender":	false
			}
		}, {
			"streams":	[{
					"socket":	5,
					"start":	190.001111,
					"end":	191.000166,
					"seconds":	0.999055027961731,
					"bytes":	24633352,
					"bits_per_second":	197253214.77241862,
					"jitter_ms":	0.016365394957035824,
					"lost_packets":	72568,
					"packets":	90842,
					"lost_percent":	79.883754210607435,
					"omitted":	false,
					"sender":	false
				}],
			"sum":	{
				"start":	190.001111,
				"end":	191.000166,
				"seconds":	0.999055027961731,
				"bytes":	24633352,
				"bits_per_second":	197253214.77241862,
				"jitter_ms":	0.016365394957035824,
				"lost_packets":	72568,
				"packets":	90842,
				"lost_percent":	79.883754210607435,
				"omitted":	false,
				"sender":	false
			}
		}, {
			"streams":	[{
					"socket":	5,
					"start":	191.000166,
					"end":	192.000164,
					"seconds":	0.99999797344207764,
					"bytes":	61735704,
					"bits_per_second":	493886632.88986862,
					"jitter_ms":	0.029875269090317572,
					"lost_packets":	0,
					"packets":	45798,
					"lost_percent":	0,
					"omitted":	false,
					"sender":	false
				}],
			"sum":	{
				"start":	191.000166,
				"end":	192.000164,
				"seconds":	0.99999797344207764,
				"bytes":	61735704,
				"bits_per_second":	493886632.88986862,
				"jitter_ms":	0.029875269090317572,
				"lost_packets":	0,
				"packets":	45798,
				"lost_percent":	0,
				"omitted":	false,
				"sender":	false
			}
		}, {
			"streams":	[{
					"socket":	5,
					"start":	192.000164,
					"end":	193.001062,
					"seconds":	1.000898003578186,
					"bytes":	63947772,
					"bits_per_second":	511123185.5504818,
					"jitter_ms":	0.019780149893845619,
					"lost_packets":	0,
					"packets":	47439,
					"lost_percent":	0,
					"omitted":	false,
					"sender":	false
				}],
			"sum":	{
				"start":	192.000164,
				"end":	193.001062,
				"seconds":	1.000898003578186,
				"bytes":	63947772,
				"bits_per_second":	511123185.5504818,
				"jitter_ms":	0.019780149893845619,
				"lost_packets":	0,
				"packets":	47439,
				"lost_percent":	0,
				"omitted":	false,
				"sender":	false
			}
		}, {
			"streams":	[{
					"socket":	5,
					"start":	193.001062,
					"end":	194.001058,
					"seconds":	0.9999960064888,
					"bytes":	62500020,
					"bits_per_second":	500002156.764213,
					"jitter_ms":	0.019590343809392844,
					"lost_packets":	0,
					"packets":	46365,
					"lost_percent":	0,
					"omitted":	false,
					"sender":	false
				}],
			"sum":	{
				"start":	193.001062,
				"end":	194.001058,
				"seconds":	0.9999960064888,
				"bytes":	62500020,
				"bits_per_second":	500002156.764213,
				"jitter_ms":	0.019590343809392844,
				"lost_packets":	0,
				"packets":	46365,
				"lost_percent":	0,
				"omitted":	false,
				"sender":	false
			}
		}, {
			"streams":	[{
					"socket":	5,
					"start":	194.001058,
					"end":	195.001073,
					"seconds":	1.0000150203704834,
					"bytes":	61928468,
					"bits_per_second":	495420302.6035099,
					"jitter_ms":	0.029384233665068284,
					"lost_packets":	0,
					"packets":	45941,
					"lost_percent":	0,
					"omitted":	false,
					"sender":	false
				}],
			"sum":	{
				"start":	194.001058,
				"end":	195.001073,
				"seconds":	1.0000150203704834,
				"bytes":	61928468,
				"bits_per_second":	495420302.6035099,
				"jitter_ms":	0.029384233665068284,
				"lost_packets":	0,
				"packets":	45941,
				"lost_percent":	0,
				"omitted":	false,
				"sender":	false
			}
		}, {
			"streams":	[{
					"socket":	5,
					"start":	195.001073,
					"end":	196.001055,
					"seconds":	0.99998199939727783,
					"bytes":	62711656,
					"bits_per_second":	501702278.943408,
					"jitter_ms":	0.20848321626950031,
					"lost_packets":	0,
					"packets":	46522,
					"lost_percent":	0,
					"omitted":	false,
					"sender":	false
				}],
			"sum":	{
				"start":	195.001073,
				"end":	196.001055,
				"seconds":	0.99998199939727783,
				"bytes":	62711656,
				"bits_per_second":	501702278.943408,
				"jitter_ms":	0.20848321626950031,
				"lost_packets":	0,
				"packets":	46522,
				"lost_percent":	0,
				"omitted":	false,
				"sender":	false
			}
		}, {
			"streams":	[{
					"socket":	5,
					"start":	196.001055,
					"end":	197.001062,
					"seconds":	1.0000070333480835,
					"bytes":	62332868,
					"bits_per_second":	498659436.75460619,
					"jitter_ms":	0.00882442873238404,
					"lost_packets":	0,
					"packets":	46241,
					"lost_percent":	0,
					"omitted":	false,
					"sender":	false
				}],
			"sum":	{
				"start":	196.001055,
				"end":	197.001062,
				"seconds":	1.0000070333480835,
				"bytes":	62332868,
				"bits_per_second":	498659436.75460619,
				"jitter_ms":	0.00882442873238404,
				"lost_packets":	0,
				"packets":	46241,
				"lost_percent":	0,
				"omitted":	false,
				"sender":	false
			}
		}, {
			"streams":	[{
					"socket":	5,
					"start":	197.001062,
					"end":	198.000146,
					"seconds":	0.9990839958190918,
					"bytes":	62818148,
					"bits_per_second":	503005939.54364365,
					"jitter_ms":	0.051061301553987977,
					"lost_packets":	0,
					"packets":	46601,
					"lost_percent":	0,
					"omitted":	false,
					"sender":	false
				}],
			"sum":	{
				"start":	197.001062,
				"end":	198.000146,
				"seconds":	0.9990839958190918,
				"bytes":	62818148,
				"bits_per_second":	503005939.54364365,
				"jitter_ms":	0.051061301553987977,
				"lost_packets":	0,
				"packets":	46601,
				"lost_percent":	0,
				"omitted":	false,
				"sender":	false
			}
		}, {
			"streams":	[{
					"socket":	5,
					"start":	198.000146,
					"end":	199.001071,
					"seconds":	1.0009249448776245,
					"bytes":	62646952,
					"bits_per_second":	500712484.55225074,
					"jitter_ms":	0.016801833927019148,
					"lost_packets":	0,
					"packets":	46477,
					"lost_percent":	0,
					"omitted":	false,
					"sender":	false
				}],
			"sum":	{
				"start":	198.000146,
				"end":	199.001071,
				"seconds":	1.0009249448776245,
				"bytes":	62646952,
				"bits_per_second":	500712484.55225074,
				"jitter_ms":	0.016801833927019148,
				"lost_packets":	0,
				"packets":	46477,
				"lost_percent":	0,
				"omitted":	false,
				"sender":	false
			}
		}, {
			"streams":	[{
					"socket":	5,
					"start":	199.001071,
					"end":	200.000172,
					"seconds":	0.99910098314285278,
					"bytes":	62397572,
					"bits_per_second":	499629751.56899279,
					"jitter_ms":	0.0063526492088152239,
					"lost_packets":	0,
					"packets":	46292,
					"lost_percent":	0,
					"omitted":	false,
					"sender":	false
				}],
			"sum":	{
				"start":	199.001071,
				"end":	200.000172,
				"seconds":	0.99910098314285278,
				"bytes":	62397572,
				"bits_per_second":	499629751.56899279,
				"jitter_ms":	0.0063526492088152239,
				"lost_packets":	0,
				"packets":	46292,
				"lost_percent":	0,
				"omitted":	false,
				"sender":	false
			}
		}, {
			"streams":	[{
					"socket":	5,
					"start":	200.000172,
					"end":	201.00015,
					"seconds":	0.999978005886078,
					"bytes":	62494628,
					"bits_per_second":	499968020.353597,
					"jitter_ms":	0.0078471652313819532,
					"lost_packets":	0,
					"packets":	46361,
					"lost_percent":	0,
					"omitted":	false,
					"sender":	false
				}],
			"sum":	{
				"start":	200.000172,
				"end":	201.00015,
				"seconds":	0.999978005886078,
				"bytes":	62494628,
				"bits_per_second":	499968020.353597,
				"jitter_ms":	0.0078471652313819532,
				"lost_packets":	0,
				"packets":	46361,
				"lost_percent":	0,
				"omitted":	false,
				"sender":	false
			}
		}, {
			"streams":	[{
					"socket":	5,
					"start":	201.00015,
					"end":	202.001072,
					"seconds":	1.0009219646453857,
					"bytes":	62663128,
					"bits_per_second":	500843264.21751189,
					"jitter_ms":	0.018364591276379967,
					"lost_packets":	0,
					"packets":	46486,
					"lost_percent":	0,
					"omitted":	false,
					"sender":	false
				}],
			"sum":	{
				"start":	201.00015,
				"end":	202.001072,
				"seconds":	1.0009219646453857,
				"bytes":	62663128,
				"bits_per_second":	500843264.21751189,
				"jitter_ms":	0.018364591276379967,
				"lost_packets":	0,
				"packets":	46486,
				"lost_percent":	0,
				"omitted":	false,
				"sender":	false
			}
		}, {
			"streams":	[{
					"socket":	5,
					"start":	202.001072,
					"end":	203.001068,
					"seconds":	0.9999960064888,
					"bytes":	62555288,
					"bits_per_second":	500444302.52992713,
					"jitter_ms":	0.02477139499619636,
					"lost_packets":	0,
					"packets":	46406,
					"lost_percent":	0,
					"omitted":	false,
					"sender":	false
				}],
			"sum":	{
				"start":	202.001072,
				"end":	203.001068,
				"seconds":	0.9999960064888,
				"bytes":	62555288,
				"bits_per_second":	500444302.52992713,
				"jitter_ms":	0.02477139499619636,
				"lost_packets":	0,
				"packets":	46406,
				"lost_percent":	0,
				"omitted":	false,
				"sender":	false
			}
		}, {
			"streams":	[{
					"socket":	5,
					"start":	203.001068,
					"end":	204.001068,
					"seconds":	1,
					"bytes":	62013392,
					"bits_per_second":	496107136,
					"jitter_ms":	0.014263645653203783,
					"lost_packets":	0,
					"packets":	46004,
					"lost_percent":	0,
					"omitted":	false,
					"sender":	false
				}],
			"sum":	{
				"start":	203.001068,
				"end":	204.001068,
				"seconds":	1,
				"bytes":	62013392,
				"bits_per_second":	496107136,
				"jitter_ms":	0.014263645653203783,
				"lost_packets":	0,
				"packets":	46004,
				"lost_percent":	0,
				"omitted":	false,
				"sender":	false
			}
		}, {
			"streams":	[{
					"socket":	5,
					"start":	204.001068,
					"end":	205.000171,
					"seconds":	0.999103009700775,
					"bytes":	58915688,
					"bits_per_second":	471748657.96987134,
					"jitter_ms":	0.0355967775976107,
					"lost_packets":	0,
					"packets":	43706,
					"lost_percent":	0,
					"omitted":	false,
					"sender":	false
				}],
			"sum":	{
				"start":	204.001068,
				"end":	205.000171,
				"seconds":	0.999103009700775,
				"bytes":	58915688,
				"bits_per_second":	471748657.96987134,
				"jitter_ms":	0.0355967775976107,
				"lost_packets":	0,
				"packets":	43706,
				"lost_percent":	0,
				"omitted":	false,
				"sender":	false
			}
		}, {
			"streams":	[{
					"socket":	5,
					"start":	205.000171,
					"end":	206.001062,
					"seconds":	1.0008909702301025,
					"bytes":	66518408,
					"bits_per_second":	531673558.68707716,
					"jitter_ms":	0.016473399423228115,
					"lost_packets":	0,
					"packets":	49346,
					"lost_percent":	0,
					"omitted":	false,
					"sender":	false
				}],
			"sum":	{
				"start":	205.000171,
				"end":	206.001062,
				"seconds":	1.0008909702301025,
				"bytes":	66518408,
				"bits_per_second":	531673558.68707716,
				"jitter_ms":	0.016473399423228115,
				"lost_packets":	0,
				"packets":	49346,
				"lost_percent":	0,
				"omitted":	false,
				"sender":	false
			}
		}, {
			"streams":	[{
					"socket":	5,
					"start":	206.001062,
					"end":	207.00109,
					"seconds":	1.0000280141830444,
					"bytes":	62498672,
					"bits_per_second":	499975369.59847838,
					"jitter_ms":	0.017595055882348856,
					"lost_packets":	0,
					"packets":	46364,
					"lost_percent":	0,
					"omitted":	false,
					"sender":	false
				}],
			"sum":	{
				"start":	206.001062,
				"end":	207.00109,
				"seconds":	1.0000280141830444,
				"bytes":	62498672,
				"bits_per_second":	499975369.59847838,
				"jitter_ms":	0.017595055882348856,
				"lost_packets":	0,
				"packets":	46364,
				"lost_percent":	0,
				"omitted":	false,
				"sender":	false
			}
		}, {
			"streams":	[{
					"socket":	5,
					"start":	207.00109,
					"end":	208.000182,
					"seconds":	0.9990919828414917,
					"bytes":	62429924,
					"bits_per_second":	499893303.69718045,
					"jitter_ms":	0.023553048262804344,
					"lost_packets":	0,
					"packets":	46313,
					"lost_percent":	0,
					"omitted":	false,
					"sender":	false
				}],
			"sum":	{
				"start":	207.00109,
				"end":	208.000182,
				"seconds":	0.9990919828414917,
				"bytes":	62429924,
				"bits_per_second":	499893303.69718045,
				"jitter_ms":	0.023553048262804344,
				"lost_packets":	0,
				"packets":	46313,
				"lost_percent":	0,
				"omitted":	false,
				"sender":	false
			}
		}, {
			"streams":	[{
					"socket":	5,
					"start":	208.000182,
					"end":	209.00107,
					"seconds":	1.0008879899978638,
					"bytes":	61909596,
					"bits_per_second":	494837357.37608069,
					"jitter_ms":	0.0067974191531796173,
					"lost_packets":	0,
					"packets":	45927,
					"lost_percent":	0,
					"omitted":	false,
					"sender":	false
				}],
			"sum":	{
				"start":	208.000182,
				"end":	209.00107,
				"seconds":	1.0008879899978638,
				"bytes":	61909596,
				"bits_per_second":	494837357.37608069,
				"jitter_ms":	0.0067974191531796173,
				"lost_packets":	0,
				"packets":	45927,
				"lost_percent":	0,
				"omitted":	false,
				"sender":	false
			}
		}, {
			"streams":	[{
					"socket":	5,
					"start":	209.00107,
					"end":	210.001074,
					"seconds":	1.0000040531158447,
					"bytes":	63090444,
					"bits_per_second":	504721506.30526561,
					"jitter_ms":	0.023489169762127116,
					"lost_packets":	0,
					"packets":	46803,
					"lost_percent":	0,
					"omitted":	false,
					"sender":	false
				}],
			"sum":	{
				"start":	209.00107,
				"end":	210.001074,
				"seconds":	1.0000040531158447,
				"bytes":	63090444,
				"bits_per_second":	504721506.30526561,
				"jitter_ms":	0.023489169762127116,
				"lost_packets":	0,
				"packets":	46803,
				"lost_percent":	0,
				"omitted":	false,
				"sender":	false
			}
		}, {
			"streams":	[{
					"socket":	5,
					"start":	210.001074,
					"end":	211.00015,
					"seconds":	0.999076008796692,
					"bytes":	62338260,
					"bits_per_second":	499167306.19990772,
					"jitter_ms":	0.00862613789248979,
					"lost_packets":	0,
					"packets":	46245,
					"lost_percent":	0,
					"omitted":	false,
					"sender":	false
				}],
			"sum":	{
				"start":	210.001074,
				"end":	211.00015,
				"seconds":	0.999076008796692,
				"bytes":	62338260,
				"bits_per_second":	499167306.19990772,
				"jitter_ms":	0.00862613789248979,
				"lost_packets":	0,
				"packets":	46245,
				"lost_percent":	0,
				"omitted":	false,
				"sender":	false
			}
		}, {
			"streams":	[{
					"socket":	5,
					"start":	211.00015,
					"end":	212.001084,
					"seconds":	1.0009340047836304,
					"bytes":	62784448,
					"bits_per_second":	501806893.96058214,
					"jitter_ms":	0.02637986672273427,
					"lost_packets":	0,
					"packets":	46576,
					"lost_percent":	0,
					"omitted":	false,
					"sender":	false
				}],
			"sum":	{
				"start":	211.00015,
				"end":	212.001084,
				"seconds":	1.0009340047836304,
				"bytes":	62784448,
				"bits_per_second":	501806893.96058214,
				"jitter_ms":	0.02637986672273427,
				"lost_packets":	0,
				"packets":	46576,
				"lost_percent":	0,
				"omitted":	false,
				"sender":	false
			}
		}, {
			"streams":	[{
					"socket":	5,
					"start":	212.001084,
					"end":	213.001078,
					"seconds":	0.99999397993087769,
					"bytes":	62194024,
					"bits_per_second":	497555187.31661981,
					"jitter_ms":	0.019762200689578405,
					"lost_packets":	0,
					"packets":	46138,
					"lost_percent":	0,
					"omitted":	false,
					"sender":	false
				}],
			"sum":	{
				"start":	212.001084,
				"end":	213.001078,
				"seconds":	0.99999397993087769,
				"bytes":	62194024,
				"bits_per_second":	497555187.31661981,
				"jitter_ms":	0.019762200689578405,
				"lost_packets":	0,
				"packets":	46138,
				"lost_percent":	0,
				"omitted":	false,
				"sender":	false
			}
		}, {
			"streams":	[{
					"socket":	5,
					"start":	213.001078,
					"end":	214.001083,
					"seconds":	1.0000050067901611,
					"bytes":	62370612,
					"bits_per_second":	498962397.799976,
					"jitter_ms":	0.072727395599261543,
					"lost_packets":	0,
					"packets":	46269,
					"lost_percent":	0,
					"omitted":	false,
					"sender":	false
				}],
			"sum":	{
				"start":	213.001078,
				"end":	214.001083,
				"seconds":	1.0000050067901611,
				"bytes":	62370612,
				"bits_per_second":	498962397.799976,
				"jitter_ms":	0.072727395599261543,
				"lost_packets":	0,
				"packets":	46269,
				"lost_percent":	0,
				"omitted":	false,
				"sender":	false
			}
		}, {
			"streams":	[{
					"socket":	5,
					"start":	214.001083,
					"end":	215.001074,
					"seconds":	0.999990999698639,
					"bytes":	62761532,
					"bits_per_second":	502096775.02228761,
					"jitter_ms":	0.014839355778683111,
					"lost_packets":	0,
					"packets":	46559,
					"lost_percent":	0,
					"omitted":	false,
					"sender":	false
				}],
			"sum":	{
				"start":	214.001083,
				"end":	215.001074,
				"seconds":	0.999990999698639,
				"bytes":	62761532,
				"bits_per_second":	502096775.02228761,
				"jitter_ms":	0.014839355778683111,
				"lost_packets":	0,
				"packets":	46559,
				"lost_percent":	0,
				"omitted":	false,
				"sender":	false
			}
		}, {
			"streams":	[{
					"socket":	5,
					"start":	215.001074,
					"end":	216.001065,
					"seconds":	0.999990999698639,
					"bytes":	62624036,
					"bits_per_second":	500996797.122155,
					"jitter_ms":	0.014925939892121719,
					"lost_packets":	0,
					"packets":	46457,
					"lost_percent":	0,
					"omitted":	false,
					"sender":	false
				}],
			"sum":	{
				"start":	215.001074,
				"end":	216.001065,
				"seconds":	0.999990999698639,
				"bytes":	62624036,
				"bits_per_second":	500996797.122155,
				"jitter_ms":	0.014925939892121719,
				"lost_packets":	0,
				"packets":	46457,
				"lost_percent":	0,
				"omitted":	false,
				"sender":	false
			}
		}, {
			"streams":	[{
					"socket":	5,
					"start":	216.001065,
					"end":	217.000155,
					"seconds":	0.999090015888214,
					"bytes":	62114492,
					"bits_per_second":	497368533.46315372,
					"jitter_ms":	0.023690451009022635,
					"lost_packets":	0,
					"packets":	46079,
					"lost_percent":	0,
					"omitted":	false,
					"sender":	false
				}],
			"sum":	{
				"start":	216.001065,
				"end":	217.000155,
				"seconds":	0.999090015888214,
				"bytes":	62114492,
				"bits_per_second":	497368533.46315372,
				"jitter_ms":	0.023690451009022635,
				"lost_packets":	0,
				"packets":	46079,
				"lost_percent":	0,
				"omitted":	false,
				"sender":	false
			}
		}, {
			"streams":	[{
					"socket":	5,
					"start":	217.000155,
					"end":	218.000192,
					"seconds":	1.0000369548797607,
					"bytes":	61851632,
					"bits_per_second":	494794770.91873443,
					"jitter_ms":	0.0057835383545517816,
					"lost_packets":	0,
					"packets":	45884,
					"lost_percent":	0,
					"omitted":	false,
					"sender":	false
				}],
			"sum":	{
				"start":	217.000155,
				"end":	218.000192,
				"seconds":	1.0000369548797607,
				"bytes":	61851632,
				"bits_per_second":	494794770.91873443,
				"jitter_ms":	0.0057835383545517816,
				"lost_packets":	0,
				"packets":	45884,
				"lost_percent":	0,
				"omitted":	false,
				"sender":	false
			}
		}, {
			"streams":	[{
					"socket":	5,
					"start":	218.000192,
					"end":	219.001072,
					"seconds":	1.0008800029754639,
					"bytes":	61654824,
					"bits_per_second":	492804922.2021389,
					"jitter_ms":	0.018554229450235212,
					"lost_packets":	0,
					"packets":	45738,
					"lost_percent":	0,
					"omitted":	false,
					"sender":	false
				}],
			"sum":	{
				"start":	218.000192,
				"end":	219.001072,
				"seconds":	1.0008800029754639,
				"bytes":	61654824,
				"bits_per_second":	492804922.2021389,
				"jitter_ms":	0.018554229450235212,
				"lost_packets":	0,
				"packets":	45738,
				"lost_percent":	0,
				"omitted":	false,
				"sender":	false
			}
		}, {
			"streams":	[{
					"socket":	5,
					"start":	219.001072,
					"end":	220.001081,
					"seconds":	1.0000089406967163,
					"bytes":	63590552,
					"bits_per_second":	508719867.68994945,
					"jitter_ms":	0.0378475757976411,
					"lost_packets":	13,
					"packets":	47187,
					"lost_percent":	0.027549960794286562,
					"omitted":	false,
					"sender":	false
				}],
			"sum":	{
				"start":	219.001072,
				"end":	220.001081,
				"seconds":	1.0000089406967163,
				"bytes":	63590552,
				"bits_per_second":	508719867.68994945,
				"jitter_ms":	0.0378475757976411,
				"lost_packets":	13,
				"packets":	47187,
				"lost_percent":	0.027549960794286562,
				"omitted":	false,
				"sender":	false
			}
		}, {
			"streams":	[{
					"socket":	5,
					"start":	220.001081,
					"end":	221.001073,
					"seconds":	0.9999920129776,
					"bytes":	63269728,
					"bits_per_second":	506161866.7261675,
					"jitter_ms":	0.015871880772208389,
					"lost_packets":	0,
					"packets":	46936,
					"lost_percent":	0,
					"omitted":	false,
					"sender":	false
				}],
			"sum":	{
				"start":	220.001081,
				"end":	221.001073,
				"seconds":	0.9999920129776,
				"bytes":	63269728,
				"bits_per_second":	506161866.7261675,
				"jitter_ms":	0.015871880772208389,
				"lost_packets":	0,
				"packets":	46936,
				"lost_percent":	0,
				"omitted":	false,
				"sender":	false
			}
		}, {
			"streams":	[{
					"socket":	5,
					"start":	221.001073,
					"end":	222.001071,
					"seconds":	0.99999797344207764,
					"bytes":	62500020,
					"bits_per_second":	500001173.281339,
					"jitter_ms":	0.015892228499016666,
					"lost_packets":	0,
					"packets":	46365,
					"lost_percent":	0,
					"omitted":	false,
					"sender":	false
				}],
			"sum":	{
				"start":	221.001073,
				"end":	222.001071,
				"seconds":	0.99999797344207764,
				"bytes":	62500020,
				"bits_per_second":	500001173.281339,
				"jitter_ms":	0.015892228499016666,
				"lost_packets":	0,
				"packets":	46365,
				"lost_percent":	0,
				"omitted":	false,
				"sender":	false
			}
		}, {
			"streams":	[{
					"socket":	5,
					"start":	222.001071,
					"end":	223.000184,
					"seconds":	0.99911302328109741,
					"bytes":	62419140,
					"bits_per_second":	499796427.79564542,
					"jitter_ms":	0.031844829933492622,
					"lost_packets":	0,
					"packets":	46307,
					"lost_percent":	0,
					"omitted":	false,
					"sender":	false
				}],
			"sum":	{
				"start":	222.001071,
				"end":	223.000184,
				"seconds":	0.99911302328109741,
				"bytes":	62419140,
				"bits_per_second":	499796427.79564542,
				"jitter_ms":	0.031844829933492622,
				"lost_packets":	0,
				"packets":	46307,
				"lost_percent":	0,
				"omitted":	false,
				"sender":	false
			}
		}, {
			"streams":	[{
					"socket":	5,
					"start":	223.000184,
					"end":	224.000162,
					"seconds":	0.999978005886078,
					"bytes":	61071140,
					"bits_per_second":	488579865.88123024,
					"jitter_ms":	0.019132330774760932,
					"lost_packets":	0,
					"packets":	45308,
					"lost_percent":	0,
					"omitted":	false,
					"sender":	false
				}],
			"sum":	{
				"start":	223.000184,
				"end":	224.000162,
				"seconds":	0.999978005886078,
				"bytes":	61071140,
				"bits_per_second":	488579865.88123024,
				"jitter_ms":	0.019132330774760932,
				"lost_packets":	0,
				"packets":	45308,
				"lost_percent":	0,
				"omitted":	false,
				"sender":	false
			}
		}, {
			"streams":	[{
					"socket":	5,
					"start":	224.000162,
					"end":	225.001066,
					"seconds":	1.0009039640426636,
					"bytes":	63748268,
					"bits_per_second":	509525551.22287619,
					"jitter_ms":	0.0464890732910656,
					"lost_packets":	0,
					"packets":	47291,
					"lost_percent":	0,
					"omitted":	false,
					"sender":	false
				}],
			"sum":	{
				"start":	224.000162,
				"end":	225.001066,
				"seconds":	1.0009039640426636,
				"bytes":	63748268,
				"bits_per_second":	509525551.22287619,
				"jitter_ms":	0.0464890732910656,
				"lost_packets":	0,
				"packets":	47291,
				"lost_percent":	0,
				"omitted":	false,
				"sender":	false
			}
		}, {
			"streams":	[{
					"socket":	5,
					"start":	225.001066,
					"end":	226.001067,
					"seconds":	1.0000009536743164,
					"bytes":	62682000,
					"bits_per_second":	501455521.774748,
					"jitter_ms":	0.027594909063925636,
					"lost_packets":	0,
					"packets":	46500,
					"lost_percent":	0,
					"omitted":	false,
					"sender":	false
				}],
			"sum":	{
				"start":	225.001066,
				"end":	226.001067,
				"seconds":	1.0000009536743164,
				"bytes":	62682000,
				"bits_per_second":	501455521.774748,
				"jitter_ms":	0.027594909063925636,
				"lost_packets":	0,
				"packets":	46500,
				"lost_percent":	0,
				"omitted":	false,
				"sender":	false
			}
		}, {
			"streams":	[{
					"socket":	5,
					"start":	226.001067,
					"end":	227.001067,
					"seconds":	1,
					"bytes":	62584944,
					"bits_per_second":	500679552,
					"jitter_ms":	0.011630569675376181,
					"lost_packets":	0,
					"packets":	46428,
					"lost_percent":	0,
					"omitted":	false,
					"sender":	false
				}],
			"sum":	{
				"start":	226.001067,
				"end":	227.001067,
				"seconds":	1,
				"bytes":	62584944,
				"bits_per_second":	500679552,
				"jitter_ms":	0.011630569675376181,
				"lost_packets":	0,
				"packets":	46428,
				"lost_percent":	0,
				"omitted":	false,
				"sender":	false
			}
		}, {
			"streams":	[{
					"socket":	5,
					"start":	227.001067,
					"end":	228.001066,
					"seconds":	0.99999898672103882,
					"bytes":	62326128,
					"bits_per_second":	498609529.23054582,
					"jitter_ms":	0.0063095887660311947,
					"lost_packets":	0,
					"packets":	46236,
					"lost_percent":	0,
					"omitted":	false,
					"sender":	false
				}],
			"sum":	{
				"start":	227.001067,
				"end":	228.001066,
				"seconds":	0.99999898672103882,
				"bytes":	62326128,
				"bits_per_second":	498609529.23054582,
				"jitter_ms":	0.0063095887660311947,
				"lost_packets":	0,
				"packets":	46236,
				"lost_percent":	0,
				"omitted":	false,
				"sender":	false
			}
		}, {
			"streams":	[{
					"socket":	5,
					"start":	228.001066,
					"end":	229.001089,
					"seconds":	1.0000230073928833,
					"bytes":	62533720,
					"bits_per_second":	500258250.36189079,
					"jitter_ms":	0.017656836098664967,
					"lost_packets":	0,
					"packets":	46390,
					"lost_percent":	0,
					"omitted":	false,
					"sender":	false
				}],
			"sum":	{
				"start":	228.001066,
				"end":	229.001089,
				"seconds":	1.0000230073928833,
				"bytes":	62533720,
				"bits_per_second":	500258250.36189079,
				"jitter_ms":	0.017656836098664967,
				"lost_packets":	0,
				"packets":	46390,
				"lost_percent":	0,
				"omitted":	false,
				"sender":	false
			}
		}, {
			"streams":	[{
					"socket":	5,
					"start":	229.001089,
					"end":	230.000183,
					"seconds":	0.999094009399414,
					"bytes":	62412400,
					"bits_per_second":	499751970.587977,
					"jitter_ms":	0.054204292098023785,
					"lost_packets":	1,
					"packets":	46301,
					"lost_percent":	0.0021597805662944645,
					"omitted":	false,
					"sender":	false
				}],
			"sum":	{
				"start":	229.001089,
				"end":	230.000183,
				"seconds":	0.999094009399414,
				"bytes":	62412400,
				"bits_per_second":	499751970.587977,
				"jitter_ms":	0.054204292098023785,
				"lost_packets":	1,
				"packets":	46301,
				"lost_percent":	0.0021597805662944645,
				"omitted":	false,
				"sender":	false
			}
		}, {
			"streams":	[{
					"socket":	5,
					"start":	230.000183,
					"end":	231.000162,
					"seconds":	0.999979019165039,
					"bytes":	62163020,
					"bits_per_second":	497314594.075422,
					"jitter_ms":	0.079358229706071079,
					"lost_packets":	0,
					"packets":	46117,
					"lost_percent":	0,
					"omitted":	false,
					"sender":	false
				}],
			"sum":	{
				"start":	230.000183,
				"end":	231.000162,
				"seconds":	0.999979019165039,
				"bytes":	62163020,
				"bits_per_second":	497314594.075422,
				"jitter_ms":	0.079358229706071079,
				"lost_packets":	0,
				"packets":	46117,
				"lost_percent":	0,
				"omitted":	false,
				"sender":	false
			}
		}, {
			"streams":	[{
					"socket":	5,
					"start":	231.000162,
					"end":	232.001082,
					"seconds":	1.0009200572967529,
					"bytes":	62603816,
					"bits_per_second":	500370158.784333,
					"jitter_ms":	0.023748556614309229,
					"lost_packets":	0,
					"packets":	46451,
					"lost_percent":	0,
					"omitted":	false,
					"sender":	false
				}],
			"sum":	{
				"start":	231.000162,
				"end":	232.001082,
				"seconds":	1.0009200572967529,
				"bytes":	62603816,
				"bits_per_second":	500370158.784333,
				"jitter_ms":	0.023748556614309229,
				"lost_packets":	0,
				"packets":	46451,
				"lost_percent":	0,
				"omitted":	false,
				"sender":	false
			}
		}, {
			"streams":	[{
					"socket":	5,
					"start":	232.001082,
					"end":	233.001061,
					"seconds":	0.999979019165039,
					"bytes":	63027088,
					"bits_per_second":	504227283.10940975,
					"jitter_ms":	0.0057053081601319547,
					"lost_packets":	0,
					"packets":	46756,
					"lost_percent":	0,
					"omitted":	false,
					"sender":	false
				}],
			"sum":	{
				"start":	232.001082,
				"end":	233.001061,
				"seconds":	0.999979019165039,
				"bytes":	63027088,
				"bits_per_second":	504227283.10940975,
				"jitter_ms":	0.0057053081601319547,
				"lost_packets":	0,
				"packets":	46756,
				"lost_percent":	0,
				"omitted":	false,
				"sender":	false
			}
		}, {
			"streams":	[{
					"socket":	5,
					"start":	233.001061,
					"end":	234.000192,
					"seconds":	0.99913102388381958,
					"bytes":	62296472,
					"bits_per_second":	498805225.82787043,
					"jitter_ms":	0.0090866679946069243,
					"lost_packets":	0,
					"packets":	46214,
					"lost_percent":	0,
					"omitted":	false,
					"sender":	false
				}],
			"sum":	{
				"start":	233.001061,
				"end":	234.000192,
				"seconds":	0.99913102388381958,
				"bytes":	62296472,
				"bits_per_second":	498805225.82787043,
				"jitter_ms":	0.0090866679946069243,
				"lost_packets":	0,
				"packets":	46214,
				"lost_percent":	0,
				"omitted":	false,
				"sender":	false
			}
		}, {
			"streams":	[{
					"socket":	5,
					"start":	234.000192,
					"end":	235.001071,
					"seconds":	1.0008790493011475,
					"bytes":	58414232,
					"bits_per_second":	466903424.870664,
					"jitter_ms":	1.393427291480976,
					"lost_packets":	0,
					"packets":	43334,
					"lost_percent":	0,
					"omitted":	false,
					"sender":	false
				}],
			"sum":	{
				"start":	234.000192,
				"end":	235.001071,
				"seconds":	1.0008790493011475,
				"bytes":	58414232,
				"bits_per_second":	466903424.870664,
				"jitter_ms":	1.393427291480976,
				"lost_packets":	0,
				"packets":	43334,
				"lost_percent":	0,
				"omitted":	false,
				"sender":	false
			}
		}, {
			"streams":	[{
					"socket":	5,
					"start":	235.001071,
					"end":	236.001062,
					"seconds":	0.999990999698639,
					"bytes":	66696344,
					"bits_per_second":	533575554.340788,
					"jitter_ms":	0.0149865797848009,
					"lost_packets":	0,
					"packets":	49478,
					"lost_percent":	0,
					"omitted":	false,
					"sender":	false
				}],
			"sum":	{
				"start":	235.001071,
				"end":	236.001062,
				"seconds":	0.999990999698639,
				"bytes":	66696344,
				"bits_per_second":	533575554.340788,
				"jitter_ms":	0.0149865797848009,
				"lost_packets":	0,
				"packets":	49478,
				"lost_percent":	0,
				"omitted":	false,
				"sender":	false
			}
		}, {
			"streams":	[{
					"socket":	5,
					"start":	236.001062,
					"end":	237.000608,
					"seconds":	0.999545991420746,
					"bytes":	62287036,
					"bits_per_second":	498522621.5471347,
					"jitter_ms":	0.049471447961994611,
					"lost_packets":	0,
					"packets":	46207,
					"lost_percent":	0,
					"omitted":	false,
					"sender":	false
				}],
			"sum":	{
				"start":	236.001062,
				"end":	237.000608,
				"seconds":	0.999545991420746,
				"bytes":	62287036,
				"bits_per_second":	498522621.5471347,
				"jitter_ms":	0.049471447961994611,
				"lost_packets":	0,
				"packets":	46207,
				"lost_percent":	0,
				"omitted":	false,
				"sender":	false
			}
		}, {
			"streams":	[{
					"socket":	5,
					"start":	237.000608,
					"end":	238.001065,
					"seconds":	1.0004570484161377,
					"bytes":	62606512,
					"bits_per_second":	500623286.91963172,
					"jitter_ms":	0.0072953786641614324,
					"lost_packets":	2,
					"packets":	46446,
					"lost_percent":	0.0043060758730568832,
					"omitted":	false,
					"sender":	false
				}],
			"sum":	{
				"start":	237.000608,
				"end":	238.001065,
				"seconds":	1.0004570484161377,
				"bytes":	62606512,
				"bits_per_second":	500623286.91963172,
				"jitter_ms":	0.0072953786641614324,
				"lost_packets":	2,
				"packets":	46446,
				"lost_percent":	0.0043060758730568832,
				"omitted":	false,
				"sender":	false
			}
		}, {
			"streams":	[{
					"socket":	5,
					"start":	238.001065,
					"end":	239.001063,
					"seconds":	0.99999797344207764,
					"bytes":	62603816,
					"bits_per_second":	500831542.96413118,
					"jitter_ms":	0.015055345627131395,
					"lost_packets":	0,
					"packets":	46442,
					"lost_percent":	0,
					"omitted":	false,
					"sender":	false
				}],
			"sum":	{
				"start":	238.001065,
				"end":	239.001063,
				"seconds":	0.99999797344207764,
				"bytes":	62603816,
				"bits_per_second":	500831542.96413118,
				"jitter_ms":	0.015055345627131395,
				"lost_packets":	0,
				"packets":	46442,
				"lost_percent":	0,
				"omitted":	false,
				"sender":	false
			}
		}, {
			"streams":	[{
					"socket":	5,
					"start":	239.001063,
					"end":	240.000151,
					"seconds":	0.99908798933029175,
					"bytes":	62462276,
					"bits_per_second":	500154354.107447,
					"jitter_ms":	0.00595438110531973,
					"lost_packets":	0,
					"packets":	46339,
					"lost_percent":	0,
					"omitted":	false,
					"sender":	false
				}],
			"sum":	{
				"start":	239.001063,
				"end":	240.000151,
				"seconds":	0.99908798933029175,
				"bytes":	62462276,
				"bits_per_second":	500154354.107447,
				"jitter_ms":	0.00595438110531973,
				"lost_packets":	0,
				"packets":	46339,
				"lost_percent":	0,
				"omitted":	false,
				"sender":	false
			}
		}, {
			"streams":	[{
					"socket":	5,
					"start":	240.000151,
					"end":	241.001065,
					"seconds":	1.0009139776229858,
					"bytes":	62529676,
					"bits_per_second":	499780619.69719476,
					"jitter_ms":	0.015727125628172415,
					"lost_packets":	0,
					"packets":	46390,
					"lost_percent":	0,
					"omitted":	false,
					"sender":	false
				}],
			"sum":	{
				"start":	240.000151,
				"end":	241.001065,
				"seconds":	1.0009139776229858,
				"bytes":	62529676,
				"bits_per_second":	499780619.69719476,
				"jitter_ms":	0.015727125628172415,
				"lost_packets":	0,
				"packets":	46390,
				"lost_percent":	0,
				"omitted":	false,
				"sender":	false
			}
		}, {
			"streams":	[{
					"socket":	5,
					"start":	241.001065,
					"end":	242.001077,
					"seconds":	1.0000120401382446,
					"bytes":	62500020,
					"bits_per_second":	499994140.0014329,
					"jitter_ms":	0.015889142796457145,
					"lost_packets":	0,
					"packets":	46365,
					"lost_percent":	0,
					"omitted":	false,
					"sender":	false
				}],
			"sum":	{
				"start":	241.001065,
				"end":	242.001077,
				"seconds":	1.0000120401382446,
				"bytes":	62500020,
				"bits_per_second":	499994140.0014329,
				"jitter_ms":	0.015889142796457145,
				"lost_packets":	0,
				"packets":	46365,
				"lost_percent":	0,
				"omitted":	false,
				"sender":	false
			}
		}, {
			"streams":	[{
					"socket":	5,
					"start":	242.001077,
					"end":	243.001079,
					"seconds":	1.0000020265579224,
					"bytes":	62500020,
					"bits_per_second":	499999146.722768,
					"jitter_ms":	0.015679966113546974,
					"lost_packets":	0,
					"packets":	46365,
					"lost_percent":	0,
					"omitted":	false,
					"sender":	false
				}],
			"sum":	{
				"start":	242.001077,
				"end":	243.001079,
				"seconds":	1.0000020265579224,
				"bytes":	62500020,
				"bits_per_second":	499999146.722768,
				"jitter_ms":	0.015679966113546974,
				"lost_packets":	0,
				"packets":	46365,
				"lost_percent":	0,
				"omitted":	false,
				"sender":	false
			}
		}, {
			"streams":	[{
					"socket":	5,
					"start":	243.001079,
					"end":	244.000159,
					"seconds":	0.999080002307892,
					"bytes":	62338260,
					"bits_per_second":	499165310.93403977,
					"jitter_ms":	0.0064913485877049482,
					"lost_packets":	0,
					"packets":	46245,
					"lost_percent":	0,
					"omitted":	false,
					"sender":	false
				}],
			"sum":	{
				"start":	243.001079,
				"end":	244.000159,
				"seconds":	0.999080002307892,
				"bytes":	62338260,
				"bits_per_second":	499165310.93403977,
				"jitter_ms":	0.0064913485877049482,
				"lost_packets":	0,
				"packets":	46245,
				"lost_percent":	0,
				"omitted":	false,
				"sender":	false
			}
		}, {
			"streams":	[{
					"socket":	5,
					"start":	244.000159,
					"end":	245.001071,
					"seconds":	1.0009119510650635,
					"bytes":	62756140,
					"bits_per_second":	501591692.9214133,
					"jitter_ms":	0.0053597106507578176,
					"lost_packets":	0,
					"packets":	46555,
					"lost_percent":	0,
					"omitted":	false,
					"sender":	false
				}],
			"sum":	{
				"start":	244.000159,
				"end":	245.001071,
				"seconds":	1.0009119510650635,
				"bytes":	62756140,
				"bits_per_second":	501591692.9214133,
				"jitter_ms":	0.0053597106507578176,
				"lost_packets":	0,
				"packets":	46555,
				"lost_percent":	0,
				"omitted":	false,
				"sender":	false
			}
		}, {
			"streams":	[{
					"socket":	5,
					"start":	245.001071,
					"end":	246.000184,
					"seconds":	0.99911302328109741,
					"bytes":	62243900,
					"bits_per_second":	498393263.22133523,
					"jitter_ms":	0.0062782255711621,
					"lost_packets":	0,
					"packets":	46175,
					"lost_percent":	0,
					"omitted":	false,
					"sender":	false
				}],
			"sum":	{
				"start":	245.001071,
				"end":	246.000184,
				"seconds":	0.99911302328109741,
				"bytes":	62243900,
				"bits_per_second":	498393263.22133523,
				"jitter_ms":	0.0062782255711621,
				"lost_packets":	0,
				"packets":	46175,
				"lost_percent":	0,
				"omitted":	false,
				"sender":	false
			}
		}, {
			"streams":	[{
					"socket":	5,
					"start":	246.000184,
					"end":	247.001076,
					"seconds":	1.0008920431137085,
					"bytes":	62663128,
					"bits_per_second":	500858236.85886586,
					"jitter_ms":	0.014977053485341552,
					"lost_packets":	0,
					"packets":	46486,
					"lost_percent":	0,
					"omitted":	false,
					"sender":	false
				}],
			"sum":	{
				"start":	246.000184,
				"end":	247.001076,
				"seconds":	1.0008920431137085,
				"bytes":	62663128,
				"bits_per_second":	500858236.85886586,
				"jitter_ms":	0.014977053485341552,
				"lost_packets":	0,
				"packets":	46486,
				"lost_percent":	0,
				"omitted":	false,
				"sender":	false
			}
		}, {
			"streams":	[{
					"socket":	5,
					"start":	247.001076,
					"end":	248.001058,
					"seconds":	0.99998199939727783,
					"bytes":	60930948,
					"bits_per_second":	487456358.50825387,
					"jitter_ms":	0.010038136044216377,
					"lost_packets":	13,
					"packets":	45214,
					"lost_percent":	0.028752156411730879,
					"omitted":	false,
					"sender":	false
				}],
			"sum":	{
				"start":	247.001076,
				"end":	248.001058,
				"seconds":	0.99998199939727783,
				"bytes":	60930948,
				"bits_per_second":	487456358.50825387,
				"jitter_ms":	0.010038136044216377,
				"lost_packets":	13,
				"packets":	45214,
				"lost_percent":	0.028752156411730879,
				"omitted":	false,
				"sender":	false
			}
		}, {
			"streams":	[{
					"socket":	5,
					"start":	248.001058,
					"end":	249.00108,
					"seconds":	1.0000220537185669,
					"bytes":	54292048,
					"bits_per_second":	434326805.478866,
					"jitter_ms":	0.022875084798231523,
					"lost_packets":	0,
					"packets":	40276,
					"lost_percent":	0,
					"omitted":	false,
					"sender":	false
				}],
			"sum":	{
				"start":	248.001058,
				"end":	249.00108,
				"seconds":	1.0000220537185669,
				"bytes":	54292048,
				"bits_per_second":	434326805.478866,
				"jitter_ms":	0.022875084798231523,
				"lost_packets":	0,
				"packets":	40276,
				"lost_percent":	0,
				"omitted":	false,
				"sender":	false
			}
		}, {
			"streams":	[{
					"socket":	5,
					"start":	249.00108,
					"end":	250.000172,
					"seconds":	0.9990919828414917,
					"bytes":	0,
					"bits_per_second":	0,
					"jitter_ms":	0.022875084798231523,
					"lost_packets":	0,
					"packets":	0,
					"lost_percent":	0,
					"omitted":	false,
					"sender":	false
				}],
			"sum":	{
				"start":	249.00108,
				"end":	250.000172,
				"seconds":	0.9990919828414917,
				"bytes":	0,
				"bits_per_second":	0,
				"jitter_ms":	0.022875084798231523,
				"lost_packets":	0,
				"packets":	0,
				"lost_percent":	0,
				"omitted":	false,
				"sender":	false
			}
		}, {
			"streams":	[{
					"socket":	5,
					"start":	250.000172,
					"end":	251.001071,
					"seconds":	1.0008989572525024,
					"bytes":	15167696,
					"bits_per_second":	121232585.08839516,
					"jitter_ms":	0.025486443882902658,
					"lost_packets":	84448,
					"packets":	95700,
					"lost_percent":	88.242424242424249,
					"omitted":	false,
					"sender":	false
				}],
			"sum":	{
				"start":	250.000172,
				"end":	251.001071,
				"seconds":	1.0008989572525024,
				"bytes":	15167696,
				"bits_per_second":	121232585.08839516,
				"jitter_ms":	0.025486443882902658,
				"lost_packets":	84448,
				"packets":	95700,
				"lost_percent":	88.242424242424249,
				"omitted":	false,
				"sender":	false
			}
		}, {
			"streams":	[{
					"socket":	5,
					"start":	251.001071,
					"end":	252.000165,
					"seconds":	0.999094009399414,
					"bytes":	58935908,
					"bits_per_second":	471914814.386111,
					"jitter_ms":	0.020874934279558884,
					"lost_packets":	0,
					"packets":	43721,
					"lost_percent":	0,
					"omitted":	false,
					"sender":	false
				}],
			"sum":	{
				"start":	251.001071,
				"end":	252.000165,
				"seconds":	0.999094009399414,
				"bytes":	58935908,
				"bits_per_second":	471914814.386111,
				"jitter_ms":	0.020874934279558884,
				"lost_packets":	0,
				"packets":	43721,
				"lost_percent":	0,
				"omitted":	false,
				"sender":	false
			}
		}, {
			"streams":	[{
					"socket":	5,
					"start":	252.000165,
					"end":	253.000171,
					"seconds":	1.0000059604644775,
					"bytes":	68541756,
					"bits_per_second":	548330779.69386566,
					"jitter_ms":	0.051462201792491342,
					"lost_packets":	0,
					"packets":	50847,
					"lost_percent":	0,
					"omitted":	false,
					"sender":	false
				}],
			"sum":	{
				"start":	252.000165,
				"end":	253.000171,
				"seconds":	1.0000059604644775,
				"bytes":	68541756,
				"bits_per_second":	548330779.69386566,
				"jitter_ms":	0.051462201792491342,
				"lost_packets":	0,
				"packets":	50847,
				"lost_percent":	0,
				"omitted":	false,
				"sender":	false
			}
		}, {
			"streams":	[{
					"socket":	5,
					"start":	253.000171,
					"end":	254.001074,
					"seconds":	1.0009030103683472,
					"bytes":	65777008,
					"bits_per_second":	525741314.142261,
					"jitter_ms":	0.015777822932865972,
					"lost_packets":	0,
					"packets":	48796,
					"lost_percent":	0,
					"omitted":	false,
					"sender":	false
				}],
			"sum":	{
				"start":	253.000171,
				"end":	254.001074,
				"seconds":	1.0009030103683472,
				"bytes":	65777008,
				"bits_per_second":	525741314.142261,
				"jitter_ms":	0.015777822932865972,
				"lost_packets":	0,
				"packets":	48796,
				"lost_percent":	0,
				"omitted":	false,
				"sender":	false
			}
		}, {
			"streams":	[{
					"socket":	5,
					"start":	254.001074,
					"end":	255.001061,
					"seconds":	0.999987006187439,
					"bytes":	62501368,
					"bits_per_second":	500017441.13290733,
					"jitter_ms":	0.015065573047033438,
					"lost_packets":	0,
					"packets":	46366,
					"lost_percent":	0,
					"omitted":	false,
					"sender":	false
				}],
			"sum":	{
				"start":	254.001074,
				"end":	255.001061,
				"seconds":	0.999987006187439,
				"bytes":	62501368,
				"bits_per_second":	500017441.13290733,
				"jitter_ms":	0.015065573047033438,
				"lost_packets":	0,
				"packets":	46366,
				"lost_percent":	0,
				"omitted":	false,
				"sender":	false
			}
		}, {
			"streams":	[{
					"socket":	5,
					"start":	255.001061,
					"end":	256.000179,
					"seconds":	0.99911797046661377,
					"bytes":	62389484,
					"bits_per_second":	499556495.58269888,
					"jitter_ms":	0.0087000515507053948,
					"lost_packets":	0,
					"packets":	46283,
					"lost_percent":	0,
					"omitted":	false,
					"sender":	false
				}],
			"sum":	{
				"start":	255.001061,
				"end":	256.000179,
				"seconds":	0.99911797046661377,
				"bytes":	62389484,
				"bits_per_second":	499556495.58269888,
				"jitter_ms":	0.0087000515507053948,
				"lost_packets":	0,
				"packets":	46283,
				"lost_percent":	0,
				"omitted":	false,
				"sender":	false
			}
		}, {
			"streams":	[{
					"socket":	5,
					"start":	256.000179,
					"end":	257.001057,
					"seconds":	1.0008779764175415,
					"bytes":	62385440,
					"bits_per_second":	498645720.81641519,
					"jitter_ms":	0.0064570897241011758,
					"lost_packets":	0,
					"packets":	46280,
					"lost_percent":	0,
					"omitted":	false,
					"sender":	false
				}],
			"sum":	{
				"start":	256.000179,
				"end":	257.001057,
				"seconds":	1.0008779764175415,
				"bytes":	62385440,
				"bits_per_second":	498645720.81641519,
				"jitter_ms":	0.0064570897241011758,
				"lost_packets":	0,
				"packets":	46280,
				"lost_percent":	0,
				"omitted":	false,
				"sender":	false
			}
		}, {
			"streams":	[{
					"socket":	5,
					"start":	257.001057,
					"end":	258.000139,
					"seconds":	0.99908202886581421,
					"bytes":	62566072,
					"bits_per_second":	500988468.95305884,
					"jitter_ms":	0.017758454259472221,
					"lost_packets":	0,
					"packets":	46414,
					"lost_percent":	0,
					"omitted":	false,
					"sender":	false
				}],
			"sum":	{
				"start":	257.001057,
				"end":	258.000139,
				"seconds":	0.99908202886581421,
				"bytes":	62566072,
				"bits_per_second":	500988468.95305884,
				"jitter_ms":	0.017758454259472221,
				"lost_packets":	0,
				"packets":	46414,
				"lost_percent":	0,
				"omitted":	false,
				"sender":	false
			}
		}, {
			"streams":	[{
					"socket":	5,
					"start":	258.000139,
					"end":	259.001121,
					"seconds":	1.0009820461273193,
					"bytes":	62241204,
					"bits_per_second":	497441121.87269551,
					"jitter_ms":	0.00731571554074832,
					"lost_packets":	0,
					"packets":	46173,
					"lost_percent":	0,
					"omitted":	false,
					"sender":	false
				}],
			"sum":	{
				"start":	258.000139,
				"end":	259.001121,
				"seconds":	1.0009820461273193,
				"bytes":	62241204,
				"bits_per_second":	497441121.87269551,
				"jitter_ms":	0.00731571554074832,
				"lost_packets":	0,
				"packets":	46173,
				"lost_percent":	0,
				"omitted":	false,
				"sender":	false
			}
		}, {
			"streams":	[{
					"socket":	5,
					"start":	259.001121,
					"end":	260.001067,
					"seconds":	0.9999459981918335,
					"bytes":	62916552,
					"bits_per_second":	503359598.32846773,
					"jitter_ms":	0.015611285774893969,
					"lost_packets":	0,
					"packets":	46674,
					"lost_percent":	0,
					"omitted":	false,
					"sender":	false
				}],
			"sum":	{
				"start":	259.001121,
				"end":	260.001067,
				"seconds":	0.9999459981918335,
				"bytes":	62916552,
				"bits_per_second":	503359598.32846773,
				"jitter_ms":	0.015611285774893969,
				"lost_packets":	0,
				"packets":	46674,
				"lost_percent":	0,
				"omitted":	false,
				"sender":	false
			}
		}, {
			"streams":	[{
					"socket":	5,
					"start":	260.001067,
					"end":	261.001064,
					"seconds":	0.99999701976776123,
					"bytes":	62594380,
					"bits_per_second":	500756532.37076157,
					"jitter_ms":	0.0053885053076451646,
					"lost_packets":	0,
					"packets":	46435,
					"lost_percent":	0,
					"omitted":	false,
					"sender":	false
				}],
			"sum":	{
				"start":	260.001067,
				"end":	261.001064,
				"seconds":	0.99999701976776123,
				"bytes":	62594380,
				"bits_per_second":	500756532.37076157,
				"jitter_ms":	0.0053885053076451646,
				"lost_packets":	0,
				"packets":	46435,
				"lost_percent":	0,
				"omitted":	false,
				"sender":	false
			}
		}, {
			"streams":	[{
					"socket":	5,
					"start":	261.001064,
					"end":	262.000181,
					"seconds":	0.99911701679229736,
					"bytes":	62331520,
					"bits_per_second":	499092850.6061697,
					"jitter_ms":	0.024937365898351646,
					"lost_packets":	0,
					"packets":	46240,
					"lost_percent":	0,
					"omitted":	false,
					"sender":	false
				}],
			"sum":	{
				"start":	261.001064,
				"end":	262.000181,
				"seconds":	0.99911701679229736,
				"bytes":	62331520,
				"bits_per_second":	499092850.6061697,
				"jitter_ms":	0.024937365898351646,
				"lost_packets":	0,
				"packets":	46240,
				"lost_percent":	0,
				"omitted":	false,
				"sender":	false
			}
		}, {
			"streams":	[{
					"socket":	5,
					"start":	262.000181,
					"end":	263.001074,
					"seconds":	1.0008929967880249,
					"bytes":	62427228,
					"bits_per_second":	498972243.38933975,
					"jitter_ms":	0.040337252833351073,
					"lost_packets":	0,
					"packets":	46311,
					"lost_percent":	0,
					"omitted":	false,
					"sender":	false
				}],
			"sum":	{
				"start":	262.000181,
				"end":	263.001074,
				"seconds":	1.0008929967880249,
				"bytes":	62427228,
				"bits_per_second":	498972243.38933975,
				"jitter_ms":	0.040337252833351073,
				"lost_packets":	0,
				"packets":	46311,
				"lost_percent":	0,
				"omitted":	false,
				"sender":	false
			}
		}, {
			"streams":	[{
					"socket":	5,
					"start":	263.001074,
					"end":	264.001066,
					"seconds":	0.9999920129776,
					"bytes":	62609208,
					"bits_per_second":	500877664.52112615,
					"jitter_ms":	0.0066750507209960659,
					"lost_packets":	0,
					"packets":	46446,
					"lost_percent":	0,
					"omitted":	false,
					"sender":	false
				}],
			"sum":	{
				"start":	263.001074,
				"end":	264.001066,
				"seconds":	0.9999920129776,
				"bytes":	62609208,
				"bits_per_second":	500877664.52112615,
				"jitter_ms":	0.0066750507209960659,
				"lost_packets":	0,
				"packets":	46446,
				"lost_percent":	0,
				"omitted":	false,
				"sender":	false
			}
		}, {
			"streams":	[{
					"socket":	5,
					"start":	264.001066,
					"end":	265.000135,
					"seconds":	0.9990689754486084,
					"bytes":	58991176,
					"bits_per_second":	472369195.31816232,
					"jitter_ms":	0.010076348861041215,
					"lost_packets":	0,
					"packets":	43762,
					"lost_percent":	0,
					"omitted":	false,
					"sender":	false
				}],
			"sum":	{
				"start":	264.001066,
				"end":	265.000135,
				"seconds":	0.9990689754486084,
				"bytes":	58991176,
				"bits_per_second":	472369195.31816232,
				"jitter_ms":	0.010076348861041215,
				"lost_packets":	0,
				"packets":	43762,
				"lost_percent":	0,
				"omitted":	false,
				"sender":	false
			}
		}, {
			"streams":	[{
					"socket":	5,
					"start":	265.000135,
					"end":	266.001089,
					"seconds":	1.0009540319442749,
					"bytes":	65662428,
					"bits_per_second":	524798749.2289201,
					"jitter_ms":	0.0262482533769535,
					"lost_packets":	0,
					"packets":	48711,
					"lost_percent":	0,
					"omitted":	false,
					"sender":	false
				}],
			"sum":	{
				"start":	265.000135,
				"end":	266.001089,
				"seconds":	1.0009540319442749,
				"bytes":	65662428,
				"bits_per_second":	524798749.2289201,
				"jitter_ms":	0.0262482533769535,
				"lost_packets":	0,
				"packets":	48711,
				"lost_percent":	0,
				"omitted":	false,
				"sender":	false
			}
		}, {
			"streams":	[{
					"socket":	5,
					"start":	266.001089,
					"end":	267.001102,
					"seconds":	1.000012993812561,
					"bytes":	62501368,
					"bits_per_second":	500004447.03593552,
					"jitter_ms":	0.022106195840506011,
					"lost_packets":	0,
					"packets":	46366,
					"lost_percent":	0,
					"omitted":	false,
					"sender":	false
				}],
			"sum":	{
				"start":	266.001089,
				"end":	267.001102,
				"seconds":	1.000012993812561,
				"bytes":	62501368,
				"bits_per_second":	500004447.03593552,
				"jitter_ms":	0.022106195840506011,
				"lost_packets":	0,
				"packets":	46366,
				"lost_percent":	0,
				"omitted":	false,
				"sender":	false
			}
		}, {
			"streams":	[{
					"socket":	5,
					"start":	267.001102,
					"end":	268.001063,
					"seconds":	0.999961018562317,
					"bytes":	58454672,
					"bits_per_second":	467655605.88785809,
					"jitter_ms":	0.0571862608191929,
					"lost_packets":	1414,
					"packets":	44778,
					"lost_percent":	3.1578007057036936,
					"omitted":	false,
					"sender":	false
				}],
			"sum":	{
				"start":	267.001102,
				"end":	268.001063,
				"seconds":	0.999961018562317,
				"bytes":	58454672,
				"bits_per_second":	467655605.88785809,
				"jitter_ms":	0.0571862608191929,
				"lost_packets":	1414,
				"packets":	44778,
				"lost_percent":	3.1578007057036936,
				"omitted":	false,
				"sender":	false
			}
		}, {
			"streams":	[{
					"socket":	5,
					"start":	268.001063,
					"end":	269.000175,
					"seconds":	0.99911201000213623,
					"bytes":	64373740,
					"bits_per_second":	515447632.34194219,
					"jitter_ms":	0.031412878934421719,
					"lost_packets":	421,
					"packets":	48178,
					"lost_percent":	0.873842832828262,
					"omitted":	false,
					"sender":	false
				}],
			"sum":	{
				"start":	268.001063,
				"end":	269.000175,
				"seconds":	0.99911201000213623,
				"bytes":	64373740,
				"bits_per_second":	515447632.34194219,
				"jitter_ms":	0.031412878934421719,
				"lost_packets":	421,
				"packets":	48178,
				"lost_percent":	0.873842832828262,
				"omitted":	false,
				"sender":	false
			}
		}, {
			"streams":	[{
					"socket":	5,
					"start":	269.000175,
					"end":	270.000136,
					"seconds":	0.999961018562317,
					"bytes":	62419140,
					"bits_per_second":	499372586.261352,
					"jitter_ms":	0.0063436359307240345,
					"lost_packets":	0,
					"packets":	46308,
					"lost_percent":	0,
					"omitted":	false,
					"sender":	false
				}],
			"sum":	{
				"start":	269.000175,
				"end":	270.000136,
				"seconds":	0.999961018562317,
				"bytes":	62419140,
				"bits_per_second":	499372586.261352,
				"jitter_ms":	0.0063436359307240345,
				"lost_packets":	0,
				"packets":	46308,
				"lost_percent":	0,
				"omitted":	false,
				"sender":	false
			}
		}, {
			"streams":	[{
					"socket":	5,
					"start":	270.000136,
					"end":	271.001069,
					"seconds":	1.000933051109314,
					"bytes":	62659084,
					"bits_per_second":	500805394.97067219,
					"jitter_ms":	0.015224056012555776,
					"lost_packets":	0,
					"packets":	46483,
					"lost_percent":	0,
					"omitted":	false,
					"sender":	false
				}],
			"sum":	{
				"start":	270.000136,
				"end":	271.001069,
				"seconds":	1.000933051109314,
				"bytes":	62659084,
				"bits_per_second":	500805394.97067219,
				"jitter_ms":	0.015224056012555776,
				"lost_packets":	0,
				"packets":	46483,
				"lost_percent":	0,
				"omitted":	false,
				"sender":	false
			}
		}, {
			"streams":	[{
					"socket":	5,
					"start":	271.001069,
					"end":	272.000154,
					"seconds":	0.999085009098053,
					"bytes":	62413748,
					"bits_per_second":	499767266.50194019,
					"jitter_ms":	0.035769865630183112,
					"lost_packets":	0,
					"packets":	46303,
					"lost_percent":	0,
					"omitted":	false,
					"sender":	false
				}],
			"sum":	{
				"start":	271.001069,
				"end":	272.000154,
				"seconds":	0.999085009098053,
				"bytes":	62413748,
				"bits_per_second":	499767266.50194019,
				"jitter_ms":	0.035769865630183112,
				"lost_packets":	0,
				"packets":	46303,
				"lost_percent":	0,
				"omitted":	false,
				"sender":	false
			}
		}, {
			"streams":	[{
					"socket":	5,
					"start":	272.000154,
					"end":	273.001062,
					"seconds":	1.0009080171585083,
					"bytes":	62482496,
					"bits_per_second":	499406498.33044541,
					"jitter_ms":	0.0056047077706045337,
					"lost_packets":	0,
					"packets":	46354,
					"lost_percent":	0,
					"omitted":	false,
					"sender":	false
				}],
			"sum":	{
				"start":	272.000154,
				"end":	273.001062,
				"seconds":	1.0009080171585083,
				"bytes":	62482496,
				"bits_per_second":	499406498.33044541,
				"jitter_ms":	0.0056047077706045337,
				"lost_packets":	0,
				"packets":	46354,
				"lost_percent":	0,
				"omitted":	false,
				"sender":	false
			}
		}, {
			"streams":	[{
					"socket":	5,
					"start":	273.001062,
					"end":	274.001073,
					"seconds":	1.0000109672546387,
					"bytes":	62593032,
					"bits_per_second":	500738764.27046478,
					"jitter_ms":	0.016446889480279253,
					"lost_packets":	0,
					"packets":	46434,
					"lost_percent":	0,
					"omitted":	false,
					"sender":	false
				}],
			"sum":	{
				"start":	273.001062,
				"end":	274.001073,
				"seconds":	1.0000109672546387,
				"bytes":	62593032,
				"bits_per_second":	500738764.27046478,
				"jitter_ms":	0.016446889480279253,
				"lost_packets":	0,
				"packets":	46434,
				"lost_percent":	0,
				"omitted":	false,
				"sender":	false
			}
		}, {
			"streams":	[{
					"socket":	5,
					"start":	274.001073,
					"end":	275.001079,
					"seconds":	1.0000059604644775,
					"bytes":	62591684,
					"bits_per_second":	500730487.413717,
					"jitter_ms":	0.005951555704489255,
					"lost_packets":	0,
					"packets":	46433,
					"lost_percent":	0,
					"omitted":	false,
					"sender":	false
				}],
			"sum":	{
				"start":	274.001073,
				"end":	275.001079,
				"seconds":	1.0000059604644775,
				"bytes":	62591684,
				"bits_per_second":	500730487.413717,
				"jitter_ms":	0.005951555704489255,
				"lost_packets":	0,
				"packets":	46433,
				"lost_percent":	0,
				"omitted":	false,
				"sender":	false
			}
		}, {
			"streams":	[{
					"socket":	5,
					"start":	275.001079,
					"end":	276.000137,
					"seconds":	0.99905800819396973,
					"bytes":	62242552,
					"bits_per_second":	498409914.05508417,
					"jitter_ms":	0.02112241711978545,
					"lost_packets":	0,
					"packets":	46174,
					"lost_percent":	0,
					"omitted":	false,
					"sender":	false
				}],
			"sum":	{
				"start":	275.001079,
				"end":	276.000137,
				"seconds":	0.99905800819396973,
				"bytes":	62242552,
				"bits_per_second":	498409914.05508417,
				"jitter_ms":	0.02112241711978545,
				"lost_packets":	0,
				"packets":	46174,
				"lost_percent":	0,
				"omitted":	false,
				"sender":	false
			}
		}, {
			"streams":	[{
					"socket":	5,
					"start":	276.000137,
					"end":	277.001077,
					"seconds":	1.0009399652481079,
					"bytes":	62633472,
					"bits_per_second":	500597231.9986223,
					"jitter_ms":	0.00568690133589271,
					"lost_packets":	0,
					"packets":	46464,
					"lost_percent":	0,
					"omitted":	false,
					"sender":	false
				}],
			"sum":	{
				"start":	276.000137,
				"end":	277.001077,
				"seconds":	1.0009399652481079,
				"bytes":	62633472,
				"bits_per_second":	500597231.9986223,
				"jitter_ms":	0.00568690133589271,
				"lost_packets":	0,
				"packets":	46464,
				"lost_percent":	0,
				"omitted":	false,
				"sender":	false
			}
		}, {
			"streams":	[{
					"socket":	5,
					"start":	277.001077,
					"end":	278.001071,
					"seconds":	0.99999397993087769,
					"bytes":	51237480,
					"bits_per_second":	409902307.64022541,
					"jitter_ms":	0.14454390845998866,
					"lost_packets":	10,
					"packets":	38020,
					"lost_percent":	0.026301946344029457,
					"omitted":	false,
					"sender":	false
				}],
			"sum":	{
				"start":	277.001077,
				"end":	278.001071,
				"seconds":	0.99999397993087769,
				"bytes":	51237480,
				"bits_per_second":	409902307.64022541,
				"jitter_ms":	0.14454390845998866,
				"lost_packets":	10,
				"packets":	38020,
				"lost_percent":	0.026301946344029457,
				"omitted":	false,
				"sender":	false
			}
		}, {
			"streams":	[{
					"socket":	5,
					"start":	278.001071,
					"end":	279.000182,
					"seconds":	0.999110996723175,
					"bytes":	0,
					"bits_per_second":	0,
					"jitter_ms":	0.14454390845998866,
					"lost_packets":	0,
					"packets":	0,
					"lost_percent":	0,
					"omitted":	false,
					"sender":	false
				}],
			"sum":	{
				"start":	278.001071,
				"end":	279.000182,
				"seconds":	0.999110996723175,
				"bytes":	0,
				"bits_per_second":	0,
				"jitter_ms":	0.14454390845998866,
				"lost_packets":	0,
				"packets":	0,
				"lost_percent":	0,
				"omitted":	false,
				"sender":	false
			}
		}, {
			"streams":	[{
					"socket":	5,
					"start":	279.000182,
					"end":	280.00014,
					"seconds":	0.99995797872543335,
					"bytes":	63341172,
					"bits_per_second":	506750670.3090539,
					"jitter_ms":	0.019705552965017754,
					"lost_packets":	53831,
					"packets":	100820,
					"lost_percent":	53.393175957151357,
					"omitted":	false,
					"sender":	false
				}],
			"sum":	{
				"start":	279.000182,
				"end":	280.00014,
				"seconds":	0.99995797872543335,
				"bytes":	63341172,
				"bits_per_second":	506750670.3090539,
				"jitter_ms":	0.019705552965017754,
				"lost_packets":	53831,
				"packets":	100820,
				"lost_percent":	53.393175957151357,
				"omitted":	false,
				"sender":	false
			}
		}, {
			"streams":	[{
					"socket":	5,
					"start":	280.00014,
					"end":	281.001114,
					"seconds":	1.0009740591049194,
					"bytes":	49991928,
					"bits_per_second":	399546242.34480768,
					"jitter_ms":	0.21711380491382884,
					"lost_packets":	0,
					"packets":	37086,
					"lost_percent":	0,
					"omitted":	false,
					"sender":	false
				}],
			"sum":	{
				"start":	280.00014,
				"end":	281.001114,
				"seconds":	1.0009740591049194,
				"bytes":	49991928,
				"bits_per_second":	399546242.34480768,
				"jitter_ms":	0.21711380491382884,
				"lost_packets":	0,
				"packets":	37086,
				"lost_percent":	0,
				"omitted":	false,
				"sender":	false
			}
		}, {
			"streams":	[{
					"socket":	5,
					"start":	281.001114,
					"end":	282.001088,
					"seconds":	0.999974012374878,
					"bytes":	6384128,
					"bits_per_second":	51074351.301094964,
					"jitter_ms":	0.040144926508002415,
					"lost_packets":	49660,
					"packets":	54396,
					"lost_percent":	91.293477461578064,
					"omitted":	false,
					"sender":	false
				}],
			"sum":	{
				"start":	281.001114,
				"end":	282.001088,
				"seconds":	0.999974012374878,
				"bytes":	6384128,
				"bits_per_second":	51074351.301094964,
				"jitter_ms":	0.040144926508002415,
				"lost_packets":	49660,
				"packets":	54396,
				"lost_percent":	91.293477461578064,
				"omitted":	false,
				"sender":	false
			}
		}, {
			"streams":	[{
					"socket":	5,
					"start":	282.001088,
					"end":	283.000267,
					"seconds":	0.99917900562286377,
					"bytes":	63040568,
					"bits_per_second":	504738931.82495,
					"jitter_ms":	0.03584398874612104,
					"lost_packets":	0,
					"packets":	46766,
					"lost_percent":	0,
					"omitted":	false,
					"sender":	false
				}],
			"sum":	{
				"start":	282.001088,
				"end":	283.000267,
				"seconds":	0.99917900562286377,
				"bytes":	63040568,
				"bits_per_second":	504738931.82495,
				"jitter_ms":	0.03584398874612104,
				"lost_packets":	0,
				"packets":	46766,
				"lost_percent":	0,
				"omitted":	false,
				"sender":	false
			}
		}, {
			"streams":	[{
					"socket":	5,
					"start":	283.000267,
					"end":	284.00106,
					"seconds":	1.0007929801940918,
					"bytes":	63760400,
					"bits_per_second":	509679034.62020236,
					"jitter_ms":	0.02217129310221836,
					"lost_packets":	0,
					"packets":	47300,
					"lost_percent":	0,
					"omitted":	false,
					"sender":	false
				}],
			"sum":	{
				"start":	283.000267,
				"end":	284.00106,
				"seconds":	1.0007929801940918,
				"bytes":	63760400,
				"bits_per_second":	509679034.62020236,
				"jitter_ms":	0.02217129310221836,
				"lost_packets":	0,
				"packets":	47300,
				"lost_percent":	0,
				"omitted":	false,
				"sender":	false
			}
		}, {
			"streams":	[{
					"socket":	5,
					"start":	284.00106,
					"end":	285.000157,
					"seconds":	0.99909698963165283,
					"bytes":	62351740,
					"bits_per_second":	499264761.25596452,
					"jitter_ms":	0.20949217752706575,
					"lost_packets":	0,
					"packets":	46255,
					"lost_percent":	0,
					"omitted":	false,
					"sender":	false
				}],
			"sum":	{
				"start":	284.00106,
				"end":	285.000157,
				"seconds":	0.99909698963165283,
				"bytes":	62351740,
				"bits_per_second":	499264761.25596452,
				"jitter_ms":	0.20949217752706575,
				"lost_packets":	0,
				"packets":	46255,
				"lost_percent":	0,
				"omitted":	false,
				"sender":	false
			}
		}, {
			"streams":	[{
					"socket":	5,
					"start":	285.000157,
					"end":	286.001064,
					"seconds":	1.0009069442749023,
					"bytes":	62419140,
					"bits_per_second":	498900644.916348,
					"jitter_ms":	0.0094159208434021549,
					"lost_packets":	0,
					"packets":	46307,
					"lost_percent":	0,
					"omitted":	false,
					"sender":	false
				}],
			"sum":	{
				"start":	285.000157,
				"end":	286.001064,
				"seconds":	1.0009069442749023,
				"bytes":	62419140,
				"bits_per_second":	498900644.916348,
				"jitter_ms":	0.0094159208434021549,
				"lost_packets":	0,
				"packets":	46307,
				"lost_percent":	0,
				"omitted":	false,
				"sender":	false
			}
		}, {
			"streams":	[{
					"socket":	5,
					"start":	286.001064,
					"end":	287.001065,
					"seconds":	1.0000009536743164,
					"bytes":	62951600,
					"bits_per_second":	503612319.71786529,
					"jitter_ms":	0.057459014480362357,
					"lost_packets":	0,
					"packets":	46703,
					"lost_percent":	0,
					"omitted":	false,
					"sender":	false
				}],
			"sum":	{
				"start":	286.001064,
				"end":	287.001065,
				"seconds":	1.0000009536743164,
				"bytes":	62951600,
				"bits_per_second":	503612319.71786529,
				"jitter_ms":	0.057459014480362357,
				"lost_packets":	0,
				"packets":	46703,
				"lost_percent":	0,
				"omitted":	false,
				"sender":	false
			}
		}, {
			"streams":	[{
					"socket":	5,
					"start":	287.001065,
					"end":	288.00017,
					"seconds":	0.99910497665405273,
					"bytes":	62349044,
					"bits_per_second":	499239182.7237494,
					"jitter_ms":	0.011577439025354706,
					"lost_packets":	0,
					"packets":	46253,
					"lost_percent":	0,
					"omitted":	false,
					"sender":	false
				}],
			"sum":	{
				"start":	287.001065,
				"end":	288.00017,
				"seconds":	0.99910497665405273,
				"bytes":	62349044,
				"bits_per_second":	499239182.7237494,
				"jitter_ms":	0.011577439025354706,
				"lost_packets":	0,
				"packets":	46253,
				"lost_percent":	0,
				"omitted":	false,
				"sender":	false
			}
		}, {
			"streams":	[{
					"socket":	5,
					"start":	288.00017,
					"end":	289.001066,
					"seconds":	1.0008959770202637,
					"bytes":	62012044,
					"bits_per_second":	495652258.96592474,
					"jitter_ms":	0.0077912300594194118,
					"lost_packets":	0,
					"packets":	46003,
					"lost_percent":	0,
					"omitted":	false,
					"sender":	false
				}],
			"sum":	{
				"start":	288.00017,
				"end":	289.001066,
				"seconds":	1.0008959770202637,
				"bytes":	62012044,
				"bits_per_second":	495652258.96592474,
				"jitter_ms":	0.0077912300594194118,
				"lost_packets":	0,
				"packets":	46003,
				"lost_percent":	0,
				"omitted":	false,
				"sender":	false
			}
		}, {
			"streams":	[{
					"socket":	5,
					"start":	289.001066,
					"end":	290.00107,
					"seconds":	1.0000040531158447,
					"bytes":	62760184,
					"bits_per_second":	502079437.01387852,
					"jitter_ms":	0.22785681972716859,
					"lost_packets":	1,
					"packets":	46559,
					"lost_percent":	0.0021478124530166028,
					"omitted":	false,
					"sender":	false
				}],
			"sum":	{
				"start":	289.001066,
				"end":	290.00107,
				"seconds":	1.0000040531158447,
				"bytes":	62760184,
				"bits_per_second":	502079437.01387852,
				"jitter_ms":	0.22785681972716859,
				"lost_packets":	1,
				"packets":	46559,
				"lost_percent":	0.0021478124530166028,
				"omitted":	false,
				"sender":	false
			}
		}, {
			"streams":	[{
					"socket":	5,
					"start":	290.00107,
					"end":	291.000158,
					"seconds":	0.99908798933029175,
					"bytes":	62343652,
					"bits_per_second":	499204495.82656014,
					"jitter_ms":	0.024375888482432408,
					"lost_packets":	0,
					"packets":	46249,
					"lost_percent":	0,
					"omitted":	false,
					"sender":	false
				}],
			"sum":	{
				"start":	290.00107,
				"end":	291.000158,
				"seconds":	0.99908798933029175,
				"bytes":	62343652,
				"bits_per_second":	499204495.82656014,
				"jitter_ms":	0.024375888482432408,
				"lost_packets":	0,
				"packets":	46249,
				"lost_percent":	0,
				"omitted":	false,
				"sender":	false
			}
		}, {
			"streams":	[{
					"socket":	5,
					"start":	291.000158,
					"end":	292.001066,
					"seconds":	1.0009080171585083,
					"bytes":	63035176,
					"bits_per_second":	503823927.22920883,
					"jitter_ms":	0.054101277717291389,
					"lost_packets":	0,
					"packets":	46762,
					"lost_percent":	0,
					"omitted":	false,
					"sender":	false
				}],
			"sum":	{
				"start":	291.000158,
				"end":	292.001066,
				"seconds":	1.0009080171585083,
				"bytes":	63035176,
				"bits_per_second":	503823927.22920883,
				"jitter_ms":	0.054101277717291389,
				"lost_packets":	0,
				"packets":	46762,
				"lost_percent":	0,
				"omitted":	false,
				"sender":	false
			}
		}, {
			"streams":	[{
					"socket":	5,
					"start":	292.001066,
					"end":	293.001063,
					"seconds":	0.99999701976776123,
					"bytes":	62121232,
					"bits_per_second":	496971337.09000057,
					"jitter_ms":	0.0587580852644902,
					"lost_packets":	0,
					"packets":	46084,
					"lost_percent":	0,
					"omitted":	false,
					"sender":	false
				}],
			"sum":	{
				"start":	292.001066,
				"end":	293.001063,
				"seconds":	0.99999701976776123,
				"bytes":	62121232,
				"bits_per_second":	496971337.09000057,
				"jitter_ms":	0.0587580852644902,
				"lost_packets":	0,
				"packets":	46084,
				"lost_percent":	0,
				"omitted":	false,
				"sender":	false
			}
		}, {
			"streams":	[{
					"socket":	5,
					"start":	293.001063,
					"end":	294.000156,
					"seconds":	0.999092996120453,
					"bytes":	62656388,
					"bits_per_second":	501706153.42755145,
					"jitter_ms":	0.0420338666298286,
					"lost_packets":	0,
					"packets":	46484,
					"lost_percent":	0,
					"omitted":	false,
					"sender":	false
				}],
			"sum":	{
				"start":	293.001063,
				"end":	294.000156,
				"seconds":	0.999092996120453,
				"bytes":	62656388,
				"bits_per_second":	501706153.42755145,
				"jitter_ms":	0.0420338666298286,
				"lost_packets":	0,
				"packets":	46484,
				"lost_percent":	0,
				"omitted":	false,
				"sender":	false
			}
		}, {
			"streams":	[{
					"socket":	5,
					"start":	294.000156,
					"end":	295.00015,
					"seconds":	0.99999397993087769,
					"bytes":	61311084,
					"bits_per_second":	490491624.79348516,
					"jitter_ms":	0.016537496888793114,
					"lost_packets":	0,
					"packets":	45485,
					"lost_percent":	0,
					"omitted":	false,
					"sender":	false
				}],
			"sum":	{
				"start":	294.000156,
				"end":	295.00015,
				"seconds":	0.99999397993087769,
				"bytes":	61311084,
				"bits_per_second":	490491624.79348516,
				"jitter_ms":	0.016537496888793114,
				"lost_packets":	0,
				"packets":	45485,
				"lost_percent":	0,
				"omitted":	false,
				"sender":	false
			}
		}, {
			"streams":	[{
					"socket":	5,
					"start":	295.00015,
					"end":	296.001071,
					"seconds":	1.0009210109710693,
					"bytes":	63904636,
					"bits_per_second":	510766666.29668427,
					"jitter_ms":	0.051014553928670985,
					"lost_packets":	0,
					"packets":	47407,
					"lost_percent":	0,
					"omitted":	false,
					"sender":	false
				}],
			"sum":	{
				"start":	295.00015,
				"end":	296.001071,
				"seconds":	1.0009210109710693,
				"bytes":	63904636,
				"bits_per_second":	510766666.29668427,
				"jitter_ms":	0.051014553928670985,
				"lost_packets":	0,
				"packets":	47407,
				"lost_percent":	0,
				"omitted":	false,
				"sender":	false
			}
		}, {
			"streams":	[{
					"socket":	5,
					"start":	296.001071,
					"end":	297.00107,
					"seconds":	0.99999898672103882,
					"bytes":	62504064,
					"bits_per_second":	500033018.67293769,
					"jitter_ms":	0.042804775564742922,
					"lost_packets":	0,
					"packets":	46368,
					"lost_percent":	0,
					"omitted":	false,
					"sender":	false
				}],
			"sum":	{
				"start":	296.001071,
				"end":	297.00107,
				"seconds":	0.99999898672103882,
				"bytes":	62504064,
				"bits_per_second":	500033018.67293769,
				"jitter_ms":	0.042804775564742922,
				"lost_packets":	0,
				"packets":	46368,
				"lost_percent":	0,
				"omitted":	false,
				"sender":	false
			}
		}, {
			"streams":	[{
					"socket":	5,
					"start":	297.00107,
					"end":	298.001086,
					"seconds":	1.0000159740448,
					"bytes":	62506760,
					"bits_per_second":	500046092.24132055,
					"jitter_ms":	0.031765906612825766,
					"lost_packets":	0,
					"packets":	46370,
					"lost_percent":	0,
					"omitted":	false,
					"sender":	false
				}],
			"sum":	{
				"start":	297.00107,
				"end":	298.001086,
				"seconds":	1.0000159740448,
				"bytes":	62506760,
				"bits_per_second":	500046092.24132055,
				"jitter_ms":	0.031765906612825766,
				"lost_packets":	0,
				"packets":	46370,
				"lost_percent":	0,
				"omitted":	false,
				"sender":	false
			}
		}, {
			"streams":	[{
					"socket":	5,
					"start":	298.001086,
					"end":	299.001072,
					"seconds":	0.99998599290847778,
					"bytes":	61919032,
					"bits_per_second":	495359194.5415743,
					"jitter_ms":	0.00625596751827144,
					"lost_packets":	0,
					"packets":	45934,
					"lost_percent":	0,
					"omitted":	false,
					"sender":	false
				}],
			"sum":	{
				"start":	298.001086,
				"end":	299.001072,
				"seconds":	0.99998599290847778,
				"bytes":	61919032,
				"bits_per_second":	495359194.5415743,
				"jitter_ms":	0.00625596751827144,
				"lost_packets":	0,
				"packets":	45934,
				"lost_percent":	0,
				"omitted":	false,
				"sender":	false
			}
		}, {
			"streams":	[{
					"socket":	5,
					"start":	299.001072,
					"end":	300.000156,
					"seconds":	0.9990839958190918,
					"bytes":	63068876,
					"bits_per_second":	505013602.5713709,
					"jitter_ms":	0.054552740013900883,
					"lost_packets":	0,
					"packets":	46787,
					"lost_percent":	0,
					"omitted":	false,
					"sender":	false
				}],
			"sum":	{
				"start":	299.001072,
				"end":	300.000156,
				"seconds":	0.9990839958190918,
				"bytes":	63068876,
				"bits_per_second":	505013602.5713709,
				"jitter_ms":	0.054552740013900883,
				"lost_packets":	0,
				"packets":	46787,
				"lost_percent":	0,
				"omitted":	false,
				"sender":	false
			}
		}, {
			"streams":	[{
					"socket":	5,
					"start":	300.000156,
					"end":	301.001067,
					"seconds":	1.0009109973907471,
					"bytes":	62500020,
					"bits_per_second":	499545075.7394408,
					"jitter_ms":	0.054373864762545528,
					"lost_packets":	0,
					"packets":	46365,
					"lost_percent":	0,
					"omitted":	false,
					"sender":	false
				}],
			"sum":	{
				"start":	300.000156,
				"end":	301.001067,
				"seconds":	1.0009109973907471,
				"bytes":	62500020,
				"bits_per_second":	499545075.7394408,
				"jitter_ms":	0.054373864762545528,
				"lost_packets":	0,
				"packets":	46365,
				"lost_percent":	0,
				"omitted":	false,
				"sender":	false
			}
		}, {
			"streams":	[{
					"socket":	5,
					"start":	301.001067,
					"end":	302.001075,
					"seconds":	1.0000079870224,
					"bytes":	62563376,
					"bits_per_second":	500503010.47124416,
					"jitter_ms":	0.054169574154667131,
					"lost_packets":	0,
					"packets":	46412,
					"lost_percent":	0,
					"omitted":	false,
					"sender":	false
				}],
			"sum":	{
				"start":	301.001067,
				"end":	302.001075,
				"seconds":	1.0000079870224,
				"bytes":	62563376,
				"bits_per_second":	500503010.47124416,
				"jitter_ms":	0.054169574154667131,
				"lost_packets":	0,
				"packets":	46412,
				"lost_percent":	0,
				"omitted":	false,
				"sender":	false
			}
		}, {
			"streams":	[{
					"socket":	5,
					"start":	302.001075,
					"end":	303.001069,
					"seconds":	0.99999397993087769,
					"bytes":	62150888,
					"bits_per_second":	497210097.23915368,
					"jitter_ms":	0.017472730999899863,
					"lost_packets":	0,
					"packets":	46106,
					"lost_percent":	0,
					"omitted":	false,
					"sender":	false
				}],
			"sum":	{
				"start":	302.001075,
				"end":	303.001069,
				"seconds":	0.99999397993087769,
				"bytes":	62150888,
				"bits_per_second":	497210097.23915368,
				"jitter_ms":	0.017472730999899863,
				"lost_packets":	0,
				"packets":	46106,
				"lost_percent":	0,
				"omitted":	false,
				"sender":	false
			}
		}, {
			"streams":	[{
					"socket":	5,
					"start":	303.001069,
					"end":	304.001067,
					"seconds":	0.99999797344207764,
					"bytes":	62548548,
					"bits_per_second":	500389398.0680989,
					"jitter_ms":	0.0311927237374552,
					"lost_packets":	0,
					"packets":	46401,
					"lost_percent":	0,
					"omitted":	false,
					"sender":	false
				}],
			"sum":	{
				"start":	303.001069,
				"end":	304.001067,
				"seconds":	0.99999797344207764,
				"bytes":	62548548,
				"bits_per_second":	500389398.0680989,
				"jitter_ms":	0.0311927237374552,
				"lost_packets":	0,
				"packets":	46401,
				"lost_percent":	0,
				"omitted":	false,
				"sender":	false
			}
		}, {
			"streams":	[{
					"socket":	5,
					"start":	304.001067,
					"end":	305.001068,
					"seconds":	1.0000009536743164,
					"bytes":	62393528,
					"bits_per_second":	499147747.97561264,
					"jitter_ms":	0.015921612117654894,
					"lost_packets":	0,
					"packets":	46286,
					"lost_percent":	0,
					"omitted":	false,
					"sender":	false
				}],
			"sum":	{
				"start":	304.001067,
				"end":	305.001068,
				"seconds":	1.0000009536743164,
				"bytes":	62393528,
				"bits_per_second":	499147747.97561264,
				"jitter_ms":	0.015921612117654894,
				"lost_packets":	0,
				"packets":	46286,
				"lost_percent":	0,
				"omitted":	false,
				"sender":	false
			}
		}, {
			"streams":	[{
					"socket":	5,
					"start":	305.001068,
					"end":	306.001065,
					"seconds":	0.99999701976776123,
					"bytes":	62843760,
					"bits_per_second":	502751578.3164618,
					"jitter_ms":	0.054344532060006917,
					"lost_packets":	0,
					"packets":	46620,
					"lost_percent":	0,
					"omitted":	false,
					"sender":	false
				}],
			"sum":	{
				"start":	305.001068,
				"end":	306.001065,
				"seconds":	0.99999701976776123,
				"bytes":	62843760,
				"bits_per_second":	502751578.3164618,
				"jitter_ms":	0.054344532060006917,
				"lost_packets":	0,
				"packets":	46620,
				"lost_percent":	0,
				"omitted":	false,
				"sender":	false
			}
		}, {
			"streams":	[{
					"socket":	5,
					"start":	306.001065,
					"end":	307.001087,
					"seconds":	1.0000220537185669,
					"bytes":	62500020,
					"bits_per_second":	499989133.38036591,
					"jitter_ms":	0.054649439902638,
					"lost_packets":	0,
					"packets":	46365,
					"lost_percent":	0,
					"omitted":	false,
					"sender":	false
				}],
			"sum":	{
				"start":	306.001065,
				"end":	307.001087,
				"seconds":	1.0000220537185669,
				"bytes":	62500020,
				"bits_per_second":	499989133.38036591,
				"jitter_ms":	0.054649439902638,
				"lost_packets":	0,
				"packets":	46365,
				"lost_percent":	0,
				"omitted":	false,
				"sender":	false
			}
		}, {
			"streams":	[{
					"socket":	5,
					"start":	307.001087,
					"end":	308.001076,
					"seconds":	0.99998897314071655,
					"bytes":	56489288,
					"bits_per_second":	451919287.250388,
					"jitter_ms":	0.21318304305258176,
					"lost_packets":	0,
					"packets":	41906,
					"lost_percent":	0,
					"omitted":	false,
					"sender":	false
				}],
			"sum":	{
				"start":	307.001087,
				"end":	308.001076,
				"seconds":	0.99998897314071655,
				"bytes":	56489288,
				"bits_per_second":	451919287.250388,
				"jitter_ms":	0.21318304305258176,
				"lost_packets":	0,
				"packets":	41906,
				"lost_percent":	0,
				"omitted":	false,
				"sender":	false
			}
		}, {
			"streams":	[{
					"socket":	5,
					"start":	308.001076,
					"end":	309.001096,
					"seconds":	1.0000200271606445,
					"bytes":	134800,
					"bits_per_second":	1078378.4031424846,
					"jitter_ms":	0.252712601235677,
					"lost_packets":	30,
					"packets":	130,
					"lost_percent":	23.076923076923077,
					"omitted":	false,
					"sender":	false
				}],
			"sum":	{
				"start":	308.001076,
				"end":	309.001096,
				"seconds":	1.0000200271606445,
				"bytes":	134800,
				"bits_per_second":	1078378.4031424846,
				"jitter_ms":	0.252712601235677,
				"lost_packets":	30,
				"packets":	130,
				"lost_percent":	23.076923076923077,
				"omitted":	false,
				"sender":	false
			}
		}, {
			"streams":	[{
					"socket":	5,
					"start":	309.001096,
					"end":	310.001081,
					"seconds":	0.9999849796295166,
					"bytes":	40543796,
					"bits_per_second":	324355239.935872,
					"jitter_ms":	0.00993299782633519,
					"lost_packets":	65204,
					"packets":	95281,
					"lost_percent":	68.4333707664697,
					"omitted":	false,
					"sender":	false
				}],
			"sum":	{
				"start":	309.001096,
				"end":	310.001081,
				"seconds":	0.9999849796295166,
				"bytes":	40543796,
				"bits_per_second":	324355239.935872,
				"jitter_ms":	0.00993299782633519,
				"lost_packets":	65204,
				"packets":	95281,
				"lost_percent":	68.4333707664697,
				"omitted":	false,
				"sender":	false
			}
		}, {
			"streams":	[{
					"socket":	5,
					"start":	310.001081,
					"end":	311.001064,
					"seconds":	0.999983012676239,
					"bytes":	64896764,
					"bits_per_second":	519182931.528549,
					"jitter_ms":	0.054555814500966526,
					"lost_packets":	0,
					"packets":	48143,
					"lost_percent":	0,
					"omitted":	false,
					"sender":	false
				}],
			"sum":	{
				"start":	310.001081,
				"end":	311.001064,
				"seconds":	0.999983012676239,
				"bytes":	64896764,
				"bits_per_second":	519182931.528549,
				"jitter_ms":	0.054555814500966526,
				"lost_packets":	0,
				"packets":	48143,
				"lost_percent":	0,
				"omitted":	false,
				"sender":	false
			}
		}, {
			"streams":	[{
					"socket":	5,
					"start":	311.001064,
					"end":	312.00017,
					"seconds":	0.999105989933014,
					"bytes":	62428576,
					"bits_per_second":	499875501.730787,
					"jitter_ms":	0.0066874385213327317,
					"lost_packets":	0,
					"packets":	46312,
					"lost_percent":	0,
					"omitted":	false,
					"sender":	false
				}],
			"sum":	{
				"start":	311.001064,
				"end":	312.00017,
				"seconds":	0.999105989933014,
				"bytes":	62428576,
				"bits_per_second":	499875501.730787,
				"jitter_ms":	0.0066874385213327317,
				"lost_packets":	0,
				"packets":	46312,
				"lost_percent":	0,
				"omitted":	false,
				"sender":	false
			}
		}, {
			"streams":	[{
					"socket":	5,
					"start":	312.00017,
					"end":	313.001069,
					"seconds":	1.0008989572525024,
					"bytes":	62323432,
					"bits_per_second":	498139649.749099,
					"jitter_ms":	0.078458673544951965,
					"lost_packets":	0,
					"packets":	46234,
					"lost_percent":	0,
					"omitted":	false,
					"sender":	false
				}],
			"sum":	{
				"start":	312.00017,
				"end":	313.001069,
				"seconds":	1.0008989572525024,
				"bytes":	62323432,
				"bits_per_second":	498139649.749099,
				"jitter_ms":	0.078458673544951965,
				"lost_packets":	0,
				"packets":	46234,
				"lost_percent":	0,
				"omitted":	false,
				"sender":	false
			}
		}, {
			"streams":	[{
					"socket":	5,
					"start":	313.001069,
					"end":	314.001097,
					"seconds":	1.0000280141830444,
					"bytes":	62762880,
					"bits_per_second":	502088974.387567,
					"jitter_ms":	0.02804289711706753,
					"lost_packets":	0,
					"packets":	46560,
					"lost_percent":	0,
					"omitted":	false,
					"sender":	false
				}],
			"sum":	{
				"start":	313.001069,
				"end":	314.001097,
				"seconds":	1.0000280141830444,
				"bytes":	62762880,
				"bits_per_second":	502088974.387567,
				"jitter_ms":	0.02804289711706753,
				"lost_packets":	0,
				"packets":	46560,
				"lost_percent":	0,
				"omitted":	false,
				"sender":	false
			}
		}, {
			"streams":	[{
					"socket":	5,
					"start":	314.001097,
					"end":	315.001065,
					"seconds":	0.99996799230575562,
					"bytes":	61817932,
					"bits_per_second":	494559285.70240247,
					"jitter_ms":	0.022731104897321022,
					"lost_packets":	0,
					"packets":	45859,
					"lost_percent":	0,
					"omitted":	false,
					"sender":	false
				}],
			"sum":	{
				"start":	314.001097,
				"end":	315.001065,
				"seconds":	0.99996799230575562,
				"bytes":	61817932,
				"bits_per_second":	494559285.70240247,
				"jitter_ms":	0.022731104897321022,
				"lost_packets":	0,
				"packets":	45859,
				"lost_percent":	0,
				"omitted":	false,
				"sender":	false
			}
		}, {
			"streams":	[{
					"socket":	5,
					"start":	315.001065,
					"end":	316.000164,
					"seconds":	0.9990990161895752,
					"bytes":	63072920,
					"bits_per_second":	505038391.4143073,
					"jitter_ms":	0.014251418989576568,
					"lost_packets":	0,
					"packets":	46790,
					"lost_percent":	0,
					"omitted":	false,
					"sender":	false
				}],
			"sum":	{
				"start":	315.001065,
				"end":	316.000164,
				"seconds":	0.9990990161895752,
				"bytes":	63072920,
				"bits_per_second":	505038391.4143073,
				"jitter_ms":	0.014251418989576568,
				"lost_packets":	0,
				"packets":	46790,
				"lost_percent":	0,
				"omitted":	false,
				"sender":	false
			}
		}, {
			"streams":	[{
					"socket":	5,
					"start":	316.000164,
					"end":	317.000195,
					"seconds":	1.0000309944152832,
					"bytes":	62475756,
					"bits_per_second":	499790557.2839129,
					"jitter_ms":	0.0360722225425848,
					"lost_packets":	0,
					"packets":	46351,
					"lost_percent":	0,
					"omitted":	false,
					"sender":	false
				}],
			"sum":	{
				"start":	316.000164,
				"end":	317.000195,
				"seconds":	1.0000309944152832,
				"bytes":	62475756,
				"bits_per_second":	499790557.2839129,
				"jitter_ms":	0.0360722225425848,
				"lost_packets":	0,
				"packets":	46351,
				"lost_percent":	0,
				"omitted":	false,
				"sender":	false
			}
		}, {
			"streams":	[{
					"socket":	5,
					"start":	317.000195,
					"end":	318.001099,
					"seconds":	1.0009039640426636,
					"bytes":	62714352,
					"bits_per_second":	501261693.45315367,
					"jitter_ms":	0.00944506077876156,
					"lost_packets":	0,
					"packets":	46527,
					"lost_percent":	0,
					"omitted":	false,
					"sender":	false
				}],
			"sum":	{
				"start":	317.000195,
				"end":	318.001099,
				"seconds":	1.0009039640426636,
				"bytes":	62714352,
				"bits_per_second":	501261693.45315367,
				"jitter_ms":	0.00944506077876156,
				"lost_packets":	0,
				"packets":	46527,
				"lost_percent":	0,
				"omitted":	false,
				"sender":	false
			}
		}, {
			"streams":	[{
					"socket":	5,
					"start":	318.001099,
					"end":	319.001068,
					"seconds":	0.9999690055847168,
					"bytes":	61960820,
					"bits_per_second":	495701923.99128884,
					"jitter_ms":	0.047653939466367479,
					"lost_packets":	0,
					"packets":	45965,
					"lost_percent":	0,
					"omitted":	false,
					"sender":	false
				}],
			"sum":	{
				"start":	318.001099,
				"end":	319.001068,
				"seconds":	0.9999690055847168,
				"bytes":	61960820,
				"bits_per_second":	495701923.99128884,
				"jitter_ms":	0.047653939466367479,
				"lost_packets":	0,
				"packets":	45965,
				"lost_percent":	0,
				"omitted":	false,
				"sender":	false
			}
		}, {
			"streams":	[{
					"socket":	5,
					"start":	319.001068,
					"end":	320.00107,
					"seconds":	1.0000020265579224,
					"bytes":	62986648,
					"bits_per_second":	503892162.83334541,
					"jitter_ms":	0.0065830950393037527,
					"lost_packets":	0,
					"packets":	46726,
					"lost_percent":	0,
					"omitted":	false,
					"sender":	false
				}],
			"sum":	{
				"start":	319.001068,
				"end":	320.00107,
				"seconds":	1.0000020265579224,
				"bytes":	62986648,
				"bits_per_second":	503892162.83334541,
				"jitter_ms":	0.0065830950393037527,
				"lost_packets":	0,
				"packets":	46726,
				"lost_percent":	0,
				"omitted":	false,
				"sender":	false
			}
		}, {
			"streams":	[{
					"socket":	5,
					"start":	320.00107,
					"end":	321.001081,
					"seconds":	1.0000109672546387,
					"bytes":	62552592,
					"bits_per_second":	500415247.818552,
					"jitter_ms":	0.00908284140618029,
					"lost_packets":	0,
					"packets":	46404,
					"lost_percent":	0,
					"omitted":	false,
					"sender":	false
				}],
			"sum":	{
				"start":	320.00107,
				"end":	321.001081,
				"seconds":	1.0000109672546387,
				"bytes":	62552592,
				"bits_per_second":	500415247.818552,
				"jitter_ms":	0.00908284140618029,
				"lost_packets":	0,
				"packets":	46404,
				"lost_percent":	0,
				"omitted":	false,
				"sender":	false
			}
		}, {
			"streams":	[{
					"socket":	5,
					"start":	321.001081,
					"end":	322.000156,
					"seconds":	0.99907499551773071,
					"bytes":	61832760,
					"bits_per_second":	495120068.28242272,
					"jitter_ms":	0.0480060878488364,
					"lost_packets":	0,
					"packets":	45872,
					"lost_percent":	0,
					"omitted":	false,
					"sender":	false
				}],
			"sum":	{
				"start":	321.001081,
				"end":	322.000156,
				"seconds":	0.99907499551773071,
				"bytes":	61832760,
				"bits_per_second":	495120068.28242272,
				"jitter_ms":	0.0480060878488364,
				"lost_packets":	0,
				"packets":	45872,
				"lost_percent":	0,
				"omitted":	false,
				"sender":	false
			}
		}, {
			"streams":	[{
					"socket":	5,
					"start":	322.000156,
					"end":	323.000163,
					"seconds":	1.0000070333480835,
					"bytes":	62543156,
					"bits_per_second":	500341728.92245978,
					"jitter_ms":	0.038376664061395782,
					"lost_packets":	0,
					"packets":	46400,
					"lost_percent":	0,
					"omitted":	false,
					"sender":	false
				}],
			"sum":	{
				"start":	322.000156,
				"end":	323.000163,
				"seconds":	1.0000070333480835,
				"bytes":	62543156,
				"bits_per_second":	500341728.92245978,
				"jitter_ms":	0.038376664061395782,
				"lost_packets":	0,
				"packets":	46400,
				"lost_percent":	0,
				"omitted":	false,
				"sender":	false
			}
		}, {
			"streams":	[{
					"socket":	5,
					"start":	323.000163,
					"end":	324.000144,
					"seconds":	0.99998098611831665,
					"bytes":	62785796,
					"bits_per_second":	502295918.59516621,
					"jitter_ms":	0.019547523505706009,
					"lost_packets":	0,
					"packets":	46577,
					"lost_percent":	0,
					"omitted":	false,
					"sender":	false
				}],
			"sum":	{
				"start":	323.000163,
				"end":	324.000144,
				"seconds":	0.99998098611831665,
				"bytes":	62785796,
				"bits_per_second":	502295918.59516621,
				"jitter_ms":	0.019547523505706009,
				"lost_packets":	0,
				"packets":	46577,
				"lost_percent":	0,
				"omitted":	false,
				"sender":	false
			}
		}, {
			"streams":	[{
					"socket":	5,
					"start":	324.000144,
					"end":	325.000144,
					"seconds":	1,
					"bytes":	62016088,
					"bits_per_second":	496128704,
					"jitter_ms":	0.029331730886621419,
					"lost_packets":	0,
					"packets":	46006,
					"lost_percent":	0,
					"omitted":	false,
					"sender":	false
				}],
			"sum":	{
				"start":	324.000144,
				"end":	325.000144,
				"seconds":	1,
				"bytes":	62016088,
				"bits_per_second":	496128704,
				"jitter_ms":	0.029331730886621419,
				"lost_packets":	0,
				"packets":	46006,
				"lost_percent":	0,
				"omitted":	false,
				"sender":	false
			}
		}, {
			"streams":	[{
					"socket":	5,
					"start":	325.000144,
					"end":	326.00064,
					"seconds":	1.0004960298538208,
					"bytes":	62893636,
					"bits_per_second":	502899634.76767963,
					"jitter_ms":	0.0057578898079655048,
					"lost_packets":	0,
					"packets":	46657,
					"lost_percent":	0,
					"omitted":	false,
					"sender":	false
				}],
			"sum":	{
				"start":	325.000144,
				"end":	326.00064,
				"seconds":	1.0004960298538208,
				"bytes":	62893636,
				"bits_per_second":	502899634.76767963,
				"jitter_ms":	0.0057578898079655048,
				"lost_packets":	0,
				"packets":	46657,
				"lost_percent":	0,
				"omitted":	false,
				"sender":	false
			}
		}, {
			"streams":	[{
					"socket":	5,
					"start":	326.00064,
					"end":	327.001055,
					"seconds":	1.0004149675369263,
					"bytes":	62909812,
					"bits_per_second":	503069738.38975829,
					"jitter_ms":	0.014220212086423182,
					"lost_packets":	0,
					"packets":	46669,
					"lost_percent":	0,
					"omitted":	false,
					"sender":	false
				}],
			"sum":	{
				"start":	326.00064,
				"end":	327.001055,
				"seconds":	1.0004149675369263,
				"bytes":	62909812,
				"bits_per_second":	503069738.38975829,
				"jitter_ms":	0.014220212086423182,
				"lost_packets":	0,
				"packets":	46669,
				"lost_percent":	0,
				"omitted":	false,
				"sender":	false
			}
		}, {
			"streams":	[{
					"socket":	5,
					"start":	327.001055,
					"end":	328.001054,
					"seconds":	0.99999898672103882,
					"bytes":	62407008,
					"bits_per_second":	499256569.88617849,
					"jitter_ms":	0.054521832427463432,
					"lost_packets":	0,
					"packets":	46296,
					"lost_percent":	0,
					"omitted":	false,
					"sender":	false
				}],
			"sum":	{
				"start":	327.001055,
				"end":	328.001054,
				"seconds":	0.99999898672103882,
				"bytes":	62407008,
				"bits_per_second":	499256569.88617849,
				"jitter_ms":	0.054521832427463432,
				"lost_packets":	0,
				"packets":	46296,
				"lost_percent":	0,
				"omitted":	false,
				"sender":	false
			}
		}, {
			"streams":	[{
					"socket":	5,
					"start":	328.001054,
					"end":	329.00109,
					"seconds":	1.0000360012054443,
					"bytes":	62117188,
					"bits_per_second":	496919614.29487646,
					"jitter_ms":	0.00624531712994012,
					"lost_packets":	0,
					"packets":	46081,
					"lost_percent":	0,
					"omitted":	false,
					"sender":	false
				}],
			"sum":	{
				"start":	328.001054,
				"end":	329.00109,
				"seconds":	1.0000360012054443,
				"bytes":	62117188,
				"bits_per_second":	496919614.29487646,
				"jitter_ms":	0.00624531712994012,
				"lost_packets":	0,
				"packets":	46081,
				"lost_percent":	0,
				"omitted":	false,
				"sender":	false
			}
		}, {
			"streams":	[{
					"socket":	5,
					"start":	329.00109,
					"end":	330.001092,
					"seconds":	1.0000020265579224,
					"bytes":	62989344,
					"bits_per_second":	503913730.78963667,
					"jitter_ms":	0.00861143426259432,
					"lost_packets":	0,
					"packets":	46728,
					"lost_percent":	0,
					"omitted":	false,
					"sender":	false
				}],
			"sum":	{
				"start":	329.00109,
				"end":	330.001092,
				"seconds":	1.0000020265579224,
				"bytes":	62989344,
				"bits_per_second":	503913730.78963667,
				"jitter_ms":	0.00861143426259432,
				"lost_packets":	0,
				"packets":	46728,
				"lost_percent":	0,
				"omitted":	false,
				"sender":	false
			}
		}, {
			"streams":	[{
					"socket":	5,
					"start":	330.001092,
					"end":	331.000175,
					"seconds":	0.99908298254013062,
					"bytes":	62242552,
					"bits_per_second":	498397455.16834384,
					"jitter_ms":	0.011735741702232568,
					"lost_packets":	0,
					"packets":	46174,
					"lost_percent":	0,
					"omitted":	false,
					"sender":	false
				}],
			"sum":	{
				"start":	330.001092,
				"end":	331.000175,
				"seconds":	0.99908298254013062,
				"bytes":	62242552,
				"bits_per_second":	498397455.16834384,
				"jitter_ms":	0.011735741702232568,
				"lost_packets":	0,
				"packets":	46174,
				"lost_percent":	0,
				"omitted":	false,
				"sender":	false
			}
		}, {
			"streams":	[{
					"socket":	5,
					"start":	331.000175,
					"end":	332.001067,
					"seconds":	1.0008920431137085,
					"bytes":	62517544,
					"bits_per_second":	499694602.870552,
					"jitter_ms":	0.0063606096282134948,
					"lost_packets":	0,
					"packets":	46378,
					"lost_percent":	0,
					"omitted":	false,
					"sender":	false
				}],
			"sum":	{
				"start":	331.000175,
				"end":	332.001067,
				"seconds":	1.0008920431137085,
				"bytes":	62517544,
				"bits_per_second":	499694602.870552,
				"jitter_ms":	0.0063606096282134948,
				"lost_packets":	0,
				"packets":	46378,
				"lost_percent":	0,
				"omitted":	false,
				"sender":	false
			}
		}, {
			"streams":	[{
					"socket":	5,
					"start":	332.001067,
					"end":	333.000156,
					"seconds":	0.999089002609253,
					"bytes":	62121232,
					"bits_per_second":	497423007.06153059,
					"jitter_ms":	0.038015496112457761,
					"lost_packets":	0,
					"packets":	46084,
					"lost_percent":	0,
					"omitted":	false,
					"sender":	false
				}],
			"sum":	{
				"start":	332.001067,
				"end":	333.000156,
				"seconds":	0.999089002609253,
				"bytes":	62121232,
				"bits_per_second":	497423007.06153059,
				"jitter_ms":	0.038015496112457761,
				"lost_packets":	0,
				"packets":	46084,
				"lost_percent":	0,
				"omitted":	false,
				"sender":	false
			}
		}, {
			"streams":	[{
					"socket":	5,
					"start":	333.000156,
					"end":	334.001097,
					"seconds":	1.0009410381317139,
					"bytes":	62497324,
					"bits_per_second":	499508535.42105222,
					"jitter_ms":	0.00805120274644455,
					"lost_packets":	0,
					"packets":	46363,
					"lost_percent":	0,
					"omitted":	false,
					"sender":	false
				}],
			"sum":	{
				"start":	333.000156,
				"end":	334.001097,
				"seconds":	1.0009410381317139,
				"bytes":	62497324,
				"bits_per_second":	499508535.42105222,
				"jitter_ms":	0.00805120274644455,
				"lost_packets":	0,
				"packets":	46363,
				"lost_percent":	0,
				"omitted":	false,
				"sender":	false
			}
		}, {
			"streams":	[{
					"socket":	5,
					"start":	334.001097,
					"end":	335.001067,
					"seconds":	0.999970018863678,
					"bytes":	62881504,
					"bits_per_second":	503067114.52373964,
					"jitter_ms":	0.0064644444066924286,
					"lost_packets":	0,
					"packets":	46648,
					"lost_percent":	0,
					"omitted":	false,
					"sender":	false
				}],
			"sum":	{
				"start":	334.001097,
				"end":	335.001067,
				"seconds":	0.999970018863678,
				"bytes":	62881504,
				"bits_per_second":	503067114.52373964,
				"jitter_ms":	0.0064644444066924286,
				"lost_packets":	0,
				"packets":	46648,
				"lost_percent":	0,
				"omitted":	false,
				"sender":	false
			}
		}, {
			"streams":	[{
					"socket":	5,
					"start":	335.001067,
					"end":	336.001058,
					"seconds":	0.999990999698639,
					"bytes":	62634820,
					"bits_per_second":	501083069.898636,
					"jitter_ms":	0.051253199722869375,
					"lost_packets":	0,
					"packets":	46465,
					"lost_percent":	0,
					"omitted":	false,
					"sender":	false
				}],
			"sum":	{
				"start":	335.001067,
				"end":	336.001058,
				"seconds":	0.999990999698639,
				"bytes":	62634820,
				"bits_per_second":	501083069.898636,
				"jitter_ms":	0.051253199722869375,
				"lost_packets":	0,
				"packets":	46465,
				"lost_percent":	0,
				"omitted":	false,
				"sender":	false
			}
		}, {
			"streams":	[{
					"socket":	5,
					"start":	336.001058,
					"end":	337.001069,
					"seconds":	1.0000109672546387,
					"bytes":	62119884,
					"bits_per_second":	496953621.7830863,
					"jitter_ms":	0.00600295959546364,
					"lost_packets":	0,
					"packets":	46083,
					"lost_percent":	0,
					"omitted":	false,
					"sender":	false
				}],
			"sum":	{
				"start":	336.001058,
				"end":	337.001069,
				"seconds":	1.0000109672546387,
				"bytes":	62119884,
				"bits_per_second":	496953621.7830863,
				"jitter_ms":	0.00600295959546364,
				"lost_packets":	0,
				"packets":	46083,
				"lost_percent":	0,
				"omitted":	false,
				"sender":	false
			}
		}, {
			"streams":	[{
					"socket":	5,
					"start":	337.001069,
					"end":	338.001071,
					"seconds":	1.0000020265579224,
					"bytes":	61002392,
					"bits_per_second":	488018147.002958,
					"jitter_ms":	0.057755264590242286,
					"lost_packets":	0,
					"packets":	45254,
					"lost_percent":	0,
					"omitted":	false,
					"sender":	false
				}],
			"sum":	{
				"start":	337.001069,
				"end":	338.001071,
				"seconds":	1.0000020265579224,
				"bytes":	61002392,
				"bits_per_second":	488018147.002958,
				"jitter_ms":	0.057755264590242286,
				"lost_packets":	0,
				"packets":	45254,
				"lost_percent":	0,
				"omitted":	false,
				"sender":	false
			}
		}, {
			"streams":	[{
					"socket":	5,
					"start":	338.001071,
					"end":	339.000206,
					"seconds":	0.99913501739501953,
					"bytes":	60774580,
					"bits_per_second":	486617555.72097677,
					"jitter_ms":	0.019691057600460655,
					"lost_packets":	0,
					"packets":	45085,
					"lost_percent":	0,
					"omitted":	false,
					"sender":	false
				}],
			"sum":	{
				"start":	338.001071,
				"end":	339.000206,
				"seconds":	0.99913501739501953,
				"bytes":	60774580,
				"bits_per_second":	486617555.72097677,
				"jitter_ms":	0.019691057600460655,
				"lost_packets":	0,
				"packets":	45085,
				"lost_percent":	0,
				"omitted":	false,
				"sender":	false
			}
		}, {
			"streams":	[{
					"socket":	5,
					"start":	339.000206,
					"end":	340.00107,
					"seconds":	1.0008640289306641,
					"bytes":	64264552,
					"bits_per_second":	513672588.023059,
					"jitter_ms":	0.011018087015961865,
					"lost_packets":	0,
					"packets":	47674,
					"lost_percent":	0,
					"omitted":	false,
					"sender":	false
				}],
			"sum":	{
				"start":	339.000206,
				"end":	340.00107,
				"seconds":	1.0008640289306641,
				"bytes":	64264552,
				"bits_per_second":	513672588.023059,
				"jitter_ms":	0.011018087015961865,
				"lost_packets":	0,
				"packets":	47674,
				"lost_percent":	0,
				"omitted":	false,
				"sender":	false
			}
		}, {
			"streams":	[{
					"socket":	5,
					"start":	340.00107,
					"end":	341.001093,
					"seconds":	1.0000230073928833,
					"bytes":	64337344,
					"bits_per_second":	514686910.39604062,
					"jitter_ms":	0.054060962540322,
					"lost_packets":	0,
					"packets":	47728,
					"lost_percent":	0,
					"omitted":	false,
					"sender":	false
				}],
			"sum":	{
				"start":	340.00107,
				"end":	341.001093,
				"seconds":	1.0000230073928833,
				"bytes":	64337344,
				"bits_per_second":	514686910.39604062,
				"jitter_ms":	0.054060962540322,
				"lost_packets":	0,
				"packets":	47728,
				"lost_percent":	0,
				"omitted":	false,
				"sender":	false
			}
		}, {
			"streams":	[{
					"socket":	5,
					"start":	341.001093,
					"end":	342.001079,
					"seconds":	0.99998599290847778,
					"bytes":	62501368,
					"bits_per_second":	500017947.79715753,
					"jitter_ms":	0.051005552990927031,
					"lost_packets":	0,
					"packets":	46366,
					"lost_percent":	0,
					"omitted":	false,
					"sender":	false
				}],
			"sum":	{
				"start":	341.001093,
				"end":	342.001079,
				"seconds":	0.99998599290847778,
				"bytes":	62501368,
				"bits_per_second":	500017947.79715753,
				"jitter_ms":	0.051005552990927031,
				"lost_packets":	0,
				"packets":	46366,
				"lost_percent":	0,
				"omitted":	false,
				"sender":	false
			}
		}, {
			"streams":	[{
					"socket":	5,
					"start":	342.001079,
					"end":	343.001061,
					"seconds":	0.99998199939727783,
					"bytes":	62498672,
					"bits_per_second":	499998376.272133,
					"jitter_ms":	0.054097966570788053,
					"lost_packets":	0,
					"packets":	46364,
					"lost_percent":	0,
					"omitted":	false,
					"sender":	false
				}],
			"sum":	{
				"start":	342.001079,
				"end":	343.001061,
				"seconds":	0.99998199939727783,
				"bytes":	62498672,
				"bits_per_second":	499998376.272133,
				"jitter_ms":	0.054097966570788053,
				"lost_packets":	0,
				"packets":	46364,
				"lost_percent":	0,
				"omitted":	false,
				"sender":	false
			}
		}, {
			"streams":	[{
					"socket":	5,
					"start":	343.001061,
					"end":	344.001059,
					"seconds":	0.99999797344207764,
					"bytes":	62477104,
					"bits_per_second":	499817844.90981334,
					"jitter_ms":	0.010039100659136119,
					"lost_packets":	0,
					"packets":	46348,
					"lost_percent":	0,
					"omitted":	false,
					"sender":	false
				}],
			"sum":	{
				"start":	343.001061,
				"end":	344.001059,
				"seconds":	0.99999797344207764,
				"bytes":	62477104,
				"bits_per_second":	499817844.90981334,
				"jitter_ms":	0.010039100659136119,
				"lost_packets":	0,
				"packets":	46348,
				"lost_percent":	0,
				"omitted":	false,
				"sender":	false
			}
		}, {
			"streams":	[{
					"socket":	5,
					"start":	344.001059,
					"end":	345.00017,
					"seconds":	0.999110996723175,
					"bytes":	62505412,
					"bits_per_second":	500488231.677974,
					"jitter_ms":	0.0082829778849942554,
					"lost_packets":	0,
					"packets":	46369,
					"lost_percent":	0,
					"omitted":	false,
					"sender":	false
				}],
			"sum":	{
				"start":	344.001059,
				"end":	345.00017,
				"seconds":	0.999110996723175,
				"bytes":	62505412,
				"bits_per_second":	500488231.677974,
				"jitter_ms":	0.0082829778849942554,
				"lost_packets":	0,
				"packets":	46369,
				"lost_percent":	0,
				"omitted":	false,
				"sender":	false
			}
		}, {
			"streams":	[{
					"socket":	5,
					"start":	345.00017,
					"end":	346.000263,
					"seconds":	1.0000929832458496,
					"bytes":	62218288,
					"bits_per_second":	497700026.23610115,
					"jitter_ms":	0.029589335320157253,
					"lost_packets":	0,
					"packets":	46156,
					"lost_percent":	0,
					"omitted":	false,
					"sender":	false
				}],
			"sum":	{
				"start":	345.00017,
				"end":	346.000263,
				"seconds":	1.0000929832458496,
				"bytes":	62218288,
				"bits_per_second":	497700026.23610115,
				"jitter_ms":	0.029589335320157253,
				"lost_packets":	0,
				"packets":	46156,
				"lost_percent":	0,
				"omitted":	false,
				"sender":	false
			}
		}, {
			"streams":	[{
					"socket":	5,
					"start":	346.000263,
					"end":	347.001097,
					"seconds":	1.0008339881896973,
					"bytes":	62610556,
					"bits_per_second":	500467064.37897545,
					"jitter_ms":	0.0067156179933383952,
					"lost_packets":	0,
					"packets":	46447,
					"lost_percent":	0,
					"omitted":	false,
					"sender":	false
				}],
			"sum":	{
				"start":	346.000263,
				"end":	347.001097,
				"seconds":	1.0008339881896973,
				"bytes":	62610556,
				"bits_per_second":	500467064.37897545,
				"jitter_ms":	0.0067156179933383952,
				"lost_packets":	0,
				"packets":	46447,
				"lost_percent":	0,
				"omitted":	false,
				"sender":	false
			}
		}, {
			"streams":	[{
					"socket":	5,
					"start":	347.001097,
					"end":	348.001067,
					"seconds":	0.999970018863678,
					"bytes":	62687392,
					"bits_per_second":	501514171.964757,
					"jitter_ms":	0.057527171810851319,
					"lost_packets":	0,
					"packets":	46504,
					"lost_percent":	0,
					"omitted":	false,
					"sender":	false
				}],
			"sum":	{
				"start":	347.001097,
				"end":	348.001067,
				"seconds":	0.999970018863678,
				"bytes":	62687392,
				"bits_per_second":	501514171.964757,
				"jitter_ms":	0.057527171810851319,
				"lost_packets":	0,
				"packets":	46504,
				"lost_percent":	0,
				"omitted":	false,
				"sender":	false
			}
		}, {
			"streams":	[{
					"socket":	5,
					"start":	348.001067,
					"end":	349.001064,
					"seconds":	0.99999701976776123,
					"bytes":	61414880,
					"bits_per_second":	491320504.2492063,
					"jitter_ms":	0.01055161598598486,
					"lost_packets":	0,
					"packets":	45560,
					"lost_percent":	0,
					"omitted":	false,
					"sender":	false
				}],
			"sum":	{
				"start":	348.001067,
				"end":	349.001064,
				"seconds":	0.99999701976776123,
				"bytes":	61414880,
				"bits_per_second":	491320504.2492063,
				"jitter_ms":	0.01055161598598486,
				"lost_packets":	0,
				"packets":	45560,
				"lost_percent":	0,
				"omitted":	false,
				"sender":	false
			}
		}, {
			"streams":	[{
					"socket":	5,
					"start":	349.001064,
					"end":	350.001064,
					"seconds":	1,
					"bytes":	63599988,
					"bits_per_second":	508799904,
					"jitter_ms":	0.029656321290933381,
					"lost_packets":	0,
					"packets":	47181,
					"lost_percent":	0,
					"omitted":	false,
					"sender":	false
				}],
			"sum":	{
				"start":	349.001064,
				"end":	350.001064,
				"seconds":	1,
				"bytes":	63599988,
				"bits_per_second":	508799904,
				"jitter_ms":	0.029656321290933381,
				"lost_packets":	0,
				"packets":	47181,
				"lost_percent":	0,
				"omitted":	false,
				"sender":	false
			}
		}, {
			"streams":	[{
					"socket":	5,
					"start":	350.001064,
					"end":	351.001066,
					"seconds":	1.0000020265579224,
					"bytes":	62591684,
					"bits_per_second":	500732457.23667181,
					"jitter_ms":	0.00910680827896244,
					"lost_packets":	0,
					"packets":	46433,
					"lost_percent":	0,
					"omitted":	false,
					"sender":	false
				}],
			"sum":	{
				"start":	350.001064,
				"end":	351.001066,
				"seconds":	1.0000020265579224,
				"bytes":	62591684,
				"bits_per_second":	500732457.23667181,
				"jitter_ms":	0.00910680827896244,
				"lost_packets":	0,
				"packets":	46433,
				"lost_percent":	0,
				"omitted":	false,
				"sender":	false
			}
		}, {
			"streams":	[{
					"socket":	5,
					"start":	351.001066,
					"end":	352.000142,
					"seconds":	0.999076008796692,
					"bytes":	62299168,
					"bits_per_second":	498854280.96734643,
					"jitter_ms":	0.015007020240796854,
					"lost_packets":	0,
					"packets":	46216,
					"lost_percent":	0,
					"omitted":	false,
					"sender":	false
				}],
			"sum":	{
				"start":	351.001066,
				"end":	352.000142,
				"seconds":	0.999076008796692,
				"bytes":	62299168,
				"bits_per_second":	498854280.96734643,
				"jitter_ms":	0.015007020240796854,
				"lost_packets":	0,
				"packets":	46216,
				"lost_percent":	0,
				"omitted":	false,
				"sender":	false
			}
		}, {
			"streams":	[{
					"socket":	5,
					"start":	352.000142,
					"end":	353.00017,
					"seconds":	1.0000280141830444,
					"bytes":	62594380,
					"bits_per_second":	500741012.1496278,
					"jitter_ms":	0.05749706347381222,
					"lost_packets":	0,
					"packets":	46435,
					"lost_percent":	0,
					"omitted":	false,
					"sender":	false
				}],
			"sum":	{
				"start":	352.000142,
				"end":	353.00017,
				"seconds":	1.0000280141830444,
				"bytes":	62594380,
				"bits_per_second":	500741012.1496278,
				"jitter_ms":	0.05749706347381222,
				"lost_packets":	0,
				"packets":	46435,
				"lost_percent":	0,
				"omitted":	false,
				"sender":	false
			}
		}, {
			"streams":	[{
					"socket":	5,
					"start":	353.00017,
					"end":	354.001091,
					"seconds":	1.0009210109710693,
					"bytes":	62454188,
					"bits_per_second":	499173759.4910388,
					"jitter_ms":	0.00949591097501726,
					"lost_packets":	116,
					"packets":	46447,
					"lost_percent":	0.24974702348913816,
					"omitted":	false,
					"sender":	false
				}],
			"sum":	{
				"start":	353.00017,
				"end":	354.001091,
				"seconds":	1.0009210109710693,
				"bytes":	62454188,
				"bits_per_second":	499173759.4910388,
				"jitter_ms":	0.00949591097501726,
				"lost_packets":	116,
				"packets":	46447,
				"lost_percent":	0.24974702348913816,
				"omitted":	false,
				"sender":	false
			}
		}, {
			"streams":	[{
					"socket":	5,
					"start":	354.001091,
					"end":	355.00107,
					"seconds":	0.999979019165039,
					"bytes":	58954780,
					"bits_per_second":	471648135.571692,
					"jitter_ms":	0.04806076817061327,
					"lost_packets":	0,
					"packets":	43735,
					"lost_percent":	0,
					"omitted":	false,
					"sender":	false
				}],
			"sum":	{
				"start":	354.001091,
				"end":	355.00107,
				"seconds":	0.999979019165039,
				"bytes":	58954780,
				"bits_per_second":	471648135.571692,
				"jitter_ms":	0.04806076817061327,
				"lost_packets":	0,
				"packets":	43735,
				"lost_percent":	0,
				"omitted":	false,
				"sender":	false
			}
		}, {
			"streams":	[{
					"socket":	5,
					"start":	355.00107,
					"end":	356.000155,
					"seconds":	0.999085009098053,
					"bytes":	65657036,
					"bits_per_second":	525737332.87639582,
					"jitter_ms":	0.014541042422244806,
					"lost_packets":	0,
					"packets":	48707,
					"lost_percent":	0,
					"omitted":	false,
					"sender":	false
				}],
			"sum":	{
				"start":	355.00107,
				"end":	356.000155,
				"seconds":	0.999085009098053,
				"bytes":	65657036,
				"bits_per_second":	525737332.87639582,
				"jitter_ms":	0.014541042422244806,
				"lost_packets":	0,
				"packets":	48707,
				"lost_percent":	0,
				"omitted":	false,
				"sender":	false
			}
		}, {
			"streams":	[{
					"socket":	5,
					"start":	356.000155,
					"end":	357.000143,
					"seconds":	0.9999880194664,
					"bytes":	62328824,
					"bits_per_second":	498636565.93213224,
					"jitter_ms":	0.0086594750519689637,
					"lost_packets":	0,
					"packets":	46238,
					"lost_percent":	0,
					"omitted":	false,
					"sender":	false
				}],
			"sum":	{
				"start":	356.000155,
				"end":	357.000143,
				"seconds":	0.9999880194664,
				"bytes":	62328824,
				"bits_per_second":	498636565.93213224,
				"jitter_ms":	0.0086594750519689637,
				"lost_packets":	0,
				"packets":	46238,
				"lost_percent":	0,
				"omitted":	false,
				"sender":	false
			}
		}, {
			"streams":	[{
					"socket":	5,
					"start":	357.000143,
					"end":	358.001067,
					"seconds":	1.0009239912033081,
					"bytes":	62365220,
					"bits_per_second":	498461186.24871564,
					"jitter_ms":	0.014848642356571906,
					"lost_packets":	0,
					"packets":	46265,
					"lost_percent":	0,
					"omitted":	false,
					"sender":	false
				}],
			"sum":	{
				"start":	357.000143,
				"end":	358.001067,
				"seconds":	1.0009239912033081,
				"bytes":	62365220,
				"bits_per_second":	498461186.24871564,
				"jitter_ms":	0.014848642356571906,
				"lost_packets":	0,
				"packets":	46265,
				"lost_percent":	0,
				"omitted":	false,
				"sender":	false
			}
		}, {
			"streams":	[{
					"socket":	5,
					"start":	358.001067,
					"end":	359.001079,
					"seconds":	1.0000120401382446,
					"bytes":	63101228,
					"bits_per_second":	504803746.09311062,
					"jitter_ms":	0.029062314870295515,
					"lost_packets":	0,
					"packets":	46811,
					"lost_percent":	0,
					"omitted":	false,
					"sender":	false
				}],
			"sum":	{
				"start":	358.001067,
				"end":	359.001079,
				"seconds":	1.0000120401382446,
				"bytes":	63101228,
				"bits_per_second":	504803746.09311062,
				"jitter_ms":	0.029062314870295515,
				"lost_packets":	0,
				"packets":	46811,
				"lost_percent":	0,
				"omitted":	false,
				"sender":	false
			}
		}, {
			"streams":	[{
					"socket":	5,
					"start":	359.001079,
					"end":	360.001059,
					"seconds":	0.99997997283935547,
					"bytes":	62169760,
					"bits_per_second":	497368040.869654,
					"jitter_ms":	0.053986380940353226,
					"lost_packets":	0,
					"packets":	46120,
					"lost_percent":	0,
					"omitted":	false,
					"sender":	false
				}],
			"sum":	{
				"start":	359.001079,
				"end":	360.001059,
				"seconds":	0.99997997283935547,
				"bytes":	62169760,
				"bits_per_second":	497368040.869654,
				"jitter_ms":	0.053986380940353226,
				"lost_packets":	0,
				"packets":	46120,
				"lost_percent":	0,
				"omitted":	false,
				"sender":	false
			}
		}, {
			"streams":	[{
					"socket":	5,
					"start":	360.001059,
					"end":	361.001065,
					"seconds":	1.0000059604644775,
					"bytes":	62446100,
					"bits_per_second":	499565822.35566163,
					"jitter_ms":	0.041623029532865528,
					"lost_packets":	0,
					"packets":	46325,
					"lost_percent":	0,
					"omitted":	false,
					"sender":	false
				}],
			"sum":	{
				"start":	360.001059,
				"end":	361.001065,
				"seconds":	1.0000059604644775,
				"bytes":	62446100,
				"bits_per_second":	499565822.35566163,
				"jitter_ms":	0.041623029532865528,
				"lost_packets":	0,
				"packets":	46325,
				"lost_percent":	0,
				"omitted":	false,
				"sender":	false
			}
		}, {
			"streams":	[{
					"socket":	5,
					"start":	361.001065,
					"end":	362.000165,
					"seconds":	0.99910002946853638,
					"bytes":	62866676,
					"bits_per_second":	503386440.96280485,
					"jitter_ms":	0.054618384887630649,
					"lost_packets":	0,
					"packets":	46637,
					"lost_percent":	0,
					"omitted":	false,
					"sender":	false
				}],
			"sum":	{
				"start":	361.001065,
				"end":	362.000165,
				"seconds":	0.99910002946853638,
				"bytes":	62866676,
				"bits_per_second":	503386440.96280485,
				"jitter_ms":	0.054618384887630649,
				"lost_packets":	0,
				"packets":	46637,
				"lost_percent":	0,
				"omitted":	false,
				"sender":	false
			}
		}, {
			"streams":	[{
					"socket":	5,
					"start":	362.000165,
					"end":	363.00106,
					"seconds":	1.0008950233459473,
					"bytes":	62509456,
					"bits_per_second":	499628468.856074,
					"jitter_ms":	0.035684737207852542,
					"lost_packets":	0,
					"packets":	46372,
					"lost_percent":	0,
					"omitted":	false,
					"sender":	false
				}],
			"sum":	{
				"start":	362.000165,
				"end":	363.00106,
				"seconds":	1.0008950233459473,
				"bytes":	62509456,
				"bits_per_second":	499628468.856074,
				"jitter_ms":	0.035684737207852542,
				"lost_packets":	0,
				"packets":	46372,
				"lost_percent":	0,
				"omitted":	false,
				"sender":	false
			}
		}, {
			"streams":	[{
					"socket":	5,
					"start":	363.00106,
					"end":	364.001058,
					"seconds":	0.99999797344207764,
					"bytes":	62115840,
					"bits_per_second":	496927727.05282211,
					"jitter_ms":	0.076385663807601173,
					"lost_packets":	0,
					"packets":	46080,
					"lost_percent":	0,
					"omitted":	false,
					"sender":	false
				}],
			"sum":	{
				"start":	363.00106,
				"end":	364.001058,
				"seconds":	0.99999797344207764,
				"bytes":	62115840,
				"bits_per_second":	496927727.05282211,
				"jitter_ms":	0.076385663807601173,
				"lost_packets":	0,
				"packets":	46080,
				"lost_percent":	0,
				"omitted":	false,
				"sender":	false
			}
		}, {
			"streams":	[{
					"socket":	5,
					"start":	364.001058,
					"end":	365.000385,
					"seconds":	0.999327003955841,
					"bytes":	62780404,
					"bits_per_second":	502581467.339387,
					"jitter_ms":	0.014941590877730219,
					"lost_packets":	0,
					"packets":	46573,
					"lost_percent":	0,
					"omitted":	false,
					"sender":	false
				}],
			"sum":	{
				"start":	364.001058,
				"end":	365.000385,
				"seconds":	0.999327003955841,
				"bytes":	62780404,
				"bits_per_second":	502581467.339387,
				"jitter_ms":	0.014941590877730219,
				"lost_packets":	0,
				"packets":	46573,
				"lost_percent":	0,
				"omitted":	false,
				"sender":	false
			}
		}, {
			"streams":	[{
					"socket":	5,
					"start":	365.000385,
					"end":	366.000139,
					"seconds":	0.999754011631012,
					"bytes":	62508108,
					"bits_per_second":	500187904.40679258,
					"jitter_ms":	0.01202855423005157,
					"lost_packets":	0,
					"packets":	46371,
					"lost_percent":	0,
					"omitted":	false,
					"sender":	false
				}],
			"sum":	{
				"start":	365.000385,
				"end":	366.000139,
				"seconds":	0.999754011631012,
				"bytes":	62508108,
				"bits_per_second":	500187904.40679258,
				"jitter_ms":	0.01202855423005157,
				"lost_packets":	0,
				"packets":	46371,
				"lost_percent":	0,
				"omitted":	false,
				"sender":	false
			}
		}, {
			"streams":	[{
					"socket":	5,
					"start":	366.000139,
					"end":	367.00106,
					"seconds":	1.0009210109710693,
					"bytes":	62613252,
					"bits_per_second":	500445100.57195532,
					"jitter_ms":	0.016595256739063993,
					"lost_packets":	0,
					"packets":	46449,
					"lost_percent":	0,
					"omitted":	false,
					"sender":	false
				}],
			"sum":	{
				"start":	366.000139,
				"end":	367.00106,
				"seconds":	1.0009210109710693,
				"bytes":	62613252,
				"bits_per_second":	500445100.57195532,
				"jitter_ms":	0.016595256739063993,
				"lost_packets":	0,
				"packets":	46449,
				"lost_percent":	0,
				"omitted":	false,
				"sender":	false
			}
		}, {
			"streams":	[{
					"socket":	5,
					"start":	367.00106,
					"end":	368.001059,
					"seconds":	0.99999898672103882,
					"bytes":	59286388,
					"bits_per_second":	474291584.58968413,
					"jitter_ms":	0.21215524184050091,
					"lost_packets":	0,
					"packets":	43981,
					"lost_percent":	0,
					"omitted":	false,
					"sender":	false
				}],
			"sum":	{
				"start":	367.00106,
				"end":	368.001059,
				"seconds":	0.99999898672103882,
				"bytes":	59286388,
				"bits_per_second":	474291584.58968413,
				"jitter_ms":	0.21215524184050091,
				"lost_packets":	0,
				"packets":	43981,
				"lost_percent":	0,
				"omitted":	false,
				"sender":	false
			}
		}, {
			"streams":	[{
					"socket":	5,
					"start":	368.001059,
					"end":	369.001058,
					"seconds":	0.99999898672103882,
					"bytes":	58914340,
					"bits_per_second":	471315197.5737738,
					"jitter_ms":	0.010346078316698103,
					"lost_packets":	0,
					"packets":	43705,
					"lost_percent":	0,
					"omitted":	false,
					"sender":	false
				}],
			"sum":	{
				"start":	368.001059,
				"end":	369.001058,
				"seconds":	0.99999898672103882,
				"bytes":	58914340,
				"bits_per_second":	471315197.5737738,
				"jitter_ms":	0.010346078316698103,
				"lost_packets":	0,
				"packets":	43705,
				"lost_percent":	0,
				"omitted":	false,
				"sender":	false
			}
		}, {
			"streams":	[{
					"socket":	5,
					"start":	369.001058,
					"end":	370.001056,
					"seconds":	0.99999797344207764,
					"bytes":	61848936,
					"bits_per_second":	494792490.725642,
					"jitter_ms":	0.029787708877666727,
					"lost_packets":	0,
					"packets":	45882,
					"lost_percent":	0,
					"omitted":	false,
					"sender":	false
				}],
			"sum":	{
				"start":	369.001058,
				"end":	370.001056,
				"seconds":	0.99999797344207764,
				"bytes":	61848936,
				"bits_per_second":	494792490.725642,
				"jitter_ms":	0.029787708877666727,
				"lost_packets":	0,
				"packets":	45882,
				"lost_percent":	0,
				"omitted":	false,
				"sender":	false
			}
		}, {
			"streams":	[{
					"socket":	5,
					"start":	370.001056,
					"end":	371.001094,
					"seconds":	1.0000380277633667,
					"bytes":	67258460,
					"bits_per_second":	538047219.26766562,
					"jitter_ms":	0.020724504726771138,
					"lost_packets":	0,
					"packets":	49895,
					"lost_percent":	0,
					"omitted":	false,
					"sender":	false
				}],
			"sum":	{
				"start":	370.001056,
				"end":	371.001094,
				"seconds":	1.0000380277633667,
				"bytes":	67258460,
				"bits_per_second":	538047219.26766562,
				"jitter_ms":	0.020724504726771138,
				"lost_packets":	0,
				"packets":	49895,
				"lost_percent":	0,
				"omitted":	false,
				"sender":	false
			}
		}, {
			"streams":	[{
					"socket":	5,
					"start":	371.001094,
					"end":	372.001066,
					"seconds":	0.99997198581695557,
					"bytes":	64908896,
					"bits_per_second":	519285715.36508262,
					"jitter_ms":	0.0061575696903603538,
					"lost_packets":	0,
					"packets":	48152,
					"lost_percent":	0,
					"omitted":	false,
					"sender":	false
				}],
			"sum":	{
				"start":	371.001094,
				"end":	372.001066,
				"seconds":	0.99997198581695557,
				"bytes":	64908896,
				"bits_per_second":	519285715.36508262,
				"jitter_ms":	0.0061575696903603538,
				"lost_packets":	0,
				"packets":	48152,
				"lost_percent":	0,
				"omitted":	false,
				"sender":	false
			}
		}, {
			"streams":	[{
					"socket":	5,
					"start":	372.001066,
					"end":	373.001077,
					"seconds":	1.0000109672546387,
					"bytes":	62810060,
					"bits_per_second":	502474969.229063,
					"jitter_ms":	0.00656473633483625,
					"lost_packets":	0,
					"packets":	46595,
					"lost_percent":	0,
					"omitted":	false,
					"sender":	false
				}],
			"sum":	{
				"start":	372.001066,
				"end":	373.001077,
				"seconds":	1.0000109672546387,
				"bytes":	62810060,
				"bits_per_second":	502474969.229063,
				"jitter_ms":	0.00656473633483625,
				"lost_packets":	0,
				"packets":	46595,
				"lost_percent":	0,
				"omitted":	false,
				"sender":	false
			}
		}, {
			"streams":	[{
					"socket":	5,
					"start":	373.001077,
					"end":	374.001059,
					"seconds":	0.99998199939727783,
					"bytes":	62342304,
					"bits_per_second":	498747409.75398171,
					"jitter_ms":	0.02198883093295698,
					"lost_packets":	0,
					"packets":	46248,
					"lost_percent":	0,
					"omitted":	false,
					"sender":	false
				}],
			"sum":	{
				"start":	373.001077,
				"end":	374.001059,
				"seconds":	0.99998199939727783,
				"bytes":	62342304,
				"bits_per_second":	498747409.75398171,
				"jitter_ms":	0.02198883093295698,
				"lost_packets":	0,
				"packets":	46248,
				"lost_percent":	0,
				"omitted":	false,
				"sender":	false
			}
		}, {
			"streams":	[{
					"socket":	5,
					"start":	374.001059,
					"end":	375.001056,
					"seconds":	0.99999701976776123,
					"bytes":	62656388,
					"bits_per_second":	501252597.84915185,
					"jitter_ms":	0.0067248352331230532,
					"lost_packets":	0,
					"packets":	46481,
					"lost_percent":	0,
					"omitted":	false,
					"sender":	false
				}],
			"sum":	{
				"start":	374.001059,
				"end":	375.001056,
				"seconds":	0.99999701976776123,
				"bytes":	62656388,
				"bits_per_second":	501252597.84915185,
				"jitter_ms":	0.0067248352331230532,
				"lost_packets":	0,
				"packets":	46481,
				"lost_percent":	0,
				"omitted":	false,
				"sender":	false
			}
		}, {
			"streams":	[{
					"socket":	5,
					"start":	375.001056,
					"end":	376.001059,
					"seconds":	1.0000029802322388,
					"bytes":	62049788,
					"bits_per_second":	496396824.62218,
					"jitter_ms":	0.010247678973015604,
					"lost_packets":	0,
					"packets":	46031,
					"lost_percent":	0,
					"omitted":	false,
					"sender":	false
				}],
			"sum":	{
				"start":	375.001056,
				"end":	376.001059,
				"seconds":	1.0000029802322388,
				"bytes":	62049788,
				"bits_per_second":	496396824.62218,
				"jitter_ms":	0.010247678973015604,
				"lost_packets":	0,
				"packets":	46031,
				"lost_percent":	0,
				"omitted":	false,
				"sender":	false
			}
		}, {
			"streams":	[{
					"socket":	5,
					"start":	376.001059,
					"end":	377.00018,
					"seconds":	0.99912101030349731,
					"bytes":	62765576,
					"bits_per_second":	502566358.65106314,
					"jitter_ms":	0.00623203114255538,
					"lost_packets":	0,
					"packets":	46562,
					"lost_percent":	0,
					"omitted":	false,
					"sender":	false
				}],
			"sum":	{
				"start":	376.001059,
				"end":	377.00018,
				"seconds":	0.99912101030349731,
				"bytes":	62765576,
				"bits_per_second":	502566358.65106314,
				"jitter_ms":	0.00623203114255538,
				"lost_packets":	0,
				"packets":	46562,
				"lost_percent":	0,
				"omitted":	false,
				"sender":	false
			}
		}, {
			"streams":	[{
					"socket":	5,
					"start":	377.00018,
					"end":	378.001058,
					"seconds":	1.0008779764175415,
					"bytes":	62722440,
					"bits_per_second":	501339355.86836213,
					"jitter_ms":	0.016548446772909529,
					"lost_packets":	0,
					"packets":	46530,
					"lost_percent":	0,
					"omitted":	false,
					"sender":	false
				}],
			"sum":	{
				"start":	377.00018,
				"end":	378.001058,
				"seconds":	1.0008779764175415,
				"bytes":	62722440,
				"bits_per_second":	501339355.86836213,
				"jitter_ms":	0.016548446772909529,
				"lost_packets":	0,
				"packets":	46530,
				"lost_percent":	0,
				"omitted":	false,
				"sender":	false
			}
		}, {
			"streams":	[{
					"socket":	5,
					"start":	378.001058,
					"end":	379.001082,
					"seconds":	1.0000239610672,
					"bytes":	62121232,
					"bits_per_second":	496957948.357204,
					"jitter_ms":	0.01877508265774408,
					"lost_packets":	0,
					"packets":	46084,
					"lost_percent":	0,
					"omitted":	false,
					"sender":	false
				}],
			"sum":	{
				"start":	378.001058,
				"end":	379.001082,
				"seconds":	1.0000239610672,
				"bytes":	62121232,
				"bits_per_second":	496957948.357204,
				"jitter_ms":	0.01877508265774408,
				"lost_packets":	0,
				"packets":	46084,
				"lost_percent":	0,
				"omitted":	false,
				"sender":	false
			}
		}, {
			"streams":	[{
					"socket":	5,
					"start":	379.001082,
					"end":	380.001064,
					"seconds":	0.99998199939727783,
					"bytes":	62841064,
					"bits_per_second":	502737561.5791195,
					"jitter_ms":	0.0066756818230033418,
					"lost_packets":	0,
					"packets":	46618,
					"lost_percent":	0,
					"omitted":	false,
					"sender":	false
				}],
			"sum":	{
				"start":	379.001082,
				"end":	380.001064,
				"seconds":	0.99998199939727783,
				"bytes":	62841064,
				"bits_per_second":	502737561.5791195,
				"jitter_ms":	0.0066756818230033418,
				"lost_packets":	0,
				"packets":	46618,
				"lost_percent":	0,
				"omitted":	false,
				"sender":	false
			}
		}, {
			"streams":	[{
					"socket":	5,
					"start":	380.001064,
					"end":	381.000154,
					"seconds":	0.999090015888214,
					"bytes":	62282992,
					"bits_per_second":	498717761.238993,
					"jitter_ms":	0.041418566367159,
					"lost_packets":	0,
					"packets":	46206,
					"lost_percent":	0,
					"omitted":	false,
					"sender":	false
				}],
			"sum":	{
				"start":	380.001064,
				"end":	381.000154,
				"seconds":	0.999090015888214,
				"bytes":	62282992,
				"bits_per_second":	498717761.238993,
				"jitter_ms":	0.041418566367159,
				"lost_packets":	0,
				"packets":	46206,
				"lost_percent":	0,
				"omitted":	false,
				"sender":	false
			}
		}, {
			"streams":	[{
					"socket":	5,
					"start":	381.000154,
					"end":	382.000151,
					"seconds":	0.99999701976776123,
					"bytes":	62508108,
					"bits_per_second":	500066354.31387067,
					"jitter_ms":	0.011688864856465392,
					"lost_packets":	0,
					"packets":	46373,
					"lost_percent":	0,
					"omitted":	false,
					"sender":	false
				}],
			"sum":	{
				"start":	381.000154,
				"end":	382.000151,
				"seconds":	0.99999701976776123,
				"bytes":	62508108,
				"bits_per_second":	500066354.31387067,
				"jitter_ms":	0.011688864856465392,
				"lost_packets":	0,
				"packets":	46373,
				"lost_percent":	0,
				"omitted":	false,
				"sender":	false
			}
		}, {
			"streams":	[{
					"socket":	5,
					"start":	382.000151,
					"end":	383.001065,
					"seconds":	1.0009139776229858,
					"bytes":	62714352,
					"bits_per_second":	501256678.61237609,
					"jitter_ms":	0.051468788526392056,
					"lost_packets":	0,
					"packets":	46524,
					"lost_percent":	0,
					"omitted":	false,
					"sender":	false
				}],
			"sum":	{
				"start":	382.000151,
				"end":	383.001065,
				"seconds":	1.0009139776229858,
				"bytes":	62714352,
				"bits_per_second":	501256678.61237609,
				"jitter_ms":	0.051468788526392056,
				"lost_packets":	0,
				"packets":	46524,
				"lost_percent":	0,
				"omitted":	false,
				"sender":	false
			}
		}, {
			"streams":	[{
					"socket":	5,
					"start":	383.001065,
					"end":	384.001065,
					"seconds":	1,
					"bytes":	62367916,
					"bits_per_second":	498943328,
					"jitter_ms":	0.0060010675358978041,
					"lost_packets":	0,
					"packets":	46267,
					"lost_percent":	0,
					"omitted":	false,
					"sender":	false
				}],
			"sum":	{
				"start":	383.001065,
				"end":	384.001065,
				"seconds":	1,
				"bytes":	62367916,
				"bits_per_second":	498943328,
				"jitter_ms":	0.0060010675358978041,
				"lost_packets":	0,
				"packets":	46267,
				"lost_percent":	0,
				"omitted":	false,
				"sender":	false
			}
		}, {
			"streams":	[{
					"socket":	5,
					"start":	384.001065,
					"end":	385.001081,
					"seconds":	1.0000159740448,
					"bytes":	58621824,
					"bits_per_second":	468967100.69852382,
					"jitter_ms":	0.010565001872169811,
					"lost_packets":	0,
					"packets":	43488,
					"lost_percent":	0,
					"omitted":	false,
					"sender":	false
				}],
			"sum":	{
				"start":	384.001065,
				"end":	385.001081,
				"seconds":	1.0000159740448,
				"bytes":	58621824,
				"bits_per_second":	468967100.69852382,
				"jitter_ms":	0.010565001872169811,
				"lost_packets":	0,
				"packets":	43488,
				"lost_percent":	0,
				"omitted":	false,
				"sender":	false
			}
		}, {
			"streams":	[{
					"socket":	5,
					"start":	385.001081,
					"end":	386.001067,
					"seconds":	0.99998599290847778,
					"bytes":	65740612,
					"bits_per_second":	525932262.78133929,
					"jitter_ms":	0.00906647952420001,
					"lost_packets":	0,
					"packets":	48769,
					"lost_percent":	0,
					"omitted":	false,
					"sender":	false
				}],
			"sum":	{
				"start":	385.001081,
				"end":	386.001067,
				"seconds":	0.99998599290847778,
				"bytes":	65740612,
				"bits_per_second":	525932262.78133929,
				"jitter_ms":	0.00906647952420001,
				"lost_packets":	0,
				"packets":	48769,
				"lost_percent":	0,
				"omitted":	false,
				"sender":	false
			}
		}, {
			"streams":	[{
					"socket":	5,
					"start":	386.001067,
					"end":	387.000154,
					"seconds":	0.99908697605133057,
					"bytes":	63172672,
					"bits_per_second":	505843222.97685,
					"jitter_ms":	0.01411106441604517,
					"lost_packets":	0,
					"packets":	46866,
					"lost_percent":	0,
					"omitted":	false,
					"sender":	false
				}],
			"sum":	{
				"start":	386.001067,
				"end":	387.000154,
				"seconds":	0.99908697605133057,
				"bytes":	63172672,
				"bits_per_second":	505843222.97685,
				"jitter_ms":	0.01411106441604517,
				"lost_packets":	0,
				"packets":	46866,
				"lost_percent":	0,
				"omitted":	false,
				"sender":	false
			}
		}, {
			"streams":	[{
					"socket":	5,
					"start":	387.000154,
					"end":	388.001065,
					"seconds":	1.0009109973907471,
					"bytes":	58770104,
					"bits_per_second":	469732906.547787,
					"jitter_ms":	0.0060210593428872122,
					"lost_packets":	0,
					"packets":	43601,
					"lost_percent":	0,
					"omitted":	false,
					"sender":	false
				}],
			"sum":	{
				"start":	387.000154,
				"end":	388.001065,
				"seconds":	1.0009109973907471,
				"bytes":	58770104,
				"bits_per_second":	469732906.547787,
				"jitter_ms":	0.0060210593428872122,
				"lost_packets":	0,
				"packets":	43601,
				"lost_percent":	0,
				"omitted":	false,
				"sender":	false
			}
		}, {
			"streams":	[{
					"socket":	5,
					"start":	388.001065,
					"end":	389.001067,
					"seconds":	1.0000020265579224,
					"bytes":	65293076,
					"bits_per_second":	522343549.44054168,
					"jitter_ms":	0.20144520774208938,
					"lost_packets":	0,
					"packets":	48439,
					"lost_percent":	0,
					"omitted":	false,
					"sender":	false
				}],
			"sum":	{
				"start":	388.001065,
				"end":	389.001067,
				"seconds":	1.0000020265579224,
				"bytes":	65293076,
				"bits_per_second":	522343549.44054168,
				"jitter_ms":	0.20144520774208938,
				"lost_packets":	0,
				"packets":	48439,
				"lost_percent":	0,
				"omitted":	false,
				"sender":	false
			}
		}, {
			"streams":	[{
					"socket":	5,
					"start":	389.001067,
					"end":	390.001068,
					"seconds":	1.0000009536743164,
					"bytes":	63512368,
					"bits_per_second":	508098459.439549,
					"jitter_ms":	0.0063864613937822876,
					"lost_packets":	0,
					"packets":	47118,
					"lost_percent":	0,
					"omitted":	false,
					"sender":	false
				}],
			"sum":	{
				"start":	389.001067,
				"end":	390.001068,
				"seconds":	1.0000009536743164,
				"bytes":	63512368,
				"bits_per_second":	508098459.439549,
				"jitter_ms":	0.0063864613937822876,
				"lost_packets":	0,
				"packets":	47118,
				"lost_percent":	0,
				"omitted":	false,
				"sender":	false
			}
		}, {
			"streams":	[{
					"socket":	5,
					"start":	390.001068,
					"end":	391.001113,
					"seconds":	1.0000449419021606,
					"bytes":	61939252,
					"bits_per_second":	495491747.65835536,
					"jitter_ms":	0.0063234050301982682,
					"lost_packets":	0,
					"packets":	45949,
					"lost_percent":	0,
					"omitted":	false,
					"sender":	false
				}],
			"sum":	{
				"start":	390.001068,
				"end":	391.001113,
				"seconds":	1.0000449419021606,
				"bytes":	61939252,
				"bits_per_second":	495491747.65835536,
				"jitter_ms":	0.0063234050301982682,
				"lost_packets":	0,
				"packets":	45949,
				"lost_percent":	0,
				"omitted":	false,
				"sender":	false
			}
		}, {
			"streams":	[{
					"socket":	5,
					"start":	391.001113,
					"end":	392.001061,
					"seconds":	0.999948024749756,
					"bytes":	63059440,
					"bits_per_second":	504501741.60426849,
					"jitter_ms":	0.0067297308838013947,
					"lost_packets":	0,
					"packets":	46780,
					"lost_percent":	0,
					"omitted":	false,
					"sender":	false
				}],
			"sum":	{
				"start":	391.001113,
				"end":	392.001061,
				"seconds":	0.999948024749756,
				"bytes":	63059440,
				"bits_per_second":	504501741.60426849,
				"jitter_ms":	0.0067297308838013947,
				"lost_packets":	0,
				"packets":	46780,
				"lost_percent":	0,
				"omitted":	false,
				"sender":	false
			}
		}, {
			"streams":	[{
					"socket":	5,
					"start":	392.001061,
					"end":	393.001058,
					"seconds":	0.99999701976776123,
					"bytes":	62500020,
					"bits_per_second":	500001650.12103713,
					"jitter_ms":	0.0066521009264780464,
					"lost_packets":	0,
					"packets":	46365,
					"lost_percent":	0,
					"omitted":	false,
					"sender":	false
				}],
			"sum":	{
				"start":	392.001061,
				"end":	393.001058,
				"seconds":	0.99999701976776123,
				"bytes":	62500020,
				"bits_per_second":	500001650.12103713,
				"jitter_ms":	0.0066521009264780464,
				"lost_packets":	0,
				"packets":	46365,
				"lost_percent":	0,
				"omitted":	false,
				"sender":	false
			}
		}, {
			"streams":	[{
					"socket":	5,
					"start":	393.001058,
					"end":	394.001083,
					"seconds":	1.0000250339508057,
					"bytes":	62500020,
					"bits_per_second":	499987643.33393335,
					"jitter_ms":	0.0067250671434601877,
					"lost_packets":	0,
					"packets":	46365,
					"lost_percent":	0,
					"omitted":	false,
					"sender":	false
				}],
			"sum":	{
				"start":	393.001058,
				"end":	394.001083,
				"seconds":	1.0000250339508057,
				"bytes":	62500020,
				"bits_per_second":	499987643.33393335,
				"jitter_ms":	0.0067250671434601877,
				"lost_packets":	0,
				"packets":	46365,
				"lost_percent":	0,
				"omitted":	false,
				"sender":	false
			}
		}, {
			"streams":	[{
					"socket":	5,
					"start":	394.001083,
					"end":	395.001064,
					"seconds":	0.99998098611831665,
					"bytes":	62495976,
					"bits_per_second":	499977314.50950247,
					"jitter_ms":	0.00760392168376563,
					"lost_packets":	0,
					"packets":	46362,
					"lost_percent":	0,
					"omitted":	false,
					"sender":	false
				}],
			"sum":	{
				"start":	394.001083,
				"end":	395.001064,
				"seconds":	0.99998098611831665,
				"bytes":	62495976,
				"bits_per_second":	499977314.50950247,
				"jitter_ms":	0.00760392168376563,
				"lost_packets":	0,
				"packets":	46362,
				"lost_percent":	0,
				"omitted":	false,
				"sender":	false
			}
		}, {
			"streams":	[{
					"socket":	5,
					"start":	395.001064,
					"end":	396.001065,
					"seconds":	1.0000009536743164,
					"bytes":	62506760,
					"bits_per_second":	500053603.11172187,
					"jitter_ms":	0.00733925432180892,
					"lost_packets":	0,
					"packets":	46370,
					"lost_percent":	0,
					"omitted":	false,
					"sender":	false
				}],
			"sum":	{
				"start":	395.001064,
				"end":	396.001065,
				"seconds":	1.0000009536743164,
				"bytes":	62506760,
				"bits_per_second":	500053603.11172187,
				"jitter_ms":	0.00733925432180892,
				"lost_packets":	0,
				"packets":	46370,
				"lost_percent":	0,
				"omitted":	false,
				"sender":	false
			}
		}, {
			"streams":	[{
					"socket":	5,
					"start":	396.001065,
					"end":	397.001066,
					"seconds":	1.0000009536743164,
					"bytes":	62455536,
					"bits_per_second":	499643811.50252962,
					"jitter_ms":	0.033468356977337049,
					"lost_packets":	0,
					"packets":	46332,
					"lost_percent":	0,
					"omitted":	false,
					"sender":	false
				}],
			"sum":	{
				"start":	396.001065,
				"end":	397.001066,
				"seconds":	1.0000009536743164,
				"bytes":	62455536,
				"bits_per_second":	499643811.50252962,
				"jitter_ms":	0.033468356977337049,
				"lost_packets":	0,
				"packets":	46332,
				"lost_percent":	0,
				"omitted":	false,
				"sender":	false
			}
		}, {
			"streams":	[{
					"socket":	5,
					"start":	397.001066,
					"end":	398.001058,
					"seconds":	0.9999920129776,
					"bytes":	60112712,
					"bits_per_second":	480905537.00329626,
					"jitter_ms":	0.21759685852144561,
					"lost_packets":	0,
					"packets":	44594,
					"lost_percent":	0,
					"omitted":	false,
					"sender":	false
				}],
			"sum":	{
				"start":	397.001066,
				"end":	398.001058,
				"seconds":	0.9999920129776,
				"bytes":	60112712,
				"bits_per_second":	480905537.00329626,
				"jitter_ms":	0.21759685852144561,
				"lost_packets":	0,
				"packets":	44594,
				"lost_percent":	0,
				"omitted":	false,
				"sender":	false
			}
		}, {
			"streams":	[{
					"socket":	5,
					"start":	398.001058,
					"end":	399.001057,
					"seconds":	0.99999898672103882,
					"bytes":	61786928,
					"bits_per_second":	494295924.85966128,
					"jitter_ms":	0.011916076713035696,
					"lost_packets":	0,
					"packets":	45836,
					"lost_percent":	0,
					"omitted":	false,
					"sender":	false
				}],
			"sum":	{
				"start":	398.001058,
				"end":	399.001057,
				"seconds":	0.99999898672103882,
				"bytes":	61786928,
				"bits_per_second":	494295924.85966128,
				"jitter_ms":	0.011916076713035696,
				"lost_packets":	0,
				"packets":	45836,
				"lost_percent":	0,
				"omitted":	false,
				"sender":	false
			}
		}, {
			"streams":	[{
					"socket":	5,
					"start":	399.001057,
					"end":	400.001079,
					"seconds":	1.0000220537185669,
					"bytes":	65321384,
					"bits_per_second":	522559547.61880237,
					"jitter_ms":	0.0514573854391833,
					"lost_packets":	14,
					"packets":	48472,
					"lost_percent":	0.028882653903284369,
					"omitted":	false,
					"sender":	false
				}],
			"sum":	{
				"start":	399.001057,
				"end":	400.001079,
				"seconds":	1.0000220537185669,
				"bytes":	65321384,
				"bits_per_second":	522559547.61880237,
				"jitter_ms":	0.0514573854391833,
				"lost_packets":	14,
				"packets":	48472,
				"lost_percent":	0.028882653903284369,
				"omitted":	false,
				"sender":	false
			}
		}, {
			"streams":	[{
					"socket":	5,
					"start":	400.001079,
					"end":	401.001055,
					"seconds":	0.99997597932815552,
					"bytes":	62803320,
					"bits_per_second":	502438628.91342711,
					"jitter_ms":	0.0063884938231422239,
					"lost_packets":	0,
					"packets":	46590,
					"lost_percent":	0,
					"omitted":	false,
					"sender":	false
				}],
			"sum":	{
				"start":	400.001079,
				"end":	401.001055,
				"seconds":	0.99997597932815552,
				"bytes":	62803320,
				"bits_per_second":	502438628.91342711,
				"jitter_ms":	0.0063884938231422239,
				"lost_packets":	0,
				"packets":	46590,
				"lost_percent":	0,
				"omitted":	false,
				"sender":	false
			}
		}, {
			"streams":	[{
					"socket":	5,
					"start":	401.001055,
					"end":	402.000296,
					"seconds":	0.99924099445343018,
					"bytes":	62295124,
					"bits_per_second":	498739538.07569313,
					"jitter_ms":	0.011512278565832352,
					"lost_packets":	0,
					"packets":	46213,
					"lost_percent":	0,
					"omitted":	false,
					"sender":	false
				}],
			"sum":	{
				"start":	401.001055,
				"end":	402.000296,
				"seconds":	0.99924099445343018,
				"bytes":	62295124,
				"bits_per_second":	498739538.07569313,
				"jitter_ms":	0.011512278565832352,
				"lost_packets":	0,
				"packets":	46213,
				"lost_percent":	0,
				"omitted":	false,
				"sender":	false
			}
		}, {
			"streams":	[{
					"socket":	5,
					"start":	402.000296,
					"end":	403.001056,
					"seconds":	1.0007599592208862,
					"bytes":	62704916,
					"bits_per_second":	501258392.06290519,
					"jitter_ms":	0.0064487653286569666,
					"lost_packets":	0,
					"packets":	46517,
					"lost_percent":	0,
					"omitted":	false,
					"sender":	false
				}],
			"sum":	{
				"start":	402.000296,
				"end":	403.001056,
				"seconds":	1.0007599592208862,
				"bytes":	62704916,
				"bits_per_second":	501258392.06290519,
				"jitter_ms":	0.0064487653286569666,
				"lost_packets":	0,
				"packets":	46517,
				"lost_percent":	0,
				"omitted":	false,
				"sender":	false
			}
		}, {
			"streams":	[{
					"socket":	5,
					"start":	403.001056,
					"end":	404.001247,
					"seconds":	1.0001909732818604,
					"bytes":	62303212,
					"bits_per_second":	498330528.18358159,
					"jitter_ms":	0.0083202723665854461,
					"lost_packets":	0,
					"packets":	46219,
					"lost_percent":	0,
					"omitted":	false,
					"sender":	false
				}],
			"sum":	{
				"start":	403.001056,
				"end":	404.001247,
				"seconds":	1.0001909732818604,
				"bytes":	62303212,
				"bits_per_second":	498330528.18358159,
				"jitter_ms":	0.0083202723665854461,
				"lost_packets":	0,
				"packets":	46219,
				"lost_percent":	0,
				"omitted":	false,
				"sender":	false
			}
		}, {
			"streams":	[{
					"socket":	5,
					"start":	404.001247,
					"end":	405.001055,
					"seconds":	0.99980801343917847,
					"bytes":	62570116,
					"bits_per_second":	500657047.42468613,
					"jitter_ms":	0.0067458807052794825,
					"lost_packets":	0,
					"packets":	46417,
					"lost_percent":	0,
					"omitted":	false,
					"sender":	false
				}],
			"sum":	{
				"start":	404.001247,
				"end":	405.001055,
				"seconds":	0.99980801343917847,
				"bytes":	62570116,
				"bits_per_second":	500657047.42468613,
				"jitter_ms":	0.0067458807052794825,
				"lost_packets":	0,
				"packets":	46417,
				"lost_percent":	0,
				"omitted":	false,
				"sender":	false
			}
		}, {
			"streams":	[{
					"socket":	5,
					"start":	405.001055,
					"end":	406.000175,
					"seconds":	0.999119997024536,
					"bytes":	62532372,
					"bits_per_second":	500699593.13176948,
					"jitter_ms":	0.019890245026421359,
					"lost_packets":	0,
					"packets":	46389,
					"lost_percent":	0,
					"omitted":	false,
					"sender":	false
				}],
			"sum":	{
				"start":	405.001055,
				"end":	406.000175,
				"seconds":	0.999119997024536,
				"bytes":	62532372,
				"bits_per_second":	500699593.13176948,
				"jitter_ms":	0.019890245026421359,
				"lost_packets":	0,
				"packets":	46389,
				"lost_percent":	0,
				"omitted":	false,
				"sender":	false
			}
		}, {
			"streams":	[{
					"socket":	5,
					"start":	406.000175,
					"end":	407.001066,
					"seconds":	1.0008909702301025,
					"bytes":	62522936,
					"bits_per_second":	499738236.10878313,
					"jitter_ms":	0.0081157771690063,
					"lost_packets":	0,
					"packets":	46382,
					"lost_percent":	0,
					"omitted":	false,
					"sender":	false
				}],
			"sum":	{
				"start":	406.000175,
				"end":	407.001066,
				"seconds":	1.0008909702301025,
				"bytes":	62522936,
				"bits_per_second":	499738236.10878313,
				"jitter_ms":	0.0081157771690063,
				"lost_packets":	0,
				"packets":	46382,
				"lost_percent":	0,
				"omitted":	false,
				"sender":	false
			}
		}, {
			"streams":	[{
					"socket":	5,
					"start":	407.001066,
					"end":	408.001064,
					"seconds":	0.99999797344207764,
					"bytes":	62005304,
					"bits_per_second":	496043437.26075763,
					"jitter_ms":	0.0073531442737838973,
					"lost_packets":	0,
					"packets":	45998,
					"lost_percent":	0,
					"omitted":	false,
					"sender":	false
				}],
			"sum":	{
				"start":	407.001066,
				"end":	408.001064,
				"seconds":	0.99999797344207764,
				"bytes":	62005304,
				"bits_per_second":	496043437.26075763,
				"jitter_ms":	0.0073531442737838973,
				"lost_packets":	0,
				"packets":	45998,
				"lost_percent":	0,
				"omitted":	false,
				"sender":	false
			}
		}, {
			"streams":	[{
					"socket":	5,
					"start":	408.001064,
					"end":	409.001064,
					"seconds":	1,
					"bytes":	61615732,
					"bits_per_second":	492925856,
					"jitter_ms":	0.00952197151083185,
					"lost_packets":	0,
					"packets":	45709,
					"lost_percent":	0,
					"omitted":	false,
					"sender":	false
				}],
			"sum":	{
				"start":	408.001064,
				"end":	409.001064,
				"seconds":	1,
				"bytes":	61615732,
				"bits_per_second":	492925856,
				"jitter_ms":	0.00952197151083185,
				"lost_packets":	0,
				"packets":	45709,
				"lost_percent":	0,
				"omitted":	false,
				"sender":	false
			}
		}, {
			"streams":	[{
					"socket":	5,
					"start":	409.001064,
					"end":	410.000161,
					"seconds":	0.99909698963165283,
					"bytes":	63757704,
					"bits_per_second":	510522639.23650652,
					"jitter_ms":	0.10548588619861689,
					"lost_packets":	0,
					"packets":	47301,
					"lost_percent":	0,
					"omitted":	false,
					"sender":	false
				}],
			"sum":	{
				"start":	409.001064,
				"end":	410.000161,
				"seconds":	0.99909698963165283,
				"bytes":	63757704,
				"bits_per_second":	510522639.23650652,
				"jitter_ms":	0.10548588619861689,
				"lost_packets":	0,
				"packets":	47301,
				"lost_percent":	0,
				"omitted":	false,
				"sender":	false
			}
		}, {
			"streams":	[{
					"socket":	5,
					"start":	410.000161,
					"end":	411.001067,
					"seconds":	1.0009059906005859,
					"bytes":	62017436,
					"bits_per_second":	495690397.159373,
					"jitter_ms":	0.031665480044427846,
					"lost_packets":	0,
					"packets":	46010,
					"lost_percent":	0,
					"omitted":	false,
					"sender":	false
				}],
			"sum":	{
				"start":	410.000161,
				"end":	411.001067,
				"seconds":	1.0009059906005859,
				"bytes":	62017436,
				"bits_per_second":	495690397.159373,
				"jitter_ms":	0.031665480044427846,
				"lost_packets":	0,
				"packets":	46010,
				"lost_percent":	0,
				"omitted":	false,
				"sender":	false
			}
		}, {
			"streams":	[{
					"socket":	5,
					"start":	411.001067,
					"end":	412.001056,
					"seconds":	0.99998897314071655,
					"bytes":	63167280,
					"bits_per_second":	505343812.35510862,
					"jitter_ms":	0.00761727642911327,
					"lost_packets":	0,
					"packets":	46860,
					"lost_percent":	0,
					"omitted":	false,
					"sender":	false
				}],
			"sum":	{
				"start":	411.001067,
				"end":	412.001056,
				"seconds":	0.99998897314071655,
				"bytes":	63167280,
				"bits_per_second":	505343812.35510862,
				"jitter_ms":	0.00761727642911327,
				"lost_packets":	0,
				"packets":	46860,
				"lost_percent":	0,
				"omitted":	false,
				"sender":	false
			}
		}, {
			"streams":	[{
					"socket":	5,
					"start":	412.001056,
					"end":	413.000148,
					"seconds":	0.9990919828414917,
					"bytes":	62351740,
					"bits_per_second":	499267263.241705,
					"jitter_ms":	0.022546023620578587,
					"lost_packets":	0,
					"packets":	46258,
					"lost_percent":	0,
					"omitted":	false,
					"sender":	false
				}],
			"sum":	{
				"start":	412.001056,
				"end":	413.000148,
				"seconds":	0.9990919828414917,
				"bytes":	62351740,
				"bits_per_second":	499267263.241705,
				"jitter_ms":	0.022546023620578587,
				"lost_packets":	0,
				"packets":	46258,
				"lost_percent":	0,
				"omitted":	false,
				"sender":	false
			}
		}, {
			"streams":	[{
					"socket":	5,
					"start":	413.000148,
					"end":	414.001068,
					"seconds":	1.0009200572967529,
					"bytes":	62586292,
					"bits_per_second":	500230095.65044141,
					"jitter_ms":	0.054025868952838146,
					"lost_packets":	0,
					"packets":	46432,
					"lost_percent":	0,
					"omitted":	false,
					"sender":	false
				}],
			"sum":	{
				"start":	413.000148,
				"end":	414.001068,
				"seconds":	1.0009200572967529,
				"bytes":	62586292,
				"bits_per_second":	500230095.65044141,
				"jitter_ms":	0.054025868952838146,
				"lost_packets":	0,
				"packets":	46432,
				"lost_percent":	0,
				"omitted":	false,
				"sender":	false
			}
		}, {
			"streams":	[{
					"socket":	5,
					"start":	414.001068,
					"end":	415.00015,
					"seconds":	0.99908202886581421,
					"bytes":	61688524,
					"bits_per_second":	493961634.52188635,
					"jitter_ms":	0.0510032618766404,
					"lost_packets":	0,
					"packets":	45763,
					"lost_percent":	0,
					"omitted":	false,
					"sender":	false
				}],
			"sum":	{
				"start":	414.001068,
				"end":	415.00015,
				"seconds":	0.99908202886581421,
				"bytes":	61688524,
				"bits_per_second":	493961634.52188635,
				"jitter_ms":	0.0510032618766404,
				"lost_packets":	0,
				"packets":	45763,
				"lost_percent":	0,
				"omitted":	false,
				"sender":	false
			}
		}, {
			"streams":	[{
					"socket":	5,
					"start":	415.00015,
					"end":	416.001063,
					"seconds":	1.0009130239486694,
					"bytes":	62955644,
					"bits_per_second":	503185731.37662441,
					"jitter_ms":	0.060760178754926154,
					"lost_packets":	0,
					"packets":	46703,
					"lost_percent":	0,
					"omitted":	false,
					"sender":	false
				}],
			"sum":	{
				"start":	415.00015,
				"end":	416.001063,
				"seconds":	1.0009130239486694,
				"bytes":	62955644,
				"bits_per_second":	503185731.37662441,
				"jitter_ms":	0.060760178754926154,
				"lost_packets":	0,
				"packets":	46703,
				"lost_percent":	0,
				"omitted":	false,
				"sender":	false
			}
		}, {
			"streams":	[{
					"socket":	5,
					"start":	416.001063,
					"end":	417.001066,
					"seconds":	1.0000029802322388,
					"bytes":	62753444,
					"bits_per_second":	502026055.84576368,
					"jitter_ms":	0.01982355845013482,
					"lost_packets":	0,
					"packets":	46553,
					"lost_percent":	0,
					"omitted":	false,
					"sender":	false
				}],
			"sum":	{
				"start":	416.001063,
				"end":	417.001066,
				"seconds":	1.0000029802322388,
				"bytes":	62753444,
				"bits_per_second":	502026055.84576368,
				"jitter_ms":	0.01982355845013482,
				"lost_packets":	0,
				"packets":	46553,
				"lost_percent":	0,
				"omitted":	false,
				"sender":	false
			}
		}, {
			"streams":	[{
					"socket":	5,
					"start":	417.001066,
					"end":	418.000145,
					"seconds":	0.99907898902893066,
					"bytes":	62138756,
					"bits_per_second":	497568313.87593621,
					"jitter_ms":	0.041757177828693155,
					"lost_packets":	0,
					"packets":	46097,
					"lost_percent":	0,
					"omitted":	false,
					"sender":	false
				}],
			"sum":	{
				"start":	417.001066,
				"end":	418.000145,
				"seconds":	0.99907898902893066,
				"bytes":	62138756,
				"bits_per_second":	497568313.87593621,
				"jitter_ms":	0.041757177828693155,
				"lost_packets":	0,
				"packets":	46097,
				"lost_percent":	0,
				"omitted":	false,
				"sender":	false
			}
		}, {
			"streams":	[{
					"socket":	5,
					"start":	418.000145,
					"end":	419.00016,
					"seconds":	1.0000150203704834,
					"bytes":	62316692,
					"bits_per_second":	498526047.95406413,
					"jitter_ms":	0.010009370761470966,
					"lost_packets":	0,
					"packets":	46229,
					"lost_percent":	0,
					"omitted":	false,
					"sender":	false
				}],
			"sum":	{
				"start":	418.000145,
				"end":	419.00016,
				"seconds":	1.0000150203704834,
				"bytes":	62316692,
				"bits_per_second":	498526047.95406413,
				"jitter_ms":	0.010009370761470966,
				"lost_packets":	0,
				"packets":	46229,
				"lost_percent":	0,
				"omitted":	false,
				"sender":	false
			}
		}, {
			"streams":	[{
					"socket":	5,
					"start":	419.00016,
					"end":	420.001065,
					"seconds":	1.0009050369262695,
					"bytes":	63199632,
					"bits_per_second":	505139885.75046426,
					"jitter_ms":	0.0066801612764552949,
					"lost_packets":	0,
					"packets":	46884,
					"lost_percent":	0,
					"omitted":	false,
					"sender":	false
				}],
			"sum":	{
				"start":	419.00016,
				"end":	420.001065,
				"seconds":	1.0009050369262695,
				"bytes":	63199632,
				"bits_per_second":	505139885.75046426,
				"jitter_ms":	0.0066801612764552949,
				"lost_packets":	0,
				"packets":	46884,
				"lost_percent":	0,
				"omitted":	false,
				"sender":	false
			}
		}, {
			"streams":	[{
					"socket":	5,
					"start":	420.001065,
					"end":	421.001059,
					"seconds":	0.99999397993087769,
					"bytes":	62498672,
					"bits_per_second":	499992385.98872429,
					"jitter_ms":	0.00695232895178535,
					"lost_packets":	0,
					"packets":	46364,
					"lost_percent":	0,
					"omitted":	false,
					"sender":	false
				}],
			"sum":	{
				"start":	420.001065,
				"end":	421.001059,
				"seconds":	0.99999397993087769,
				"bytes":	62498672,
				"bits_per_second":	499992385.98872429,
				"jitter_ms":	0.00695232895178535,
				"lost_packets":	0,
				"packets":	46364,
				"lost_percent":	0,
				"omitted":	false,
				"sender":	false
			}
		}, {
			"streams":	[{
					"socket":	5,
					"start":	421.001059,
					"end":	422.000072,
					"seconds":	0.99901300668716431,
					"bytes":	62315344,
					"bits_per_second":	499015276.74114639,
					"jitter_ms":	0.00620667999040683,
					"lost_packets":	0,
					"packets":	46228,
					"lost_percent":	0,
					"omitted":	false,
					"sender":	false
				}],
			"sum":	{
				"start":	421.001059,
				"end":	422.000072,
				"seconds":	0.99901300668716431,
				"bytes":	62315344,
				"bits_per_second":	499015276.74114639,
				"jitter_ms":	0.00620667999040683,
				"lost_packets":	0,
				"packets":	46228,
				"lost_percent":	0,
				"omitted":	false,
				"sender":	false
			}
		}, {
			"streams":	[{
					"socket":	5,
					"start":	422.000072,
					"end":	423.000154,
					"seconds":	1.0000820159912109,
					"bytes":	62548548,
					"bits_per_second":	500347347.51634371,
					"jitter_ms":	0.014864058622517308,
					"lost_packets":	0,
					"packets":	46404,
					"lost_percent":	0,
					"omitted":	false,
					"sender":	false
				}],
			"sum":	{
				"start":	422.000072,
				"end":	423.000154,
				"seconds":	1.0000820159912109,
				"bytes":	62548548,
				"bits_per_second":	500347347.51634371,
				"jitter_ms":	0.014864058622517308,
				"lost_packets":	0,
				"packets":	46404,
				"lost_percent":	0,
				"omitted":	false,
				"sender":	false
			}
		}, {
			"streams":	[{
					"socket":	5,
					"start":	423.000154,
					"end":	424.000168,
					"seconds":	1.0000139474868774,
					"bytes":	62574160,
					"bits_per_second":	500586298.07917649,
					"jitter_ms":	0.054615909877252268,
					"lost_packets":	0,
					"packets":	46424,
					"lost_percent":	0,
					"omitted":	false,
					"sender":	false
				}],
			"sum":	{
				"start":	423.000154,
				"end":	424.000168,
				"seconds":	1.0000139474868774,
				"bytes":	62574160,
				"bits_per_second":	500586298.07917649,
				"jitter_ms":	0.054615909877252268,
				"lost_packets":	0,
				"packets":	46424,
				"lost_percent":	0,
				"omitted":	false,
				"sender":	false
			}
		}, {
			"streams":	[{
					"socket":	5,
					"start":	424.000168,
					"end":	425.001065,
					"seconds":	1.0008970499038696,
					"bytes":	61234248,
					"bits_per_second":	489434936.43731844,
					"jitter_ms":	0.0082767464028613638,
					"lost_packets":	0,
					"packets":	45426,
					"lost_percent":	0,
					"omitted":	false,
					"sender":	false
				}],
			"sum":	{
				"start":	424.000168,
				"end":	425.001065,
				"seconds":	1.0008970499038696,
				"bytes":	61234248,
				"bits_per_second":	489434936.43731844,
				"jitter_ms":	0.0082767464028613638,
				"lost_packets":	0,
				"packets":	45426,
				"lost_percent":	0,
				"omitted":	false,
				"sender":	false
			}
		}, {
			"streams":	[{
					"socket":	5,
					"start":	425.001065,
					"end":	426.000158,
					"seconds":	0.999092996120453,
					"bytes":	63539328,
					"bits_per_second":	508776085.88371736,
					"jitter_ms":	0.026145599468346891,
					"lost_packets":	134,
					"packets":	47271,
					"lost_percent":	0.283471896088511,
					"omitted":	false,
					"sender":	false
				}],
			"sum":	{
				"start":	425.001065,
				"end":	426.000158,
				"seconds":	0.999092996120453,
				"bytes":	63539328,
				"bits_per_second":	508776085.88371736,
				"jitter_ms":	0.026145599468346891,
				"lost_packets":	134,
				"packets":	47271,
				"lost_percent":	0.283471896088511,
				"omitted":	false,
				"sender":	false
			}
		}, {
			"streams":	[{
					"socket":	5,
					"start":	426.000158,
					"end":	427.001066,
					"seconds":	1.0009080171585083,
					"bytes":	62637516,
					"bits_per_second":	500645533.26546443,
					"jitter_ms":	0.015303594272231385,
					"lost_packets":	0,
					"packets":	46469,
					"lost_percent":	0,
					"omitted":	false,
					"sender":	false
				}],
			"sum":	{
				"start":	426.000158,
				"end":	427.001066,
				"seconds":	1.0009080171585083,
				"bytes":	62637516,
				"bits_per_second":	500645533.26546443,
				"jitter_ms":	0.015303594272231385,
				"lost_packets":	0,
				"packets":	46469,
				"lost_percent":	0,
				"omitted":	false,
				"sender":	false
			}
		}, {
			"streams":	[{
					"socket":	5,
					"start":	427.001066,
					"end":	428.001063,
					"seconds":	0.99999701976776123,
					"bytes":	60953864,
					"bits_per_second":	487632365.25769562,
					"jitter_ms":	0.6593126836514237,
					"lost_packets":	0,
					"packets":	45218,
					"lost_percent":	0,
					"omitted":	false,
					"sender":	false
				}],
			"sum":	{
				"start":	427.001066,
				"end":	428.001063,
				"seconds":	0.99999701976776123,
				"bytes":	60953864,
				"bits_per_second":	487632365.25769562,
				"jitter_ms":	0.6593126836514237,
				"lost_packets":	0,
				"packets":	45218,
				"lost_percent":	0,
				"omitted":	false,
				"sender":	false
			}
		}, {
			"streams":	[{
					"socket":	5,
					"start":	428.001063,
					"end":	429.001058,
					"seconds":	0.999994993209839,
					"bytes":	62725136,
					"bits_per_second":	501803600.42532945,
					"jitter_ms":	0.018773786300874645,
					"lost_packets":	0,
					"packets":	46532,
					"lost_percent":	0,
					"omitted":	false,
					"sender":	false
				}],
			"sum":	{
				"start":	428.001063,
				"end":	429.001058,
				"seconds":	0.999994993209839,
				"bytes":	62725136,
				"bits_per_second":	501803600.42532945,
				"jitter_ms":	0.018773786300874645,
				"lost_packets":	0,
				"packets":	46532,
				"lost_percent":	0,
				"omitted":	false,
				"sender":	false
			}
		}, {
			"streams":	[{
					"socket":	5,
					"start":	429.001058,
					"end":	430.000163,
					"seconds":	0.99910497665405273,
					"bytes":	63674128,
					"bits_per_second":	509849351.07212561,
					"jitter_ms":	0.033717149038032433,
					"lost_packets":	0,
					"packets":	47236,
					"lost_percent":	0,
					"omitted":	false,
					"sender":	false
				}],
			"sum":	{
				"start":	429.001058,
				"end":	430.000163,
				"seconds":	0.99910497665405273,
				"bytes":	63674128,
				"bits_per_second":	509849351.07212561,
				"jitter_ms":	0.033717149038032433,
				"lost_packets":	0,
				"packets":	47236,
				"lost_percent":	0,
				"omitted":	false,
				"sender":	false
			}
		}, {
			"streams":	[{
					"socket":	5,
					"start":	430.000163,
					"end":	431.000184,
					"seconds":	1.0000209808349609,
					"bytes":	62500020,
					"bits_per_second":	499989669.79925579,
					"jitter_ms":	0.0336150703838495,
					"lost_packets":	0,
					"packets":	46365,
					"lost_percent":	0,
					"omitted":	false,
					"sender":	false
				}],
			"sum":	{
				"start":	430.000163,
				"end":	431.000184,
				"seconds":	1.0000209808349609,
				"bytes":	62500020,
				"bits_per_second":	499989669.79925579,
				"jitter_ms":	0.0336150703838495,
				"lost_packets":	0,
				"packets":	46365,
				"lost_percent":	0,
				"omitted":	false,
				"sender":	false
			}
		}, {
			"streams":	[{
					"socket":	5,
					"start":	431.000184,
					"end":	432.000214,
					"seconds":	1.0000300407409668,
					"bytes":	61286820,
					"bits_per_second":	490279831.63057673,
					"jitter_ms":	0.00810789361107184,
					"lost_packets":	0,
					"packets":	45465,
					"lost_percent":	0,
					"omitted":	false,
					"sender":	false
				}],
			"sum":	{
				"start":	431.000184,
				"end":	432.000214,
				"seconds":	1.0000300407409668,
				"bytes":	61286820,
				"bits_per_second":	490279831.63057673,
				"jitter_ms":	0.00810789361107184,
				"lost_packets":	0,
				"packets":	45465,
				"lost_percent":	0,
				"omitted":	false,
				"sender":	false
			}
		}, {
			"streams":	[{
					"socket":	5,
					"start":	432.000214,
					"end":	433.001057,
					"seconds":	1.0008430480957031,
					"bytes":	63850716,
					"bits_per_second":	510375456.94293064,
					"jitter_ms":	0.019755785705441224,
					"lost_packets":	0,
					"packets":	47367,
					"lost_percent":	0,
					"omitted":	false,
					"sender":	false
				}],
			"sum":	{
				"start":	432.000214,
				"end":	433.001057,
				"seconds":	1.0008430480957031,
				"bytes":	63850716,
				"bits_per_second":	510375456.94293064,
				"jitter_ms":	0.019755785705441224,
				"lost_packets":	0,
				"packets":	47367,
				"lost_percent":	0,
				"omitted":	false,
				"sender":	false
			}
		}, {
			"streams":	[{
					"socket":	5,
					"start":	433.001057,
					"end":	434.001055,
					"seconds":	0.99999797344207764,
					"bytes":	61239640,
					"bits_per_second":	489918112.847433,
					"jitter_ms":	0.075010924015484079,
					"lost_packets":	0,
					"packets":	45430,
					"lost_percent":	0,
					"omitted":	false,
					"sender":	false
				}],
			"sum":	{
				"start":	433.001057,
				"end":	434.001055,
				"seconds":	0.99999797344207764,
				"bytes":	61239640,
				"bits_per_second":	489918112.847433,
				"jitter_ms":	0.075010924015484079,
				"lost_packets":	0,
				"packets":	45430,
				"lost_percent":	0,
				"omitted":	false,
				"sender":	false
			}
		}, {
			"streams":	[{
					"socket":	5,
					"start":	434.001055,
					"end":	435.001055,
					"seconds":	1,
					"bytes":	63622904,
					"bits_per_second":	508983232,
					"jitter_ms":	0.033636210113874236,
					"lost_packets":	0,
					"packets":	47198,
					"lost_percent":	0,
					"omitted":	false,
					"sender":	false
				}],
			"sum":	{
				"start":	434.001055,
				"end":	435.001055,
				"seconds":	1,
				"bytes":	63622904,
				"bits_per_second":	508983232,
				"jitter_ms":	0.033636210113874236,
				"lost_packets":	0,
				"packets":	47198,
				"lost_percent":	0,
				"omitted":	false,
				"sender":	false
			}
		}, {
			"streams":	[{
					"socket":	5,
					"start":	435.001055,
					"end":	436.00016,
					"seconds":	0.99910497665405273,
					"bytes":	62482496,
					"bits_per_second":	500307755.12099177,
					"jitter_ms":	0.007436988810994998,
					"lost_packets":	0,
					"packets":	46352,
					"lost_percent":	0,
					"omitted":	false,
					"sender":	false
				}],
			"sum":	{
				"start":	435.001055,
				"end":	436.00016,
				"seconds":	0.99910497665405273,
				"bytes":	62482496,
				"bits_per_second":	500307755.12099177,
				"jitter_ms":	0.007436988810994998,
				"lost_packets":	0,
				"packets":	46352,
				"lost_percent":	0,
				"omitted":	false,
				"sender":	false
			}
		}, {
			"streams":	[{
					"socket":	5,
					"start":	436.00016,
					"end":	437.000168,
					"seconds":	1.0000079870224,
					"bytes":	62196720,
					"bits_per_second":	497569785.89897454,
					"jitter_ms":	0.090200814722047731,
					"lost_packets":	0,
					"packets":	46140,
					"lost_percent":	0,
					"omitted":	false,
					"sender":	false
				}],
			"sum":	{
				"start":	436.00016,
				"end":	437.000168,
				"seconds":	1.0000079870224,
				"bytes":	62196720,
				"bits_per_second":	497569785.89897454,
				"jitter_ms":	0.090200814722047731,
				"lost_packets":	0,
				"packets":	46140,
				"lost_percent":	0,
				"omitted":	false,
				"sender":	false
			}
		}, {
			"streams":	[{
					"socket":	5,
					"start":	437.000168,
					"end":	438.000167,
					"seconds":	0.99999898672103882,
					"bytes":	62721092,
					"bits_per_second":	501769244.43221873,
					"jitter_ms":	0.011577957964401949,
					"lost_packets":	0,
					"packets":	46529,
					"lost_percent":	0,
					"omitted":	false,
					"sender":	false
				}],
			"sum":	{
				"start":	437.000168,
				"end":	438.000167,
				"seconds":	0.99999898672103882,
				"bytes":	62721092,
				"bits_per_second":	501769244.43221873,
				"jitter_ms":	0.011577957964401949,
				"lost_packets":	0,
				"packets":	46529,
				"lost_percent":	0,
				"omitted":	false,
				"sender":	false
			}
		}, {
			"streams":	[{
					"socket":	5,
					"start":	438.000167,
					"end":	439.001059,
					"seconds":	1.0008920431137085,
					"bytes":	62177848,
					"bits_per_second":	496979456.8978197,
					"jitter_ms":	0.017245402408689537,
					"lost_packets":	0,
					"packets":	46126,
					"lost_percent":	0,
					"omitted":	false,
					"sender":	false
				}],
			"sum":	{
				"start":	438.000167,
				"end":	439.001059,
				"seconds":	1.0008920431137085,
				"bytes":	62177848,
				"bits_per_second":	496979456.8978197,
				"jitter_ms":	0.017245402408689537,
				"lost_packets":	0,
				"packets":	46126,
				"lost_percent":	0,
				"omitted":	false,
				"sender":	false
			}
		}, {
			"streams":	[{
					"socket":	5,
					"start":	439.001059,
					"end":	440.001059,
					"seconds":	1,
					"bytes":	62593032,
					"bits_per_second":	500744256,
					"jitter_ms":	0.0058866026044528423,
					"lost_packets":	0,
					"packets":	46434,
					"lost_percent":	0,
					"omitted":	false,
					"sender":	false
				}],
			"sum":	{
				"start":	439.001059,
				"end":	440.001059,
				"seconds":	1,
				"bytes":	62593032,
				"bits_per_second":	500744256,
				"jitter_ms":	0.0058866026044528423,
				"lost_packets":	0,
				"packets":	46434,
				"lost_percent":	0,
				"omitted":	false,
				"sender":	false
			}
		}, {
			"streams":	[{
					"socket":	5,
					"start":	440.001059,
					"end":	441.000158,
					"seconds":	0.9990990161895752,
					"bytes":	62828932,
					"bits_per_second":	503084727.19447422,
					"jitter_ms":	0.033588802770332944,
					"lost_packets":	0,
					"packets":	46609,
					"lost_percent":	0,
					"omitted":	false,
					"sender":	false
				}],
			"sum":	{
				"start":	440.001059,
				"end":	441.000158,
				"seconds":	0.9990990161895752,
				"bytes":	62828932,
				"bits_per_second":	503084727.19447422,
				"jitter_ms":	0.033588802770332944,
				"lost_packets":	0,
				"packets":	46609,
				"lost_percent":	0,
				"omitted":	false,
				"sender":	false
			}
		}, {
			"streams":	[{
					"socket":	5,
					"start":	441.000158,
					"end":	442.001091,
					"seconds":	1.000933051109314,
					"bytes":	62605164,
					"bits_per_second":	500374437.07641351,
					"jitter_ms":	0.0064575381033443336,
					"lost_packets":	0,
					"packets":	46443,
					"lost_percent":	0,
					"omitted":	false,
					"sender":	false
				}],
			"sum":	{
				"start":	441.000158,
				"end":	442.001091,
				"seconds":	1.000933051109314,
				"bytes":	62605164,
				"bits_per_second":	500374437.07641351,
				"jitter_ms":	0.0064575381033443336,
				"lost_packets":	0,
				"packets":	46443,
				"lost_percent":	0,
				"omitted":	false,
				"sender":	false
			}
		}, {
			"streams":	[{
					"socket":	5,
					"start":	442.001091,
					"end":	443.000177,
					"seconds":	0.999086022377014,
					"bytes":	62394876,
					"bits_per_second":	499615645.520099,
					"jitter_ms":	0.033608083510112741,
					"lost_packets":	0,
					"packets":	46287,
					"lost_percent":	0,
					"omitted":	false,
					"sender":	false
				}],
			"sum":	{
				"start":	442.001091,
				"end":	443.000177,
				"seconds":	0.999086022377014,
				"bytes":	62394876,
				"bits_per_second":	499615645.520099,
				"jitter_ms":	0.033608083510112741,
				"lost_packets":	0,
				"packets":	46287,
				"lost_percent":	0,
				"omitted":	false,
				"sender":	false
			}
		}, {
			"streams":	[{
					"socket":	5,
					"start":	443.000177,
					"end":	444.000156,
					"seconds":	0.999979019165039,
					"bytes":	62331520,
					"bits_per_second":	498662622.35818088,
					"jitter_ms":	0.014970947664102304,
					"lost_packets":	0,
					"packets":	46240,
					"lost_percent":	0,
					"omitted":	false,
					"sender":	false
				}],
			"sum":	{
				"start":	443.000177,
				"end":	444.000156,
				"seconds":	0.999979019165039,
				"bytes":	62331520,
				"bits_per_second":	498662622.35818088,
				"jitter_ms":	0.014970947664102304,
				"lost_packets":	0,
				"packets":	46240,
				"lost_percent":	0,
				"omitted":	false,
				"sender":	false
			}
		}, {
			"streams":	[{
					"socket":	5,
					"start":	444.000156,
					"end":	445.001063,
					"seconds":	1.0009069442749023,
					"bytes":	61702004,
					"bits_per_second":	493168755.42071044,
					"jitter_ms":	0.00859298582510498,
					"lost_packets":	0,
					"packets":	45773,
					"lost_percent":	0,
					"omitted":	false,
					"sender":	false
				}],
			"sum":	{
				"start":	444.000156,
				"end":	445.001063,
				"seconds":	1.0009069442749023,
				"bytes":	61702004,
				"bits_per_second":	493168755.42071044,
				"jitter_ms":	0.00859298582510498,
				"lost_packets":	0,
				"packets":	45773,
				"lost_percent":	0,
				"omitted":	false,
				"sender":	false
			}
		}, {
			"streams":	[{
					"socket":	5,
					"start":	445.001063,
					"end":	446.001075,
					"seconds":	1.0000120401382446,
					"bytes":	63157844,
					"bits_per_second":	505256668.63986057,
					"jitter_ms":	0.028158240023820238,
					"lost_packets":	0,
					"packets":	46853,
					"lost_percent":	0,
					"omitted":	false,
					"sender":	false
				}],
			"sum":	{
				"start":	445.001063,
				"end":	446.001075,
				"seconds":	1.0000120401382446,
				"bytes":	63157844,
				"bits_per_second":	505256668.63986057,
				"jitter_ms":	0.028158240023820238,
				"lost_packets":	0,
				"packets":	46853,
				"lost_percent":	0,
				"omitted":	false,
				"sender":	false
			}
		}, {
			"streams":	[{
					"socket":	5,
					"start":	446.001075,
					"end":	447.000159,
					"seconds":	0.9990839958190918,
					"bytes":	62841064,
					"bits_per_second":	503189435.626823,
					"jitter_ms":	0.0086415521176386647,
					"lost_packets":	0,
					"packets":	46618,
					"lost_percent":	0,
					"omitted":	false,
					"sender":	false
				}],
			"sum":	{
				"start":	446.001075,
				"end":	447.000159,
				"seconds":	0.9990839958190918,
				"bytes":	62841064,
				"bits_per_second":	503189435.626823,
				"jitter_ms":	0.0086415521176386647,
				"lost_packets":	0,
				"packets":	46618,
				"lost_percent":	0,
				"omitted":	false,
				"sender":	false
			}
		}, {
			"streams":	[{
					"socket":	5,
					"start":	447.000159,
					"end":	448.000158,
					"seconds":	0.99999898672103882,
					"bytes":	62521588,
					"bits_per_second":	500173210.81499147,
					"jitter_ms":	0.042838572980963975,
					"lost_packets":	0,
					"packets":	46383,
					"lost_percent":	0,
					"omitted":	false,
					"sender":	false
				}],
			"sum":	{
				"start":	447.000159,
				"end":	448.000158,
				"seconds":	0.99999898672103882,
				"bytes":	62521588,
				"bits_per_second":	500173210.81499147,
				"jitter_ms":	0.042838572980963975,
				"lost_packets":	0,
				"packets":	46383,
				"lost_percent":	0,
				"omitted":	false,
				"sender":	false
			}
		}, {
			"streams":	[{
					"socket":	5,
					"start":	448.000158,
					"end":	449.001057,
					"seconds":	1.0008989572525024,
					"bytes":	62381396,
					"bits_per_second":	498602945.26623386,
					"jitter_ms":	0.02477358431784454,
					"lost_packets":	0,
					"packets":	46281,
					"lost_percent":	0,
					"omitted":	false,
					"sender":	false
				}],
			"sum":	{
				"start":	448.000158,
				"end":	449.001057,
				"seconds":	1.0008989572525024,
				"bytes":	62381396,
				"bits_per_second":	498602945.26623386,
				"jitter_ms":	0.02477358431784454,
				"lost_packets":	0,
				"packets":	46281,
				"lost_percent":	0,
				"omitted":	false,
				"sender":	false
			}
		}, {
			"streams":	[{
					"socket":	5,
					"start":	449.001057,
					"end":	450.001058,
					"seconds":	1.0000009536743164,
					"bytes":	62350392,
					"bits_per_second":	498802660.3047139,
					"jitter_ms":	0.0059042543273470438,
					"lost_packets":	0,
					"packets":	46254,
					"lost_percent":	0,
					"omitted":	false,
					"sender":	false
				}],
			"sum":	{
				"start":	449.001057,
				"end":	450.001058,
				"seconds":	1.0000009536743164,
				"bytes":	62350392,
				"bits_per_second":	498802660.3047139,
				"jitter_ms":	0.0059042543273470438,
				"lost_packets":	0,
				"packets":	46254,
				"lost_percent":	0,
				"omitted":	false,
				"sender":	false
			}
		}, {
			"streams":	[{
					"socket":	5,
					"start":	450.001058,
					"end":	451.001081,
					"seconds":	1.0000230073928833,
					"bytes":	62688740,
					"bits_per_second":	501498381.829699,
					"jitter_ms":	0.00634537895296525,
					"lost_packets":	0,
					"packets":	46505,
					"lost_percent":	0,
					"omitted":	false,
					"sender":	false
				}],
			"sum":	{
				"start":	450.001058,
				"end":	451.001081,
				"seconds":	1.0000230073928833,
				"bytes":	62688740,
				"bits_per_second":	501498381.829699,
				"jitter_ms":	0.00634537895296525,
				"lost_packets":	0,
				"packets":	46505,
				"lost_percent":	0,
				"omitted":	false,
				"sender":	false
			}
		}, {
			"streams":	[{
					"socket":	5,
					"start":	451.001081,
					"end":	452.001066,
					"seconds":	0.9999849796295166,
					"bytes":	62517544,
					"bits_per_second":	500147864.40621984,
					"jitter_ms":	0.033672204110201068,
					"lost_packets":	0,
					"packets":	46378,
					"lost_percent":	0,
					"omitted":	false,
					"sender":	false
				}],
			"sum":	{
				"start":	451.001081,
				"end":	452.001066,
				"seconds":	0.9999849796295166,
				"bytes":	62517544,
				"bits_per_second":	500147864.40621984,
				"jitter_ms":	0.033672204110201068,
				"lost_packets":	0,
				"packets":	46378,
				"lost_percent":	0,
				"omitted":	false,
				"sender":	false
			}
		}, {
			"streams":	[{
					"socket":	5,
					"start":	452.001066,
					"end":	453.001085,
					"seconds":	1.0000189542770386,
					"bytes":	62500020,
					"bits_per_second":	499990683.038077,
					"jitter_ms":	0.033646858401470824,
					"lost_packets":	0,
					"packets":	46365,
					"lost_percent":	0,
					"omitted":	false,
					"sender":	false
				}],
			"sum":	{
				"start":	452.001066,
				"end":	453.001085,
				"seconds":	1.0000189542770386,
				"bytes":	62500020,
				"bits_per_second":	499990683.038077,
				"jitter_ms":	0.033646858401470824,
				"lost_packets":	0,
				"packets":	46365,
				"lost_percent":	0,
				"omitted":	false,
				"sender":	false
			}
		}, {
			"streams":	[{
					"socket":	5,
					"start":	453.001085,
					"end":	454.000167,
					"seconds":	0.99908202886581421,
					"bytes":	62500020,
					"bits_per_second":	500459567.436734,
					"jitter_ms":	0.033440356507166154,
					"lost_packets":	0,
					"packets":	46365,
					"lost_percent":	0,
					"omitted":	false,
					"sender":	false
				}],
			"sum":	{
				"start":	453.001085,
				"end":	454.000167,
				"seconds":	0.99908202886581421,
				"bytes":	62500020,
				"bits_per_second":	500459567.436734,
				"jitter_ms":	0.033440356507166154,
				"lost_packets":	0,
				"packets":	46365,
				"lost_percent":	0,
				"omitted":	false,
				"sender":	false
			}
		}, {
			"streams":	[{
					"socket":	5,
					"start":	454.000167,
					"end":	455.001069,
					"seconds":	1.0009020566940308,
					"bytes":	62586292,
					"bits_per_second":	500239091.978465,
					"jitter_ms":	0.012261435918415897,
					"lost_packets":	0,
					"packets":	46429,
					"lost_percent":	0,
					"omitted":	false,
					"sender":	false
				}],
			"sum":	{
				"start":	454.000167,
				"end":	455.001069,
				"seconds":	1.0009020566940308,
				"bytes":	62586292,
				"bits_per_second":	500239091.978465,
				"jitter_ms":	0.012261435918415897,
				"lost_packets":	0,
				"packets":	46429,
				"lost_percent":	0,
				"omitted":	false,
				"sender":	false
			}
		}, {
			"streams":	[{
					"socket":	5,
					"start":	455.001069,
					"end":	456.000156,
					"seconds":	0.99908697605133057,
					"bytes":	62313996,
					"bits_per_second":	498967537.31117374,
					"jitter_ms":	0.011397771271126435,
					"lost_packets":	0,
					"packets":	46227,
					"lost_percent":	0,
					"omitted":	false,
					"sender":	false
				}],
			"sum":	{
				"start":	455.001069,
				"end":	456.000156,
				"seconds":	0.99908697605133057,
				"bytes":	62313996,
				"bits_per_second":	498967537.31117374,
				"jitter_ms":	0.011397771271126435,
				"lost_packets":	0,
				"packets":	46227,
				"lost_percent":	0,
				"omitted":	false,
				"sender":	false
			}
		}, {
			"streams":	[{
					"socket":	5,
					"start":	456.000156,
					"end":	457.001062,
					"seconds":	1.0009059906005859,
					"bytes":	62607860,
					"bits_per_second":	500409513.68415838,
					"jitter_ms":	0.023749311204730741,
					"lost_packets":	0,
					"packets":	46445,
					"lost_percent":	0,
					"omitted":	false,
					"sender":	false
				}],
			"sum":	{
				"start":	456.000156,
				"end":	457.001062,
				"seconds":	1.0009059906005859,
				"bytes":	62607860,
				"bits_per_second":	500409513.68415838,
				"jitter_ms":	0.023749311204730741,
				"lost_packets":	0,
				"packets":	46445,
				"lost_percent":	0,
				"omitted":	false,
				"sender":	false
			}
		}, {
			"streams":	[{
					"socket":	5,
					"start":	457.001062,
					"end":	458.001056,
					"seconds":	0.99999397993087769,
					"bytes":	60633040,
					"bits_per_second":	485067240.1383146,
					"jitter_ms":	0.016445247470156042,
					"lost_packets":	0,
					"packets":	44980,
					"lost_percent":	0,
					"omitted":	false,
					"sender":	false
				}],
			"sum":	{
				"start":	457.001062,
				"end":	458.001056,
				"seconds":	0.99999397993087769,
				"bytes":	60633040,
				"bits_per_second":	485067240.1383146,
				"jitter_ms":	0.016445247470156042,
				"lost_packets":	0,
				"packets":	44980,
				"lost_percent":	0,
				"omitted":	false,
				"sender":	false
			}
		}, {
			"streams":	[{
					"socket":	5,
					"start":	458.001056,
					"end":	459.001061,
					"seconds":	1.0000050067901611,
					"bytes":	62611904,
					"bits_per_second":	500892724.135237,
					"jitter_ms":	0.0297496262309681,
					"lost_packets":	0,
					"packets":	46448,
					"lost_percent":	0,
					"omitted":	false,
					"sender":	false
				}],
			"sum":	{
				"start":	458.001056,
				"end":	459.001061,
				"seconds":	1.0000050067901611,
				"bytes":	62611904,
				"bits_per_second":	500892724.135237,
				"jitter_ms":	0.0297496262309681,
				"lost_packets":	0,
				"packets":	46448,
				"lost_percent":	0,
				"omitted":	false,
				"sender":	false
			}
		}, {
			"streams":	[{
					"socket":	5,
					"start":	459.001061,
					"end":	460.001059,
					"seconds":	0.99999797344207764,
					"bytes":	64247028,
					"bits_per_second":	513977265.60469955,
					"jitter_ms":	0.033567509533725885,
					"lost_packets":	0,
					"packets":	47661,
					"lost_percent":	0,
					"omitted":	false,
					"sender":	false
				}],
			"sum":	{
				"start":	459.001061,
				"end":	460.001059,
				"seconds":	0.99999797344207764,
				"bytes":	64247028,
				"bits_per_second":	513977265.60469955,
				"jitter_ms":	0.033567509533725885,
				"lost_packets":	0,
				"packets":	47661,
				"lost_percent":	0,
				"omitted":	false,
				"sender":	false
			}
		}, {
			"streams":	[{
					"socket":	5,
					"start":	460.001059,
					"end":	461.001097,
					"seconds":	1.0000380277633667,
					"bytes":	62500020,
					"bits_per_second":	499981146.83526033,
					"jitter_ms":	0.033468298336434152,
					"lost_packets":	0,
					"packets":	46365,
					"lost_percent":	0,
					"omitted":	false,
					"sender":	false
				}],
			"sum":	{
				"start":	460.001059,
				"end":	461.001097,
				"seconds":	1.0000380277633667,
				"bytes":	62500020,
				"bits_per_second":	499981146.83526033,
				"jitter_ms":	0.033468298336434152,
				"lost_packets":	0,
				"packets":	46365,
				"lost_percent":	0,
				"omitted":	false,
				"sender":	false
			}
		}, {
			"streams":	[{
					"socket":	5,
					"start":	461.001097,
					"end":	462.00018,
					"seconds":	0.99908298254013062,
					"bytes":	62500020,
					"bits_per_second":	500459089.72322655,
					"jitter_ms":	0.033003238855733662,
					"lost_packets":	0,
					"packets":	46365,
					"lost_percent":	0,
					"omitted":	false,
					"sender":	false
				}],
			"sum":	{
				"start":	461.001097,
				"end":	462.00018,
				"seconds":	0.99908298254013062,
				"bytes":	62500020,
				"bits_per_second":	500459089.72322655,
				"jitter_ms":	0.033003238855733662,
				"lost_packets":	0,
				"packets":	46365,
				"lost_percent":	0,
				"omitted":	false,
				"sender":	false
			}
		}, {
			"streams":	[{
					"socket":	5,
					"start":	462.00018,
					"end":	463.001065,
					"seconds":	1.000885009765625,
					"bytes":	62501368,
					"bits_per_second":	499568820.71506542,
					"jitter_ms":	0.031503338492243765,
					"lost_packets":	0,
					"packets":	46366,
					"lost_percent":	0,
					"omitted":	false,
					"sender":	false
				}],
			"sum":	{
				"start":	462.00018,
				"end":	463.001065,
				"seconds":	1.000885009765625,
				"bytes":	62501368,
				"bits_per_second":	499568820.71506542,
				"jitter_ms":	0.031503338492243765,
				"lost_packets":	0,
				"packets":	46366,
				"lost_percent":	0,
				"omitted":	false,
				"sender":	false
			}
		}, {
			"streams":	[{
					"socket":	5,
					"start":	463.001065,
					"end":	464.000152,
					"seconds":	0.99908697605133057,
					"bytes":	61230204,
					"bits_per_second":	490289277.85245514,
					"jitter_ms":	0.22709741299962477,
					"lost_packets":	0,
					"packets":	45423,
					"lost_percent":	0,
					"omitted":	false,
					"sender":	false
				}],
			"sum":	{
				"start":	463.001065,
				"end":	464.000152,
				"seconds":	0.99908697605133057,
				"bytes":	61230204,
				"bits_per_second":	490289277.85245514,
				"jitter_ms":	0.22709741299962477,
				"lost_packets":	0,
				"packets":	45423,
				"lost_percent":	0,
				"omitted":	false,
				"sender":	false
			}
		}, {
			"streams":	[{
					"socket":	5,
					"start":	464.000152,
					"end":	465.001067,
					"seconds":	1.0009150505065918,
					"bytes":	63612120,
					"bits_per_second":	508431719.29768932,
					"jitter_ms":	0.00871151024670025,
					"lost_packets":	0,
					"packets":	47192,
					"lost_percent":	0,
					"omitted":	false,
					"sender":	false
				}],
			"sum":	{
				"start":	464.000152,
				"end":	465.001067,
				"seconds":	1.0009150505065918,
				"bytes":	63612120,
				"bits_per_second":	508431719.29768932,
				"jitter_ms":	0.00871151024670025,
				"lost_packets":	0,
				"packets":	47192,
				"lost_percent":	0,
				"omitted":	false,
				"sender":	false
			}
		}, {
			"streams":	[{
					"socket":	5,
					"start":	465.001067,
					"end":	466.001063,
					"seconds":	0.9999960064888,
					"bytes":	62168412,
					"bits_per_second":	497349282.16992861,
					"jitter_ms":	0.053100977504320343,
					"lost_packets":	0,
					"packets":	46122,
					"lost_percent":	0,
					"omitted":	false,
					"sender":	false
				}],
			"sum":	{
				"start":	465.001067,
				"end":	466.001063,
				"seconds":	0.9999960064888,
				"bytes":	62168412,
				"bits_per_second":	497349282.16992861,
				"jitter_ms":	0.053100977504320343,
				"lost_packets":	0,
				"packets":	46122,
				"lost_percent":	0,
				"omitted":	false,
				"sender":	false
			}
		}, {
			"streams":	[{
					"socket":	5,
					"start":	466.001063,
					"end":	467.001087,
					"seconds":	1.0000239610672,
					"bytes":	62899028,
					"bits_per_second":	503180167.26619858,
					"jitter_ms":	0.0064966086540058461,
					"lost_packets":	0,
					"packets":	46661,
					"lost_percent":	0,
					"omitted":	false,
					"sender":	false
				}],
			"sum":	{
				"start":	466.001063,
				"end":	467.001087,
				"seconds":	1.0000239610672,
				"bytes":	62899028,
				"bits_per_second":	503180167.26619858,
				"jitter_ms":	0.0064966086540058461,
				"lost_packets":	0,
				"packets":	46661,
				"lost_percent":	0,
				"omitted":	false,
				"sender":	false
			}
		}, {
			"streams":	[{
					"socket":	5,
					"start":	467.001087,
					"end":	468.001063,
					"seconds":	0.99997597932815552,
					"bytes":	62130668,
					"bits_per_second":	497057283.64989847,
					"jitter_ms":	0.04971197636519932,
					"lost_packets":	0,
					"packets":	46091,
					"lost_percent":	0,
					"omitted":	false,
					"sender":	false
				}],
			"sum":	{
				"start":	467.001087,
				"end":	468.001063,
				"seconds":	0.99997597932815552,
				"bytes":	62130668,
				"bits_per_second":	497057283.64989847,
				"jitter_ms":	0.04971197636519932,
				"lost_packets":	0,
				"packets":	46091,
				"lost_percent":	0,
				"omitted":	false,
				"sender":	false
			}
		}, {
			"streams":	[{
					"socket":	5,
					"start":	468.001063,
					"end":	469.000164,
					"seconds":	0.99910098314285278,
					"bytes":	62455536,
					"bits_per_second":	500093880.82902145,
					"jitter_ms":	0.026195036912562669,
					"lost_packets":	0,
					"packets":	46334,
					"lost_percent":	0,
					"omitted":	false,
					"sender":	false
				}],
			"sum":	{
				"start":	468.001063,
				"end":	469.000164,
				"seconds":	0.99910098314285278,
				"bytes":	62455536,
				"bits_per_second":	500093880.82902145,
				"jitter_ms":	0.026195036912562669,
				"lost_packets":	0,
				"packets":	46334,
				"lost_percent":	0,
				"omitted":	false,
				"sender":	false
			}
		}, {
			"streams":	[{
					"socket":	5,
					"start":	469.000164,
					"end":	470.000157,
					"seconds":	0.99999302625656128,
					"bytes":	62994736,
					"bits_per_second":	503961402.497524,
					"jitter_ms":	0.023658306107166314,
					"lost_packets":	0,
					"packets":	46736,
					"lost_percent":	0,
					"omitted":	false,
					"sender":	false
				}],
			"sum":	{
				"start":	469.000164,
				"end":	470.000157,
				"seconds":	0.99999302625656128,
				"bytes":	62994736,
				"bits_per_second":	503961402.497524,
				"jitter_ms":	0.023658306107166314,
				"lost_packets":	0,
				"packets":	46736,
				"lost_percent":	0,
				"omitted":	false,
				"sender":	false
			}
		}, {
			"streams":	[{
					"socket":	5,
					"start":	470.000157,
					"end":	471.001057,
					"seconds":	1.0009000301361084,
					"bytes":	62657736,
					"bits_per_second":	500811142.87891,
					"jitter_ms":	0.00841251362590072,
					"lost_packets":	0,
					"packets":	46482,
					"lost_percent":	0,
					"omitted":	false,
					"sender":	false
				}],
			"sum":	{
				"start":	470.000157,
				"end":	471.001057,
				"seconds":	1.0009000301361084,
				"bytes":	62657736,
				"bits_per_second":	500811142.87891,
				"jitter_ms":	0.00841251362590072,
				"lost_packets":	0,
				"packets":	46482,
				"lost_percent":	0,
				"omitted":	false,
				"sender":	false
			}
		}, {
			"streams":	[{
					"socket":	5,
					"start":	471.001057,
					"end":	472.001056,
					"seconds":	0.99999898672103882,
					"bytes":	61808496,
					"bits_per_second":	494468469.03449667,
					"jitter_ms":	0.00934241273203176,
					"lost_packets":	0,
					"packets":	45852,
					"lost_percent":	0,
					"omitted":	false,
					"sender":	false
				}],
			"sum":	{
				"start":	471.001057,
				"end":	472.001056,
				"seconds":	0.99999898672103882,
				"bytes":	61808496,
				"bits_per_second":	494468469.03449667,
				"jitter_ms":	0.00934241273203176,
				"lost_packets":	0,
				"packets":	45852,
				"lost_percent":	0,
				"omitted":	false,
				"sender":	false
			}
		}, {
			"streams":	[{
					"socket":	5,
					"start":	472.001056,
					"end":	473.001098,
					"seconds":	1.0000419616699219,
					"bytes":	63054048,
					"bits_per_second":	504411218.06296277,
					"jitter_ms":	0.010955594804606388,
					"lost_packets":	0,
					"packets":	46776,
					"lost_percent":	0,
					"omitted":	false,
					"sender":	false
				}],
			"sum":	{
				"start":	472.001056,
				"end":	473.001098,
				"seconds":	1.0000419616699219,
				"bytes":	63054048,
				"bits_per_second":	504411218.06296277,
				"jitter_ms":	0.010955594804606388,
				"lost_packets":	0,
				"packets":	46776,
				"lost_percent":	0,
				"omitted":	false,
				"sender":	false
			}
		}, {
			"streams":	[{
					"socket":	5,
					"start":	473.001098,
					"end":	474.001067,
					"seconds":	0.9999690055847168,
					"bytes":	62615948,
					"bits_per_second":	500943110.43879819,
					"jitter_ms":	0.015028517254195515,
					"lost_packets":	0,
					"packets":	46451,
					"lost_percent":	0,
					"omitted":	false,
					"sender":	false
				}],
			"sum":	{
				"start":	473.001098,
				"end":	474.001067,
				"seconds":	0.9999690055847168,
				"bytes":	62615948,
				"bits_per_second":	500943110.43879819,
				"jitter_ms":	0.015028517254195515,
				"lost_packets":	0,
				"packets":	46451,
				"lost_percent":	0,
				"omitted":	false,
				"sender":	false
			}
		}, {
			"streams":	[{
					"socket":	5,
					"start":	474.001067,
					"end":	475.001066,
					"seconds":	0.99999898672103882,
					"bytes":	61050920,
					"bits_per_second":	488407854.89340383,
					"jitter_ms":	0.024832236970258707,
					"lost_packets":	0,
					"packets":	45290,
					"lost_percent":	0,
					"omitted":	false,
					"sender":	false
				}],
			"sum":	{
				"start":	474.001067,
				"end":	475.001066,
				"seconds":	0.99999898672103882,
				"bytes":	61050920,
				"bits_per_second":	488407854.89340383,
				"jitter_ms":	0.024832236970258707,
				"lost_packets":	0,
				"packets":	45290,
				"lost_percent":	0,
				"omitted":	false,
				"sender":	false
			}
		}, {
			"streams":	[{
					"socket":	5,
					"start":	475.001066,
					"end":	476.00016,
					"seconds":	0.999094009399414,
					"bytes":	63831844,
					"bits_per_second":	511117819.94065821,
					"jitter_ms":	0.01103119265163275,
					"lost_packets":	0,
					"packets":	47353,
					"lost_percent":	0,
					"omitted":	false,
					"sender":	false
				}],
			"sum":	{
				"start":	475.001066,
				"end":	476.00016,
				"seconds":	0.999094009399414,
				"bytes":	63831844,
				"bits_per_second":	511117819.94065821,
				"jitter_ms":	0.01103119265163275,
				"lost_packets":	0,
				"packets":	47353,
				"lost_percent":	0,
				"omitted":	false,
				"sender":	false
			}
		}, {
			"streams":	[{
					"socket":	5,
					"start":	476.00016,
					"end":	477.001066,
					"seconds":	1.0009059906005859,
					"bytes":	62477104,
					"bits_per_second":	499364412.53597528,
					"jitter_ms":	0.028296505981404964,
					"lost_packets":	0,
					"packets":	46348,
					"lost_percent":	0,
					"omitted":	false,
					"sender":	false
				}],
			"sum":	{
				"start":	476.00016,
				"end":	477.001066,
				"seconds":	1.0009059906005859,
				"bytes":	62477104,
				"bits_per_second":	499364412.53597528,
				"jitter_ms":	0.028296505981404964,
				"lost_packets":	0,
				"packets":	46348,
				"lost_percent":	0,
				"omitted":	false,
				"sender":	false
			}
		}, {
			"streams":	[{
					"socket":	5,
					"start":	477.001066,
					"end":	478.001068,
					"seconds":	1.0000020265579224,
					"bytes":	62261424,
					"bits_per_second":	498090382.59098911,
					"jitter_ms":	0.017743272266680651,
					"lost_packets":	0,
					"packets":	46188,
					"lost_percent":	0,
					"omitted":	false,
					"sender":	false
				}],
			"sum":	{
				"start":	477.001066,
				"end":	478.001068,
				"seconds":	1.0000020265579224,
				"bytes":	62261424,
				"bits_per_second":	498090382.59098911,
				"jitter_ms":	0.017743272266680651,
				"lost_packets":	0,
				"packets":	46188,
				"lost_percent":	0,
				"omitted":	false,
				"sender":	false
			}
		}, {
			"streams":	[{
					"socket":	5,
					"start":	478.001068,
					"end":	479.001066,
					"seconds":	0.99999797344207764,
					"bytes":	62826236,
					"bits_per_second":	502610906.57011455,
					"jitter_ms":	0.01045655474273797,
					"lost_packets":	0,
					"packets":	46607,
					"lost_percent":	0,
					"omitted":	false,
					"sender":	false
				}],
			"sum":	{
				"start":	478.001068,
				"end":	479.001066,
				"seconds":	0.99999797344207764,
				"bytes":	62826236,
				"bits_per_second":	502610906.57011455,
				"jitter_ms":	0.01045655474273797,
				"lost_packets":	0,
				"packets":	46607,
				"lost_percent":	0,
				"omitted":	false,
				"sender":	false
			}
		}, {
			"streams":	[{
					"socket":	5,
					"start":	479.001066,
					"end":	480.001099,
					"seconds":	1.0000330209732056,
					"bytes":	62030916,
					"bits_per_second":	496230941.9713614,
					"jitter_ms":	0.037786110513397371,
					"lost_packets":	0,
					"packets":	46017,
					"lost_percent":	0,
					"omitted":	false,
					"sender":	false
				}],
			"sum":	{
				"start":	479.001066,
				"end":	480.001099,
				"seconds":	1.0000330209732056,
				"bytes":	62030916,
				"bits_per_second":	496230941.9713614,
				"jitter_ms":	0.037786110513397371,
				"lost_packets":	0,
				"packets":	46017,
				"lost_percent":	0,
				"omitted":	false,
				"sender":	false
			}
		}, {
			"streams":	[{
					"socket":	5,
					"start":	480.001099,
					"end":	481.000176,
					"seconds":	0.999077022075653,
					"bytes":	62703568,
					"bits_per_second":	502091963.798578,
					"jitter_ms":	0.018755756085761563,
					"lost_packets":	0,
					"packets":	46516,
					"lost_percent":	0,
					"omitted":	false,
					"sender":	false
				}],
			"sum":	{
				"start":	480.001099,
				"end":	481.000176,
				"seconds":	0.999077022075653,
				"bytes":	62703568,
				"bits_per_second":	502091963.798578,
				"jitter_ms":	0.018755756085761563,
				"lost_packets":	0,
				"packets":	46516,
				"lost_percent":	0,
				"omitted":	false,
				"sender":	false
			}
		}, {
			"streams":	[{
					"socket":	5,
					"start":	481.000176,
					"end":	482.001071,
					"seconds":	1.0008950233459473,
					"bytes":	62682000,
					"bits_per_second":	501007586.51357365,
					"jitter_ms":	0.0236958566603608,
					"lost_packets":	0,
					"packets":	46500,
					"lost_percent":	0,
					"omitted":	false,
					"sender":	false
				}],
			"sum":	{
				"start":	481.000176,
				"end":	482.001071,
				"seconds":	1.0008950233459473,
				"bytes":	62682000,
				"bits_per_second":	501007586.51357365,
				"jitter_ms":	0.0236958566603608,
				"lost_packets":	0,
				"packets":	46500,
				"lost_percent":	0,
				"omitted":	false,
				"sender":	false
			}
		}, {
			"streams":	[{
					"socket":	5,
					"start":	482.001071,
					"end":	483.000207,
					"seconds":	0.999135971069336,
					"bytes":	62520240,
					"bits_per_second":	500594448.08567584,
					"jitter_ms":	0.010472736558039165,
					"lost_packets":	0,
					"packets":	46380,
					"lost_percent":	0,
					"omitted":	false,
					"sender":	false
				}],
			"sum":	{
				"start":	482.001071,
				"end":	483.000207,
				"seconds":	0.999135971069336,
				"bytes":	62520240,
				"bits_per_second":	500594448.08567584,
				"jitter_ms":	0.010472736558039165,
				"lost_packets":	0,
				"packets":	46380,
				"lost_percent":	0,
				"omitted":	false,
				"sender":	false
			}
		}, {
			"streams":	[{
					"socket":	5,
					"start":	483.000207,
					"end":	484.001068,
					"seconds":	1.0008610486984253,
					"bytes":	62386788,
					"bits_per_second":	498664929.21175188,
					"jitter_ms":	0.00728126672010962,
					"lost_packets":	0,
					"packets":	46281,
					"lost_percent":	0,
					"omitted":	false,
					"sender":	false
				}],
			"sum":	{
				"start":	483.000207,
				"end":	484.001068,
				"seconds":	1.0008610486984253,
				"bytes":	62386788,
				"bits_per_second":	498664929.21175188,
				"jitter_ms":	0.00728126672010962,
				"lost_packets":	0,
				"packets":	46281,
				"lost_percent":	0,
				"omitted":	false,
				"sender":	false
			}
		}, {
			"streams":	[{
					"socket":	5,
					"start":	484.001068,
					"end":	485.000176,
					"seconds":	0.99910801649093628,
					"bytes":	62207504,
					"bits_per_second":	498104332.850696,
					"jitter_ms":	0.03772197407160207,
					"lost_packets":	0,
					"packets":	46148,
					"lost_percent":	0,
					"omitted":	false,
					"sender":	false
				}],
			"sum":	{
				"start":	484.001068,
				"end":	485.000176,
				"seconds":	0.99910801649093628,
				"bytes":	62207504,
				"bits_per_second":	498104332.850696,
				"jitter_ms":	0.03772197407160207,
				"lost_packets":	0,
				"packets":	46148,
				"lost_percent":	0,
				"omitted":	false,
				"sender":	false
			}
		}, {
			"streams":	[{
					"socket":	5,
					"start":	485.000176,
					"end":	486.001087,
					"seconds":	1.0009109973907471,
					"bytes":	63010912,
					"bits_per_second":	503628491.75810248,
					"jitter_ms":	0.023606006884494227,
					"lost_packets":	0,
					"packets":	46744,
					"lost_percent":	0,
					"omitted":	false,
					"sender":	false
				}],
			"sum":	{
				"start":	485.000176,
				"end":	486.001087,
				"seconds":	1.0009109973907471,
				"bytes":	63010912,
				"bits_per_second":	503628491.75810248,
				"jitter_ms":	0.023606006884494227,
				"lost_packets":	0,
				"packets":	46744,
				"lost_percent":	0,
				"omitted":	false,
				"sender":	false
			}
		}, {
			"streams":	[{
					"socket":	5,
					"start":	486.001087,
					"end":	487.001101,
					"seconds":	1.0000139474868774,
					"bytes":	62400268,
					"bits_per_second":	499195181.481757,
					"jitter_ms":	0.00875176206842424,
					"lost_packets":	0,
					"packets":	46291,
					"lost_percent":	0,
					"omitted":	false,
					"sender":	false
				}],
			"sum":	{
				"start":	486.001087,
				"end":	487.001101,
				"seconds":	1.0000139474868774,
				"bytes":	62400268,
				"bits_per_second":	499195181.481757,
				"jitter_ms":	0.00875176206842424,
				"lost_packets":	0,
				"packets":	46291,
				"lost_percent":	0,
				"omitted":	false,
				"sender":	false
			}
		}, {
			"streams":	[{
					"socket":	5,
					"start":	487.001101,
					"end":	488.001067,
					"seconds":	0.999966025352478,
					"bytes":	62079444,
					"bits_per_second":	496652425.59110039,
					"jitter_ms":	0.057843328526294924,
					"lost_packets":	0,
					"packets":	46053,
					"lost_percent":	0,
					"omitted":	false,
					"sender":	false
				}],
			"sum":	{
				"start":	487.001101,
				"end":	488.001067,
				"seconds":	0.999966025352478,
				"bytes":	62079444,
				"bits_per_second":	496652425.59110039,
				"jitter_ms":	0.057843328526294924,
				"lost_packets":	0,
				"packets":	46053,
				"lost_percent":	0,
				"omitted":	false,
				"sender":	false
			}
		}, {
			"streams":	[{
					"socket":	5,
					"start":	488.001067,
					"end":	489.001062,
					"seconds":	0.999994993209839,
					"bytes":	58911644,
					"bits_per_second":	471295511.67773086,
					"jitter_ms":	0.012061911238231953,
					"lost_packets":	0,
					"packets":	43703,
					"lost_percent":	0,
					"omitted":	false,
					"sender":	false
				}],
			"sum":	{
				"start":	488.001067,
				"end":	489.001062,
				"seconds":	0.999994993209839,
				"bytes":	58911644,
				"bits_per_second":	471295511.67773086,
				"jitter_ms":	0.012061911238231953,
				"lost_packets":	0,
				"packets":	43703,
				"lost_percent":	0,
				"omitted":	false,
				"sender":	false
			}
		}, {
			"streams":	[{
					"socket":	5,
					"start":	489.001062,
					"end":	490.000182,
					"seconds":	0.999119997024536,
					"bytes":	66607376,
					"bits_per_second":	533328338.524801,
					"jitter_ms":	0.0235609030836451,
					"lost_packets":	1,
					"packets":	49413,
					"lost_percent":	0.0020237589298362779,
					"omitted":	false,
					"sender":	false
				}],
			"sum":	{
				"start":	489.001062,
				"end":	490.000182,
				"seconds":	0.999119997024536,
				"bytes":	66607376,
				"bits_per_second":	533328338.524801,
				"jitter_ms":	0.0235609030836451,
				"lost_packets":	1,
				"packets":	49413,
				"lost_percent":	0.0020237589298362779,
				"omitted":	false,
				"sender":	false
			}
		}, {
			"streams":	[{
					"socket":	5,
					"start":	490.000182,
					"end":	491.001109,
					"seconds":	1.0009269714355469,
					"bytes":	62394876,
					"bits_per_second":	498696730.37594086,
					"jitter_ms":	0.010586602907995565,
					"lost_packets":	0,
					"packets":	46287,
					"lost_percent":	0,
					"omitted":	false,
					"sender":	false
				}],
			"sum":	{
				"start":	490.000182,
				"end":	491.001109,
				"seconds":	1.0009269714355469,
				"bytes":	62394876,
				"bits_per_second":	498696730.37594086,
				"jitter_ms":	0.010586602907995565,
				"lost_packets":	0,
				"packets":	46287,
				"lost_percent":	0,
				"omitted":	false,
				"sender":	false
			}
		}, {
			"streams":	[{
					"socket":	5,
					"start":	491.001109,
					"end":	492.001057,
					"seconds":	0.999948024749756,
					"bytes":	62498672,
					"bits_per_second":	500015364.42369181,
					"jitter_ms":	0.011149432131081738,
					"lost_packets":	0,
					"packets":	46364,
					"lost_percent":	0,
					"omitted":	false,
					"sender":	false
				}],
			"sum":	{
				"start":	491.001109,
				"end":	492.001057,
				"seconds":	0.999948024749756,
				"bytes":	62498672,
				"bits_per_second":	500015364.42369181,
				"jitter_ms":	0.011149432131081738,
				"lost_packets":	0,
				"packets":	46364,
				"lost_percent":	0,
				"omitted":	false,
				"sender":	false
			}
		}, {
			"streams":	[{
					"socket":	5,
					"start":	492.001057,
					"end":	493.000152,
					"seconds":	0.99909502267837524,
					"bytes":	62500020,
					"bits_per_second":	500453058.66863286,
					"jitter_ms":	0.011160689939295592,
					"lost_packets":	0,
					"packets":	46365,
					"lost_percent":	0,
					"omitted":	false,
					"sender":	false
				}],
			"sum":	{
				"start":	492.001057,
				"end":	493.000152,
				"seconds":	0.99909502267837524,
				"bytes":	62500020,
				"bits_per_second":	500453058.66863286,
				"jitter_ms":	0.011160689939295592,
				"lost_packets":	0,
				"packets":	46365,
				"lost_percent":	0,
				"omitted":	false,
				"sender":	false
			}
		}, {
			"streams":	[{
					"socket":	5,
					"start":	493.000152,
					"end":	494.001059,
					"seconds":	1.0009069442749023,
					"bytes":	62500020,
					"bits_per_second":	499547098.61886352,
					"jitter_ms":	0.011087729640237472,
					"lost_packets":	0,
					"packets":	46365,
					"lost_percent":	0,
					"omitted":	false,
					"sender":	false
				}],
			"sum":	{
				"start":	493.000152,
				"end":	494.001059,
				"seconds":	1.0009069442749023,
				"bytes":	62500020,
				"bits_per_second":	499547098.61886352,
				"jitter_ms":	0.011087729640237472,
				"lost_packets":	0,
				"packets":	46365,
				"lost_percent":	0,
				"omitted":	false,
				"sender":	false
			}
		}, {
			"streams":	[{
					"socket":	5,
					"start":	494.001059,
					"end":	495.001054,
					"seconds":	0.999994993209839,
					"bytes":	62500020,
					"bits_per_second":	500002663.40841568,
					"jitter_ms":	0.011126828534149435,
					"lost_packets":	0,
					"packets":	46365,
					"lost_percent":	0,
					"omitted":	false,
					"sender":	false
				}],
			"sum":	{
				"start":	494.001059,
				"end":	495.001054,
				"seconds":	0.999994993209839,
				"bytes":	62500020,
				"bits_per_second":	500002663.40841568,
				"jitter_ms":	0.011126828534149435,
				"lost_packets":	0,
				"packets":	46365,
				"lost_percent":	0,
				"omitted":	false,
				"sender":	false
			}
		}, {
			"streams":	[{
					"socket":	5,
					"start":	495.001054,
					"end":	496.001205,
					"seconds":	1.0001510381698608,
					"bytes":	62319388,
					"bits_per_second":	498479814.52110219,
					"jitter_ms":	0.00877940711642569,
					"lost_packets":	0,
					"packets":	46231,
					"lost_percent":	0,
					"omitted":	false,
					"sender":	false
				}],
			"sum":	{
				"start":	495.001054,
				"end":	496.001205,
				"seconds":	1.0001510381698608,
				"bytes":	62319388,
				"bits_per_second":	498479814.52110219,
				"jitter_ms":	0.00877940711642569,
				"lost_packets":	0,
				"packets":	46231,
				"lost_percent":	0,
				"omitted":	false,
				"sender":	false
			}
		}, {
			"streams":	[{
					"socket":	5,
					"start":	496.001205,
					"end":	497.001235,
					"seconds":	1.0000300407409668,
					"bytes":	62195372,
					"bits_per_second":	497548029.28853363,
					"jitter_ms":	0.031148560706489525,
					"lost_packets":	0,
					"packets":	46139,
					"lost_percent":	0,
					"omitted":	false,
					"sender":	false
				}],
			"sum":	{
				"start":	496.001205,
				"end":	497.001235,
				"seconds":	1.0000300407409668,
				"bytes":	62195372,
				"bits_per_second":	497548029.28853363,
				"jitter_ms":	0.031148560706489525,
				"lost_packets":	0,
				"packets":	46139,
				"lost_percent":	0,
				"omitted":	false,
				"sender":	false
			}
		}, {
			"streams":	[{
					"socket":	5,
					"start":	497.001235,
					"end":	498.001084,
					"seconds":	0.999849021434784,
					"bytes":	62889592,
					"bits_per_second":	503192707.31297731,
					"jitter_ms":	0.045068816431538539,
					"lost_packets":	0,
					"packets":	46654,
					"lost_percent":	0,
					"omitted":	false,
					"sender":	false
				}],
			"sum":	{
				"start":	497.001235,
				"end":	498.001084,
				"seconds":	0.999849021434784,
				"bytes":	62889592,
				"bits_per_second":	503192707.31297731,
				"jitter_ms":	0.045068816431538539,
				"lost_packets":	0,
				"packets":	46654,
				"lost_percent":	0,
				"omitted":	false,
				"sender":	false
			}
		}, {
			"streams":	[{
					"socket":	5,
					"start":	498.001084,
					"end":	499.001071,
					"seconds":	0.999987006187439,
					"bytes":	61842196,
					"bits_per_second":	494743996.61075765,
					"jitter_ms":	0.012590136142118336,
					"lost_packets":	0,
					"packets":	45877,
					"lost_percent":	0,
					"omitted":	false,
					"sender":	false
				}],
			"sum":	{
				"start":	498.001084,
				"end":	499.001071,
				"seconds":	0.999987006187439,
				"bytes":	61842196,
				"bits_per_second":	494743996.61075765,
				"jitter_ms":	0.012590136142118336,
				"lost_packets":	0,
				"packets":	45877,
				"lost_percent":	0,
				"omitted":	false,
				"sender":	false
			}
		}, {
			"streams":	[{
					"socket":	5,
					"start":	499.001071,
					"end":	500.001066,
					"seconds":	0.999994993209839,
					"bytes":	63023044,
					"bits_per_second":	504186876.357892,
					"jitter_ms":	0.005992791206679322,
					"lost_packets":	0,
					"packets":	46753,
					"lost_percent":	0,
					"omitted":	false,
					"sender":	false
				}],
			"sum":	{
				"start":	499.001071,
				"end":	500.001066,
				"seconds":	0.999994993209839,
				"bytes":	63023044,
				"bits_per_second":	504186876.357892,
				"jitter_ms":	0.005992791206679322,
				"lost_packets":	0,
				"packets":	46753,
				"lost_percent":	0,
				"omitted":	false,
				"sender":	false
			}
		}, {
			"streams":	[{
					"socket":	5,
					"start":	500.001066,
					"end":	501.001095,
					"seconds":	1.0000289678573608,
					"bytes":	62711656,
					"bits_per_second":	501678715.4425301,
					"jitter_ms":	0.023619570359051278,
					"lost_packets":	0,
					"packets":	46522,
					"lost_percent":	0,
					"omitted":	false,
					"sender":	false
				}],
			"sum":	{
				"start":	500.001066,
				"end":	501.001095,
				"seconds":	1.0000289678573608,
				"bytes":	62711656,
				"bits_per_second":	501678715.4425301,
				"jitter_ms":	0.023619570359051278,
				"lost_packets":	0,
				"packets":	46522,
				"lost_percent":	0,
				"omitted":	false,
				"sender":	false
			}
		}, {
			"streams":	[{
					"socket":	5,
					"start":	501.001095,
					"end":	502.001063,
					"seconds":	0.99996799230575562,
					"bytes":	62518892,
					"bits_per_second":	500167145.19705456,
					"jitter_ms":	0.011071252076271104,
					"lost_packets":	0,
					"packets":	46379,
					"lost_percent":	0,
					"omitted":	false,
					"sender":	false
				}],
			"sum":	{
				"start":	501.001095,
				"end":	502.001063,
				"seconds":	0.99996799230575562,
				"bytes":	62518892,
				"bits_per_second":	500167145.19705456,
				"jitter_ms":	0.011071252076271104,
				"lost_packets":	0,
				"packets":	46379,
				"lost_percent":	0,
				"omitted":	false,
				"sender":	false
			}
		}, {
			"streams":	[{
					"socket":	5,
					"start":	502.001063,
					"end":	503.001091,
					"seconds":	1.0000280141830444,
					"bytes":	62500020,
					"bits_per_second":	499986153.29638189,
					"jitter_ms":	0.011145037067307895,
					"lost_packets":	0,
					"packets":	46365,
					"lost_percent":	0,
					"omitted":	false,
					"sender":	false
				}],
			"sum":	{
				"start":	502.001063,
				"end":	503.001091,
				"seconds":	1.0000280141830444,
				"bytes":	62500020,
				"bits_per_second":	499986153.29638189,
				"jitter_ms":	0.011145037067307895,
				"lost_packets":	0,
				"packets":	46365,
				"lost_percent":	0,
				"omitted":	false,
				"sender":	false
			}
		}, {
			"streams":	[{
					"socket":	5,
					"start":	503.001091,
					"end":	504.000668,
					"seconds":	0.999576985836029,
					"bytes":	62606512,
					"bits_per_second":	501064053.19155669,
					"jitter_ms":	0.0234855683204102,
					"lost_packets":	0,
					"packets":	46444,
					"lost_percent":	0,
					"omitted":	false,
					"sender":	false
				}],
			"sum":	{
				"start":	503.001091,
				"end":	504.000668,
				"seconds":	0.999576985836029,
				"bytes":	62606512,
				"bits_per_second":	501064053.19155669,
				"jitter_ms":	0.0234855683204102,
				"lost_packets":	0,
				"packets":	46444,
				"lost_percent":	0,
				"omitted":	false,
				"sender":	false
			}
		}, {
			"streams":	[{
					"socket":	5,
					"start":	504.000668,
					"end":	505.00106,
					"seconds":	1.000391960144043,
					"bytes":	61506544,
					"bits_per_second":	491859562.65497285,
					"jitter_ms":	0.017693406808992049,
					"lost_packets":	0,
					"packets":	45628,
					"lost_percent":	0,
					"omitted":	false,
					"sender":	false
				}],
			"sum":	{
				"start":	504.000668,
				"end":	505.00106,
				"seconds":	1.000391960144043,
				"bytes":	61506544,
				"bits_per_second":	491859562.65497285,
				"jitter_ms":	0.017693406808992049,
				"lost_packets":	0,
				"packets":	45628,
				"lost_percent":	0,
				"omitted":	false,
				"sender":	false
			}
		}, {
			"streams":	[{
					"socket":	5,
					"start":	505.00106,
					"end":	506.000162,
					"seconds":	0.999101996421814,
					"bytes":	63389700,
					"bits_per_second":	507573402.73184526,
					"jitter_ms":	0.011498731594895461,
					"lost_packets":	0,
					"packets":	47025,
					"lost_percent":	0,
					"omitted":	false,
					"sender":	false
				}],
			"sum":	{
				"start":	505.00106,
				"end":	506.000162,
				"seconds":	0.999101996421814,
				"bytes":	63389700,
				"bits_per_second":	507573402.73184526,
				"jitter_ms":	0.011498731594895461,
				"lost_packets":	0,
				"packets":	47025,
				"lost_percent":	0,
				"omitted":	false,
				"sender":	false
			}
		}, {
			"streams":	[{
					"socket":	5,
					"start":	506.000162,
					"end":	507.001089,
					"seconds":	1.0009269714355469,
					"bytes":	62168412,
					"bits_per_second":	496886696.22589535,
					"jitter_ms":	0.0483268264698384,
					"lost_packets":	0,
					"packets":	46119,
					"lost_percent":	0,
					"omitted":	false,
					"sender":	false
				}],
			"sum":	{
				"start":	506.000162,
				"end":	507.001089,
				"seconds":	1.0009269714355469,
				"bytes":	62168412,
				"bits_per_second":	496886696.22589535,
				"jitter_ms":	0.0483268264698384,
				"lost_packets":	0,
				"packets":	46119,
				"lost_percent":	0,
				"omitted":	false,
				"sender":	false
			}
		}, {
			"streams":	[{
					"socket":	5,
					"start":	507.001089,
					"end":	508.000133,
					"seconds":	0.99904400110244751,
					"bytes":	62777708,
					"bits_per_second":	502702246.793732,
					"jitter_ms":	0.021518901833972814,
					"lost_packets":	0,
					"packets":	46571,
					"lost_percent":	0,
					"omitted":	false,
					"sender":	false
				}],
			"sum":	{
				"start":	507.001089,
				"end":	508.000133,
				"seconds":	0.99904400110244751,
				"bytes":	62777708,
				"bits_per_second":	502702246.793732,
				"jitter_ms":	0.021518901833972814,
				"lost_packets":	0,
				"packets":	46571,
				"lost_percent":	0,
				"omitted":	false,
				"sender":	false
			}
		}, {
			"streams":	[{
					"socket":	5,
					"start":	508.000133,
					"end":	509.001094,
					"seconds":	1.0009609460830688,
					"bytes":	62657736,
					"bits_per_second":	500780664.78170139,
					"jitter_ms":	0.023443038919017081,
					"lost_packets":	0,
					"packets":	46482,
					"lost_percent":	0,
					"omitted":	false,
					"sender":	false
				}],
			"sum":	{
				"start":	508.000133,
				"end":	509.001094,
				"seconds":	1.0009609460830688,
				"bytes":	62657736,
				"bits_per_second":	500780664.78170139,
				"jitter_ms":	0.023443038919017081,
				"lost_packets":	0,
				"packets":	46482,
				"lost_percent":	0,
				"omitted":	false,
				"sender":	false
			}
		}, {
			"streams":	[{
					"socket":	5,
					"start":	509.001094,
					"end":	510.001088,
					"seconds":	0.99999397993087769,
					"bytes":	62393528,
					"bits_per_second":	499151228.92490059,
					"jitter_ms":	0.011041523019238287,
					"lost_packets":	0,
					"packets":	46286,
					"lost_percent":	0,
					"omitted":	false,
					"sender":	false
				}],
			"sum":	{
				"start":	509.001094,
				"end":	510.001088,
				"seconds":	0.99999397993087769,
				"bytes":	62393528,
				"bits_per_second":	499151228.92490059,
				"jitter_ms":	0.011041523019238287,
				"lost_packets":	0,
				"packets":	46286,
				"lost_percent":	0,
				"omitted":	false,
				"sender":	false
			}
		}, {
			"streams":	[{
					"socket":	5,
					"start":	510.001088,
					"end":	511.001057,
					"seconds":	0.9999690055847168,
					"bytes":	62500020,
					"bits_per_second":	500015657.69294262,
					"jitter_ms":	0.010933151021584821,
					"lost_packets":	0,
					"packets":	46365,
					"lost_percent":	0,
					"omitted":	false,
					"sender":	false
				}],
			"sum":	{
				"start":	510.001088,
				"end":	511.001057,
				"seconds":	0.9999690055847168,
				"bytes":	62500020,
				"bits_per_second":	500015657.69294262,
				"jitter_ms":	0.010933151021584821,
				"lost_packets":	0,
				"packets":	46365,
				"lost_percent":	0,
				"omitted":	false,
				"sender":	false
			}
		}, {
			"streams":	[{
					"socket":	5,
					"start":	511.001057,
					"end":	512.001056,
					"seconds":	0.99999898672103882,
					"bytes":	62520240,
					"bits_per_second":	500162426.80406427,
					"jitter_ms":	0.0070478515073987575,
					"lost_packets":	0,
					"packets":	46380,
					"lost_percent":	0,
					"omitted":	false,
					"sender":	false
				}],
			"sum":	{
				"start":	511.001057,
				"end":	512.001056,
				"seconds":	0.99999898672103882,
				"bytes":	62520240,
				"bits_per_second":	500162426.80406427,
				"jitter_ms":	0.0070478515073987575,
				"lost_packets":	0,
				"packets":	46380,
				"lost_percent":	0,
				"omitted":	false,
				"sender":	false
			}
		}, {
			"streams":	[{
					"socket":	5,
					"start":	512.001056,
					"end":	513.000179,
					"seconds":	0.999122977256775,
					"bytes":	62479800,
					"bits_per_second":	500277154.44236189,
					"jitter_ms":	0.011079454056860749,
					"lost_packets":	0,
					"packets":	46350,
					"lost_percent":	0,
					"omitted":	false,
					"sender":	false
				}],
			"sum":	{
				"start":	512.001056,
				"end":	513.000179,
				"seconds":	0.999122977256775,
				"bytes":	62479800,
				"bits_per_second":	500277154.44236189,
				"jitter_ms":	0.011079454056860749,
				"lost_packets":	0,
				"packets":	46350,
				"lost_percent":	0,
				"omitted":	false,
				"sender":	false
			}
		}, {
			"streams":	[{
					"socket":	5,
					"start":	513.000179,
					"end":	514.000132,
					"seconds":	0.99995297193527222,
					"bytes":	61834108,
					"bits_per_second":	494696128.60155648,
					"jitter_ms":	0.11672870941011468,
					"lost_packets":	0,
					"packets":	45871,
					"lost_percent":	0,
					"omitted":	false,
					"sender":	false
				}],
			"sum":	{
				"start":	513.000179,
				"end":	514.000132,
				"seconds":	0.99995297193527222,
				"bytes":	61834108,
				"bits_per_second":	494696128.60155648,
				"jitter_ms":	0.11672870941011468,
				"lost_packets":	0,
				"packets":	45871,
				"lost_percent":	0,
				"omitted":	false,
				"sender":	false
			}
		}, {
			"streams":	[{
					"socket":	5,
					"start":	514.000132,
					"end":	515.00106,
					"seconds":	1.0009280443191528,
					"bytes":	63064832,
					"bits_per_second":	504050874.44940323,
					"jitter_ms":	0.054500121683170338,
					"lost_packets":	0,
					"packets":	46784,
					"lost_percent":	0,
					"omitted":	false,
					"sender":	false
				}],
			"sum":	{
				"start":	514.000132,
				"end":	515.00106,
				"seconds":	1.0009280443191528,
				"bytes":	63064832,
				"bits_per_second":	504050874.44940323,
				"jitter_ms":	0.054500121683170338,
				"lost_packets":	0,
				"packets":	46784,
				"lost_percent":	0,
				"omitted":	false,
				"sender":	false
			}
		}, {
			"streams":	[{
					"socket":	5,
					"start":	515.00106,
					"end":	516.001058,
					"seconds":	0.99999797344207764,
					"bytes":	62601120,
					"bits_per_second":	500809974.92042226,
					"jitter_ms":	0.010926758846989036,
					"lost_packets":	0,
					"packets":	46440,
					"lost_percent":	0,
					"omitted":	false,
					"sender":	false
				}],
			"sum":	{
				"start":	515.00106,
				"end":	516.001058,
				"seconds":	0.99999797344207764,
				"bytes":	62601120,
				"bits_per_second":	500809974.92042226,
				"jitter_ms":	0.010926758846989036,
				"lost_packets":	0,
				"packets":	46440,
				"lost_percent":	0,
				"omitted":	false,
				"sender":	false
			}
		}, {
			"streams":	[{
					"socket":	5,
					"start":	516.001058,
					"end":	517.001068,
					"seconds":	1.0000100135803223,
					"bytes":	62470364,
					"bits_per_second":	499757907.63405019,
					"jitter_ms":	0.037530573445179571,
					"lost_packets":	0,
					"packets":	46343,
					"lost_percent":	0,
					"omitted":	false,
					"sender":	false
				}],
			"sum":	{
				"start":	516.001058,
				"end":	517.001068,
				"seconds":	1.0000100135803223,
				"bytes":	62470364,
				"bits_per_second":	499757907.63405019,
				"jitter_ms":	0.037530573445179571,
				"lost_packets":	0,
				"packets":	46343,
				"lost_percent":	0,
				"omitted":	false,
				"sender":	false
			}
		}, {
			"streams":	[{
					"socket":	5,
					"start":	517.001068,
					"end":	518.001128,
					"seconds":	1.000059962272644,
					"bytes":	61088664,
					"bits_per_second":	488680009.6360265,
					"jitter_ms":	0.012161241671990048,
					"lost_packets":	0,
					"packets":	45318,
					"lost_percent":	0,
					"omitted":	false,
					"sender":	false
				}],
			"sum":	{
				"start":	517.001068,
				"end":	518.001128,
				"seconds":	1.000059962272644,
				"bytes":	61088664,
				"bits_per_second":	488680009.6360265,
				"jitter_ms":	0.012161241671990048,
				"lost_packets":	0,
				"packets":	45318,
				"lost_percent":	0,
				"omitted":	false,
				"sender":	false
			}
		}, {
			"streams":	[{
					"socket":	5,
					"start":	518.001128,
					"end":	519.001088,
					"seconds":	0.99996000528335571,
					"bytes":	60662696,
					"bits_per_second":	485320978.27500767,
					"jitter_ms":	0.037297904862317377,
					"lost_packets":	0,
					"packets":	45002,
					"lost_percent":	0,
					"omitted":	false,
					"sender":	false
				}],
			"sum":	{
				"start":	518.001128,
				"end":	519.001088,
				"seconds":	0.99996000528335571,
				"bytes":	60662696,
				"bits_per_second":	485320978.27500767,
				"jitter_ms":	0.037297904862317377,
				"lost_packets":	0,
				"packets":	45002,
				"lost_percent":	0,
				"omitted":	false,
				"sender":	false
			}
		}, {
			"streams":	[{
					"socket":	5,
					"start":	519.001088,
					"end":	520.000131,
					"seconds":	0.99904298782348633,
					"bytes":	65778356,
					"bits_per_second":	526730935.91942132,
					"jitter_ms":	0.011128390143014581,
					"lost_packets":	0,
					"packets":	48797,
					"lost_percent":	0,
					"omitted":	false,
					"sender":	false
				}],
			"sum":	{
				"start":	519.001088,
				"end":	520.000131,
				"seconds":	0.99904298782348633,
				"bytes":	65778356,
				"bits_per_second":	526730935.91942132,
				"jitter_ms":	0.011128390143014581,
				"lost_packets":	0,
				"packets":	48797,
				"lost_percent":	0,
				"omitted":	false,
				"sender":	false
			}
		}, {
			"streams":	[{
					"socket":	5,
					"start":	520.000131,
					"end":	521.000145,
					"seconds":	1.0000139474868774,
					"bytes":	62014740,
					"bits_per_second":	496111000.49833077,
					"jitter_ms":	0.0317829577763116,
					"lost_packets":	0,
					"packets":	46005,
					"lost_percent":	0,
					"omitted":	false,
					"sender":	false
				}],
			"sum":	{
				"start":	520.000131,
				"end":	521.000145,
				"seconds":	1.0000139474868774,
				"bytes":	62014740,
				"bits_per_second":	496111000.49833077,
				"jitter_ms":	0.0317829577763116,
				"lost_packets":	0,
				"packets":	46005,
				"lost_percent":	0,
				"omitted":	false,
				"sender":	false
			}
		}, {
			"streams":	[{
					"socket":	5,
					"start":	521.000145,
					"end":	522.001056,
					"seconds":	1.0009109973907471,
					"bytes":	62985300,
					"bits_per_second":	503423782.24793214,
					"jitter_ms":	0.011132237309306304,
					"lost_packets":	0,
					"packets":	46725,
					"lost_percent":	0,
					"omitted":	false,
					"sender":	false
				}],
			"sum":	{
				"start":	521.000145,
				"end":	522.001056,
				"seconds":	1.0009109973907471,
				"bytes":	62985300,
				"bits_per_second":	503423782.24793214,
				"jitter_ms":	0.011132237309306304,
				"lost_packets":	0,
				"packets":	46725,
				"lost_percent":	0,
				"omitted":	false,
				"sender":	false
			}
		}, {
			"streams":	[{
					"socket":	5,
					"start":	522.001056,
					"end":	523.001069,
					"seconds":	1.000012993812561,
					"bytes":	62500020,
					"bits_per_second":	499993663.176059,
					"jitter_ms":	0.0110388788279771,
					"lost_packets":	0,
					"packets":	46365,
					"lost_percent":	0,
					"omitted":	false,
					"sender":	false
				}],
			"sum":	{
				"start":	522.001056,
				"end":	523.001069,
				"seconds":	1.000012993812561,
				"bytes":	62500020,
				"bits_per_second":	499993663.176059,
				"jitter_ms":	0.0110388788279771,
				"lost_packets":	0,
				"packets":	46365,
				"lost_percent":	0,
				"omitted":	false,
				"sender":	false
			}
		}, {
			"streams":	[{
					"socket":	5,
					"start":	523.001069,
					"end":	524.001085,
					"seconds":	1.0000159740448,
					"bytes":	62606512,
					"bits_per_second":	500844095.49398088,
					"jitter_ms":	0.0232925119211197,
					"lost_packets":	0,
					"packets":	46444,
					"lost_percent":	0,
					"omitted":	false,
					"sender":	false
				}],
			"sum":	{
				"start":	523.001069,
				"end":	524.001085,
				"seconds":	1.0000159740448,
				"bytes":	62606512,
				"bits_per_second":	500844095.49398088,
				"jitter_ms":	0.0232925119211197,
				"lost_packets":	0,
				"packets":	46444,
				"lost_percent":	0,
				"omitted":	false,
				"sender":	false
			}
		}, {
			"streams":	[{
					"socket":	5,
					"start":	524.001085,
					"end":	525.001068,
					"seconds":	0.999983012676239,
					"bytes":	62393528,
					"bits_per_second":	499156703.336527,
					"jitter_ms":	0.010996971847778455,
					"lost_packets":	0,
					"packets":	46286,
					"lost_percent":	0,
					"omitted":	false,
					"sender":	false
				}],
			"sum":	{
				"start":	524.001085,
				"end":	525.001068,
				"seconds":	0.999983012676239,
				"bytes":	62393528,
				"bits_per_second":	499156703.336527,
				"jitter_ms":	0.010996971847778455,
				"lost_packets":	0,
				"packets":	46286,
				"lost_percent":	0,
				"omitted":	false,
				"sender":	false
			}
		}, {
			"streams":	[{
					"socket":	5,
					"start":	525.001068,
					"end":	526.001063,
					"seconds":	0.999994993209839,
					"bytes":	62549896,
					"bits_per_second":	500401673.406175,
					"jitter_ms":	0.017677347331033922,
					"lost_packets":	0,
					"packets":	46402,
					"lost_percent":	0,
					"omitted":	false,
					"sender":	false
				}],
			"sum":	{
				"start":	525.001068,
				"end":	526.001063,
				"seconds":	0.999994993209839,
				"bytes":	62549896,
				"bits_per_second":	500401673.406175,
				"jitter_ms":	0.017677347331033922,
				"lost_packets":	0,
				"packets":	46402,
				"lost_percent":	0,
				"omitted":	false,
				"sender":	false
			}
		}, {
			"streams":	[{
					"socket":	5,
					"start":	526.001063,
					"end":	527.001067,
					"seconds":	1.0000040531158447,
					"bytes":	62247944,
					"bits_per_second":	497981533.62315571,
					"jitter_ms":	0.019403397178938044,
					"lost_packets":	0,
					"packets":	46178,
					"lost_percent":	0,
					"omitted":	false,
					"sender":	false
				}],
			"sum":	{
				"start":	526.001063,
				"end":	527.001067,
				"seconds":	1.0000040531158447,
				"bytes":	62247944,
				"bits_per_second":	497981533.62315571,
				"jitter_ms":	0.019403397178938044,
				"lost_packets":	0,
				"packets":	46178,
				"lost_percent":	0,
				"omitted":	false,
				"sender":	false
			}
		}, {
			"streams":	[{
					"socket":	5,
					"start":	527.001067,
					"end":	528.001074,
					"seconds":	1.0000070333480835,
					"bytes":	62839716,
					"bits_per_second":	502714192.23609948,
					"jitter_ms":	0.0082520487624840062,
					"lost_packets":	0,
					"packets":	46617,
					"lost_percent":	0,
					"omitted":	false,
					"sender":	false
				}],
			"sum":	{
				"start":	527.001067,
				"end":	528.001074,
				"seconds":	1.0000070333480835,
				"bytes":	62839716,
				"bits_per_second":	502714192.23609948,
				"jitter_ms":	0.0082520487624840062,
				"lost_packets":	0,
				"packets":	46617,
				"lost_percent":	0,
				"omitted":	false,
				"sender":	false
			}
		}, {
			"streams":	[{
					"socket":	5,
					"start":	528.001074,
					"end":	529.001065,
					"seconds":	0.999990999698639,
					"bytes":	62269512,
					"bits_per_second":	498160579.59534258,
					"jitter_ms":	0.0414485526278548,
					"lost_packets":	0,
					"packets":	46194,
					"lost_percent":	0,
					"omitted":	false,
					"sender":	false
				}],
			"sum":	{
				"start":	528.001074,
				"end":	529.001065,
				"seconds":	0.999990999698639,
				"bytes":	62269512,
				"bits_per_second":	498160579.59534258,
				"jitter_ms":	0.0414485526278548,
				"lost_packets":	0,
				"packets":	46194,
				"lost_percent":	0,
				"omitted":	false,
				"sender":	false
			}
		}, {
			"streams":	[{
					"socket":	5,
					"start":	529.001065,
					"end":	530.001071,
					"seconds":	1.0000059604644775,
					"bytes":	62700872,
					"bits_per_second":	501603986.2072584,
					"jitter_ms":	0.023394478038985009,
					"lost_packets":	0,
					"packets":	46514,
					"lost_percent":	0,
					"omitted":	false,
					"sender":	false
				}],
			"sum":	{
				"start":	529.001065,
				"end":	530.001071,
				"seconds":	1.0000059604644775,
				"bytes":	62700872,
				"bits_per_second":	501603986.2072584,
				"jitter_ms":	0.023394478038985009,
				"lost_packets":	0,
				"packets":	46514,
				"lost_percent":	0,
				"omitted":	false,
				"sender":	false
			}
		}, {
			"streams":	[{
					"socket":	5,
					"start":	530.001071,
					"end":	531.000191,
					"seconds":	0.999119997024536,
					"bytes":	62394876,
					"bits_per_second":	499598656.30408537,
					"jitter_ms":	0.011442381749513991,
					"lost_packets":	0,
					"packets":	46287,
					"lost_percent":	0,
					"omitted":	false,
					"sender":	false
				}],
			"sum":	{
				"start":	530.001071,
				"end":	531.000191,
				"seconds":	0.999119997024536,
				"bytes":	62394876,
				"bits_per_second":	499598656.30408537,
				"jitter_ms":	0.011442381749513991,
				"lost_packets":	0,
				"packets":	46287,
				"lost_percent":	0,
				"omitted":	false,
				"sender":	false
			}
		}, {
			"streams":	[{
					"socket":	5,
					"start":	531.000191,
					"end":	532.001065,
					"seconds":	1.0008740425109863,
					"bytes":	62630776,
					"bits_per_second":	500608654.754377,
					"jitter_ms":	0.00795680900790338,
					"lost_packets":	0,
					"packets":	46462,
					"lost_percent":	0,
					"omitted":	false,
					"sender":	false
				}],
			"sum":	{
				"start":	531.000191,
				"end":	532.001065,
				"seconds":	1.0008740425109863,
				"bytes":	62630776,
				"bits_per_second":	500608654.754377,
				"jitter_ms":	0.00795680900790338,
				"lost_packets":	0,
				"packets":	46462,
				"lost_percent":	0,
				"omitted":	false,
				"sender":	false
			}
		}, {
			"streams":	[{
					"socket":	5,
					"start":	532.001065,
					"end":	533.001066,
					"seconds":	1.0000009536743164,
					"bytes":	62398920,
					"bits_per_second":	499190883.934475,
					"jitter_ms":	0.041341572566716535,
					"lost_packets":	0,
					"packets":	46290,
					"lost_percent":	0,
					"omitted":	false,
					"sender":	false
				}],
			"sum":	{
				"start":	532.001065,
				"end":	533.001066,
				"seconds":	1.0000009536743164,
				"bytes":	62398920,
				"bits_per_second":	499190883.934475,
				"jitter_ms":	0.041341572566716535,
				"lost_packets":	0,
				"packets":	46290,
				"lost_percent":	0,
				"omitted":	false,
				"sender":	false
			}
		}, {
			"streams":	[{
					"socket":	5,
					"start":	533.001066,
					"end":	534.001061,
					"seconds":	0.999994993209839,
					"bytes":	62470364,
					"bits_per_second":	499765414.22055882,
					"jitter_ms":	0.0116083341895705,
					"lost_packets":	0,
					"packets":	46343,
					"lost_percent":	0,
					"omitted":	false,
					"sender":	false
				}],
			"sum":	{
				"start":	533.001066,
				"end":	534.001061,
				"seconds":	0.999994993209839,
				"bytes":	62470364,
				"bits_per_second":	499765414.22055882,
				"jitter_ms":	0.0116083341895705,
				"lost_packets":	0,
				"packets":	46343,
				"lost_percent":	0,
				"omitted":	false,
				"sender":	false
			}
		}, {
			"streams":	[{
					"socket":	5,
					"start":	534.001061,
					"end":	535.001068,
					"seconds":	1.0000070333480835,
					"bytes":	62160324,
					"bits_per_second":	497279094.463034,
					"jitter_ms":	0.032718874995463949,
					"lost_packets":	0,
					"packets":	46113,
					"lost_percent":	0,
					"omitted":	false,
					"sender":	false
				}],
			"sum":	{
				"start":	534.001061,
				"end":	535.001068,
				"seconds":	1.0000070333480835,
				"bytes":	62160324,
				"bits_per_second":	497279094.463034,
				"jitter_ms":	0.032718874995463949,
				"lost_packets":	0,
				"packets":	46113,
				"lost_percent":	0,
				"omitted":	false,
				"sender":	false
			}
		}, {
			"streams":	[{
					"socket":	5,
					"start":	535.001068,
					"end":	536.000159,
					"seconds":	0.99909102916717529,
					"bytes":	62839716,
					"bits_per_second":	503175099.48923939,
					"jitter_ms":	0.011547632165032322,
					"lost_packets":	0,
					"packets":	46617,
					"lost_percent":	0,
					"omitted":	false,
					"sender":	false
				}],
			"sum":	{
				"start":	535.001068,
				"end":	536.000159,
				"seconds":	0.99909102916717529,
				"bytes":	62839716,
				"bits_per_second":	503175099.48923939,
				"jitter_ms":	0.011547632165032322,
				"lost_packets":	0,
				"packets":	46617,
				"lost_percent":	0,
				"omitted":	false,
				"sender":	false
			}
		}, {
			"streams":	[{
					"socket":	5,
					"start":	536.000159,
					"end":	537.001072,
					"seconds":	1.0009130239486694,
					"bytes":	62605164,
					"bits_per_second":	500384449.014508,
					"jitter_ms":	0.023388127332359416,
					"lost_packets":	0,
					"packets":	46443,
					"lost_percent":	0,
					"omitted":	false,
					"sender":	false
				}],
			"sum":	{
				"start":	536.000159,
				"end":	537.001072,
				"seconds":	1.0009130239486694,
				"bytes":	62605164,
				"bits_per_second":	500384449.014508,
				"jitter_ms":	0.023388127332359416,
				"lost_packets":	0,
				"packets":	46443,
				"lost_percent":	0,
				"omitted":	false,
				"sender":	false
			}
		}, {
			"streams":	[{
					"socket":	5,
					"start":	537.001072,
					"end":	538.001064,
					"seconds":	0.9999920129776,
					"bytes":	62392180,
					"bits_per_second":	499141426.65375543,
					"jitter_ms":	0.010999589549167511,
					"lost_packets":	0,
					"packets":	46285,
					"lost_percent":	0,
					"omitted":	false,
					"sender":	false
				}],
			"sum":	{
				"start":	537.001072,
				"end":	538.001064,
				"seconds":	0.9999920129776,
				"bytes":	62392180,
				"bits_per_second":	499141426.65375543,
				"jitter_ms":	0.010999589549167511,
				"lost_packets":	0,
				"packets":	46285,
				"lost_percent":	0,
				"omitted":	false,
				"sender":	false
			}
		}, {
			"streams":	[{
					"socket":	5,
					"start":	538.001064,
					"end":	539.001057,
					"seconds":	0.99999302625656128,
					"bytes":	61555072,
					"bits_per_second":	492444010.178185,
					"jitter_ms":	0.014167411793140917,
					"lost_packets":	0,
					"packets":	45664,
					"lost_percent":	0,
					"omitted":	false,
					"sender":	false
				}],
			"sum":	{
				"start":	538.001064,
				"end":	539.001057,
				"seconds":	0.99999302625656128,
				"bytes":	61555072,
				"bits_per_second":	492444010.178185,
				"jitter_ms":	0.014167411793140917,
				"lost_packets":	0,
				"packets":	45664,
				"lost_percent":	0,
				"omitted":	false,
				"sender":	false
			}
		}, {
			"streams":	[{
					"socket":	5,
					"start":	539.001057,
					"end":	540.001078,
					"seconds":	1.0000209808349609,
					"bytes":	63547416,
					"bits_per_second":	508368662.00100327,
					"jitter_ms":	0.022224094117935852,
					"lost_packets":	3,
					"packets":	47145,
					"lost_percent":	0.006363347120585428,
					"omitted":	false,
					"sender":	false
				}],
			"sum":	{
				"start":	539.001057,
				"end":	540.001078,
				"seconds":	1.0000209808349609,
				"bytes":	63547416,
				"bits_per_second":	508368662.00100327,
				"jitter_ms":	0.022224094117935852,
				"lost_packets":	3,
				"packets":	47145,
				"lost_percent":	0.006363347120585428,
				"omitted":	false,
				"sender":	false
			}
		}, {
			"streams":	[{
					"socket":	5,
					"start":	540.001078,
					"end":	541.001078,
					"seconds":	1,
					"bytes":	62393528,
					"bits_per_second":	499148224,
					"jitter_ms":	0.010547398765920368,
					"lost_packets":	0,
					"packets":	46286,
					"lost_percent":	0,
					"omitted":	false,
					"sender":	false
				}],
			"sum":	{
				"start":	540.001078,
				"end":	541.001078,
				"seconds":	1,
				"bytes":	62393528,
				"bits_per_second":	499148224,
				"jitter_ms":	0.010547398765920368,
				"lost_packets":	0,
				"packets":	46286,
				"lost_percent":	0,
				"omitted":	false,
				"sender":	false
			}
		}, {
			"streams":	[{
					"socket":	5,
					"start":	541.001078,
					"end":	542.001063,
					"seconds":	0.9999849796295166,
					"bytes":	62498672,
					"bits_per_second":	499996886.13847035,
					"jitter_ms":	0.011187378759333165,
					"lost_packets":	0,
					"packets":	46364,
					"lost_percent":	0,
					"omitted":	false,
					"sender":	false
				}],
			"sum":	{
				"start":	541.001078,
				"end":	542.001063,
				"seconds":	0.9999849796295166,
				"bytes":	62498672,
				"bits_per_second":	499996886.13847035,
				"jitter_ms":	0.011187378759333165,
				"lost_packets":	0,
				"packets":	46364,
				"lost_percent":	0,
				"omitted":	false,
				"sender":	false
			}
		}, {
			"streams":	[{
					"socket":	5,
					"start":	542.001063,
					"end":	543.00106,
					"seconds":	0.99999701976776123,
					"bytes":	62606512,
					"bits_per_second":	500853588.66001183,
					"jitter_ms":	0.023506253042270137,
					"lost_packets":	0,
					"packets":	46444,
					"lost_percent":	0,
					"omitted":	false,
					"sender":	false
				}],
			"sum":	{
				"start":	542.001063,
				"end":	543.00106,
				"seconds":	0.99999701976776123,
				"bytes":	62606512,
				"bits_per_second":	500853588.66001183,
				"jitter_ms":	0.023506253042270137,
				"lost_packets":	0,
				"packets":	46444,
				"lost_percent":	0,
				"omitted":	false,
				"sender":	false
			}
		}, {
			"streams":	[{
					"socket":	5,
					"start":	543.00106,
					"end":	544.00109,
					"seconds":	1.0000300407409668,
					"bytes":	61160108,
					"bits_per_second":	489266166.081841,
					"jitter_ms":	0.0064524467357883579,
					"lost_packets":	0,
					"packets":	45371,
					"lost_percent":	0,
					"omitted":	false,
					"sender":	false
				}],
			"sum":	{
				"start":	543.00106,
				"end":	544.00109,
				"seconds":	1.0000300407409668,
				"bytes":	61160108,
				"bits_per_second":	489266166.081841,
				"jitter_ms":	0.0064524467357883579,
				"lost_packets":	0,
				"packets":	45371,
				"lost_percent":	0,
				"omitted":	false,
				"sender":	false
			}
		}, {
			"streams":	[{
					"socket":	5,
					"start":	544.00109,
					"end":	545.001061,
					"seconds":	0.99997097253799438,
					"bytes":	63531240,
					"bits_per_second":	508264673.63350272,
					"jitter_ms":	0.01976232456581389,
					"lost_packets":	0,
					"packets":	47130,
					"lost_percent":	0,
					"omitted":	false,
					"sender":	false
				}],
			"sum":	{
				"start":	544.00109,
				"end":	545.001061,
				"seconds":	0.99997097253799438,
				"bytes":	63531240,
				"bits_per_second":	508264673.63350272,
				"jitter_ms":	0.01976232456581389,
				"lost_packets":	0,
				"packets":	47130,
				"lost_percent":	0,
				"omitted":	false,
				"sender":	false
			}
		}, {
			"streams":	[{
					"socket":	5,
					"start":	545.001061,
					"end":	546.001083,
					"seconds":	1.0000220537185669,
					"bytes":	61912292,
					"bits_per_second":	495287413.07078242,
					"jitter_ms":	0.0085243915340678846,
					"lost_packets":	0,
					"packets":	45929,
					"lost_percent":	0,
					"omitted":	false,
					"sender":	false
				}],
			"sum":	{
				"start":	545.001061,
				"end":	546.001083,
				"seconds":	1.0000220537185669,
				"bytes":	61912292,
				"bits_per_second":	495287413.07078242,
				"jitter_ms":	0.0085243915340678846,
				"lost_packets":	0,
				"packets":	45929,
				"lost_percent":	0,
				"omitted":	false,
				"sender":	false
			}
		}, {
			"streams":	[{
					"socket":	5,
					"start":	546.001083,
					"end":	547.001065,
					"seconds":	0.99998199939727783,
					"bytes":	63396440,
					"bits_per_second":	507180649.557381,
					"jitter_ms":	0.02348380352367126,
					"lost_packets":	0,
					"packets":	47030,
					"lost_percent":	0,
					"omitted":	false,
					"sender":	false
				}],
			"sum":	{
				"start":	546.001083,
				"end":	547.001065,
				"seconds":	0.99998199939727783,
				"bytes":	63396440,
				"bits_per_second":	507180649.557381,
				"jitter_ms":	0.02348380352367126,
				"lost_packets":	0,
				"packets":	47030,
				"lost_percent":	0,
				"omitted":	false,
				"sender":	false
			}
		}, {
			"streams":	[{
					"socket":	5,
					"start":	547.001065,
					"end":	548.001067,
					"seconds":	1.0000020265579224,
					"bytes":	62053832,
					"bits_per_second":	496429649.95656,
					"jitter_ms":	0.038705296186004538,
					"lost_packets":	0,
					"packets":	46034,
					"lost_percent":	0,
					"omitted":	false,
					"sender":	false
				}],
			"sum":	{
				"start":	547.001065,
				"end":	548.001067,
				"seconds":	1.0000020265579224,
				"bytes":	62053832,
				"bits_per_second":	496429649.95656,
				"jitter_ms":	0.038705296186004538,
				"lost_packets":	0,
				"packets":	46034,
				"lost_percent":	0,
				"omitted":	false,
				"sender":	false
			}
		}, {
			"streams":	[{
					"socket":	5,
					"start":	548.001067,
					"end":	549.001062,
					"seconds":	0.999994993209839,
					"bytes":	60250208,
					"bits_per_second":	482004077.29327184,
					"jitter_ms":	0.033628127722582134,
					"lost_packets":	0,
					"packets":	44696,
					"lost_percent":	0,
					"omitted":	false,
					"sender":	false
				}],
			"sum":	{
				"start":	548.001067,
				"end":	549.001062,
				"seconds":	0.999994993209839,
				"bytes":	60250208,
				"bits_per_second":	482004077.29327184,
				"jitter_ms":	0.033628127722582134,
				"lost_packets":	0,
				"packets":	44696,
				"lost_percent":	0,
				"omitted":	false,
				"sender":	false
			}
		}, {
			"streams":	[{
					"socket":	5,
					"start":	549.001062,
					"end":	550.000215,
					"seconds":	0.9991530179977417,
					"bytes":	60073620,
					"bits_per_second":	480996355.25605375,
					"jitter_ms":	0.020996968057266679,
					"lost_packets":	0,
					"packets":	44565,
					"lost_percent":	0,
					"omitted":	false,
					"sender":	false
				}],
			"sum":	{
				"start":	549.001062,
				"end":	550.000215,
				"seconds":	0.9991530179977417,
				"bytes":	60073620,
				"bits_per_second":	480996355.25605375,
				"jitter_ms":	0.020996968057266679,
				"lost_packets":	0,
				"packets":	44565,
				"lost_percent":	0,
				"omitted":	false,
				"sender":	false
			}
		}, {
			"streams":	[{
					"socket":	5,
					"start":	550.000215,
					"end":	551.001062,
					"seconds":	1.0008469820022583,
					"bytes":	65896980,
					"bits_per_second":	526729709.41606987,
					"jitter_ms":	0.010629871877094075,
					"lost_packets":	0,
					"packets":	48885,
					"lost_percent":	0,
					"omitted":	false,
					"sender":	false
				}],
			"sum":	{
				"start":	550.000215,
				"end":	551.001062,
				"seconds":	1.0008469820022583,
				"bytes":	65896980,
				"bits_per_second":	526729709.41606987,
				"jitter_ms":	0.010629871877094075,
				"lost_packets":	0,
				"packets":	48885,
				"lost_percent":	0,
				"omitted":	false,
				"sender":	false
			}
		}, {
			"streams":	[{
					"socket":	5,
					"start":	551.001062,
					"end":	552.001085,
					"seconds":	1.0000230073928833,
					"bytes":	64118968,
					"bits_per_second":	512939942.58921534,
					"jitter_ms":	0.011001324429612628,
					"lost_packets":	0,
					"packets":	47566,
					"lost_percent":	0,
					"omitted":	false,
					"sender":	false
				}],
			"sum":	{
				"start":	551.001062,
				"end":	552.001085,
				"seconds":	1.0000230073928833,
				"bytes":	64118968,
				"bits_per_second":	512939942.58921534,
				"jitter_ms":	0.011001324429612628,
				"lost_packets":	0,
				"packets":	47566,
				"lost_percent":	0,
				"omitted":	false,
				"sender":	false
			}
		}, {
			"streams":	[{
					"socket":	5,
					"start":	552.001085,
					"end":	553.001096,
					"seconds":	1.0000109672546387,
					"bytes":	62606512,
					"bits_per_second":	500846603.087769,
					"jitter_ms":	0.023527638716200658,
					"lost_packets":	0,
					"packets":	46444,
					"lost_percent":	0,
					"omitted":	false,
					"sender":	false
				}],
			"sum":	{
				"start":	552.001085,
				"end":	553.001096,
				"seconds":	1.0000109672546387,
				"bytes":	62606512,
				"bits_per_second":	500846603.087769,
				"jitter_ms":	0.023527638716200658,
				"lost_packets":	0,
				"packets":	46444,
				"lost_percent":	0,
				"omitted":	false,
				"sender":	false
			}
		}, {
			"streams":	[{
					"socket":	5,
					"start":	553.001096,
					"end":	554.000197,
					"seconds":	0.99910098314285278,
					"bytes":	62376004,
					"bits_per_second":	499457052.30944723,
					"jitter_ms":	0.022088022965953687,
					"lost_packets":	0,
					"packets":	46273,
					"lost_percent":	0,
					"omitted":	false,
					"sender":	false
				}],
			"sum":	{
				"start":	553.001096,
				"end":	554.000197,
				"seconds":	0.99910098314285278,
				"bytes":	62376004,
				"bits_per_second":	499457052.30944723,
				"jitter_ms":	0.022088022965953687,
				"lost_packets":	0,
				"packets":	46273,
				"lost_percent":	0,
				"omitted":	false,
				"sender":	false
			}
		}, {
			"streams":	[{
					"socket":	5,
					"start":	554.000197,
					"end":	555.001064,
					"seconds":	1.0008670091629028,
					"bytes":	62185936,
					"bits_per_second":	497056535.429302,
					"jitter_ms":	0.051967903415406011,
					"lost_packets":	0,
					"packets":	46132,
					"lost_percent":	0,
					"omitted":	false,
					"sender":	false
				}],
			"sum":	{
				"start":	554.000197,
				"end":	555.001064,
				"seconds":	1.0008670091629028,
				"bytes":	62185936,
				"bits_per_second":	497056535.429302,
				"jitter_ms":	0.051967903415406011,
				"lost_packets":	0,
				"packets":	46132,
				"lost_percent":	0,
				"omitted":	false,
				"sender":	false
			}
		}, {
			"streams":	[{
					"socket":	5,
					"start":	555.001064,
					"end":	556.001068,
					"seconds":	1.0000040531158447,
					"bytes":	62938120,
					"bits_per_second":	503502919.24434012,
					"jitter_ms":	0.023531223850277078,
					"lost_packets":	0,
					"packets":	46690,
					"lost_percent":	0,
					"omitted":	false,
					"sender":	false
				}],
			"sum":	{
				"start":	555.001064,
				"end":	556.001068,
				"seconds":	1.0000040531158447,
				"bytes":	62938120,
				"bits_per_second":	503502919.24434012,
				"jitter_ms":	0.023531223850277078,
				"lost_packets":	0,
				"packets":	46690,
				"lost_percent":	0,
				"omitted":	false,
				"sender":	false
			}
		}, {
			"streams":	[{
					"socket":	5,
					"start":	556.001068,
					"end":	557.001067,
					"seconds":	0.99999898672103882,
					"bytes":	62394876,
					"bits_per_second":	499159513.78783357,
					"jitter_ms":	0.010431295756669517,
					"lost_packets":	0,
					"packets":	46287,
					"lost_percent":	0,
					"omitted":	false,
					"sender":	false
				}],
			"sum":	{
				"start":	556.001068,
				"end":	557.001067,
				"seconds":	0.99999898672103882,
				"bytes":	62394876,
				"bits_per_second":	499159513.78783357,
				"jitter_ms":	0.010431295756669517,
				"lost_packets":	0,
				"packets":	46287,
				"lost_percent":	0,
				"omitted":	false,
				"sender":	false
			}
		}, {
			"streams":	[{
					"socket":	5,
					"start":	557.001067,
					"end":	558.001067,
					"seconds":	1,
					"bytes":	62498672,
					"bits_per_second":	499989376,
					"jitter_ms":	0.011073239662615759,
					"lost_packets":	0,
					"packets":	46364,
					"lost_percent":	0,
					"omitted":	false,
					"sender":	false
				}],
			"sum":	{
				"start":	557.001067,
				"end":	558.001067,
				"seconds":	1,
				"bytes":	62498672,
				"bits_per_second":	499989376,
				"jitter_ms":	0.011073239662615759,
				"lost_packets":	0,
				"packets":	46364,
				"lost_percent":	0,
				"omitted":	false,
				"sender":	false
			}
		}, {
			"streams":	[{
					"socket":	5,
					"start":	558.001067,
					"end":	559.001096,
					"seconds":	1.0000289678573608,
					"bytes":	62607860,
					"bits_per_second":	500848371.4958151,
					"jitter_ms":	0.022062112252077475,
					"lost_packets":	0,
					"packets":	46445,
					"lost_percent":	0,
					"omitted":	false,
					"sender":	false
				}],
			"sum":	{
				"start":	558.001067,
				"end":	559.001096,
				"seconds":	1.0000289678573608,
				"bytes":	62607860,
				"bits_per_second":	500848371.4958151,
				"jitter_ms":	0.022062112252077475,
				"lost_packets":	0,
				"packets":	46445,
				"lost_percent":	0,
				"omitted":	false,
				"sender":	false
			}
		}, {
			"streams":	[{
					"socket":	5,
					"start":	559.001096,
					"end":	560.001056,
					"seconds":	0.99996000528335571,
					"bytes":	62396224,
					"bits_per_second":	499189756.952881,
					"jitter_ms":	0.0097619870231875541,
					"lost_packets":	0,
					"packets":	46288,
					"lost_percent":	0,
					"omitted":	false,
					"sender":	false
				}],
			"sum":	{
				"start":	559.001096,
				"end":	560.001056,
				"seconds":	0.99996000528335571,
				"bytes":	62396224,
				"bits_per_second":	499189756.952881,
				"jitter_ms":	0.0097619870231875541,
				"lost_packets":	0,
				"packets":	46288,
				"lost_percent":	0,
				"omitted":	false,
				"sender":	false
			}
		}, {
			"streams":	[{
					"socket":	5,
					"start":	560.001056,
					"end":	561.001057,
					"seconds":	1.0000009536743164,
					"bytes":	62295124,
					"bits_per_second":	498360516.72637486,
					"jitter_ms":	0.018757994033082419,
					"lost_packets":	0,
					"packets":	46213,
					"lost_percent":	0,
					"omitted":	false,
					"sender":	false
				}],
			"sum":	{
				"start":	560.001056,
				"end":	561.001057,
				"seconds":	1.0000009536743164,
				"bytes":	62295124,
				"bits_per_second":	498360516.72637486,
				"jitter_ms":	0.018757994033082419,
				"lost_packets":	0,
				"packets":	46213,
				"lost_percent":	0,
				"omitted":	false,
				"sender":	false
			}
		}, {
			"streams":	[{
					"socket":	5,
					"start":	561.001057,
					"end":	562.001059,
					"seconds":	1.0000020265579224,
					"bytes":	62521588,
					"bits_per_second":	500171690.37309831,
					"jitter_ms":	0.0083037254473970444,
					"lost_packets":	0,
					"packets":	46381,
					"lost_percent":	0,
					"omitted":	false,
					"sender":	false
				}],
			"sum":	{
				"start":	561.001057,
				"end":	562.001059,
				"seconds":	1.0000020265579224,
				"bytes":	62521588,
				"bits_per_second":	500171690.37309831,
				"jitter_ms":	0.0083037254473970444,
				"lost_packets":	0,
				"packets":	46381,
				"lost_percent":	0,
				"omitted":	false,
				"sender":	false
			}
		}, {
			"streams":	[{
					"socket":	5,
					"start":	562.001059,
					"end":	563.001057,
					"seconds":	0.99999797344207764,
					"bytes":	62683348,
					"bits_per_second":	501467800.25354344,
					"jitter_ms":	0.00969219026838317,
					"lost_packets":	0,
					"packets":	46501,
					"lost_percent":	0,
					"omitted":	false,
					"sender":	false
				}],
			"sum":	{
				"start":	562.001059,
				"end":	563.001057,
				"seconds":	0.99999797344207764,
				"bytes":	62683348,
				"bits_per_second":	501467800.25354344,
				"jitter_ms":	0.00969219026838317,
				"lost_packets":	0,
				"packets":	46501,
				"lost_percent":	0,
				"omitted":	false,
				"sender":	false
			}
		}, {
			"streams":	[{
					"socket":	5,
					"start":	563.001057,
					"end":	564.00106,
					"seconds":	1.0000029802322388,
					"bytes":	62388136,
					"bits_per_second":	499103600.55535913,
					"jitter_ms":	0.0060638827061015319,
					"lost_packets":	0,
					"packets":	46282,
					"lost_percent":	0,
					"omitted":	false,
					"sender":	false
				}],
			"sum":	{
				"start":	563.001057,
				"end":	564.00106,
				"seconds":	1.0000029802322388,
				"bytes":	62388136,
				"bits_per_second":	499103600.55535913,
				"jitter_ms":	0.0060638827061015319,
				"lost_packets":	0,
				"packets":	46282,
				"lost_percent":	0,
				"omitted":	false,
				"sender":	false
			}
		}, {
			"streams":	[{
					"socket":	5,
					"start":	564.00106,
					"end":	565.000204,
					"seconds":	0.99914401769638062,
					"bytes":	59109800,
					"bits_per_second":	473283522.3197003,
					"jitter_ms":	0.010554376611558282,
					"lost_packets":	0,
					"packets":	43850,
					"lost_percent":	0,
					"omitted":	false,
					"sender":	false
				}],
			"sum":	{
				"start":	564.00106,
				"end":	565.000204,
				"seconds":	0.99914401769638062,
				"bytes":	59109800,
				"bits_per_second":	473283522.3197003,
				"jitter_ms":	0.010554376611558282,
				"lost_packets":	0,
				"packets":	43850,
				"lost_percent":	0,
				"omitted":	false,
				"sender":	false
			}
		}, {
			"streams":	[{
					"socket":	5,
					"start":	565.000204,
					"end":	566.001063,
					"seconds":	1.0008590221405029,
					"bytes":	66007516,
					"bits_per_second":	527606901.98970866,
					"jitter_ms":	0.00799354127142058,
					"lost_packets":	0,
					"packets":	48967,
					"lost_percent":	0,
					"omitted":	false,
					"sender":	false
				}],
			"sum":	{
				"start":	565.000204,
				"end":	566.001063,
				"seconds":	1.0008590221405029,
				"bytes":	66007516,
				"bits_per_second":	527606901.98970866,
				"jitter_ms":	0.00799354127142058,
				"lost_packets":	0,
				"packets":	48967,
				"lost_percent":	0,
				"omitted":	false,
				"sender":	false
			}
		}, {
			"streams":	[{
					"socket":	5,
					"start":	566.001063,
					"end":	567.001077,
					"seconds":	1.0000139474868774,
					"bytes":	62602468,
					"bits_per_second":	500812758.920617,
					"jitter_ms":	0.018592231031445975,
					"lost_packets":	0,
					"packets":	46441,
					"lost_percent":	0,
					"omitted":	false,
					"sender":	false
				}],
			"sum":	{
				"start":	566.001063,
				"end":	567.001077,
				"seconds":	1.0000139474868774,
				"bytes":	62602468,
				"bits_per_second":	500812758.920617,
				"jitter_ms":	0.018592231031445975,
				"lost_packets":	0,
				"packets":	46441,
				"lost_percent":	0,
				"omitted":	false,
				"sender":	false
			}
		}, {
			"streams":	[{
					"socket":	5,
					"start":	567.001077,
					"end":	568.001068,
					"seconds":	0.999990999698639,
					"bytes":	62505412,
					"bits_per_second":	500047796.58086419,
					"jitter_ms":	0.014937970276609952,
					"lost_packets":	0,
					"packets":	46369,
					"lost_percent":	0,
					"omitted":	false,
					"sender":	false
				}],
			"sum":	{
				"start":	567.001077,
				"end":	568.001068,
				"seconds":	0.999990999698639,
				"bytes":	62505412,
				"bits_per_second":	500047796.58086419,
				"jitter_ms":	0.014937970276609952,
				"lost_packets":	0,
				"packets":	46369,
				"lost_percent":	0,
				"omitted":	false,
				"sender":	false
			}
		}, {
			"streams":	[{
					"socket":	5,
					"start":	568.001068,
					"end":	569.00014,
					"seconds":	0.999072015285492,
					"bytes":	62288384,
					"bits_per_second":	498769922.86447459,
					"jitter_ms":	0.042590351668071132,
					"lost_packets":	0,
					"packets":	46208,
					"lost_percent":	0,
					"omitted":	false,
					"sender":	false
				}],
			"sum":	{
				"start":	568.001068,
				"end":	569.00014,
				"seconds":	0.999072015285492,
				"bytes":	62288384,
				"bits_per_second":	498769922.86447459,
				"jitter_ms":	0.042590351668071132,
				"lost_packets":	0,
				"packets":	46208,
				"lost_percent":	0,
				"omitted":	false,
				"sender":	false
			}
		}, {
			"streams":	[{
					"socket":	5,
					"start":	569.00014,
					"end":	570.00109,
					"seconds":	1.00094997882843,
					"bytes":	62504064,
					"bits_per_second":	499557942.53102142,
					"jitter_ms":	0.0352065211383665,
					"lost_packets":	0,
					"packets":	46368,
					"lost_percent":	0,
					"omitted":	false,
					"sender":	false
				}],
			"sum":	{
				"start":	569.00014,
				"end":	570.00109,
				"seconds":	1.00094997882843,
				"bytes":	62504064,
				"bits_per_second":	499557942.53102142,
				"jitter_ms":	0.0352065211383665,
				"lost_packets":	0,
				"packets":	46368,
				"lost_percent":	0,
				"omitted":	false,
				"sender":	false
			}
		}, {
			"streams":	[{
					"socket":	5,
					"start":	570.00109,
					"end":	571.001065,
					"seconds":	0.999975025653839,
					"bytes":	62696828,
					"bits_per_second":	501587150.81113422,
					"jitter_ms":	0.023470292938132353,
					"lost_packets":	0,
					"packets":	46511,
					"lost_percent":	0,
					"omitted":	false,
					"sender":	false
				}],
			"sum":	{
				"start":	570.00109,
				"end":	571.001065,
				"seconds":	0.999975025653839,
				"bytes":	62696828,
				"bits_per_second":	501587150.81113422,
				"jitter_ms":	0.023470292938132353,
				"lost_packets":	0,
				"packets":	46511,
				"lost_percent":	0,
				"omitted":	false,
				"sender":	false
			}
		}, {
			"streams":	[{
					"socket":	5,
					"start":	571.001065,
					"end":	572.001063,
					"seconds":	0.99999797344207764,
					"bytes":	62528328,
					"bits_per_second":	500227637.74028224,
					"jitter_ms":	0.00800605562851848,
					"lost_packets":	0,
					"packets":	46386,
					"lost_percent":	0,
					"omitted":	false,
					"sender":	false
				}],
			"sum":	{
				"start":	571.001065,
				"end":	572.001063,
				"seconds":	0.99999797344207764,
				"bytes":	62528328,
				"bits_per_second":	500227637.74028224,
				"jitter_ms":	0.00800605562851848,
				"lost_packets":	0,
				"packets":	46386,
				"lost_percent":	0,
				"omitted":	false,
				"sender":	false
			}
		}, {
			"streams":	[{
					"socket":	5,
					"start":	572.001063,
					"end":	573.001087,
					"seconds":	1.0000239610672,
					"bytes":	62257380,
					"bits_per_second":	498047106.25981832,
					"jitter_ms":	0.0062273355364165445,
					"lost_packets":	0,
					"packets":	46185,
					"lost_percent":	0,
					"omitted":	false,
					"sender":	false
				}],
			"sum":	{
				"start":	572.001063,
				"end":	573.001087,
				"seconds":	1.0000239610672,
				"bytes":	62257380,
				"bits_per_second":	498047106.25981832,
				"jitter_ms":	0.0062273355364165445,
				"lost_packets":	0,
				"packets":	46185,
				"lost_percent":	0,
				"omitted":	false,
				"sender":	false
			}
		}, {
			"streams":	[{
					"socket":	5,
					"start":	573.001087,
					"end":	574.001069,
					"seconds":	0.99998199939727783,
					"bytes":	62606512,
					"bits_per_second":	500861111.80189252,
					"jitter_ms":	0.01154908750752151,
					"lost_packets":	0,
					"packets":	46444,
					"lost_percent":	0,
					"omitted":	false,
					"sender":	false
				}],
			"sum":	{
				"start":	573.001087,
				"end":	574.001069,
				"seconds":	0.99998199939727783,
				"bytes":	62606512,
				"bits_per_second":	500861111.80189252,
				"jitter_ms":	0.01154908750752151,
				"lost_packets":	0,
				"packets":	46444,
				"lost_percent":	0,
				"omitted":	false,
				"sender":	false
			}
		}, {
			"streams":	[{
					"socket":	5,
					"start":	574.001069,
					"end":	575.001069,
					"seconds":	1,
					"bytes":	62502716,
					"bits_per_second":	500021728,
					"jitter_ms":	0.010611846907754973,
					"lost_packets":	0,
					"packets":	46367,
					"lost_percent":	0,
					"omitted":	false,
					"sender":	false
				}],
			"sum":	{
				"start":	574.001069,
				"end":	575.001069,
				"seconds":	1,
				"bytes":	62502716,
				"bits_per_second":	500021728,
				"jitter_ms":	0.010611846907754973,
				"lost_packets":	0,
				"packets":	46367,
				"lost_percent":	0,
				"omitted":	false,
				"sender":	false
			}
		}, {
			"streams":	[{
					"socket":	5,
					"start":	575.001069,
					"end":	576.001077,
					"seconds":	1.0000079870224,
					"bytes":	62502716,
					"bits_per_second":	500017734.34715539,
					"jitter_ms":	0.0094829213259850845,
					"lost_packets":	0,
					"packets":	46367,
					"lost_percent":	0,
					"omitted":	false,
					"sender":	false
				}],
			"sum":	{
				"start":	575.001069,
				"end":	576.001077,
				"seconds":	1.0000079870224,
				"bytes":	62502716,
				"bits_per_second":	500017734.34715539,
				"jitter_ms":	0.0094829213259850845,
				"lost_packets":	0,
				"packets":	46367,
				"lost_percent":	0,
				"omitted":	false,
				"sender":	false
			}
		}, {
			"streams":	[{
					"socket":	5,
					"start":	576.001077,
					"end":	577.001065,
					"seconds":	0.9999880194664,
					"bytes":	62501368,
					"bits_per_second":	500016934.46968389,
					"jitter_ms":	0.0091316616064835137,
					"lost_packets":	0,
					"packets":	46366,
					"lost_percent":	0,
					"omitted":	false,
					"sender":	false
				}],
			"sum":	{
				"start":	576.001077,
				"end":	577.001065,
				"seconds":	0.9999880194664,
				"bytes":	62501368,
				"bits_per_second":	500016934.46968389,
				"jitter_ms":	0.0091316616064835137,
				"lost_packets":	0,
				"packets":	46366,
				"lost_percent":	0,
				"omitted":	false,
				"sender":	false
			}
		}, {
			"streams":	[{
					"socket":	5,
					"start":	577.001065,
					"end":	578.001062,
					"seconds":	0.99999701976776123,
					"bytes":	61533504,
					"bits_per_second":	492269499.07743132,
					"jitter_ms":	0.028055369484110079,
					"lost_packets":	0,
					"packets":	45648,
					"lost_percent":	0,
					"omitted":	false,
					"sender":	false
				}],
			"sum":	{
				"start":	577.001065,
				"end":	578.001062,
				"seconds":	0.99999701976776123,
				"bytes":	61533504,
				"bits_per_second":	492269499.07743132,
				"jitter_ms":	0.028055369484110079,
				"lost_packets":	0,
				"packets":	45648,
				"lost_percent":	0,
				"omitted":	false,
				"sender":	false
			}
		}, {
			"streams":	[{
					"socket":	5,
					"start":	578.001062,
					"end":	579.001068,
					"seconds":	1.0000059604644775,
					"bytes":	61978344,
					"bits_per_second":	495823796.65987289,
					"jitter_ms":	0.00747609484245894,
					"lost_packets":	0,
					"packets":	45978,
					"lost_percent":	0,
					"omitted":	false,
					"sender":	false
				}],
			"sum":	{
				"start":	578.001062,
				"end":	579.001068,
				"seconds":	1.0000059604644775,
				"bytes":	61978344,
				"bits_per_second":	495823796.65987289,
				"jitter_ms":	0.00747609484245894,
				"lost_packets":	0,
				"packets":	45978,
				"lost_percent":	0,
				"omitted":	false,
				"sender":	false
			}
		}, {
			"streams":	[{
					"socket":	5,
					"start":	579.001068,
					"end":	580.001066,
					"seconds":	0.99999797344207764,
					"bytes":	64092008,
					"bits_per_second":	512737103.09143835,
					"jitter_ms":	0.023150270309364767,
					"lost_packets":	0,
					"packets":	47546,
					"lost_percent":	0,
					"omitted":	false,
					"sender":	false
				}],
			"sum":	{
				"start":	579.001068,
				"end":	580.001066,
				"seconds":	0.99999797344207764,
				"bytes":	64092008,
				"bits_per_second":	512737103.09143835,
				"jitter_ms":	0.023150270309364767,
				"lost_packets":	0,
				"packets":	47546,
				"lost_percent":	0,
				"omitted":	false,
				"sender":	false
			}
		}, {
			"streams":	[{
					"socket":	5,
					"start":	580.001066,
					"end":	581.001063,
					"seconds":	0.99999701976776123,
					"bytes":	62394876,
					"bits_per_second":	499160495.61420137,
					"jitter_ms":	0.010939755007036559,
					"lost_packets":	0,
					"packets":	46287,
					"lost_percent":	0,
					"omitted":	false,
					"sender":	false
				}],
			"sum":	{
				"start":	580.001066,
				"end":	581.001063,
				"seconds":	0.99999701976776123,
				"bytes":	62394876,
				"bits_per_second":	499160495.61420137,
				"jitter_ms":	0.010939755007036559,
				"lost_packets":	0,
				"packets":	46287,
				"lost_percent":	0,
				"omitted":	false,
				"sender":	false
			}
		}, {
			"streams":	[{
					"socket":	5,
					"start":	581.001063,
					"end":	582.001067,
					"seconds":	1.0000040531158447,
					"bytes":	62455536,
					"bits_per_second":	499642262.89202756,
					"jitter_ms":	0.0067231548201169755,
					"lost_packets":	0,
					"packets":	46332,
					"lost_percent":	0,
					"omitted":	false,
					"sender":	false
				}],
			"sum":	{
				"start":	581.001063,
				"end":	582.001067,
				"seconds":	1.0000040531158447,
				"bytes":	62455536,
				"bits_per_second":	499642262.89202756,
				"jitter_ms":	0.0067231548201169755,
				"lost_packets":	0,
				"packets":	46332,
				"lost_percent":	0,
				"omitted":	false,
				"sender":	false
			}
		}, {
			"streams":	[{
					"socket":	5,
					"start":	582.001067,
					"end":	583.001093,
					"seconds":	1.0000259876251221,
					"bytes":	62053832,
					"bits_per_second":	496417755.28147179,
					"jitter_ms":	0.0070139458235545047,
					"lost_packets":	0,
					"packets":	46034,
					"lost_percent":	0,
					"omitted":	false,
					"sender":	false
				}],
			"sum":	{
				"start":	582.001067,
				"end":	583.001093,
				"seconds":	1.0000259876251221,
				"bytes":	62053832,
				"bits_per_second":	496417755.28147179,
				"jitter_ms":	0.0070139458235545047,
				"lost_packets":	0,
				"packets":	46034,
				"lost_percent":	0,
				"omitted":	false,
				"sender":	false
			}
		}, {
			"streams":	[{
					"socket":	5,
					"start":	583.001093,
					"end":	584.00107,
					"seconds":	0.9999769926071167,
					"bytes":	62516196,
					"bits_per_second":	500141074.94220829,
					"jitter_ms":	0.10856803120351974,
					"lost_packets":	0,
					"packets":	46380,
					"lost_percent":	0,
					"omitted":	false,
					"sender":	false
				}],
			"sum":	{
				"start":	583.001093,
				"end":	584.00107,
				"seconds":	0.9999769926071167,
				"bytes":	62516196,
				"bits_per_second":	500141074.94220829,
				"jitter_ms":	0.10856803120351974,
				"lost_packets":	0,
				"packets":	46380,
				"lost_percent":	0,
				"omitted":	false,
				"sender":	false
			}
		}, {
			"streams":	[{
					"socket":	5,
					"start":	584.00107,
					"end":	585.001082,
					"seconds":	1.0000120401382446,
					"bytes":	62970472,
					"bits_per_second":	503757710.68752152,
					"jitter_ms":	0.0079024833737255835,
					"lost_packets":	0,
					"packets":	46718,
					"lost_percent":	0,
					"omitted":	false,
					"sender":	false
				}],
			"sum":	{
				"start":	584.00107,
				"end":	585.001082,
				"seconds":	1.0000120401382446,
				"bytes":	62970472,
				"bits_per_second":	503757710.68752152,
				"jitter_ms":	0.0079024833737255835,
				"lost_packets":	0,
				"packets":	46718,
				"lost_percent":	0,
				"omitted":	false,
				"sender":	false
			}
		}, {
			"streams":	[{
					"socket":	5,
					"start":	585.001082,
					"end":	586.001106,
					"seconds":	1.0000239610672,
					"bytes":	62076748,
					"bits_per_second":	496602084.8840726,
					"jitter_ms":	0.0664502287898191,
					"lost_packets":	0,
					"packets":	46053,
					"lost_percent":	0,
					"omitted":	false,
					"sender":	false
				}],
			"sum":	{
				"start":	585.001082,
				"end":	586.001106,
				"seconds":	1.0000239610672,
				"bytes":	62076748,
				"bits_per_second":	496602084.8840726,
				"jitter_ms":	0.0664502287898191,
				"lost_packets":	0,
				"packets":	46053,
				"lost_percent":	0,
				"omitted":	false,
				"sender":	false
			}
		}, {
			"streams":	[{
					"socket":	5,
					"start":	586.001106,
					"end":	587.001065,
					"seconds":	0.99995899200439453,
					"bytes":	62921944,
					"bits_per_second":	503396195.2689634,
					"jitter_ms":	0.01586684512238995,
					"lost_packets":	0,
					"packets":	46709,
					"lost_percent":	0,
					"omitted":	false,
					"sender":	false
				}],
			"sum":	{
				"start":	586.001106,
				"end":	587.001065,
				"seconds":	0.99995899200439453,
				"bytes":	62921944,
				"bits_per_second":	503396195.2689634,
				"jitter_ms":	0.01586684512238995,
				"lost_packets":	0,
				"packets":	46709,
				"lost_percent":	0,
				"omitted":	false,
				"sender":	false
			}
		}, {
			"streams":	[{
					"socket":	5,
					"start":	587.001065,
					"end":	588.001064,
					"seconds":	0.99999898672103882,
					"bytes":	62557984,
					"bits_per_second":	500464379.11002618,
					"jitter_ms":	0.018806180251197045,
					"lost_packets":	0,
					"packets":	46408,
					"lost_percent":	0,
					"omitted":	false,
					"sender":	false
				}],
			"sum":	{
				"start":	587.001065,
				"end":	588.001064,
				"seconds":	0.99999898672103882,
				"bytes":	62557984,
				"bits_per_second":	500464379.11002618,
				"jitter_ms":	0.018806180251197045,
				"lost_packets":	0,
				"packets":	46408,
				"lost_percent":	0,
				"omitted":	false,
				"sender":	false
			}
		}, {
			"streams":	[{
					"socket":	5,
					"start":	588.001064,
					"end":	589.000164,
					"seconds":	0.99910002946853638,
					"bytes":	61242336,
					"bits_per_second":	490380015.56322557,
					"jitter_ms":	0.026524504475829463,
					"lost_packets":	0,
					"packets":	45432,
					"lost_percent":	0,
					"omitted":	false,
					"sender":	false
				}],
			"sum":	{
				"start":	588.001064,
				"end":	589.000164,
				"seconds":	0.99910002946853638,
				"bytes":	61242336,
				"bits_per_second":	490380015.56322557,
				"jitter_ms":	0.026524504475829463,
				"lost_packets":	0,
				"packets":	45432,
				"lost_percent":	0,
				"omitted":	false,
				"sender":	false
			}
		}, {
			"streams":	[{
					"socket":	5,
					"start":	589.000164,
					"end":	590.000139,
					"seconds":	0.999975025653839,
					"bytes":	63653908,
					"bits_per_second":	509243982.03548771,
					"jitter_ms":	0.01010431337434659,
					"lost_packets":	0,
					"packets":	47221,
					"lost_percent":	0,
					"omitted":	false,
					"sender":	false
				}],
			"sum":	{
				"start":	589.000164,
				"end":	590.000139,
				"seconds":	0.999975025653839,
				"bytes":	63653908,
				"bits_per_second":	509243982.03548771,
				"jitter_ms":	0.01010431337434659,
				"lost_packets":	0,
				"packets":	47221,
				"lost_percent":	0,
				"omitted":	false,
				"sender":	false
			}
		}, {
			"streams":	[{
					"socket":	5,
					"start":	590.000139,
					"end":	591.000153,
					"seconds":	1.0000139474868774,
					"bytes":	61719528,
					"bits_per_second":	493749337.43759537,
					"jitter_ms":	0.052212396271600577,
					"lost_packets":	0,
					"packets":	45786,
					"lost_percent":	0,
					"omitted":	false,
					"sender":	false
				}],
			"sum":	{
				"start":	590.000139,
				"end":	591.000153,
				"seconds":	1.0000139474868774,
				"bytes":	61719528,
				"bits_per_second":	493749337.43759537,
				"jitter_ms":	0.052212396271600577,
				"lost_packets":	0,
				"packets":	45786,
				"lost_percent":	0,
				"omitted":	false,
				"sender":	false
			}
		}, {
			"streams":	[{
					"socket":	5,
					"start":	591.000153,
					"end":	592.001091,
					"seconds":	1.0009380578994751,
					"bytes":	63378916,
					"bits_per_second":	506556149.00290012,
					"jitter_ms":	0.023497904746427059,
					"lost_packets":	0,
					"packets":	47017,
					"lost_percent":	0,
					"omitted":	false,
					"sender":	false
				}],
			"sum":	{
				"start":	591.000153,
				"end":	592.001091,
				"seconds":	1.0009380578994751,
				"bytes":	63378916,
				"bits_per_second":	506556149.00290012,
				"jitter_ms":	0.023497904746427059,
				"lost_packets":	0,
				"packets":	47017,
				"lost_percent":	0,
				"omitted":	false,
				"sender":	false
			}
		}, {
			"streams":	[{
					"socket":	5,
					"start":	592.001091,
					"end":	593.00016,
					"seconds":	0.9990689754486084,
					"bytes":	62498672,
					"bits_per_second":	500455312.18251628,
					"jitter_ms":	0.025387198237264326,
					"lost_packets":	0,
					"packets":	46364,
					"lost_percent":	0,
					"omitted":	false,
					"sender":	false
				}],
			"sum":	{
				"start":	592.001091,
				"end":	593.00016,
				"seconds":	0.9990689754486084,
				"bytes":	62498672,
				"bits_per_second":	500455312.18251628,
				"jitter_ms":	0.025387198237264326,
				"lost_packets":	0,
				"packets":	46364,
				"lost_percent":	0,
				"omitted":	false,
				"sender":	false
			}
		}, {
			"streams":	[{
					"socket":	5,
					"start":	593.00016,
					"end":	594.000141,
					"seconds":	0.99998098611831665,
					"bytes":	61044180,
					"bits_per_second":	488362725.67108446,
					"jitter_ms":	0.0065685356046914873,
					"lost_packets":	0,
					"packets":	45285,
					"lost_percent":	0,
					"omitted":	false,
					"sender":	false
				}],
			"sum":	{
				"start":	593.00016,
				"end":	594.000141,
				"seconds":	0.99998098611831665,
				"bytes":	61044180,
				"bits_per_second":	488362725.67108446,
				"jitter_ms":	0.0065685356046914873,
				"lost_packets":	0,
				"packets":	45285,
				"lost_percent":	0,
				"omitted":	false,
				"sender":	false
			}
		}, {
			"streams":	[{
					"socket":	5,
					"start":	594.000141,
					"end":	595.001077,
					"seconds":	1.0009360313415527,
					"bytes":	60810976,
					"bits_per_second":	486032866.00439519,
					"jitter_ms":	0.0055515475821374316,
					"lost_packets":	0,
					"packets":	45112,
					"lost_percent":	0,
					"omitted":	false,
					"sender":	false
				}],
			"sum":	{
				"start":	594.000141,
				"end":	595.001077,
				"seconds":	1.0009360313415527,
				"bytes":	60810976,
				"bits_per_second":	486032866.00439519,
				"jitter_ms":	0.0055515475821374316,
				"lost_packets":	0,
				"packets":	45112,
				"lost_percent":	0,
				"omitted":	false,
				"sender":	false
			}
		}, {
			"streams":	[{
					"socket":	5,
					"start":	595.001077,
					"end":	596.001062,
					"seconds":	0.9999849796295166,
					"bytes":	64783532,
					"bits_per_second":	518276040.698144,
					"jitter_ms":	0.12782344650958288,
					"lost_packets":	0,
					"packets":	48059,
					"lost_percent":	0,
					"omitted":	false,
					"sender":	false
				}],
			"sum":	{
				"start":	595.001077,
				"end":	596.001062,
				"seconds":	0.9999849796295166,
				"bytes":	64783532,
				"bits_per_second":	518276040.698144,
				"jitter_ms":	0.12782344650958288,
				"lost_packets":	0,
				"packets":	48059,
				"lost_percent":	0,
				"omitted":	false,
				"sender":	false
			}
		}, {
			"streams":	[{
					"socket":	5,
					"start":	596.001062,
					"end":	597.001061,
					"seconds":	0.99999898672103882,
					"bytes":	62930032,
					"bits_per_second":	503440766.12593651,
					"jitter_ms":	0.041876230391254064,
					"lost_packets":	0,
					"packets":	46684,
					"lost_percent":	0,
					"omitted":	false,
					"sender":	false
				}],
			"sum":	{
				"start":	596.001062,
				"end":	597.001061,
				"seconds":	0.99999898672103882,
				"bytes":	62930032,
				"bits_per_second":	503440766.12593651,
				"jitter_ms":	0.041876230391254064,
				"lost_packets":	0,
				"packets":	46684,
				"lost_percent":	0,
				"omitted":	false,
				"sender":	false
			}
		}, {
			"streams":	[{
					"socket":	5,
					"start":	597.001061,
					"end":	598.000161,
					"seconds":	0.99910002946853638,
					"bytes":	62071356,
					"bits_per_second":	497018149.688322,
					"jitter_ms":	0.013616418596289438,
					"lost_packets":	0,
					"packets":	46047,
					"lost_percent":	0,
					"omitted":	false,
					"sender":	false
				}],
			"sum":	{
				"start":	597.001061,
				"end":	598.000161,
				"seconds":	0.99910002946853638,
				"bytes":	62071356,
				"bits_per_second":	497018149.688322,
				"jitter_ms":	0.013616418596289438,
				"lost_packets":	0,
				"packets":	46047,
				"lost_percent":	0,
				"omitted":	false,
				"sender":	false
			}
		}, {
			"streams":	[{
					"socket":	5,
					"start":	598.000161,
					"end":	599.001083,
					"seconds":	1.0009219646453857,
					"bytes":	60529244,
					"bits_per_second":	483787916.64498848,
					"jitter_ms":	0.0566870679432795,
					"lost_packets":	0,
					"packets":	44903,
					"lost_percent":	0,
					"omitted":	false,
					"sender":	false
				}],
			"sum":	{
				"start":	598.000161,
				"end":	599.001083,
				"seconds":	1.0009219646453857,
				"bytes":	60529244,
				"bits_per_second":	483787916.64498848,
				"jitter_ms":	0.0566870679432795,
				"lost_packets":	0,
				"packets":	44903,
				"lost_percent":	0,
				"omitted":	false,
				"sender":	false
			}
		}, {
			"streams":	[{
					"socket":	5,
					"start":	599.001083,
					"end":	600.00107,
					"seconds":	0.999987006187439,
					"bytes":	65280944,
					"bits_per_second":	522254338.07497811,
					"jitter_ms":	0.015072570477257912,
					"lost_packets":	0,
					"packets":	48428,
					"lost_percent":	0,
					"omitted":	false,
					"sender":	false
				}],
			"sum":	{
				"start":	599.001083,
				"end":	600.00107,
				"seconds":	0.999987006187439,
				"bytes":	65280944,
				"bits_per_second":	522254338.07497811,
				"jitter_ms":	0.015072570477257912,
				"lost_packets":	0,
				"packets":	48428,
				"lost_percent":	0,
				"omitted":	false,
				"sender":	false
			}
		}],
	"end":	{
		"streams":	[{
				"udp":	{
					"socket":	5,
					"start":	0,
					"end":	600.057901,
					"seconds":	600.057901,
					"bytes":	37503576112,
					"bits_per_second":	499999430.714937,
					"jitter_ms":	0.015072570477257912,
					"lost_packets":	367668,
					"packets":	27821644,
					"lost_percent":	0,
					"out_of_order":	0,
					"sender":	false
				}
			}],
		"sum":	{
			"start":	0,
			"end":	600.00107,
			"seconds":	600.00107,
			"bytes":	37503576112,
			"bits_per_second":	499999430.714937,
			"jitter_ms":	0.015072570477257912,
			"lost_packets":	367668,
			"packets":	27821644,
			"lost_percent":	1.3215178801080194,
			"sender":	false
		},
		"sum_sent":	{
			"start":	0,
			"end":	600.057901,
			"seconds":	600.057901,
			"bytes":	37503576112,
			"bits_per_second":	499999430.714937,
			"jitter_ms":	0,
			"lost_packets":	0,
			"packets":	0,
			"lost_percent":	0,
			"sender":	true
		},
		"sum_received":	{
			"start":	0,
			"end":	600.00107,
			"seconds":	600.00107,
			"bytes":	37006742404,
			"bits_per_second":	493422352.11680537,
			"jitter_ms":	0.015072570477257912,
			"lost_packets":	367668,
			"packets":	27820741,
			"lost_percent":	1.3215178801080194,
			"sender":	false
		},
		"cpu_utilization_percent":	{
			"host_total":	4.4876839379280176,
			"host_user":	0.742561170706397,
			"host_system":	3.7451226005906326,
			"remote_total":	16.810179869849694,
			"remote_user":	1.6810386732189757,
			"remote_system":	15.129141031140847
		}
	}
}
