{
	"start":	{
		"connected":	[{
				"socket":	5,
				"local_host":	"10.45.0.26",
				"local_port":	33227,
				"remote_host":	"10.45.0.1",
				"remote_port":	5201
			}],
		"version":	"iperf 3.18",
		"system_info":	"Linux localhost 4.19.113-22299651 #1 SMP PREEMPT Fri Nov 12 10:33:08 KST 2021 aarch64",
		"timestamp":	{
			"time":	"Tue, 04 Aug 2026 03:13:54 GMT",
			"timesecs":	1785813234
		},
		"connecting_to":	{
			"host":	"10.45.0.1",
			"port":	5201
		},
		"cookie":	"4paaog5nnc2ntyvtsjctxf4egmzmmca53ct4",
		"target_bitrate":	500000000,
		"fq_rate":	0,
		"sock_bufsize":	0,
		"sndbuf_actual":	229376,
		"rcvbuf_actual":	229376,
		"test_start":	{
			"protocol":	"UDP",
			"num_streams":	1,
			"blksize":	1348,
			"omit":	0,
			"duration":	1200,
			"bytes":	0,
			"blocks":	0,
			"reverse":	1,
			"tos":	0,
			"target_bitrate":	500000000,
			"bidir":	0,
			"fqrate":	0,
			"interval":	1
		}
	},
	"intervals":	[{
			"streams":	[{
					"socket":	5,
					"start":	0,
					"end":	1.00115,
					"seconds":	1.0011500120162964,
					"bytes":	47182696,
					"bits_per_second":	377027981.29103535,
					"jitter_ms":	0.00965366533100409,
					"lost_packets":	0,
					"packets":	35002,
					"lost_percent":	0,
					"omitted":	false,
					"sender":	false
				}],
			"sum":	{
				"start":	0,
				"end":	1.00115,
				"seconds":	1.0011500120162964,
				"bytes":	47182696,
				"bits_per_second":	377027981.29103535,
				"jitter_ms":	0.00965366533100409,
				"lost_packets":	0,
				"packets":	35002,
				"lost_percent":	0,
				"omitted":	false,
				"sender":	false
			}
		}, {
			"streams":	[{
					"socket":	5,
					"start":	1.00115,
					"end":	2.001052,
					"seconds":	0.99990200996398926,
					"bytes":	45408728,
					"bits_per_second":	363305424.31161118,
					"jitter_ms":	0.031351198804053876,
					"lost_packets":	0,
					"packets":	33686,
					"lost_percent":	0,
					"omitted":	false,
					"sender":	false
				}],
			"sum":	{
				"start":	1.00115,
				"end":	2.001052,
				"seconds":	0.99990200996398926,
				"bytes":	45408728,
				"bits_per_second":	363305424.31161118,
				"jitter_ms":	0.031351198804053876,
				"lost_packets":	0,
				"packets":	33686,
				"lost_percent":	0,
				"omitted":	false,
				"sender":	false
			}
		}, {
			"streams":	[{
					"socket":	5,
					"start":	2.001052,
					"end":	3.001057,
					"seconds":	1.0000050067901611,
					"bytes":	45408728,
					"bits_per_second":	363268005.19332576,
					"jitter_ms":	0.00833074274282325,
					"lost_packets":	0,
					"packets":	33686,
					"lost_percent":	0,
					"omitted":	false,
					"sender":	false
				}],
			"sum":	{
				"start":	2.001052,
				"end":	3.001057,
				"seconds":	1.0000050067901611,
				"bytes":	45408728,
				"bits_per_second":	363268005.19332576,
				"jitter_ms":	0.00833074274282325,
				"lost_packets":	0,
				"packets":	33686,
				"lost_percent":	0,
				"omitted":	false,
				"sender":	false
			}
		}, {
			"streams":	[{
					"socket":	5,
					"start":	3.001057,
					"end":	4.001061,
					"seconds":	1.0000040531158447,
					"bytes":	38972028,
					"bits_per_second":	311774960.33996826,
					"jitter_ms":	0.017689845372265006,
					"lost_packets":	1443,
					"packets":	30354,
					"lost_percent":	4.7539039335837119,
					"omitted":	false,
					"sender":	false
				}],
			"sum":	{
				"start":	3.001057,
				"end":	4.001061,
				"seconds":	1.0000040531158447,
				"bytes":	38972028,
				"bits_per_second":	311774960.33996826,
				"jitter_ms":	0.017689845372265006,
				"lost_packets":	1443,
				"packets":	30354,
				"lost_percent":	4.7539039335837119,
				"omitted":	false,
				"sender":	false
			}
		}, {
			"streams":	[{
					"socket":	5,
					"start":	4.001061,
					"end":	5.001066,
					"seconds":	1.0000050067901611,
					"bytes":	45929056,
					"bits_per_second":	367430608.35204518,
					"jitter_ms":	0.015697502675381038,
					"lost_packets":	12990,
					"packets":	47062,
					"lost_percent":	27.6018868726361,
					"omitted":	false,
					"sender":	false
				}],
			"sum":	{
				"start":	4.001061,
				"end":	5.001066,
				"seconds":	1.0000050067901611,
				"bytes":	45929056,
				"bits_per_second":	367430608.35204518,
				"jitter_ms":	0.015697502675381038,
				"lost_packets":	12990,
				"packets":	47062,
				"lost_percent":	27.6018868726361,
				"omitted":	false,
				"sender":	false
			}
		}, {
			"streams":	[{
					"socket":	5,
					"start":	5.001066,
					"end":	6.001102,
					"seconds":	1.0000360012054443,
					"bytes":	45078468,
					"bits_per_second":	360614761.43388736,
					"jitter_ms":	0.040246063831679522,
					"lost_packets":	12491,
					"packets":	45932,
					"lost_percent":	27.194548462945225,
					"omitted":	false,
					"sender":	false
				}],
			"sum":	{
				"start":	5.001066,
				"end":	6.001102,
				"seconds":	1.0000360012054443,
				"bytes":	45078468,
				"bits_per_second":	360614761.43388736,
				"jitter_ms":	0.040246063831679522,
				"lost_packets":	12491,
				"packets":	45932,
				"lost_percent":	27.194548462945225,
				"omitted":	false,
				"sender":	false
			}
		}, {
			"streams":	[{
					"socket":	5,
					"start":	6.001102,
					"end":	7.001073,
					"seconds":	0.99997097253799438,
					"bytes":	44725292,
					"bits_per_second":	357812722.39520442,
					"jitter_ms":	0.057959918636699845,
					"lost_packets":	12299,
					"packets":	45478,
					"lost_percent":	27.0438453757861,
					"omitted":	false,
					"sender":	false
				}],
			"sum":	{
				"start":	6.001102,
				"end":	7.001073,
				"seconds":	0.99997097253799438,
				"bytes":	44725292,
				"bits_per_second":	357812722.39520442,
				"jitter_ms":	0.057959918636699845,
				"lost_packets":	12299,
				"packets":	45478,
				"lost_percent":	27.0438453757861,
				"omitted":	false,
				"sender":	false
			}
		}, {
			"streams":	[{
					"socket":	5,
					"start":	7.001073,
					"end":	8.001067,
					"seconds":	0.99999397993087769,
					"bytes":	46055768,
					"bits_per_second":	368448362.08460778,
					"jitter_ms":	0.040225753066443423,
					"lost_packets":	13086,
					"packets":	47252,
					"lost_percent":	27.694065859646152,
					"omitted":	false,
					"sender":	false
				}],
			"sum":	{
				"start":	7.001073,
				"end":	8.001067,
				"seconds":	0.99999397993087769,
				"bytes":	46055768,
				"bits_per_second":	368448362.08460778,
				"jitter_ms":	0.040225753066443423,
				"lost_packets":	13086,
				"packets":	47252,
				"lost_percent":	27.694065859646152,
				"omitted":	false,
				"sender":	false
			}
		}, {
			"streams":	[{
					"socket":	5,
					"start":	8.001067,
					"end":	9.001069,
					"seconds":	1.0000020265579224,
					"bytes":	45333240,
					"bits_per_second":	362665185.03799611,
					"jitter_ms":	0.040251618299289312,
					"lost_packets":	12735,
					"packets":	46365,
					"lost_percent":	27.466839210611454,
					"omitted":	false,
					"sender":	false
				}],
			"sum":	{
				"start":	8.001067,
				"end":	9.001069,
				"seconds":	1.0000020265579224,
				"bytes":	45333240,
				"bits_per_second":	362665185.03799611,
				"jitter_ms":	0.040251618299289312,
				"lost_packets":	12735,
				"packets":	46365,
				"lost_percent":	27.466839210611454,
				"omitted":	false,
				"sender":	false
			}
		}, {
			"streams":	[{
					"socket":	5,
					"start":	9.001069,
					"end":	10.00108,
					"seconds":	1.0000109672546387,
					"bytes":	44699680,
					"bits_per_second":	357593518.180829,
					"jitter_ms":	0.054526093293337116,
					"lost_packets":	12319,
					"packets":	45479,
					"lost_percent":	27.087227071835354,
					"omitted":	false,
					"sender":	false
				}],
			"sum":	{
				"start":	9.001069,
				"end":	10.00108,
				"seconds":	1.0000109672546387,
				"bytes":	44699680,
				"bits_per_second":	357593518.180829,
				"jitter_ms":	0.054526093293337116,
				"lost_packets":	12319,
				"packets":	45479,
				"lost_percent":	27.087227071835354,
				"omitted":	false,
				"sender":	false
			}
		}, {
			"streams":	[{
					"socket":	5,
					"start":	10.00108,
					"end":	11.001064,
					"seconds":	0.9999840259552002,
					"bytes":	46081380,
					"bits_per_second":	368656928.94229871,
					"jitter_ms":	0.039957071245351188,
					"lost_packets":	13066,
					"packets":	47251,
					"lost_percent":	27.652324818522359,
					"omitted":	false,
					"sender":	false
				}],
			"sum":	{
				"start":	10.00108,
				"end":	11.001064,
				"seconds":	0.9999840259552002,
				"bytes":	46081380,
				"bits_per_second":	368656928.94229871,
				"jitter_ms":	0.039957071245351188,
				"lost_packets":	13066,
				"packets":	47251,
				"lost_percent":	27.652324818522359,
				"omitted":	false,
				"sender":	false
			}
		}, {
			"streams":	[{
					"socket":	5,
					"start":	11.001064,
					"end":	12.00105,
					"seconds":	0.99998599290847778,
					"bytes":	44761688,
					"bits_per_second":	358098519.91874248,
					"jitter_ms":	0.054493013618490072,
					"lost_packets":	12273,
					"packets":	45479,
					"lost_percent":	26.986081488159371,
					"omitted":	false,
					"sender":	false
				}],
			"sum":	{
				"start":	11.001064,
				"end":	12.00105,
				"seconds":	0.99998599290847778,
				"bytes":	44761688,
				"bits_per_second":	358098519.91874248,
				"jitter_ms":	0.054493013618490072,
				"lost_packets":	12273,
				"packets":	45479,
				"lost_percent":	26.986081488159371,
				"omitted":	false,
				"sender":	false
			}
		}, {
			"streams":	[{
					"socket":	5,
					"start":	12.00105,
					"end":	13.001068,
					"seconds":	1.0000180006027222,
					"bytes":	46167652,
					"bits_per_second":	369334567.75517428,
					"jitter_ms":	0.035569708376168449,
					"lost_packets":	12633,
					"packets":	46882,
					"lost_percent":	26.946376007849494,
					"omitted":	false,
					"sender":	false
				}],
			"sum":	{
				"start":	12.00105,
				"end":	13.001068,
				"seconds":	1.0000180006027222,
				"bytes":	46167652,
				"bits_per_second":	369334567.75517428,
				"jitter_ms":	0.035569708376168449,
				"lost_packets":	12633,
				"packets":	46882,
				"lost_percent":	26.946376007849494,
				"omitted":	false,
				"sender":	false
			}
		}, {
			"streams":	[{
					"socket":	5,
					"start":	13.001068,
					"end":	14.001052,
					"seconds":	0.9999840259552002,
					"bytes":	45333240,
					"bits_per_second":	362671713.33419645,
					"jitter_ms":	0.01258326167904323,
					"lost_packets":	12707,
					"packets":	46337,
					"lost_percent":	27.423009689880658,
					"omitted":	false,
					"sender":	false
				}],
			"sum":	{
				"start":	13.001068,
				"end":	14.001052,
				"seconds":	0.9999840259552002,
				"bytes":	45333240,
				"bits_per_second":	362671713.33419645,
				"jitter_ms":	0.01258326167904323,
				"lost_packets":	12707,
				"packets":	46337,
				"lost_percent":	27.423009689880658,
				"omitted":	false,
				"sender":	false
			}
		}, {
			"streams":	[{
					"socket":	5,
					"start":	14.001052,
					"end":	15.001062,
					"seconds":	1.0000100135803223,
					"bytes":	45458604,
					"bits_per_second":	363665190.40940541,
					"jitter_ms":	0.0082158923385726029,
					"lost_packets":	12651,
					"packets":	46374,
					"lost_percent":	27.280372622590246,
					"omitted":	false,
					"sender":	false
				}],
			"sum":	{
				"start":	14.001052,
				"end":	15.001062,
				"seconds":	1.0000100135803223,
				"bytes":	45458604,
				"bits_per_second":	363665190.40940541,
				"jitter_ms":	0.0082158923385726029,
				"lost_packets":	12651,
				"packets":	46374,
				"lost_percent":	27.280372622590246,
				"omitted":	false,
				"sender":	false
			}
		}, {
			"streams":	[{
					"socket":	5,
					"start":	15.001062,
					"end":	16.00107,
					"seconds":	1.0000079870224,
					"bytes":	43611844,
					"bits_per_second":	348891965.39205724,
					"jitter_ms":	0.070450942940520039,
					"lost_packets":	12015,
					"packets":	44368,
					"lost_percent":	27.080328164442843,
					"omitted":	false,
					"sender":	false
				}],
			"sum":	{
				"start":	15.001062,
				"end":	16.00107,
				"seconds":	1.0000079870224,
				"bytes":	43611844,
				"bits_per_second":	348891965.39205724,
				"jitter_ms":	0.070450942940520039,
				"lost_packets":	12015,
				"packets":	44368,
				"lost_percent":	27.080328164442843,
				"omitted":	false,
				"sender":	false
			}
		}, {
			"streams":	[{
					"socket":	5,
					"start":	16.00107,
					"end":	17.001067,
					"seconds":	0.99999701976776123,
					"bytes":	47193480,
					"bits_per_second":	377548965.18359774,
					"jitter_ms":	0.0059972343773442762,
					"lost_packets":	13361,
					"packets":	48371,
					"lost_percent":	27.621922226127225,
					"omitted":	false,
					"sender":	false
				}],
			"sum":	{
				"start":	16.00107,
				"end":	17.001067,
				"seconds":	0.99999701976776123,
				"bytes":	47193480,
				"bits_per_second":	377548965.18359774,
				"jitter_ms":	0.0059972343773442762,
				"lost_packets":	13361,
				"packets":	48371,
				"lost_percent":	27.621922226127225,
				"omitted":	false,
				"sender":	false
			}
		}, {
			"streams":	[{
					"socket":	5,
					"start":	17.001067,
					"end":	18.001066,
					"seconds":	0.99999898672103882,
					"bytes":	45408728,
					"bits_per_second":	363270192.0940429,
					"jitter_ms":	0.037650255257626615,
					"lost_packets":	12688,
					"packets":	46374,
					"lost_percent":	27.360158709621771,
					"omitted":	false,
					"sender":	false
				}],
			"sum":	{
				"start":	17.001067,
				"end":	18.001066,
				"seconds":	0.99999898672103882,
				"bytes":	45408728,
				"bits_per_second":	363270192.0940429,
				"jitter_ms":	0.037650255257626615,
				"lost_packets":	12688,
				"packets":	46374,
				"lost_percent":	27.360158709621771,
				"omitted":	false,
				"sender":	false
			}
		}, {
			"streams":	[{
					"socket":	5,
					"start":	18.001066,
					"end":	19.001082,
					"seconds":	1.0000159740448,
					"bytes":	45322456,
					"bits_per_second":	362573856.22897738,
					"jitter_ms":	0.042090394009155645,
					"lost_packets":	12743,
					"packets":	46365,
					"lost_percent":	27.484093605090045,
					"omitted":	false,
					"sender":	false
				}],
			"sum":	{
				"start":	18.001066,
				"end":	19.001082,
				"seconds":	1.0000159740448,
				"bytes":	45322456,
				"bits_per_second":	362573856.22897738,
				"jitter_ms":	0.042090394009155645,
				"lost_packets":	12743,
				"packets":	46365,
				"lost_percent":	27.484093605090045,
				"omitted":	false,
				"sender":	false
			}
		}, {
			"streams":	[{
					"socket":	5,
					"start":	19.001082,
					"end":	20.001086,
					"seconds":	1.0000040531158447,
					"bytes":	45507132,
					"bits_per_second":	364055580.44055855,
					"jitter_ms":	0.039943476643504235,
					"lost_packets":	12976,
					"packets":	46735,
					"lost_percent":	27.765058307478334,
					"omitted":	false,
					"sender":	false
				}],
			"sum":	{
				"start":	19.001082,
				"end":	20.001086,
				"seconds":	1.0000040531158447,
				"bytes":	45507132,
				"bits_per_second":	364055580.44055855,
				"jitter_ms":	0.039943476643504235,
				"lost_packets":	12976,
				"packets":	46735,
				"lost_percent":	27.765058307478334,
				"omitted":	false,
				"sender":	false
			}
		}, {
			"streams":	[{
					"socket":	5,
					"start":	20.001086,
					"end":	21.001078,
					"seconds":	0.9999920129776,
					"bytes":	43574100,
					"bits_per_second":	348595584.24073982,
					"jitter_ms":	0.024888100488607567,
					"lost_packets":	12193,
					"packets":	44518,
					"lost_percent":	27.388921335190261,
					"omitted":	false,
					"sender":	false
				}],
			"sum":	{
				"start":	20.001086,
				"end":	21.001078,
				"seconds":	0.9999920129776,
				"bytes":	43574100,
				"bits_per_second":	348595584.24073982,
				"jitter_ms":	0.024888100488607567,
				"lost_packets":	12193,
				"packets":	44518,
				"lost_percent":	27.388921335190261,
				"omitted":	false,
				"sender":	false
			}
		}, {
			"streams":	[{
					"socket":	5,
					"start":	21.001078,
					"end":	22.00107,
					"seconds":	0.9999920129776,
					"bytes":	47126080,
					"bits_per_second":	377011651.20050317,
					"jitter_ms":	0.039736724903458767,
					"lost_packets":	13252,
					"packets":	48212,
					"lost_percent":	27.486932713847175,
					"omitted":	false,
					"sender":	false
				}],
			"sum":	{
				"start":	21.001078,
				"end":	22.00107,
				"seconds":	0.9999920129776,
				"bytes":	47126080,
				"bits_per_second":	377011651.20050317,
				"jitter_ms":	0.039736724903458767,
				"lost_packets":	13252,
				"packets":	48212,
				"lost_percent":	27.486932713847175,
				"omitted":	false,
				"sender":	false
			}
		}, {
			"streams":	[{
					"socket":	5,
					"start":	22.00107,
					"end":	23.001071,
					"seconds":	1.0000009536743164,
					"bytes":	45484216,
					"bits_per_second":	363873380.98330212,
					"jitter_ms":	0.037720189051924445,
					"lost_packets":	12253,
					"packets":	45995,
					"lost_percent":	26.639852157843244,
					"omitted":	false,
					"sender":	false
				}],
			"sum":	{
				"start":	22.00107,
				"end":	23.001071,
				"seconds":	1.0000009536743164,
				"bytes":	45484216,
				"bits_per_second":	363873380.98330212,
				"jitter_ms":	0.037720189051924445,
				"lost_packets":	12253,
				"packets":	45995,
				"lost_percent":	26.639852157843244,
				"omitted":	false,
				"sender":	false
			}
		}, {
			"streams":	[{
					"socket":	5,
					"start":	23.001071,
					"end":	24.001082,
					"seconds":	1.0000109672546387,
					"bytes":	43865268,
					"bits_per_second":	350918295.389697,
					"jitter_ms":	0.1053043102848651,
					"lost_packets":	12288,
					"packets":	44829,
					"lost_percent":	27.41082781235361,
					"omitted":	false,
					"sender":	false
				}],
			"sum":	{
				"start":	23.001071,
				"end":	24.001082,
				"seconds":	1.0000109672546387,
				"bytes":	43865268,
				"bits_per_second":	350918295.389697,
				"jitter_ms":	0.1053043102848651,
				"lost_packets":	12288,
				"packets":	44829,
				"lost_percent":	27.41082781235361,
				"omitted":	false,
				"sender":	false
			}
		}, {
			"streams":	[{
					"socket":	5,
					"start":	24.001082,
					"end":	25.001087,
					"seconds":	1.0000050067901611,
					"bytes":	46826824,
					"bits_per_second":	374612716.39273733,
					"jitter_ms":	0.0378806839374737,
					"lost_packets":	13163,
					"packets":	47901,
					"lost_percent":	27.479593327905473,
					"omitted":	false,
					"sender":	false
				}],
			"sum":	{
				"start":	24.001082,
				"end":	25.001087,
				"seconds":	1.0000050067901611,
				"bytes":	46826824,
				"bits_per_second":	374612716.39273733,
				"jitter_ms":	0.0378806839374737,
				"lost_packets":	13163,
				"packets":	47901,
				"lost_percent":	27.479593327905473,
				"omitted":	false,
				"sender":	false
			}
		}, {
			"streams":	[{
					"socket":	5,
					"start":	25.001087,
					"end":	26.001071,
					"seconds":	0.9999840259552002,
					"bytes":	43549836,
					"bits_per_second":	348404253.42515266,
					"jitter_ms":	0.030425529284690563,
					"lost_packets":	12184,
					"packets":	44491,
					"lost_percent":	27.385313883706818,
					"omitted":	false,
					"sender":	false
				}],
			"sum":	{
				"start":	25.001087,
				"end":	26.001071,
				"seconds":	0.9999840259552002,
				"bytes":	43549836,
				"bits_per_second":	348404253.42515266,
				"jitter_ms":	0.030425529284690563,
				"lost_packets":	12184,
				"packets":	44491,
				"lost_percent":	27.385313883706818,
				"omitted":	false,
				"sender":	false
			}
		}, {
			"streams":	[{
					"socket":	5,
					"start":	26.001071,
					"end":	27.001065,
					"seconds":	0.99999397993087769,
					"bytes":	47030372,
					"bits_per_second":	376245241.02235788,
					"jitter_ms":	0.039907676005353158,
					"lost_packets":	13210,
					"packets":	48099,
					"lost_percent":	27.46418844466621,
					"omitted":	false,
					"sender":	false
				}],
			"sum":	{
				"start":	26.001071,
				"end":	27.001065,
				"seconds":	0.99999397993087769,
				"bytes":	47030372,
				"bits_per_second":	376245241.02235788,
				"jitter_ms":	0.039907676005353158,
				"lost_packets":	13210,
				"packets":	48099,
				"lost_percent":	27.46418844466621,
				"omitted":	false,
				"sender":	false
			}
		}, {
			"streams":	[{
					"socket":	5,
					"start":	27.001065,
					"end":	28.000284,
					"seconds":	0.999219000339508,
					"bytes":	45559704,
					"bits_per_second":	364762511.39756167,
					"jitter_ms":	0.037529113959597349,
					"lost_packets":	12707,
					"packets":	46505,
					"lost_percent":	27.323943661971832,
					"omitted":	false,
					"sender":	false
				}],
			"sum":	{
				"start":	27.001065,
				"end":	28.000284,
				"seconds":	0.999219000339508,
				"bytes":	45559704,
				"bits_per_second":	364762511.39756167,
				"jitter_ms":	0.037529113959597349,
				"lost_packets":	12707,
				"packets":	46505,
				"lost_percent":	27.323943661971832,
				"omitted":	false,
				"sender":	false
			}
		}, {
			"streams":	[{
					"socket":	5,
					"start":	28.000284,
					"end":	29.001073,
					"seconds":	1.0007890462875366,
					"bytes":	45383116,
					"bits_per_second":	362778678.83027154,
					"jitter_ms":	0.037359718773842934,
					"lost_packets":	12698,
					"packets":	46365,
					"lost_percent":	27.387037636147955,
					"omitted":	false,
					"sender":	false
				}],
			"sum":	{
				"start":	28.000284,
				"end":	29.001073,
				"seconds":	1.0007890462875366,
				"bytes":	45383116,
				"bits_per_second":	362778678.83027154,
				"jitter_ms":	0.037359718773842934,
				"lost_packets":	12698,
				"packets":	46365,
				"lost_percent":	27.387037636147955,
				"omitted":	false,
				"sender":	false
			}
		}, {
			"streams":	[{
					"socket":	5,
					"start":	29.001073,
					"end":	30.001081,
					"seconds":	1.0000079870224,
					"bytes":	43561968,
					"bits_per_second":	348492960.57891762,
					"jitter_ms":	0.024765419862494087,
					"lost_packets":	12572,
					"packets":	44888,
					"lost_percent":	28.007485296738551,
					"omitted":	false,
					"sender":	false
				}],
			"sum":	{
				"start":	29.001073,
				"end":	30.001081,
				"seconds":	1.0000079870224,
				"bytes":	43561968,
				"bits_per_second":	348492960.57891762,
				"jitter_ms":	0.024765419862494087,
				"lost_packets":	12572,
				"packets":	44888,
				"lost_percent":	28.007485296738551,
				"omitted":	false,
				"sender":	false
			}
		}, {
			"streams":	[{
					"socket":	5,
					"start":	30.001081,
					"end":	31.001066,
					"seconds":	0.9999849796295166,
					"bytes":	46422424,
					"bits_per_second":	371384970.33984649,
					"jitter_ms":	0.057598043956311858,
					"lost_packets":	12887,
					"packets":	47325,
					"lost_percent":	27.230850501848916,
					"omitted":	false,
					"sender":	false
				}],
			"sum":	{
				"start":	30.001081,
				"end":	31.001066,
				"seconds":	0.9999849796295166,
				"bytes":	46422424,
				"bits_per_second":	371384970.33984649,
				"jitter_ms":	0.057598043956311858,
				"lost_packets":	12887,
				"packets":	47325,
				"lost_percent":	27.230850501848916,
				"omitted":	false,
				"sender":	false
			}
		}, {
			"streams":	[{
					"socket":	5,
					"start":	31.001066,
					"end":	32.00107,
					"seconds":	1.0000040531158447,
					"bytes":	46055768,
					"bits_per_second":	368444650.65114856,
					"jitter_ms":	0.037592628994005041,
					"lost_packets":	13087,
					"packets":	47253,
					"lost_percent":	27.695596046811843,
					"omitted":	false,
					"sender":	false
				}],
			"sum":	{
				"start":	31.001066,
				"end":	32.00107,
				"seconds":	1.0000040531158447,
				"bytes":	46055768,
				"bits_per_second":	368444650.65114856,
				"jitter_ms":	0.037592628994005041,
				"lost_packets":	13087,
				"packets":	47253,
				"lost_percent":	27.695596046811843,
				"omitted":	false,
				"sender":	false
			}
		}, {
			"streams":	[{
					"socket":	5,
					"start":	32.00107,
					"end":	33.001061,
					"seconds":	0.999990999698639,
					"bytes":	43866616,
					"bits_per_second":	350936086.53053725,
					"jitter_ms":	0.039747083406850188,
					"lost_packets":	11921,
					"packets":	44463,
					"lost_percent":	26.8110563839597,
					"omitted":	false,
					"sender":	false
				}],
			"sum":	{
				"start":	32.00107,
				"end":	33.001061,
				"seconds":	0.999990999698639,
				"bytes":	43866616,
				"bits_per_second":	350936086.53053725,
				"jitter_ms":	0.039747083406850188,
				"lost_packets":	11921,
				"packets":	44463,
				"lost_percent":	26.8110563839597,
				"omitted":	false,
				"sender":	false
			}
		}, {
			"streams":	[{
					"socket":	5,
					"start":	33.001061,
					"end":	34.001054,
					"seconds":	0.99999302625656128,
					"bytes":	47217744,
					"bits_per_second":	377744586.29383016,
					"jitter_ms":	0.010901656421305835,
					"lost_packets":	13122,
					"packets":	48150,
					"lost_percent":	27.252336448598133,
					"omitted":	false,
					"sender":	false
				}],
			"sum":	{
				"start":	33.001061,
				"end":	34.001054,
				"seconds":	0.99999302625656128,
				"bytes":	47217744,
				"bits_per_second":	377744586.29383016,
				"jitter_ms":	0.010901656421305835,
				"lost_packets":	13122,
				"packets":	48150,
				"lost_percent":	27.252336448598133,
				"omitted":	false,
				"sender":	false
			}
		}, {
			"streams":	[{
					"socket":	5,
					"start":	34.001054,
					"end":	35.001052,
					"seconds":	0.99999797344207764,
					"bytes":	45066336,
					"bits_per_second":	360531418.63780272,
					"jitter_ms":	0.00805195524030804,
					"lost_packets":	12660,
					"packets":	46092,
					"lost_percent":	27.46680551939599,
					"omitted":	false,
					"sender":	false
				}],
			"sum":	{
				"start":	34.001054,
				"end":	35.001052,
				"seconds":	0.99999797344207764,
				"bytes":	45066336,
				"bits_per_second":	360531418.63780272,
				"jitter_ms":	0.00805195524030804,
				"lost_packets":	12660,
				"packets":	46092,
				"lost_percent":	27.46680551939599,
				"omitted":	false,
				"sender":	false
			}
		}, {
			"streams":	[{
					"socket":	5,
					"start":	35.001052,
					"end":	36.00106,
					"seconds":	1.0000079870224,
					"bytes":	45370984,
					"bits_per_second":	362964972.99063033,
					"jitter_ms":	0.020992111490142913,
					"lost_packets":	12689,
					"packets":	46347,
					"lost_percent":	27.378255334757373,
					"omitted":	false,
					"sender":	false
				}],
			"sum":	{
				"start":	35.001052,
				"end":	36.00106,
				"seconds":	1.0000079870224,
				"bytes":	45370984,
				"bits_per_second":	362964972.99063033,
				"jitter_ms":	0.020992111490142913,
				"lost_packets":	12689,
				"packets":	46347,
				"lost_percent":	27.378255334757373,
				"omitted":	false,
				"sender":	false
			}
		}, {
			"streams":	[{
					"socket":	5,
					"start":	36.00106,
					"end":	37.000125,
					"seconds":	0.99906498193740845,
					"bytes":	45408728,
					"bits_per_second":	363609805.73609865,
					"jitter_ms":	0.0357059309399105,
					"lost_packets":	12716,
					"packets":	46402,
					"lost_percent":	27.403991207275549,
					"omitted":	false,
					"sender":	false
				}],
			"sum":	{
				"start":	36.00106,
				"end":	37.000125,
				"seconds":	0.99906498193740845,
				"bytes":	45408728,
				"bits_per_second":	363609805.73609865,
				"jitter_ms":	0.0357059309399105,
				"lost_packets":	12716,
				"packets":	46402,
				"lost_percent":	27.403991207275549,
				"omitted":	false,
				"sender":	false
			}
		}, {
			"streams":	[{
					"socket":	5,
					"start":	37.000125,
					"end":	38.001051,
					"seconds":	1.0009260177612305,
					"bytes":	45372332,
					"bits_per_second":	362642842.287059,
					"jitter_ms":	0.037560961958531529,
					"lost_packets":	12706,
					"packets":	46365,
					"lost_percent":	27.40429203062655,
					"omitted":	false,
					"sender":	false
				}],
			"sum":	{
				"start":	37.000125,
				"end":	38.001051,
				"seconds":	1.0009260177612305,
				"bytes":	45372332,
				"bits_per_second":	362642842.287059,
				"jitter_ms":	0.037560961958531529,
				"lost_packets":	12706,
				"packets":	46365,
				"lost_percent":	27.40429203062655,
				"omitted":	false,
				"sender":	false
			}
		}, {
			"streams":	[{
					"socket":	5,
					"start":	38.001051,
					"end":	39.001063,
					"seconds":	1.0000120401382446,
					"bytes":	45383116,
					"bits_per_second":	363060556.70070612,
					"jitter_ms":	0.03745561067489997,
					"lost_packets":	12698,
					"packets":	46365,
					"lost_percent":	27.387037636147955,
					"omitted":	false,
					"sender":	false
				}],
			"sum":	{
				"start":	38.001051,
				"end":	39.001063,
				"seconds":	1.0000120401382446,
				"bytes":	45383116,
				"bits_per_second":	363060556.70070612,
				"jitter_ms":	0.03745561067489997,
				"lost_packets":	12698,
				"packets":	46365,
				"lost_percent":	27.387037636147955,
				"omitted":	false,
				"sender":	false
			}
		}, {
			"streams":	[{
					"socket":	5,
					"start":	39.001063,
					"end":	40.001067,
					"seconds":	1.0000040531158447,
					"bytes":	45520612,
					"bits_per_second":	364163420.00347233,
					"jitter_ms":	0.037304051610555888,
					"lost_packets":	12596,
					"packets":	46365,
					"lost_percent":	27.167044106545887,
					"omitted":	false,
					"sender":	false
				}],
			"sum":	{
				"start":	39.001063,
				"end":	40.001067,
				"seconds":	1.0000040531158447,
				"bytes":	45520612,
				"bits_per_second":	364163420.00347233,
				"jitter_ms":	0.037304051610555888,
				"lost_packets":	12596,
				"packets":	46365,
				"lost_percent":	27.167044106545887,
				"omitted":	false,
				"sender":	false
			}
		}, {
			"streams":	[{
					"socket":	5,
					"start":	40.001067,
					"end":	41.001052,
					"seconds":	0.9999849796295166,
					"bytes":	43549836,
					"bits_per_second":	348403921.15597361,
					"jitter_ms":	0.023522538061161058,
					"lost_packets":	12211,
					"packets":	44518,
					"lost_percent":	27.429354418437487,
					"omitted":	false,
					"sender":	false
				}],
			"sum":	{
				"start":	40.001067,
				"end":	41.001052,
				"seconds":	0.9999849796295166,
				"bytes":	43549836,
				"bits_per_second":	348403921.15597361,
				"jitter_ms":	0.023522538061161058,
				"lost_packets":	12211,
				"packets":	44518,
				"lost_percent":	27.429354418437487,
				"omitted":	false,
				"sender":	false
			}
		}, {
			"streams":	[{
					"socket":	5,
					"start":	41.001052,
					"end":	42.001056,
					"seconds":	1.0000040531158447,
					"bytes":	46422424,
					"bits_per_second":	371377886.76240277,
					"jitter_ms":	0.054188251503198545,
					"lost_packets":	13258,
					"packets":	47696,
					"lost_percent":	27.796880241529689,
					"omitted":	false,
					"sender":	false
				}],
			"sum":	{
				"start":	41.001052,
				"end":	42.001056,
				"seconds":	1.0000040531158447,
				"bytes":	46422424,
				"bits_per_second":	371377886.76240277,
				"jitter_ms":	0.054188251503198545,
				"lost_packets":	13258,
				"packets":	47696,
				"lost_percent":	27.796880241529689,
				"omitted":	false,
				"sender":	false
			}
		}, {
			"streams":	[{
					"socket":	5,
					"start":	42.001056,
					"end":	43.001063,
					"seconds":	1.0000070333480835,
					"bytes":	44207660,
					"bits_per_second":	353658792.5946089,
					"jitter_ms":	0.0097525915233146829,
					"lost_packets":	12210,
					"packets":	45005,
					"lost_percent":	27.130318853460725,
					"omitted":	false,
					"sender":	false
				}],
			"sum":	{
				"start":	42.001056,
				"end":	43.001063,
				"seconds":	1.0000070333480835,
				"bytes":	44207660,
				"bits_per_second":	353658792.5946089,
				"jitter_ms":	0.0097525915233146829,
				"lost_packets":	12210,
				"packets":	45005,
				"lost_percent":	27.130318853460725,
				"omitted":	false,
				"sender":	false
			}
		}, {
			"streams":	[{
					"socket":	5,
					"start":	43.001063,
					"end":	44.001063,
					"seconds":	1,
					"bytes":	47119340,
					"bits_per_second":	376954720,
					"jitter_ms":	0.037409959789347087,
					"lost_packets":	13286,
					"packets":	48241,
					"lost_percent":	27.540888455877781,
					"omitted":	false,
					"sender":	false
				}],
			"sum":	{
				"start":	43.001063,
				"end":	44.001063,
				"seconds":	1,
				"bytes":	47119340,
				"bits_per_second":	376954720,
				"jitter_ms":	0.037409959789347087,
				"lost_packets":	13286,
				"packets":	48241,
				"lost_percent":	27.540888455877781,
				"omitted":	false,
				"sender":	false
			}
		}, {
			"streams":	[{
					"socket":	5,
					"start":	44.001063,
					"end":	45.001052,
					"seconds":	0.99998897314071655,
					"bytes":	45358852,
					"bits_per_second":	362874817.36954862,
					"jitter_ms":	0.012751371982192686,
					"lost_packets":	12688,
					"packets":	46337,
					"lost_percent":	27.382005740552906,
					"omitted":	false,
					"sender":	false
				}],
			"sum":	{
				"start":	44.001063,
				"end":	45.001052,
				"seconds":	0.99998897314071655,
				"bytes":	45358852,
				"bits_per_second":	362874817.36954862,
				"jitter_ms":	0.012751371982192686,
				"lost_packets":	12688,
				"packets":	46337,
				"lost_percent":	27.382005740552906,
				"omitted":	false,
				"sender":	false
			}
		}, {
			"streams":	[{
					"socket":	5,
					"start":	45.001052,
					"end":	46.00107,
					"seconds":	1.0000180006027222,
					"bytes":	45472084,
					"bits_per_second":	363770123.91851717,
					"jitter_ms":	0.013861830354603737,
					"lost_packets":	12214,
					"packets":	45947,
					"lost_percent":	26.582801923955863,
					"omitted":	false,
					"sender":	false
				}],
			"sum":	{
				"start":	45.001052,
				"end":	46.00107,
				"seconds":	1.0000180006027222,
				"bytes":	45472084,
				"bits_per_second":	363770123.91851717,
				"jitter_ms":	0.013861830354603737,
				"lost_packets":	12214,
				"packets":	45947,
				"lost_percent":	26.582801923955863,
				"omitted":	false,
				"sender":	false
			}
		}, {
			"streams":	[{
					"socket":	5,
					"start":	46.00107,
					"end":	47.001074,
					"seconds":	1.0000040531158447,
					"bytes":	45432992,
					"bits_per_second":	363462462.84453291,
					"jitter_ms":	0.022429028562892455,
					"lost_packets":	13440,
					"packets":	47144,
					"lost_percent":	28.508399796368572,
					"omitted":	false,
					"sender":	false
				}],
			"sum":	{
				"start":	46.00107,
				"end":	47.001074,
				"seconds":	1.0000040531158447,
				"bytes":	45432992,
				"bits_per_second":	363462462.84453291,
				"jitter_ms":	0.022429028562892455,
				"lost_packets":	13440,
				"packets":	47144,
				"lost_percent":	28.508399796368572,
				"omitted":	false,
				"sender":	false
			}
		}, {
			"streams":	[{
					"socket":	5,
					"start":	47.001074,
					"end":	48.001069,
					"seconds":	0.999994993209839,
					"bytes":	45520612,
					"bits_per_second":	364166719.30634725,
					"jitter_ms":	0.037390509346918926,
					"lost_packets":	12263,
					"packets":	46032,
					"lost_percent":	26.640163364615919,
					"omitted":	false,
					"sender":	false
				}],
			"sum":	{
				"start":	47.001074,
				"end":	48.001069,
				"seconds":	0.999994993209839,
				"bytes":	45520612,
				"bits_per_second":	364166719.30634725,
				"jitter_ms":	0.037390509346918926,
				"lost_packets":	12263,
				"packets":	46032,
				"lost_percent":	26.640163364615919,
				"omitted":	false,
				"sender":	false
			}
		}, {
			"streams":	[{
					"socket":	5,
					"start":	48.001069,
					"end":	49.001064,
					"seconds":	0.999994993209839,
					"bytes":	45396596,
					"bits_per_second":	363174586.33894563,
					"jitter_ms":	0.0377578482308424,
					"lost_packets":	13058,
					"packets":	46735,
					"lost_percent":	27.940515673478121,
					"omitted":	false,
					"sender":	false
				}],
			"sum":	{
				"start":	48.001069,
				"end":	49.001064,
				"seconds":	0.999994993209839,
				"bytes":	45396596,
				"bits_per_second":	363174586.33894563,
				"jitter_ms":	0.0377578482308424,
				"lost_packets":	13058,
				"packets":	46735,
				"lost_percent":	27.940515673478121,
				"omitted":	false,
				"sender":	false
			}
		}, {
			"streams":	[{
					"socket":	5,
					"start":	49.001064,
					"end":	50.001068,
					"seconds":	1.0000040531158447,
					"bytes":	44723944,
					"bits_per_second":	357790101.83526915,
					"jitter_ms":	0.0573194897280674,
					"lost_packets":	12300,
					"packets":	45478,
					"lost_percent":	27.046044241171554,
					"omitted":	false,
					"sender":	false
				}],
			"sum":	{
				"start":	49.001064,
				"end":	50.001068,
				"seconds":	1.0000040531158447,
				"bytes":	44723944,
				"bits_per_second":	357790101.83526915,
				"jitter_ms":	0.0573194897280674,
				"lost_packets":	12300,
				"packets":	45478,
				"lost_percent":	27.046044241171554,
				"omitted":	false,
				"sender":	false
			}
		}, {
			"streams":	[{
					"socket":	5,
					"start":	50.001068,
					"end":	51.001052,
					"seconds":	0.9999840259552002,
					"bytes":	46081380,
					"bits_per_second":	368656928.94229871,
					"jitter_ms":	0.044933741980574926,
					"lost_packets":	13065,
					"packets":	47250,
					"lost_percent":	27.650793650793652,
					"omitted":	false,
					"sender":	false
				}],
			"sum":	{
				"start":	50.001068,
				"end":	51.001052,
				"seconds":	0.9999840259552002,
				"bytes":	46081380,
				"bits_per_second":	368656928.94229871,
				"jitter_ms":	0.044933741980574926,
				"lost_packets":	13065,
				"packets":	47250,
				"lost_percent":	27.650793650793652,
				"omitted":	false,
				"sender":	false
			}
		}, {
			"streams":	[{
					"socket":	5,
					"start":	51.001052,
					"end":	52.001049,
					"seconds":	0.99999701976776123,
					"bytes":	45358852,
					"bits_per_second":	362871897.44252729,
					"jitter_ms":	0.040228776687533989,
					"lost_packets":	12717,
					"packets":	46366,
					"lost_percent":	27.427425268515723,
					"omitted":	false,
					"sender":	false
				}],
			"sum":	{
				"start":	51.001052,
				"end":	52.001049,
				"seconds":	0.99999701976776123,
				"bytes":	45358852,
				"bits_per_second":	362871897.44252729,
				"jitter_ms":	0.040228776687533989,
				"lost_packets":	12717,
				"packets":	46366,
				"lost_percent":	27.427425268515723,
				"omitted":	false,
				"sender":	false
			}
		}, {
			"streams":	[{
					"socket":	5,
					"start":	52.001049,
					"end":	53.001067,
					"seconds":	1.0000180006027222,
					"bytes":	44017592,
					"bits_per_second":	352134397.36860818,
					"jitter_ms":	0.00804136698071934,
					"lost_packets":	11979,
					"packets":	44633,
					"lost_percent":	26.838886026034547,
					"omitted":	false,
					"sender":	false
				}],
			"sum":	{
				"start":	52.001049,
				"end":	53.001067,
				"seconds":	1.0000180006027222,
				"bytes":	44017592,
				"bits_per_second":	352134397.36860818,
				"jitter_ms":	0.00804136698071934,
				"lost_packets":	11979,
				"packets":	44633,
				"lost_percent":	26.838886026034547,
				"omitted":	false,
				"sender":	false
			}
		}, {
			"streams":	[{
					"socket":	5,
					"start":	53.001067,
					"end":	54.001057,
					"seconds":	0.99998998641967773,
					"bytes":	45383116,
					"bits_per_second":	363068563.61622429,
					"jitter_ms":	0.0077734213270345964,
					"lost_packets":	12698,
					"packets":	46365,
					"lost_percent":	27.387037636147955,
					"omitted":	false,
					"sender":	false
				}],
			"sum":	{
				"start":	53.001067,
				"end":	54.001057,
				"seconds":	0.99998998641967773,
				"bytes":	45383116,
				"bits_per_second":	363068563.61622429,
				"jitter_ms":	0.0077734213270345964,
				"lost_packets":	12698,
				"packets":	46365,
				"lost_percent":	27.387037636147955,
				"omitted":	false,
				"sender":	false
			}
		}, {
			"streams":	[{
					"socket":	5,
					"start":	54.001057,
					"end":	55.001066,
					"seconds":	1.0000089406967163,
					"bytes":	45434340,
					"bits_per_second":	363471470.3118189,
					"jitter_ms":	0.02178739338070227,
					"lost_packets":	12660,
					"packets":	46365,
					"lost_percent":	27.305079262374637,
					"omitted":	false,
					"sender":	false
				}],
			"sum":	{
				"start":	54.001057,
				"end":	55.001066,
				"seconds":	1.0000089406967163,
				"bytes":	45434340,
				"bits_per_second":	363471470.3118189,
				"jitter_ms":	0.02178739338070227,
				"lost_packets":	12660,
				"packets":	46365,
				"lost_percent":	27.305079262374637,
				"omitted":	false,
				"sender":	false
			}
		}, {
			"streams":	[{
					"socket":	5,
					"start":	55.001066,
					"end":	56.001065,
					"seconds":	0.99999898672103882,
					"bytes":	45255056,
					"bits_per_second":	362040814.84834075,
					"jitter_ms":	0.00913404991392925,
					"lost_packets":	12605,
					"packets":	46177,
					"lost_percent":	27.297139268466985,
					"omitted":	false,
					"sender":	false
				}],
			"sum":	{
				"start":	55.001066,
				"end":	56.001065,
				"seconds":	0.99999898672103882,
				"bytes":	45255056,
				"bits_per_second":	362040814.84834075,
				"jitter_ms":	0.00913404991392925,
				"lost_packets":	12605,
				"packets":	46177,
				"lost_percent":	27.297139268466985,
				"omitted":	false,
				"sender":	false
			}
		}, {
			"streams":	[{
					"socket":	5,
					"start":	56.001065,
					"end":	57.001045,
					"seconds":	0.99997997283935547,
					"bytes":	45786168,
					"bits_per_second":	366296679.88245159,
					"jitter_ms":	0.0086890402341680741,
					"lost_packets":	12586,
					"packets":	46552,
					"lost_percent":	27.036432376697029,
					"omitted":	false,
					"sender":	false
				}],
			"sum":	{
				"start":	56.001065,
				"end":	57.001045,
				"seconds":	0.99997997283935547,
				"bytes":	45786168,
				"bits_per_second":	366296679.88245159,
				"jitter_ms":	0.0086890402341680741,
				"lost_packets":	12586,
				"packets":	46552,
				"lost_percent":	27.036432376697029,
				"omitted":	false,
				"sender":	false
			}
		}, {
			"streams":	[{
					"socket":	5,
					"start":	57.001045,
					"end":	58.00105,
					"seconds":	1.0000050067901611,
					"bytes":	45358852,
					"bits_per_second":	362868999.191065,
					"jitter_ms":	0.10488909614337114,
					"lost_packets":	12834,
					"packets":	46483,
					"lost_percent":	27.61009401286492,
					"omitted":	false,
					"sender":	false
				}],
			"sum":	{
				"start":	57.001045,
				"end":	58.00105,
				"seconds":	1.0000050067901611,
				"bytes":	45358852,
				"bits_per_second":	362868999.191065,
				"jitter_ms":	0.10488909614337114,
				"lost_packets":	12834,
				"packets":	46483,
				"lost_percent":	27.61009401286492,
				"omitted":	false,
				"sender":	false
			}
		}, {
			"streams":	[{
					"socket":	5,
					"start":	58.00105,
					"end":	59.001122,
					"seconds":	1.0000720024108887,
					"bytes":	45334588,
					"bits_per_second":	362650592.28304541,
					"jitter_ms":	0.00837217832091876,
					"lost_packets":	12987,
					"packets":	46618,
					"lost_percent":	27.858337981037369,
					"omitted":	false,
					"sender":	false
				}],
			"sum":	{
				"start":	58.00105,
				"end":	59.001122,
				"seconds":	1.0000720024108887,
				"bytes":	45334588,
				"bits_per_second":	362650592.28304541,
				"jitter_ms":	0.00837217832091876,
				"lost_packets":	12987,
				"packets":	46618,
				"lost_percent":	27.858337981037369,
				"omitted":	false,
				"sender":	false
			}
		}, {
			"streams":	[{
					"socket":	5,
					"start":	59.001122,
					"end":	60.001068,
					"seconds":	0.9999459981918335,
					"bytes":	45370984,
					"bits_per_second":	362987473.97993672,
					"jitter_ms":	0.0083989316745766845,
					"lost_packets":	12706,
					"packets":	46364,
					"lost_percent":	27.404883098956088,
					"omitted":	false,
					"sender":	false
				}],
			"sum":	{
				"start":	59.001122,
				"end":	60.001068,
				"seconds":	0.9999459981918335,
				"bytes":	45370984,
				"bits_per_second":	362987473.97993672,
				"jitter_ms":	0.0083989316745766845,
				"lost_packets":	12706,
				"packets":	46364,
				"lost_percent":	27.404883098956088,
				"omitted":	false,
				"sender":	false
			}
		}, {
			"streams":	[{
					"socket":	5,
					"start":	60.001068,
					"end":	61.001051,
					"seconds":	0.999983012676239,
					"bytes":	45408728,
					"bits_per_second":	363275995.08694315,
					"jitter_ms":	0.0082469918324723154,
					"lost_packets":	12309,
					"packets":	45995,
					"lost_percent":	26.761604522230677,
					"omitted":	false,
					"sender":	false
				}],
			"sum":	{
				"start":	60.001068,
				"end":	61.001051,
				"seconds":	0.999983012676239,
				"bytes":	45408728,
				"bits_per_second":	363275995.08694315,
				"jitter_ms":	0.0082469918324723154,
				"lost_packets":	12309,
				"packets":	45995,
				"lost_percent":	26.761604522230677,
				"omitted":	false,
				"sender":	false
			}
		}, {
			"streams":	[{
					"socket":	5,
					"start":	61.001051,
					"end":	62.001063,
					"seconds":	1.0000120401382446,
					"bytes":	46762120,
					"bits_per_second":	374092455.875115,
					"jitter_ms":	0.037635512509197964,
					"lost_packets":	13409,
					"packets":	48099,
					"lost_percent":	27.87791845984324,
					"omitted":	false,
					"sender":	false
				}],
			"sum":	{
				"start":	61.001051,
				"end":	62.001063,
				"seconds":	1.0000120401382446,
				"bytes":	46762120,
				"bits_per_second":	374092455.875115,
				"jitter_ms":	0.037635512509197964,
				"lost_packets":	13409,
				"packets":	48099,
				"lost_percent":	27.87791845984324,
				"omitted":	false,
				"sender":	false
			}
		}, {
			"streams":	[{
					"socket":	5,
					"start":	62.001063,
					"end":	63.001043,
					"seconds":	0.99997997283935547,
					"bytes":	44005460,
					"bits_per_second":	352050730.5765363,
					"jitter_ms":	0.00839796298806188,
					"lost_packets":	11986,
					"packets":	44631,
					"lost_percent":	26.855772893280456,
					"omitted":	false,
					"sender":	false
				}],
			"sum":	{
				"start":	62.001063,
				"end":	63.001043,
				"seconds":	0.99997997283935547,
				"bytes":	44005460,
				"bits_per_second":	352050730.5765363,
				"jitter_ms":	0.00839796298806188,
				"lost_packets":	11986,
				"packets":	44631,
				"lost_percent":	26.855772893280456,
				"omitted":	false,
				"sender":	false
			}
		}, {
			"streams":	[{
					"socket":	5,
					"start":	63.001043,
					"end":	64.001064,
					"seconds":	1.0000209808349609,
					"bytes":	45358852,
					"bits_per_second":	362863202.8270281,
					"jitter_ms":	0.057157980700998971,
					"lost_packets":	12867,
					"packets":	46516,
					"lost_percent":	27.66144982371657,
					"omitted":	false,
					"sender":	false
				}],
			"sum":	{
				"start":	63.001043,
				"end":	64.001064,
				"seconds":	1.0000209808349609,
				"bytes":	45358852,
				"bits_per_second":	362863202.8270281,
				"jitter_ms":	0.057157980700998971,
				"lost_packets":	12867,
				"packets":	46516,
				"lost_percent":	27.66144982371657,
				"omitted":	false,
				"sender":	false
			}
		}, {
			"streams":	[{
					"socket":	5,
					"start":	64.001064,
					"end":	65.001062,
					"seconds":	0.99999797344207764,
					"bytes":	45168784,
					"bits_per_second":	361351004.29874051,
					"jitter_ms":	0.00632318162085842,
					"lost_packets":	12528,
					"packets":	46036,
					"lost_percent":	27.213485098618474,
					"omitted":	false,
					"sender":	false
				}],
			"sum":	{
				"start":	64.001064,
				"end":	65.001062,
				"seconds":	0.99999797344207764,
				"bytes":	45168784,
				"bits_per_second":	361351004.29874051,
				"jitter_ms":	0.00632318162085842,
				"lost_packets":	12528,
				"packets":	46036,
				"lost_percent":	27.213485098618474,
				"omitted":	false,
				"sender":	false
			}
		}, {
			"streams":	[{
					"socket":	5,
					"start":	65.001062,
					"end":	66.001069,
					"seconds":	1.0000070333480835,
					"bytes":	47003412,
					"bits_per_second":	376024651.28773952,
					"jitter_ms":	0.012037228507878526,
					"lost_packets":	13011,
					"packets":	47880,
					"lost_percent":	27.174185463659146,
					"omitted":	false,
					"sender":	false
				}],
			"sum":	{
				"start":	65.001062,
				"end":	66.001069,
				"seconds":	1.0000070333480835,
				"bytes":	47003412,
				"bits_per_second":	376024651.28773952,
				"jitter_ms":	0.012037228507878526,
				"lost_packets":	13011,
				"packets":	47880,
				"lost_percent":	27.174185463659146,
				"omitted":	false,
				"sender":	false
			}
		}, {
			"streams":	[{
					"socket":	5,
					"start":	66.001069,
					"end":	67.001074,
					"seconds":	1.0000050067901611,
					"bytes":	45395248,
					"bits_per_second":	363160165.73325527,
					"jitter_ms":	0.0354136142131539,
					"lost_packets":	12716,
					"packets":	46392,
					"lost_percent":	27.4098982583204,
					"omitted":	false,
					"sender":	false
				}],
			"sum":	{
				"start":	66.001069,
				"end":	67.001074,
				"seconds":	1.0000050067901611,
				"bytes":	45395248,
				"bits_per_second":	363160165.73325527,
				"jitter_ms":	0.0354136142131539,
				"lost_packets":	12716,
				"packets":	46392,
				"lost_percent":	27.4098982583204,
				"omitted":	false,
				"sender":	false
			}
		}, {
			"streams":	[{
					"socket":	5,
					"start":	67.001074,
					"end":	68.001185,
					"seconds":	1.0001109838485718,
					"bytes":	44953104,
					"bits_per_second":	359584923.88125926,
					"jitter_ms":	0.025504970670267815,
					"lost_packets":	12699,
					"packets":	46047,
					"lost_percent":	27.578343866049906,
					"omitted":	false,
					"sender":	false
				}],
			"sum":	{
				"start":	67.001074,
				"end":	68.001185,
				"seconds":	1.0001109838485718,
				"bytes":	44953104,
				"bits_per_second":	359584923.88125926,
				"jitter_ms":	0.025504970670267815,
				"lost_packets":	12699,
				"packets":	46047,
				"lost_percent":	27.578343866049906,
				"omitted":	false,
				"sender":	false
			}
		}, {
			"streams":	[{
					"socket":	5,
					"start":	68.001185,
					"end":	69.001068,
					"seconds":	0.999882996082306,
					"bytes":	44337068,
					"bits_per_second":	354738049.741575,
					"jitter_ms":	0.023251455350482016,
					"lost_packets":	12547,
					"packets":	45438,
					"lost_percent":	27.613451296271844,
					"omitted":	false,
					"sender":	false
				}],
			"sum":	{
				"start":	68.001185,
				"end":	69.001068,
				"seconds":	0.999882996082306,
				"bytes":	44337068,
				"bits_per_second":	354738049.741575,
				"jitter_ms":	0.023251455350482016,
				"lost_packets":	12547,
				"packets":	45438,
				"lost_percent":	27.613451296271844,
				"omitted":	false,
				"sender":	false
			}
		}, {
			"streams":	[{
					"socket":	5,
					"start":	69.001068,
					"end":	70.001064,
					"seconds":	0.9999960064888,
					"bytes":	45370984,
					"bits_per_second":	362969321.52205074,
					"jitter_ms":	0.00783399875749571,
					"lost_packets":	12589,
					"packets":	46247,
					"lost_percent":	27.221225160550954,
					"omitted":	false,
					"sender":	false
				}],
			"sum":	{
				"start":	69.001068,
				"end":	70.001064,
				"seconds":	0.9999960064888,
				"bytes":	45370984,
				"bits_per_second":	362969321.52205074,
				"jitter_ms":	0.00783399875749571,
				"lost_packets":	12589,
				"packets":	46247,
				"lost_percent":	27.221225160550954,
				"omitted":	false,
				"sender":	false
			}
		}, {
			"streams":	[{
					"socket":	5,
					"start":	70.001064,
					"end":	71.001134,
					"seconds":	1.0000699758529663,
					"bytes":	45389856,
					"bits_per_second":	363093440.22681367,
					"jitter_ms":	0.00835590573314843,
					"lost_packets":	12692,
					"packets":	46364,
					"lost_percent":	27.374687257354843,
					"omitted":	false,
					"sender":	false
				}],
			"sum":	{
				"start":	70.001064,
				"end":	71.001134,
				"seconds":	1.0000699758529663,
				"bytes":	45389856,
				"bits_per_second":	363093440.22681367,
				"jitter_ms":	0.00835590573314843,
				"lost_packets":	12692,
				"packets":	46364,
				"lost_percent":	27.374687257354843,
				"omitted":	false,
				"sender":	false
			}
		}, {
			"streams":	[{
					"socket":	5,
					"start":	71.001134,
					"end":	72.001071,
					"seconds":	0.99993699789047241,
					"bytes":	45396596,
					"bits_per_second":	363195650.092127,
					"jitter_ms":	0.0077992164222851282,
					"lost_packets":	12689,
					"packets":	46366,
					"lost_percent":	27.367036190311868,
					"omitted":	false,
					"sender":	false
				}],
			"sum":	{
				"start":	71.001134,
				"end":	72.001071,
				"seconds":	0.99993699789047241,
				"bytes":	45396596,
				"bits_per_second":	363195650.092127,
				"jitter_ms":	0.0077992164222851282,
				"lost_packets":	12689,
				"packets":	46366,
				"lost_percent":	27.367036190311868,
				"omitted":	false,
				"sender":	false
			}
		}, {
			"streams":	[{
					"socket":	5,
					"start":	72.001071,
					"end":	73.00107,
					"seconds":	0.99999898672103882,
					"bytes":	45694504,
					"bits_per_second":	365556402.41061169,
					"jitter_ms":	0.013463965990211962,
					"lost_packets":	12595,
					"packets":	46493,
					"lost_percent":	27.090099584883745,
					"omitted":	false,
					"sender":	false
				}],
			"sum":	{
				"start":	72.001071,
				"end":	73.00107,
				"seconds":	0.99999898672103882,
				"bytes":	45694504,
				"bits_per_second":	365556402.41061169,
				"jitter_ms":	0.013463965990211962,
				"lost_packets":	12595,
				"packets":	46493,
				"lost_percent":	27.090099584883745,
				"omitted":	false,
				"sender":	false
			}
		}, {
			"streams":	[{
					"socket":	5,
					"start":	73.00107,
					"end":	74.001072,
					"seconds":	1.0000020265579224,
					"bytes":	45194396,
					"bits_per_second":	361554435.28899479,
					"jitter_ms":	0.012632780078247849,
					"lost_packets":	12700,
					"packets":	46227,
					"lost_percent":	27.473121768663336,
					"omitted":	false,
					"sender":	false
				}],
			"sum":	{
				"start":	73.00107,
				"end":	74.001072,
				"seconds":	1.0000020265579224,
				"bytes":	45194396,
				"bits_per_second":	361554435.28899479,
				"jitter_ms":	0.012632780078247849,
				"lost_packets":	12700,
				"packets":	46227,
				"lost_percent":	27.473121768663336,
				"omitted":	false,
				"sender":	false
			}
		}, {
			"streams":	[{
					"socket":	5,
					"start":	74.001072,
					"end":	75.00108,
					"seconds":	1.0000079870224,
					"bytes":	45531396,
					"bits_per_second":	364248258.74099833,
					"jitter_ms":	0.0248758644131228,
					"lost_packets":	12715,
					"packets":	46492,
					"lost_percent":	27.348791189882132,
					"omitted":	false,
					"sender":	false
				}],
			"sum":	{
				"start":	74.001072,
				"end":	75.00108,
				"seconds":	1.0000079870224,
				"bytes":	45531396,
				"bits_per_second":	364248258.74099833,
				"jitter_ms":	0.0248758644131228,
				"lost_packets":	12715,
				"packets":	46492,
				"lost_percent":	27.348791189882132,
				"omitted":	false,
				"sender":	false
			}
		}, {
			"streams":	[{
					"socket":	5,
					"start":	75.00108,
					"end":	76.00084,
					"seconds":	0.9997599720954895,
					"bytes":	49731764,
					"bits_per_second":	397949631.01603353,
					"jitter_ms":	0.014685074486905054,
					"lost_packets":	12635,
					"packets":	49528,
					"lost_percent":	25.510822161201745,
					"omitted":	false,
					"sender":	false
				}],
			"sum":	{
				"start":	75.00108,
				"end":	76.00084,
				"seconds":	0.9997599720954895,
				"bytes":	49731764,
				"bits_per_second":	397949631.01603353,
				"jitter_ms":	0.014685074486905054,
				"lost_packets":	12635,
				"packets":	49528,
				"lost_percent":	25.510822161201745,
				"omitted":	false,
				"sender":	false
			}
		}, {
			"streams":	[{
					"socket":	5,
					"start":	76.00084,
					"end":	77.001071,
					"seconds":	1.0002310276031494,
					"bytes":	41122088,
					"bits_per_second":	328900718.85524875,
					"jitter_ms":	0.00851084700040296,
					"lost_packets":	12855,
					"packets":	43361,
					"lost_percent":	29.646456493162059,
					"omitted":	false,
					"sender":	false
				}],
			"sum":	{
				"start":	76.00084,
				"end":	77.001071,
				"seconds":	1.0002310276031494,
				"bytes":	41122088,
				"bits_per_second":	328900718.85524875,
				"jitter_ms":	0.00851084700040296,
				"lost_packets":	12855,
				"packets":	43361,
				"lost_percent":	29.646456493162059,
				"omitted":	false,
				"sender":	false
			}
		}, {
			"streams":	[{
					"socket":	5,
					"start":	77.001071,
					"end":	78.001071,
					"seconds":	1,
					"bytes":	45372332,
					"bits_per_second":	362978656,
					"jitter_ms":	0.00793237650794777,
					"lost_packets":	12430,
					"packets":	46089,
					"lost_percent":	26.969558896916833,
					"omitted":	false,
					"sender":	false
				}],
			"sum":	{
				"start":	77.001071,
				"end":	78.001071,
				"seconds":	1,
				"bytes":	45372332,
				"bits_per_second":	362978656,
				"jitter_ms":	0.00793237650794777,
				"lost_packets":	12430,
				"packets":	46089,
				"lost_percent":	26.969558896916833,
				"omitted":	false,
				"sender":	false
			}
		}, {
			"streams":	[{
					"socket":	5,
					"start":	78.001071,
					"end":	79.001066,
					"seconds":	0.999994993209839,
					"bytes":	45633844,
					"bits_per_second":	365072579.84180087,
					"jitter_ms":	0.013669361819443261,
					"lost_packets":	12642,
					"packets":	46495,
					"lost_percent":	27.19002043230455,
					"omitted":	false,
					"sender":	false
				}],
			"sum":	{
				"start":	78.001071,
				"end":	79.001066,
				"seconds":	0.999994993209839,
				"bytes":	45633844,
				"bits_per_second":	365072579.84180087,
				"jitter_ms":	0.013669361819443261,
				"lost_packets":	12642,
				"packets":	46495,
				"lost_percent":	27.19002043230455,
				"omitted":	false,
				"sender":	false
			}
		}, {
			"streams":	[{
					"socket":	5,
					"start":	79.001066,
					"end":	80.001045,
					"seconds":	0.999979019165039,
					"bytes":	46534308,
					"bits_per_second":	372282274.79296631,
					"jitter_ms":	0.035514264846038583,
					"lost_packets":	13077,
					"packets":	47598,
					"lost_percent":	27.47384343879995,
					"omitted":	false,
					"sender":	false
				}],
			"sum":	{
				"start":	79.001066,
				"end":	80.001045,
				"seconds":	0.999979019165039,
				"bytes":	46534308,
				"bits_per_second":	372282274.79296631,
				"jitter_ms":	0.035514264846038583,
				"lost_packets":	13077,
				"packets":	47598,
				"lost_percent":	27.47384343879995,
				"omitted":	false,
				"sender":	false
			}
		}, {
			"streams":	[{
					"socket":	5,
					"start":	80.001045,
					"end":	81.000389,
					"seconds":	0.999343991279602,
					"bytes":	43889532,
					"bits_per_second":	351346742.52698112,
					"jitter_ms":	0.0079027756376581233,
					"lost_packets":	12490,
					"packets":	45049,
					"lost_percent":	27.725365712890408,
					"omitted":	false,
					"sender":	false
				}],
			"sum":	{
				"start":	80.001045,
				"end":	81.000389,
				"seconds":	0.999343991279602,
				"bytes":	43889532,
				"bits_per_second":	351346742.52698112,
				"jitter_ms":	0.0079027756376581233,
				"lost_packets":	12490,
				"packets":	45049,
				"lost_percent":	27.725365712890408,
				"omitted":	false,
				"sender":	false
			}
		}, {
			"streams":	[{
					"socket":	5,
					"start":	81.000389,
					"end":	82.001063,
					"seconds":	1.00067400932312,
					"bytes":	45461300,
					"bits_per_second":	363445434.38877654,
					"jitter_ms":	0.012165735631543771,
					"lost_packets":	12584,
					"packets":	46309,
					"lost_percent":	27.173983458938867,
					"omitted":	false,
					"sender":	false
				}],
			"sum":	{
				"start":	81.000389,
				"end":	82.001063,
				"seconds":	1.00067400932312,
				"bytes":	45461300,
				"bits_per_second":	363445434.38877654,
				"jitter_ms":	0.012165735631543771,
				"lost_packets":	12584,
				"packets":	46309,
				"lost_percent":	27.173983458938867,
				"omitted":	false,
				"sender":	false
			}
		}, {
			"streams":	[{
					"socket":	5,
					"start":	82.001063,
					"end":	83.001072,
					"seconds":	1.0000089406967163,
					"bytes":	46771556,
					"bits_per_second":	374169102.66753244,
					"jitter_ms":	0.015133979079688744,
					"lost_packets":	13031,
					"packets":	47728,
					"lost_percent":	27.30263157894737,
					"omitted":	false,
					"sender":	false
				}],
			"sum":	{
				"start":	82.001063,
				"end":	83.001072,
				"seconds":	1.0000089406967163,
				"bytes":	46771556,
				"bits_per_second":	374169102.66753244,
				"jitter_ms":	0.015133979079688744,
				"lost_packets":	13031,
				"packets":	47728,
				"lost_percent":	27.30263157894737,
				"omitted":	false,
				"sender":	false
			}
		}, {
			"streams":	[{
					"socket":	5,
					"start":	83.001072,
					"end":	84.001064,
					"seconds":	0.9999920129776,
					"bytes":	45408728,
					"bits_per_second":	363272725.4673956,
					"jitter_ms":	0.0059561489119404776,
					"lost_packets":	13048,
					"packets":	46734,
					"lost_percent":	27.919715838575769,
					"omitted":	false,
					"sender":	false
				}],
			"sum":	{
				"start":	83.001072,
				"end":	84.001064,
				"seconds":	0.9999920129776,
				"bytes":	45408728,
				"bits_per_second":	363272725.4673956,
				"jitter_ms":	0.0059561489119404776,
				"lost_packets":	13048,
				"packets":	46734,
				"lost_percent":	27.919715838575769,
				"omitted":	false,
				"sender":	false
			}
		}, {
			"streams":	[{
					"socket":	5,
					"start":	84.001064,
					"end":	85.001066,
					"seconds":	1.0000020265579224,
					"bytes":	43801912,
					"bits_per_second":	350414585.864545,
					"jitter_ms":	0.0061990160777129462,
					"lost_packets":	12015,
					"packets":	44509,
					"lost_percent":	26.994540430025388,
					"omitted":	false,
					"sender":	false
				}],
			"sum":	{
				"start":	84.001064,
				"end":	85.001066,
				"seconds":	1.0000020265579224,
				"bytes":	43801912,
				"bits_per_second":	350414585.864545,
				"jitter_ms":	0.0061990160777129462,
				"lost_packets":	12015,
				"packets":	44509,
				"lost_percent":	26.994540430025388,
				"omitted":	false,
				"sender":	false
			}
		}, {
			"streams":	[{
					"socket":	5,
					"start":	85.001066,
					"end":	86.001066,
					"seconds":	1,
					"bytes":	46013980,
					"bits_per_second":	368111840,
					"jitter_ms":	0.024885317602822473,
					"lost_packets":	13407,
					"packets":	47542,
					"lost_percent":	28.200328130915821,
					"omitted":	false,
					"sender":	false
				}],
			"sum":	{
				"start":	85.001066,
				"end":	86.001066,
				"seconds":	1,
				"bytes":	46013980,
				"bits_per_second":	368111840,
				"jitter_ms":	0.024885317602822473,
				"lost_packets":	13407,
				"packets":	47542,
				"lost_percent":	28.200328130915821,
				"omitted":	false,
				"sender":	false
			}
		}, {
			"streams":	[{
					"socket":	5,
					"start":	86.001066,
					"end":	87.001061,
					"seconds":	0.999994993209839,
					"bytes":	45081164,
					"bits_per_second":	360651117.70446771,
					"jitter_ms":	0.057745022119570152,
					"lost_packets":	12723,
					"packets":	46166,
					"lost_percent":	27.559242732747045,
					"omitted":	false,
					"sender":	false
				}],
			"sum":	{
				"start":	86.001066,
				"end":	87.001061,
				"seconds":	0.999994993209839,
				"bytes":	45081164,
				"bits_per_second":	360651117.70446771,
				"jitter_ms":	0.057745022119570152,
				"lost_packets":	12723,
				"packets":	46166,
				"lost_percent":	27.559242732747045,
				"omitted":	false,
				"sender":	false
			}
		}, {
			"streams":	[{
					"socket":	5,
					"start":	87.001061,
					"end":	88.001076,
					"seconds":	1.0000150203704834,
					"bytes":	44714508,
					"bits_per_second":	357710691.05289453,
					"jitter_ms":	0.013550555336456995,
					"lost_packets":	12349,
					"packets":	45520,
					"lost_percent":	27.128734622144112,
					"omitted":	false,
					"sender":	false
				}],
			"sum":	{
				"start":	87.001061,
				"end":	88.001076,
				"seconds":	1.0000150203704834,
				"bytes":	44714508,
				"bits_per_second":	357710691.05289453,
				"jitter_ms":	0.013550555336456995,
				"lost_packets":	12349,
				"packets":	45520,
				"lost_percent":	27.128734622144112,
				"omitted":	false,
				"sender":	false
			}
		}, {
			"streams":	[{
					"socket":	5,
					"start":	88.001076,
					"end":	89.001084,
					"seconds":	1.0000079870224,
					"bytes":	45370984,
					"bits_per_second":	362964972.99063033,
					"jitter_ms":	0.054440492499050031,
					"lost_packets":	12857,
					"packets":	46515,
					"lost_percent":	27.640546060410621,
					"omitted":	false,
					"sender":	false
				}],
			"sum":	{
				"start":	88.001076,
				"end":	89.001084,
				"seconds":	1.0000079870224,
				"bytes":	45370984,
				"bits_per_second":	362964972.99063033,
				"jitter_ms":	0.054440492499050031,
				"lost_packets":	12857,
				"packets":	46515,
				"lost_percent":	27.640546060410621,
				"omitted":	false,
				"sender":	false
			}
		}, {
			"streams":	[{
					"socket":	5,
					"start":	89.001084,
					"end":	90.001067,
					"seconds":	0.999983012676239,
					"bytes":	45143172,
					"bits_per_second":	361151510.997644,
					"jitter_ms":	0.0086926767620715863,
					"lost_packets":	12538,
					"packets":	46027,
					"lost_percent":	27.240532730788452,
					"omitted":	false,
					"sender":	false
				}],
			"sum":	{
				"start":	89.001084,
				"end":	90.001067,
				"seconds":	0.999983012676239,
				"bytes":	45143172,
				"bits_per_second":	361151510.997644,
				"jitter_ms":	0.0086926767620715863,
				"lost_packets":	12538,
				"packets":	46027,
				"lost_percent":	27.240532730788452,
				"omitted":	false,
				"sender":	false
			}
		}, {
			"streams":	[{
					"socket":	5,
					"start":	90.001067,
					"end":	91.001064,
					"seconds":	0.99999701976776123,
					"bytes":	45624408,
					"bits_per_second":	364996351.77389461,
					"jitter_ms":	0.00826701176605198,
					"lost_packets":	12706,
					"packets":	46552,
					"lost_percent":	27.294208626911839,
					"omitted":	false,
					"sender":	false
				}],
			"sum":	{
				"start":	90.001067,
				"end":	91.001064,
				"seconds":	0.99999701976776123,
				"bytes":	45624408,
				"bits_per_second":	364996351.77389461,
				"jitter_ms":	0.00826701176605198,
				"lost_packets":	12706,
				"packets":	46552,
				"lost_percent":	27.294208626911839,
				"omitted":	false,
				"sender":	false
			}
		}, {
			"streams":	[{
					"socket":	5,
					"start":	91.001064,
					"end":	92.001047,
					"seconds":	0.999983012676239,
					"bytes":	45520612,
					"bits_per_second":	364171082.29207927,
					"jitter_ms":	0.057761965017520372,
					"lost_packets":	12700,
					"packets":	46469,
					"lost_percent":	27.3300479889819,
					"omitted":	false,
					"sender":	false
				}],
			"sum":	{
				"start":	91.001064,
				"end":	92.001047,
				"seconds":	0.999983012676239,
				"bytes":	45520612,
				"bits_per_second":	364171082.29207927,
				"jitter_ms":	0.057761965017520372,
				"lost_packets":	12700,
				"packets":	46469,
				"lost_percent":	27.3300479889819,
				"omitted":	false,
				"sender":	false
			}
		}, {
			"streams":	[{
					"socket":	5,
					"start":	92.001047,
					"end":	93.001062,
					"seconds":	1.0000150203704834,
					"bytes":	46787732,
					"bits_per_second":	374296233.93189579,
					"jitter_ms":	0.00568396066743454,
					"lost_packets":	13276,
					"packets":	47985,
					"lost_percent":	27.666979264353444,
					"omitted":	false,
					"sender":	false
				}],
			"sum":	{
				"start":	92.001047,
				"end":	93.001062,
				"seconds":	1.0000150203704834,
				"bytes":	46787732,
				"bits_per_second":	374296233.93189579,
				"jitter_ms":	0.00568396066743454,
				"lost_packets":	13276,
				"packets":	47985,
				"lost_percent":	27.666979264353444,
				"omitted":	false,
				"sender":	false
			}
		}, {
			"streams":	[{
					"socket":	5,
					"start":	93.001062,
					"end":	94.001062,
					"seconds":	1,
					"bytes":	44041856,
					"bits_per_second":	352334848,
					"jitter_ms":	0.0077946709315889684,
					"lost_packets":	11970,
					"packets":	44642,
					"lost_percent":	26.813314815644461,
					"omitted":	false,
					"sender":	false
				}],
			"sum":	{
				"start":	93.001062,
				"end":	94.001062,
				"seconds":	1,
				"bytes":	44041856,
				"bits_per_second":	352334848,
				"jitter_ms":	0.0077946709315889684,
				"lost_packets":	11970,
				"packets":	44642,
				"lost_percent":	26.813314815644461,
				"omitted":	false,
				"sender":	false
			}
		}, {
			"streams":	[{
					"socket":	5,
					"start":	94.001062,
					"end":	95.001926,
					"seconds":	1.0008640289306641,
					"bytes":	45420860,
					"bits_per_second":	363053191.53914028,
					"jitter_ms":	0.014003975624401187,
					"lost_packets":	13029,
					"packets":	46724,
					"lost_percent":	27.885026966869276,
					"omitted":	false,
					"sender":	false
				}],
			"sum":	{
				"start":	94.001062,
				"end":	95.001926,
				"seconds":	1.0008640289306641,
				"bytes":	45420860,
				"bits_per_second":	363053191.53914028,
				"jitter_ms":	0.014003975624401187,
				"lost_packets":	13029,
				"packets":	46724,
				"lost_percent":	27.885026966869276,
				"omitted":	false,
				"sender":	false
			}
		}, {
			"streams":	[{
					"socket":	5,
					"start":	95.001926,
					"end":	96.001046,
					"seconds":	0.999119997024536,
					"bytes":	45345372,
					"bits_per_second":	363082489.67124951,
					"jitter_ms":	0.045140845692126334,
					"lost_packets":	12474,
					"packets":	46113,
					"lost_percent":	27.050940081972545,
					"omitted":	false,
					"sender":	false
				}],
			"sum":	{
				"start":	95.001926,
				"end":	96.001046,
				"seconds":	0.999119997024536,
				"bytes":	45345372,
				"bits_per_second":	363082489.67124951,
				"jitter_ms":	0.045140845692126334,
				"lost_packets":	12474,
				"packets":	46113,
				"lost_percent":	27.050940081972545,
				"omitted":	false,
				"sender":	false
			}
		}, {
			"streams":	[{
					"socket":	5,
					"start":	96.001046,
					"end":	97.00106,
					"seconds":	1.0000139474868774,
					"bytes":	45432992,
					"bits_per_second":	363458866.66222674,
					"jitter_ms":	0.0081434186617931441,
					"lost_packets":	12553,
					"packets":	46257,
					"lost_percent":	27.137514322156647,
					"omitted":	false,
					"sender":	false
				}],
			"sum":	{
				"start":	96.001046,
				"end":	97.00106,
				"seconds":	1.0000139474868774,
				"bytes":	45432992,
				"bits_per_second":	363458866.66222674,
				"jitter_ms":	0.0081434186617931441,
				"lost_packets":	12553,
				"packets":	46257,
				"lost_percent":	27.137514322156647,
				"omitted":	false,
				"sender":	false
			}
		}, {
			"streams":	[{
					"socket":	5,
					"start":	97.00106,
					"end":	98.001063,
					"seconds":	1.0000029802322388,
					"bytes":	46724376,
					"bits_per_second":	373793894.00738645,
					"jitter_ms":	0.0421490842408978,
					"lost_packets":	13065,
					"packets":	47727,
					"lost_percent":	27.37444213966937,
					"omitted":	false,
					"sender":	false
				}],
			"sum":	{
				"start":	97.00106,
				"end":	98.001063,
				"seconds":	1.0000029802322388,
				"bytes":	46724376,
				"bits_per_second":	373793894.00738645,
				"jitter_ms":	0.0421490842408978,
				"lost_packets":	13065,
				"packets":	47727,
				"lost_percent":	27.37444213966937,
				"omitted":	false,
				"sender":	false
			}
		}, {
			"streams":	[{
					"socket":	5,
					"start":	98.001063,
					"end":	99.001059,
					"seconds":	0.9999960064888,
					"bytes":	43863920,
					"bits_per_second":	350912761.37404275,
					"jitter_ms":	0.022448174397276942,
					"lost_packets":	12351,
					"packets":	44891,
					"lost_percent":	27.513310017598183,
					"omitted":	false,
					"sender":	false
				}],
			"sum":	{
				"start":	98.001063,
				"end":	99.001059,
				"seconds":	0.9999960064888,
				"bytes":	43863920,
				"bits_per_second":	350912761.37404275,
				"jitter_ms":	0.022448174397276942,
				"lost_packets":	12351,
				"packets":	44891,
				"lost_percent":	27.513310017598183,
				"omitted":	false,
				"sender":	false
			}
		}, {
			"streams":	[{
					"socket":	5,
					"start":	99.001059,
					"end":	100.00106,
					"seconds":	1.0000009536743164,
					"bytes":	46977800,
					"bits_per_second":	375822041.58817142,
					"jitter_ms":	0.0055043036139400484,
					"lost_packets":	12935,
					"packets":	47785,
					"lost_percent":	27.0691639635869,
					"omitted":	false,
					"sender":	false
				}],
			"sum":	{
				"start":	99.001059,
				"end":	100.00106,
				"seconds":	1.0000009536743164,
				"bytes":	46977800,
				"bits_per_second":	375822041.58817142,
				"jitter_ms":	0.0055043036139400484,
				"lost_packets":	12935,
				"packets":	47785,
				"lost_percent":	27.0691639635869,
				"omitted":	false,
				"sender":	false
			}
		}, {
			"streams":	[{
					"socket":	5,
					"start":	100.00106,
					"end":	101.000674,
					"seconds":	0.99961400032043457,
					"bytes":	45495000,
					"bits_per_second":	364100542.692809,
					"jitter_ms":	0.013239680733649988,
					"lost_packets":	12644,
					"packets":	46394,
					"lost_percent":	27.253524162607235,
					"omitted":	false,
					"sender":	false
				}],
			"sum":	{
				"start":	100.00106,
				"end":	101.000674,
				"seconds":	0.99961400032043457,
				"bytes":	45495000,
				"bits_per_second":	364100542.692809,
				"jitter_ms":	0.013239680733649988,
				"lost_packets":	12644,
				"packets":	46394,
				"lost_percent":	27.253524162607235,
				"omitted":	false,
				"sender":	false
			}
		}, {
			"streams":	[{
					"socket":	5,
					"start":	101.000674,
					"end":	102.00107,
					"seconds":	1.0003960132598877,
					"bytes":	45015112,
					"bits_per_second":	359978339.80416518,
					"jitter_ms":	0.035488606623567238,
					"lost_packets":	12673,
					"packets":	46067,
					"lost_percent":	27.509931187183884,
					"omitted":	false,
					"sender":	false
				}],
			"sum":	{
				"start":	101.000674,
				"end":	102.00107,
				"seconds":	1.0003960132598877,
				"bytes":	45015112,
				"bits_per_second":	359978339.80416518,
				"jitter_ms":	0.035488606623567238,
				"lost_packets":	12673,
				"packets":	46067,
				"lost_percent":	27.509931187183884,
				"omitted":	false,
				"sender":	false
			}
		}, {
			"streams":	[{
					"socket":	5,
					"start":	102.00107,
					"end":	103.001067,
					"seconds":	0.99999701976776123,
					"bytes":	44548704,
					"bits_per_second":	356390694.12703621,
					"jitter_ms":	0.0073458153951508317,
					"lost_packets":	12651,
					"packets":	45699,
					"lost_percent":	27.683319109827348,
					"omitted":	false,
					"sender":	false
				}],
			"sum":	{
				"start":	102.00107,
				"end":	103.001067,
				"seconds":	0.99999701976776123,
				"bytes":	44548704,
				"bits_per_second":	356390694.12703621,
				"jitter_ms":	0.0073458153951508317,
				"lost_packets":	12651,
				"packets":	45699,
				"lost_percent":	27.683319109827348,
				"omitted":	false,
				"sender":	false
			}
		}, {
			"streams":	[{
					"socket":	5,
					"start":	103.001067,
					"end":	104.001063,
					"seconds":	0.9999960064888,
					"bytes":	45366940,
					"bits_per_second":	362936969.39285213,
					"jitter_ms":	0.013295059092155564,
					"lost_packets":	12698,
					"packets":	46353,
					"lost_percent":	27.394127672426812,
					"omitted":	false,
					"sender":	false
				}],
			"sum":	{
				"start":	103.001067,
				"end":	104.001063,
				"seconds":	0.9999960064888,
				"bytes":	45366940,
				"bits_per_second":	362936969.39285213,
				"jitter_ms":	0.013295059092155564,
				"lost_packets":	12698,
				"packets":	46353,
				"lost_percent":	27.394127672426812,
				"omitted":	false,
				"sender":	false
			}
		}, {
			"streams":	[{
					"socket":	5,
					"start":	104.001063,
					"end":	105.001065,
					"seconds":	1.0000020265579224,
					"bytes":	45357504,
					"bits_per_second":	362859296.64461768,
					"jitter_ms":	0.012146458450501741,
					"lost_packets":	12719,
					"packets":	46367,
					"lost_percent":	27.431147152069361,
					"omitted":	false,
					"sender":	false
				}],
			"sum":	{
				"start":	104.001063,
				"end":	105.001065,
				"seconds":	1.0000020265579224,
				"bytes":	45357504,
				"bits_per_second":	362859296.64461768,
				"jitter_ms":	0.012146458450501741,
				"lost_packets":	12719,
				"packets":	46367,
				"lost_percent":	27.431147152069361,
				"omitted":	false,
				"sender":	false
			}
		}, {
			"streams":	[{
					"socket":	5,
					"start":	105.001065,
					"end":	106.001067,
					"seconds":	1.0000020265579224,
					"bytes":	46770208,
					"bits_per_second":	374160905.74125224,
					"jitter_ms":	0.015773483980975108,
					"lost_packets":	12916,
					"packets":	47612,
					"lost_percent":	27.127614887003276,
					"omitted":	false,
					"sender":	false
				}],
			"sum":	{
				"start":	105.001065,
				"end":	106.001067,
				"seconds":	1.0000020265579224,
				"bytes":	46770208,
				"bits_per_second":	374160905.74125224,
				"jitter_ms":	0.015773483980975108,
				"lost_packets":	12916,
				"packets":	47612,
				"lost_percent":	27.127614887003276,
				"omitted":	false,
				"sender":	false
			}
		}, {
			"streams":	[{
					"socket":	5,
					"start":	106.001067,
					"end":	107.001065,
					"seconds":	0.99999797344207764,
					"bytes":	44242708,
					"bits_per_second":	353942381.28473687,
					"jitter_ms":	0.0054822377450800784,
					"lost_packets":	11481,
					"packets":	44302,
					"lost_percent":	25.915308563947452,
					"omitted":	false,
					"sender":	false
				}],
			"sum":	{
				"start":	106.001067,
				"end":	107.001065,
				"seconds":	0.99999797344207764,
				"bytes":	44242708,
				"bits_per_second":	353942381.28473687,
				"jitter_ms":	0.0054822377450800784,
				"lost_packets":	11481,
				"packets":	44302,
				"lost_percent":	25.915308563947452,
				"omitted":	false,
				"sender":	false
			}
		}, {
			"streams":	[{
					"socket":	5,
					"start":	107.001065,
					"end":	108.001071,
					"seconds":	1.0000059604644775,
					"bytes":	45195744,
					"bits_per_second":	361563796.91183215,
					"jitter_ms":	0.0077027012417280475,
					"lost_packets":	13291,
					"packets":	46819,
					"lost_percent":	28.388047587517889,
					"omitted":	false,
					"sender":	false
				}],
			"sum":	{
				"start":	107.001065,
				"end":	108.001071,
				"seconds":	1.0000059604644775,
				"bytes":	45195744,
				"bits_per_second":	361563796.91183215,
				"jitter_ms":	0.0077027012417280475,
				"lost_packets":	13291,
				"packets":	46819,
				"lost_percent":	28.388047587517889,
				"omitted":	false,
				"sender":	false
			}
		}, {
			"streams":	[{
					"socket":	5,
					"start":	108.001071,
					"end":	109.001065,
					"seconds":	0.99999397993087769,
					"bytes":	45477476,
					"bits_per_second":	363821998.23357761,
					"jitter_ms":	0.047990869793017275,
					"lost_packets":	12780,
					"packets":	46517,
					"lost_percent":	27.473826773007719,
					"omitted":	false,
					"sender":	false
				}],
			"sum":	{
				"start":	108.001071,
				"end":	109.001065,
				"seconds":	0.99999397993087769,
				"bytes":	45477476,
				"bits_per_second":	363821998.23357761,
				"jitter_ms":	0.047990869793017275,
				"lost_packets":	12780,
				"packets":	46517,
				"lost_percent":	27.473826773007719,
				"omitted":	false,
				"sender":	false
			}
		}, {
			"streams":	[{
					"socket":	5,
					"start":	109.001065,
					"end":	110.001065,
					"seconds":	1,
					"bytes":	46156868,
					"bits_per_second":	369254944,
					"jitter_ms":	0.0053581914019582462,
					"lost_packets":	12861,
					"packets":	47102,
					"lost_percent":	27.30457305422275,
					"omitted":	false,
					"sender":	false
				}],
			"sum":	{
				"start":	109.001065,
				"end":	110.001065,
				"seconds":	1,
				"bytes":	46156868,
				"bits_per_second":	369254944,
				"jitter_ms":	0.0053581914019582462,
				"lost_packets":	12861,
				"packets":	47102,
				"lost_percent":	27.30457305422275,
				"omitted":	false,
				"sender":	false
			}
		}, {
			"streams":	[{
					"socket":	5,
					"start":	110.001065,
					"end":	111.001062,
					"seconds":	0.99999701976776123,
					"bytes":	46167652,
					"bits_per_second":	369342316.72587943,
					"jitter_ms":	0.011970404716050827,
					"lost_packets":	12580,
					"packets":	46829,
					"lost_percent":	26.863695573255889,
					"omitted":	false,
					"sender":	false
				}],
			"sum":	{
				"start":	110.001065,
				"end":	111.001062,
				"seconds":	0.99999701976776123,
				"bytes":	46167652,
				"bits_per_second":	369342316.72587943,
				"jitter_ms":	0.011970404716050827,
				"lost_packets":	12580,
				"packets":	46829,
				"lost_percent":	26.863695573255889,
				"omitted":	false,
				"sender":	false
			}
		}, {
			"streams":	[{
					"socket":	5,
					"start":	111.001062,
					"end":	112.001064,
					"seconds":	1.0000020265579224,
					"bytes":	44140260,
					"bits_per_second":	353121364.37910146,
					"jitter_ms":	0.03742934435384928,
					"lost_packets":	12377,
					"packets":	45122,
					"lost_percent":	27.430078453969237,
					"omitted":	false,
					"sender":	false
				}],
			"sum":	{
				"start":	111.001062,
				"end":	112.001064,
				"seconds":	1.0000020265579224,
				"bytes":	44140260,
				"bits_per_second":	353121364.37910146,
				"jitter_ms":	0.03742934435384928,
				"lost_packets":	12377,
				"packets":	45122,
				"lost_percent":	27.430078453969237,
				"omitted":	false,
				"sender":	false
			}
		}, {
			"streams":	[{
					"socket":	5,
					"start":	112.001064,
					"end":	113.001052,
					"seconds":	0.9999880194664,
					"bytes":	45342676,
					"bits_per_second":	362745753.88769263,
					"jitter_ms":	0.059643788189696435,
					"lost_packets":	12974,
					"packets":	46611,
					"lost_percent":	27.834631310205744,
					"omitted":	false,
					"sender":	false
				}],
			"sum":	{
				"start":	112.001064,
				"end":	113.001052,
				"seconds":	0.9999880194664,
				"bytes":	45342676,
				"bits_per_second":	362745753.88769263,
				"jitter_ms":	0.059643788189696435,
				"lost_packets":	12974,
				"packets":	46611,
				"lost_percent":	27.834631310205744,
				"omitted":	false,
				"sender":	false
			}
		}, {
			"streams":	[{
					"socket":	5,
					"start":	113.001052,
					"end":	114.001064,
					"seconds":	1.0000120401382446,
					"bytes":	45331892,
					"bits_per_second":	362650769.63459909,
					"jitter_ms":	0.015528242249678675,
					"lost_packets":	12737,
					"packets":	46366,
					"lost_percent":	27.470560324375619,
					"omitted":	false,
					"sender":	false
				}],
			"sum":	{
				"start":	113.001052,
				"end":	114.001064,
				"seconds":	1.0000120401382446,
				"bytes":	45331892,
				"bits_per_second":	362650769.63459909,
				"jitter_ms":	0.015528242249678675,
				"lost_packets":	12737,
				"packets":	46366,
				"lost_percent":	27.470560324375619,
				"omitted":	false,
				"sender":	false
			}
		}, {
			"streams":	[{
					"socket":	5,
					"start":	114.001064,
					"end":	115.001064,
					"seconds":	1,
					"bytes":	46127212,
					"bits_per_second":	369017696,
					"jitter_ms":	0.057276344358551341,
					"lost_packets":	12634,
					"packets":	46853,
					"lost_percent":	26.965188995368493,
					"omitted":	false,
					"sender":	false
				}],
			"sum":	{
				"start":	114.001064,
				"end":	115.001064,
				"seconds":	1,
				"bytes":	46127212,
				"bits_per_second":	369017696,
				"jitter_ms":	0.057276344358551341,
				"lost_packets":	12634,
				"packets":	46853,
				"lost_percent":	26.965188995368493,
				"omitted":	false,
				"sender":	false
			}
		}, {
			"streams":	[{
					"socket":	5,
					"start":	115.001064,
					"end":	116.001057,
					"seconds":	0.99999302625656128,
					"bytes":	44688896,
					"bits_per_second":	357513661.208549,
					"jitter_ms":	0.017638290683786265,
					"lost_packets":	12724,
					"packets":	45876,
					"lost_percent":	27.735635190513559,
					"omitted":	false,
					"sender":	false
				}],
			"sum":	{
				"start":	115.001064,
				"end":	116.001057,
				"seconds":	0.99999302625656128,
				"bytes":	44688896,
				"bits_per_second":	357513661.208549,
				"jitter_ms":	0.017638290683786265,
				"lost_packets":	12724,
				"packets":	45876,
				"lost_percent":	27.735635190513559,
				"omitted":	false,
				"sender":	false
			}
		}, {
			"streams":	[{
					"socket":	5,
					"start":	116.001057,
					"end":	117.001066,
					"seconds":	1.0000089406967163,
					"bytes":	45370984,
					"bits_per_second":	362964626.84335262,
					"jitter_ms":	0.00855982588449942,
					"lost_packets":	12349,
					"packets":	46007,
					"lost_percent":	26.841567587541025,
					"omitted":	false,
					"sender":	false
				}],
			"sum":	{
				"start":	116.001057,
				"end":	117.001066,
				"seconds":	1.0000089406967163,
				"bytes":	45370984,
				"bits_per_second":	362964626.84335262,
				"jitter_ms":	0.00855982588449942,
				"lost_packets":	12349,
				"packets":	46007,
				"lost_percent":	26.841567587541025,
				"omitted":	false,
				"sender":	false
			}
		}, {
			"streams":	[{
					"socket":	5,
					"start":	117.001066,
					"end":	118.001074,
					"seconds":	1.0000079870224,
					"bytes":	45458604,
					"bits_per_second":	363665927.39209181,
					"jitter_ms":	0.0085257189459498027,
					"lost_packets":	12642,
					"packets":	46365,
					"lost_percent":	27.2662568747978,
					"omitted":	false,
					"sender":	false
				}],
			"sum":	{
				"start":	117.001066,
				"end":	118.001074,
				"seconds":	1.0000079870224,
				"bytes":	45458604,
				"bits_per_second":	363665927.39209181,
				"jitter_ms":	0.0085257189459498027,
				"lost_packets":	12642,
				"packets":	46365,
				"lost_percent":	27.2662568747978,
				"omitted":	false,
				"sender":	false
			}
		}, {
			"streams":	[{
					"socket":	5,
					"start":	118.001074,
					"end":	119.001071,
					"seconds":	0.99999701976776123,
					"bytes":	45408728,
					"bits_per_second":	363270906.63166738,
					"jitter_ms":	0.057733893916560364,
					"lost_packets":	12737,
					"packets":	46423,
					"lost_percent":	27.436830881244212,
					"omitted":	false,
					"sender":	false
				}],
			"sum":	{
				"start":	118.001074,
				"end":	119.001071,
				"seconds":	0.99999701976776123,
				"bytes":	45408728,
				"bits_per_second":	363270906.63166738,
				"jitter_ms":	0.057733893916560364,
				"lost_packets":	12737,
				"packets":	46423,
				"lost_percent":	27.436830881244212,
				"omitted":	false,
				"sender":	false
			}
		}, {
			"streams":	[{
					"socket":	5,
					"start":	119.001071,
					"end":	120.001064,
					"seconds":	0.99999302625656128,
					"bytes":	45496348,
					"bits_per_second":	363973322.256568,
					"jitter_ms":	0.011756239495220068,
					"lost_packets":	12549,
					"packets":	46300,
					"lost_percent":	27.1036717062635,
					"omitted":	false,
					"sender":	false
				}],
			"sum":	{
				"start":	119.001071,
				"end":	120.001064,
				"seconds":	0.99999302625656128,
				"bytes":	45496348,
				"bits_per_second":	363973322.256568,
				"jitter_ms":	0.011756239495220068,
				"lost_packets":	12549,
				"packets":	46300,
				"lost_percent":	27.1036717062635,
				"omitted":	false,
				"sender":	false
			}
		}, {
			"streams":	[{
					"socket":	5,
					"start":	120.001064,
					"end":	121.000859,
					"seconds":	0.99979501962661743,
					"bytes":	45420860,
					"bits_per_second":	363441378.34943676,
					"jitter_ms":	0.012747931619402516,
					"lost_packets":	12669,
					"packets":	46364,
					"lost_percent":	27.325079803295662,
					"omitted":	false,
					"sender":	false
				}],
			"sum":	{
				"start":	120.001064,
				"end":	121.000859,
				"seconds":	0.99979501962661743,
				"bytes":	45420860,
				"bits_per_second":	363441378.34943676,
				"jitter_ms":	0.012747931619402516,
				"lost_packets":	12669,
				"packets":	46364,
				"lost_percent":	27.325079803295662,
				"omitted":	false,
				"sender":	false
			}
		}, {
			"streams":	[{
					"socket":	5,
					"start":	121.000859,
					"end":	122.001068,
					"seconds":	1.0002089738845825,
					"bytes":	45358852,
					"bits_per_second":	362795001.31926721,
					"jitter_ms":	0.0079095520858322,
					"lost_packets":	12725,
					"packets":	46374,
					"lost_percent":	27.4399447966533,
					"omitted":	false,
					"sender":	false
				}],
			"sum":	{
				"start":	121.000859,
				"end":	122.001068,
				"seconds":	1.0002089738845825,
				"bytes":	45358852,
				"bits_per_second":	362795001.31926721,
				"jitter_ms":	0.0079095520858322,
				"lost_packets":	12725,
				"packets":	46374,
				"lost_percent":	27.4399447966533,
				"omitted":	false,
				"sender":	false
			}
		}, {
			"streams":	[{
					"socket":	5,
					"start":	122.001068,
					"end":	123.001052,
					"seconds":	0.9999840259552002,
					"bytes":	45420860,
					"bits_per_second":	363372684.53154171,
					"jitter_ms":	0.017482624082627171,
					"lost_packets":	13025,
					"packets":	46720,
					"lost_percent":	27.878852739726028,
					"omitted":	false,
					"sender":	false
				}],
			"sum":	{
				"start":	122.001068,
				"end":	123.001052,
				"seconds":	0.9999840259552002,
				"bytes":	45420860,
				"bits_per_second":	363372684.53154171,
				"jitter_ms":	0.017482624082627171,
				"lost_packets":	13025,
				"packets":	46720,
				"lost_percent":	27.878852739726028,
				"omitted":	false,
				"sender":	false
			}
		}, {
			"streams":	[{
					"socket":	5,
					"start":	123.001052,
					"end":	124.001064,
					"seconds":	1.0000120401382446,
					"bytes":	45358852,
					"bits_per_second":	362866447.03781331,
					"jitter_ms":	0.017566209075890529,
					"lost_packets":	12716,
					"packets":	46365,
					"lost_percent":	27.425860023724791,
					"omitted":	false,
					"sender":	false
				}],
			"sum":	{
				"start":	123.001052,
				"end":	124.001064,
				"seconds":	1.0000120401382446,
				"bytes":	45358852,
				"bits_per_second":	362866447.03781331,
				"jitter_ms":	0.017566209075890529,
				"lost_packets":	12716,
				"packets":	46365,
				"lost_percent":	27.425860023724791,
				"omitted":	false,
				"sender":	false
			}
		}, {
			"streams":	[{
					"socket":	5,
					"start":	124.001064,
					"end":	125.001125,
					"seconds":	1.00006103515625,
					"bytes":	45384464,
					"bits_per_second":	363053552.96966738,
					"jitter_ms":	0.01572916746098281,
					"lost_packets":	12699,
					"packets":	46367,
					"lost_percent":	27.38801302650592,
					"omitted":	false,
					"sender":	false
				}],
			"sum":	{
				"start":	124.001064,
				"end":	125.001125,
				"seconds":	1.00006103515625,
				"bytes":	45384464,
				"bits_per_second":	363053552.96966738,
				"jitter_ms":	0.01572916746098281,
				"lost_packets":	12699,
				"packets":	46367,
				"lost_percent":	27.38801302650592,
				"omitted":	false,
				"sender":	false
			}
		}, {
			"streams":	[{
					"socket":	5,
					"start":	125.001125,
					"end":	126.00106,
					"seconds":	0.99993497133255,
					"bytes":	45408728,
					"bits_per_second":	363293448.48884851,
					"jitter_ms":	0.00786103905706453,
					"lost_packets":	12322,
					"packets":	46008,
					"lost_percent":	26.782298730655537,
					"omitted":	false,
					"sender":	false
				}],
			"sum":	{
				"start":	125.001125,
				"end":	126.00106,
				"seconds":	0.99993497133255,
				"bytes":	45408728,
				"bits_per_second":	363293448.48884851,
				"jitter_ms":	0.00786103905706453,
				"lost_packets":	12322,
				"packets":	46008,
				"lost_percent":	26.782298730655537,
				"omitted":	false,
				"sender":	false
			}
		}, {
			"streams":	[{
					"socket":	5,
					"start":	126.00106,
					"end":	127.001056,
					"seconds":	0.9999960064888,
					"bytes":	44560836,
					"bits_per_second":	356488111.63926649,
					"jitter_ms":	0.012695779644331651,
					"lost_packets":	12371,
					"packets":	45428,
					"lost_percent":	27.232103548472306,
					"omitted":	false,
					"sender":	false
				}],
			"sum":	{
				"start":	126.00106,
				"end":	127.001056,
				"seconds":	0.9999960064888,
				"bytes":	44560836,
				"bits_per_second":	356488111.63926649,
				"jitter_ms":	0.012695779644331651,
				"lost_packets":	12371,
				"packets":	45428,
				"lost_percent":	27.232103548472306,
				"omitted":	false,
				"sender":	false
			}
		}, {
			"streams":	[{
					"socket":	5,
					"start":	127.001056,
					"end":	128.000146,
					"seconds":	0.999090015888214,
					"bytes":	44957148,
					"bits_per_second":	359984764.41610366,
					"jitter_ms":	0.010075941028853667,
					"lost_packets":	14317,
					"packets":	47668,
					"lost_percent":	30.034824200721658,
					"omitted":	false,
					"sender":	false
				}],
			"sum":	{
				"start":	127.001056,
				"end":	128.000146,
				"seconds":	0.999090015888214,
				"bytes":	44957148,
				"bits_per_second":	359984764.41610366,
				"jitter_ms":	0.010075941028853667,
				"lost_packets":	14317,
				"packets":	47668,
				"lost_percent":	30.034824200721658,
				"omitted":	false,
				"sender":	false
			}
		}, {
			"streams":	[{
					"socket":	5,
					"start":	128.000146,
					"end":	129.001068,
					"seconds":	1.0009219646453857,
					"bytes":	45422208,
					"bits_per_second":	363042951.23420554,
					"jitter_ms":	0.00758945876450437,
					"lost_packets":	12303,
					"packets":	45999,
					"lost_percent":	26.746233613774212,
					"omitted":	false,
					"sender":	false
				}],
			"sum":	{
				"start":	128.000146,
				"end":	129.001068,
				"seconds":	1.0009219646453857,
				"bytes":	45422208,
				"bits_per_second":	363042951.23420554,
				"jitter_ms":	0.00758945876450437,
				"lost_packets":	12303,
				"packets":	45999,
				"lost_percent":	26.746233613774212,
				"omitted":	false,
				"sender":	false
			}
		}, {
			"streams":	[{
					"socket":	5,
					"start":	129.001068,
					"end":	130.001064,
					"seconds":	0.9999960064888,
					"bytes":	45395248,
					"bits_per_second":	363163434.29724228,
					"jitter_ms":	0.013476188052873228,
					"lost_packets":	12679,
					"packets":	46355,
					"lost_percent":	27.351957717614066,
					"omitted":	false,
					"sender":	false
				}],
			"sum":	{
				"start":	129.001068,
				"end":	130.001064,
				"seconds":	0.9999960064888,
				"bytes":	45395248,
				"bits_per_second":	363163434.29724228,
				"jitter_ms":	0.013476188052873228,
				"lost_packets":	12679,
				"packets":	46355,
				"lost_percent":	27.351957717614066,
				"omitted":	false,
				"sender":	false
			}
		}, {
			"streams":	[{
					"socket":	5,
					"start":	130.001064,
					"end":	131.001048,
					"seconds":	0.9999840259552002,
					"bytes":	45218660,
					"bits_per_second":	361755058.691514,
					"jitter_ms":	0.022183015045794761,
					"lost_packets":	12671,
					"packets":	46216,
					"lost_percent":	27.41691189198546,
					"omitted":	false,
					"sender":	false
				}],
			"sum":	{
				"start":	130.001064,
				"end":	131.001048,
				"seconds":	0.9999840259552002,
				"bytes":	45218660,
				"bits_per_second":	361755058.691514,
				"jitter_ms":	0.022183015045794761,
				"lost_packets":	12671,
				"packets":	46216,
				"lost_percent":	27.41691189198546,
				"omitted":	false,
				"sender":	false
			}
		}, {
			"streams":	[{
					"socket":	5,
					"start":	131.001048,
					"end":	132.00107,
					"seconds":	1.0000220537185669,
					"bytes":	45674284,
					"bits_per_second":	365386213.875271,
					"jitter_ms":	0.0076961516673775543,
					"lost_packets":	12641,
					"packets":	46524,
					"lost_percent":	27.170922534605793,
					"omitted":	false,
					"sender":	false
				}],
			"sum":	{
				"start":	131.001048,
				"end":	132.00107,
				"seconds":	1.0000220537185669,
				"bytes":	45674284,
				"bits_per_second":	365386213.875271,
				"jitter_ms":	0.0076961516673775543,
				"lost_packets":	12641,
				"packets":	46524,
				"lost_percent":	27.170922534605793,
				"omitted":	false,
				"sender":	false
			}
		}, {
			"streams":	[{
					"socket":	5,
					"start":	132.00107,
					"end":	133.001061,
					"seconds":	0.999990999698639,
					"bytes":	45408728,
					"bits_per_second":	363273093.5673185,
					"jitter_ms":	0.00781462589952755,
					"lost_packets":	12679,
					"packets":	46365,
					"lost_percent":	27.3460584492613,
					"omitted":	false,
					"sender":	false
				}],
			"sum":	{
				"start":	132.00107,
				"end":	133.001061,
				"seconds":	0.999990999698639,
				"bytes":	45408728,
				"bits_per_second":	363273093.5673185,
				"jitter_ms":	0.00781462589952755,
				"lost_packets":	12679,
				"packets":	46365,
				"lost_percent":	27.3460584492613,
				"omitted":	false,
				"sender":	false
			}
		}, {
			"streams":	[{
					"socket":	5,
					"start":	133.001061,
					"end":	134.001064,
					"seconds":	1.0000029802322388,
					"bytes":	46255272,
					"bits_per_second":	370041073.191664,
					"jitter_ms":	0.0053313017118213476,
					"lost_packets":	13081,
					"packets":	47395,
					"lost_percent":	27.599957801455851,
					"omitted":	false,
					"sender":	false
				}],
			"sum":	{
				"start":	133.001061,
				"end":	134.001064,
				"seconds":	1.0000029802322388,
				"bytes":	46255272,
				"bits_per_second":	370041073.191664,
				"jitter_ms":	0.0053313017118213476,
				"lost_packets":	13081,
				"packets":	47395,
				"lost_percent":	27.599957801455851,
				"omitted":	false,
				"sender":	false
			}
		}, {
			"streams":	[{
					"socket":	5,
					"start":	134.001064,
					"end":	135.001061,
					"seconds":	0.99999701976776123,
					"bytes":	45360200,
					"bits_per_second":	362882681.47466624,
					"jitter_ms":	0.057539669677933322,
					"lost_packets":	12716,
					"packets":	46366,
					"lost_percent":	27.425268515722728,
					"omitted":	false,
					"sender":	false
				}],
			"sum":	{
				"start":	134.001064,
				"end":	135.001061,
				"seconds":	0.99999701976776123,
				"bytes":	45360200,
				"bits_per_second":	362882681.47466624,
				"jitter_ms":	0.057539669677933322,
				"lost_packets":	12716,
				"packets":	46366,
				"lost_percent":	27.425268515722728,
				"omitted":	false,
				"sender":	false
			}
		}, {
			"streams":	[{
					"socket":	5,
					"start":	135.001061,
					"end":	136.001075,
					"seconds":	1.0000139474868774,
					"bytes":	45532744,
					"bits_per_second":	364256871.53206426,
					"jitter_ms":	0.0539746251640892,
					"lost_packets":	12588,
					"packets":	46366,
					"lost_percent":	27.149204158219383,
					"omitted":	false,
					"sender":	false
				}],
			"sum":	{
				"start":	135.001061,
				"end":	136.001075,
				"seconds":	1.0000139474868774,
				"bytes":	45532744,
				"bits_per_second":	364256871.53206426,
				"jitter_ms":	0.0539746251640892,
				"lost_packets":	12588,
				"packets":	46366,
				"lost_percent":	27.149204158219383,
				"omitted":	false,
				"sender":	false
			}
		}, {
			"streams":	[{
					"socket":	5,
					"start":	136.001075,
					"end":	137.001081,
					"seconds":	1.0000059604644775,
					"bytes":	44436820,
					"bits_per_second":	355492441.09993279,
					"jitter_ms":	0.016712485372322984,
					"lost_packets":	12724,
					"packets":	45689,
					"lost_percent":	27.849154063341285,
					"omitted":	false,
					"sender":	false
				}],
			"sum":	{
				"start":	136.001075,
				"end":	137.001081,
				"seconds":	1.0000059604644775,
				"bytes":	44436820,
				"bits_per_second":	355492441.09993279,
				"jitter_ms":	0.016712485372322984,
				"lost_packets":	12724,
				"packets":	45689,
				"lost_percent":	27.849154063341285,
				"omitted":	false,
				"sender":	false
			}
		}, {
			"streams":	[{
					"socket":	5,
					"start":	137.001081,
					"end":	138.001066,
					"seconds":	0.9999849796295166,
					"bytes":	45495000,
					"bits_per_second":	363965466.896156,
					"jitter_ms":	0.0085588666427395,
					"lost_packets":	12257,
					"packets":	46007,
					"lost_percent":	26.64159801769296,
					"omitted":	false,
					"sender":	false
				}],
			"sum":	{
				"start":	137.001081,
				"end":	138.001066,
				"seconds":	0.9999849796295166,
				"bytes":	45495000,
				"bits_per_second":	363965466.896156,
				"jitter_ms":	0.0085588666427395,
				"lost_packets":	12257,
				"packets":	46007,
				"lost_percent":	26.64159801769296,
				"omitted":	false,
				"sender":	false
			}
		}, {
			"streams":	[{
					"socket":	5,
					"start":	138.001066,
					"end":	139.001094,
					"seconds":	1.0000280141830444,
					"bytes":	45360200,
					"bits_per_second":	362871434.45321363,
					"jitter_ms":	0.0077884779556921385,
					"lost_packets":	12717,
					"packets":	46367,
					"lost_percent":	27.426833739513015,
					"omitted":	false,
					"sender":	false
				}],
			"sum":	{
				"start":	138.001066,
				"end":	139.001094,
				"seconds":	1.0000280141830444,
				"bytes":	45360200,
				"bits_per_second":	362871434.45321363,
				"jitter_ms":	0.0077884779556921385,
				"lost_packets":	12717,
				"packets":	46367,
				"lost_percent":	27.426833739513015,
				"omitted":	false,
				"sender":	false
			}
		}, {
			"streams":	[{
					"socket":	5,
					"start":	139.001094,
					"end":	140.001062,
					"seconds":	0.99996799230575562,
					"bytes":	45432992,
					"bits_per_second":	363475570.01491034,
					"jitter_ms":	0.0083814734612789373,
					"lost_packets":	12660,
					"packets":	46364,
					"lost_percent":	27.305668190837718,
					"omitted":	false,
					"sender":	false
				}],
			"sum":	{
				"start":	139.001094,
				"end":	140.001062,
				"seconds":	0.99996799230575562,
				"bytes":	45432992,
				"bits_per_second":	363475570.01491034,
				"jitter_ms":	0.0083814734612789373,
				"lost_packets":	12660,
				"packets":	46364,
				"lost_percent":	27.305668190837718,
				"omitted":	false,
				"sender":	false
			}
		}, {
			"streams":	[{
					"socket":	5,
					"start":	140.001062,
					"end":	141.001065,
					"seconds":	1.0000029802322388,
					"bytes":	45396596,
					"bits_per_second":	363171685.66403419,
					"jitter_ms":	0.0078489455411057327,
					"lost_packets":	12689,
					"packets":	46366,
					"lost_percent":	27.367036190311868,
					"omitted":	false,
					"sender":	false
				}],
			"sum":	{
				"start":	140.001062,
				"end":	141.001065,
				"seconds":	1.0000029802322388,
				"bytes":	45396596,
				"bits_per_second":	363171685.66403419,
				"jitter_ms":	0.0078489455411057327,
				"lost_packets":	12689,
				"packets":	46366,
				"lost_percent":	27.367036190311868,
				"omitted":	false,
				"sender":	false
			}
		}, {
			"streams":	[{
					"socket":	5,
					"start":	141.001065,
					"end":	142.001061,
					"seconds":	0.9999960064888,
					"bytes":	45408728,
					"bits_per_second":	363271274.72790426,
					"jitter_ms":	0.0079437809931550071,
					"lost_packets":	12679,
					"packets":	46365,
					"lost_percent":	27.3460584492613,
					"omitted":	false,
					"sender":	false
				}],
			"sum":	{
				"start":	141.001065,
				"end":	142.001061,
				"seconds":	0.9999960064888,
				"bytes":	45408728,
				"bits_per_second":	363271274.72790426,
				"jitter_ms":	0.0079437809931550071,
				"lost_packets":	12679,
				"packets":	46365,
				"lost_percent":	27.3460584492613,
				"omitted":	false,
				"sender":	false
			}
		}, {
			"streams":	[{
					"socket":	5,
					"start":	142.001061,
					"end":	143.001211,
					"seconds":	1.0001499652862549,
					"bytes":	45445124,
					"bits_per_second":	363506478.64687419,
					"jitter_ms":	0.054252952525799453,
					"lost_packets":	12803,
					"packets":	46516,
					"lost_percent":	27.523862756900851,
					"omitted":	false,
					"sender":	false
				}],
			"sum":	{
				"start":	142.001061,
				"end":	143.001211,
				"seconds":	1.0001499652862549,
				"bytes":	45445124,
				"bits_per_second":	363506478.64687419,
				"jitter_ms":	0.054252952525799453,
				"lost_packets":	12803,
				"packets":	46516,
				"lost_percent":	27.523862756900851,
				"omitted":	false,
				"sender":	false
			}
		}, {
			"streams":	[{
					"socket":	5,
					"start":	143.001211,
					"end":	144.001065,
					"seconds":	0.999854028224945,
					"bytes":	46282232,
					"bits_per_second":	370311911.08698535,
					"jitter_ms":	0.054500207748592579,
					"lost_packets":	12958,
					"packets":	47292,
					"lost_percent":	27.399983083819674,
					"omitted":	false,
					"sender":	false
				}],
			"sum":	{
				"start":	143.001211,
				"end":	144.001065,
				"seconds":	0.999854028224945,
				"bytes":	46282232,
				"bits_per_second":	370311911.08698535,
				"jitter_ms":	0.054500207748592579,
				"lost_packets":	12958,
				"packets":	47292,
				"lost_percent":	27.399983083819674,
				"omitted":	false,
				"sender":	false
			}
		}, {
			"streams":	[{
					"socket":	5,
					"start":	144.001065,
					"end":	145.001062,
					"seconds":	0.99999701976776123,
					"bytes":	44490740,
					"bits_per_second":	355926980.74506265,
					"jitter_ms":	0.0083186935006135058,
					"lost_packets":	12188,
					"packets":	45193,
					"lost_percent":	26.968778350629524,
					"omitted":	false,
					"sender":	false
				}],
			"sum":	{
				"start":	144.001065,
				"end":	145.001062,
				"seconds":	0.99999701976776123,
				"bytes":	44490740,
				"bits_per_second":	355926980.74506265,
				"jitter_ms":	0.0083186935006135058,
				"lost_packets":	12188,
				"packets":	45193,
				"lost_percent":	26.968778350629524,
				"omitted":	false,
				"sender":	false
			}
		}, {
			"streams":	[{
					"socket":	5,
					"start":	145.001062,
					"end":	146.001063,
					"seconds":	1.0000009536743164,
					"bytes":	45528700,
					"bits_per_second":	364229252.64391649,
					"jitter_ms":	0.0577295879026652,
					"lost_packets":	12787,
					"packets":	46562,
					"lost_percent":	27.462308320089342,
					"omitted":	false,
					"sender":	false
				}],
			"sum":	{
				"start":	145.001062,
				"end":	146.001063,
				"seconds":	1.0000009536743164,
				"bytes":	45528700,
				"bits_per_second":	364229252.64391649,
				"jitter_ms":	0.0577295879026652,
				"lost_packets":	12787,
				"packets":	46562,
				"lost_percent":	27.462308320089342,
				"omitted":	false,
				"sender":	false
			}
		}, {
			"streams":	[{
					"socket":	5,
					"start":	146.001063,
					"end":	147.001049,
					"seconds":	0.99998599290847778,
					"bytes":	45918272,
					"bits_per_second":	367351321.52358139,
					"jitter_ms":	0.013489903394603434,
					"lost_packets":	12883,
					"packets":	46947,
					"lost_percent":	27.441583061750485,
					"omitted":	false,
					"sender":	false
				}],
			"sum":	{
				"start":	146.001063,
				"end":	147.001049,
				"seconds":	0.99998599290847778,
				"bytes":	45918272,
				"bits_per_second":	367351321.52358139,
				"jitter_ms":	0.013489903394603434,
				"lost_packets":	12883,
				"packets":	46947,
				"lost_percent":	27.441583061750485,
				"omitted":	false,
				"sender":	false
			}
		}, {
			"streams":	[{
					"socket":	5,
					"start":	147.001049,
					"end":	148.00107,
					"seconds":	1.0000209808349609,
					"bytes":	45751120,
					"bits_per_second":	366001280.987528,
					"jitter_ms":	0.057958130195459659,
					"lost_packets":	12770,
					"packets":	46710,
					"lost_percent":	27.338899593234853,
					"omitted":	false,
					"sender":	false
				}],
			"sum":	{
				"start":	147.001049,
				"end":	148.00107,
				"seconds":	1.0000209808349609,
				"bytes":	45751120,
				"bits_per_second":	366001280.987528,
				"jitter_ms":	0.057958130195459659,
				"lost_packets":	12770,
				"packets":	46710,
				"lost_percent":	27.338899593234853,
				"omitted":	false,
				"sender":	false
			}
		}, {
			"streams":	[{
					"socket":	5,
					"start":	148.00107,
					"end":	149.001064,
					"seconds":	0.99999397993087769,
					"bytes":	44448952,
					"bits_per_second":	355593756.69899482,
					"jitter_ms":	0.018879489069842152,
					"lost_packets":	12717,
					"packets":	45691,
					"lost_percent":	27.832614738132236,
					"omitted":	false,
					"sender":	false
				}],
			"sum":	{
				"start":	148.00107,
				"end":	149.001064,
				"seconds":	0.99999397993087769,
				"bytes":	44448952,
				"bits_per_second":	355593756.69899482,
				"jitter_ms":	0.018879489069842152,
				"lost_packets":	12717,
				"packets":	45691,
				"lost_percent":	27.832614738132236,
				"omitted":	false,
				"sender":	false
			}
		}, {
			"streams":	[{
					"socket":	5,
					"start":	149.001064,
					"end":	150.001064,
					"seconds":	1,
					"bytes":	46724376,
					"bits_per_second":	373795008,
					"jitter_ms":	0.056729244410992072,
					"lost_packets":	13065,
					"packets":	47727,
					"lost_percent":	27.37444213966937,
					"omitted":	false,
					"sender":	false
				}],
			"sum":	{
				"start":	149.001064,
				"end":	150.001064,
				"seconds":	1,
				"bytes":	46724376,
				"bits_per_second":	373795008,
				"jitter_ms":	0.056729244410992072,
				"lost_packets":	13065,
				"packets":	47727,
				"lost_percent":	27.37444213966937,
				"omitted":	false,
				"sender":	false
			}
		}, {
			"streams":	[{
					"socket":	5,
					"start":	150.001064,
					"end":	151.001066,
					"seconds":	1.0000020265579224,
					"bytes":	45420860,
					"bits_per_second":	363366143.617463,
					"jitter_ms":	0.040243234305665516,
					"lost_packets":	12313,
					"packets":	46008,
					"lost_percent":	26.762736915319074,
					"omitted":	false,
					"sender":	false
				}],
			"sum":	{
				"start":	150.001064,
				"end":	151.001066,
				"seconds":	1.0000020265579224,
				"bytes":	45420860,
				"bits_per_second":	363366143.617463,
				"jitter_ms":	0.040243234305665516,
				"lost_packets":	12313,
				"packets":	46008,
				"lost_percent":	26.762736915319074,
				"omitted":	false,
				"sender":	false
			}
		}, {
			"streams":	[{
					"socket":	5,
					"start":	151.001066,
					"end":	152.001084,
					"seconds":	1.0000180006027222,
					"bytes":	44005460,
					"bits_per_second":	352037343.1156432,
					"jitter_ms":	0.00820777491506631,
					"lost_packets":	12358,
					"packets":	45003,
					"lost_percent":	27.460391529453592,
					"omitted":	false,
					"sender":	false
				}],
			"sum":	{
				"start":	151.001066,
				"end":	152.001084,
				"seconds":	1.0000180006027222,
				"bytes":	44005460,
				"bits_per_second":	352037343.1156432,
				"jitter_ms":	0.00820777491506631,
				"lost_packets":	12358,
				"packets":	45003,
				"lost_percent":	27.460391529453592,
				"omitted":	false,
				"sender":	false
			}
		}, {
			"streams":	[{
					"socket":	5,
					"start":	152.001084,
					"end":	153.00105,
					"seconds":	0.999966025352478,
					"bytes":	45508480,
					"bits_per_second":	364080209.49678737,
					"jitter_ms":	0.0077145597165777747,
					"lost_packets":	12606,
					"packets":	46366,
					"lost_percent":	27.188025708493292,
					"omitted":	false,
					"sender":	false
				}],
			"sum":	{
				"start":	152.001084,
				"end":	153.00105,
				"seconds":	0.999966025352478,
				"bytes":	45508480,
				"bits_per_second":	364080209.49678737,
				"jitter_ms":	0.0077145597165777747,
				"lost_packets":	12606,
				"packets":	46366,
				"lost_percent":	27.188025708493292,
				"omitted":	false,
				"sender":	false
			}
		}, {
			"streams":	[{
					"socket":	5,
					"start":	153.00105,
					"end":	154.001062,
					"seconds":	1.0000120401382446,
					"bytes":	45457256,
					"bits_per_second":	363653669.55954534,
					"jitter_ms":	0.00793629728150129,
					"lost_packets":	12643,
					"packets":	46365,
					"lost_percent":	27.268413674107624,
					"omitted":	false,
					"sender":	false
				}],
			"sum":	{
				"start":	153.00105,
				"end":	154.001062,
				"seconds":	1.0000120401382446,
				"bytes":	45457256,
				"bits_per_second":	363653669.55954534,
				"jitter_ms":	0.00793629728150129,
				"lost_packets":	12643,
				"packets":	46365,
				"lost_percent":	27.268413674107624,
				"omitted":	false,
				"sender":	false
			}
		}, {
			"streams":	[{
					"socket":	5,
					"start":	154.001062,
					"end":	155.001066,
					"seconds":	1.0000040531158447,
					"bytes":	45445124,
					"bits_per_second":	363559518.45115525,
					"jitter_ms":	0.0544040298281656,
					"lost_packets":	12802,
					"packets":	46515,
					"lost_percent":	27.522304632914114,
					"omitted":	false,
					"sender":	false
				}],
			"sum":	{
				"start":	154.001062,
				"end":	155.001066,
				"seconds":	1.0000040531158447,
				"bytes":	45445124,
				"bits_per_second":	363559518.45115525,
				"jitter_ms":	0.0544040298281656,
				"lost_packets":	12802,
				"packets":	46515,
				"lost_percent":	27.522304632914114,
				"omitted":	false,
				"sender":	false
			}
		}, {
			"streams":	[{
					"socket":	5,
					"start":	155.001066,
					"end":	156.001054,
					"seconds":	0.9999880194664,
					"bytes":	46861872,
					"bits_per_second":	374899467.495667,
					"jitter_ms":	0.013431033876745671,
					"lost_packets":	12785,
					"packets":	47549,
					"lost_percent":	26.88805232497003,
					"omitted":	false,
					"sender":	false
				}],
			"sum":	{
				"start":	155.001066,
				"end":	156.001054,
				"seconds":	0.9999880194664,
				"bytes":	46861872,
				"bits_per_second":	374899467.495667,
				"jitter_ms":	0.013431033876745671,
				"lost_packets":	12785,
				"packets":	47549,
				"lost_percent":	26.88805232497003,
				"omitted":	false,
				"sender":	false
			}
		}, {
			"streams":	[{
					"socket":	5,
					"start":	156.001054,
					"end":	157.00106,
					"seconds":	1.0000059604644775,
					"bytes":	44079600,
					"bits_per_second":	352634698.13340825,
					"jitter_ms":	0.0082663753981917151,
					"lost_packets":	12330,
					"packets":	45030,
					"lost_percent":	27.381745502998,
					"omitted":	false,
					"sender":	false
				}],
			"sum":	{
				"start":	156.001054,
				"end":	157.00106,
				"seconds":	1.0000059604644775,
				"bytes":	44079600,
				"bits_per_second":	352634698.13340825,
				"jitter_ms":	0.0082663753981917151,
				"lost_packets":	12330,
				"packets":	45030,
				"lost_percent":	27.381745502998,
				"omitted":	false,
				"sender":	false
			}
		}, {
			"streams":	[{
					"socket":	5,
					"start":	157.00106,
					"end":	158.001067,
					"seconds":	1.0000070333480835,
					"bytes":	45346720,
					"bits_per_second":	362771208.503816,
					"jitter_ms":	0.0578051418043273,
					"lost_packets":	12829,
					"packets":	46469,
					"lost_percent":	27.607652413436917,
					"omitted":	false,
					"sender":	false
				}],
			"sum":	{
				"start":	157.00106,
				"end":	158.001067,
				"seconds":	1.0000070333480835,
				"bytes":	45346720,
				"bits_per_second":	362771208.503816,
				"jitter_ms":	0.0578051418043273,
				"lost_packets":	12829,
				"packets":	46469,
				"lost_percent":	27.607652413436917,
				"omitted":	false,
				"sender":	false
			}
		}, {
			"streams":	[{
					"socket":	5,
					"start":	158.001067,
					"end":	159.001065,
					"seconds":	0.99999797344207764,
					"bytes":	45407380,
					"bits_per_second":	363259776.16697729,
					"jitter_ms":	0.11122979361186722,
					"lost_packets":	12680,
					"packets":	46365,
					"lost_percent":	27.348215248571119,
					"omitted":	false,
					"sender":	false
				}],
			"sum":	{
				"start":	158.001067,
				"end":	159.001065,
				"seconds":	0.99999797344207764,
				"bytes":	45407380,
				"bits_per_second":	363259776.16697729,
				"jitter_ms":	0.11122979361186722,
				"lost_packets":	12680,
				"packets":	46365,
				"lost_percent":	27.348215248571119,
				"omitted":	false,
				"sender":	false
			}
		}, {
			"streams":	[{
					"socket":	5,
					"start":	159.001065,
					"end":	160.00107,
					"seconds":	1.0000050067901611,
					"bytes":	45271232,
					"bits_per_second":	362168042.70060712,
					"jitter_ms":	0.018454973277425263,
					"lost_packets":	13032,
					"packets":	46616,
					"lost_percent":	27.956066586579716,
					"omitted":	false,
					"sender":	false
				}],
			"sum":	{
				"start":	159.001065,
				"end":	160.00107,
				"seconds":	1.0000050067901611,
				"bytes":	45271232,
				"bits_per_second":	362168042.70060712,
				"jitter_ms":	0.018454973277425263,
				"lost_packets":	13032,
				"packets":	46616,
				"lost_percent":	27.956066586579716,
				"omitted":	false,
				"sender":	false
			}
		}, {
			"streams":	[{
					"socket":	5,
					"start":	160.00107,
					"end":	161.001067,
					"seconds":	0.99999701976776123,
					"bytes":	45322456,
					"bits_per_second":	362580728.57477647,
					"jitter_ms":	0.038647460449492584,
					"lost_packets":	12744,
					"packets":	46366,
					"lost_percent":	27.485657593926582,
					"omitted":	false,
					"sender":	false
				}],
			"sum":	{
				"start":	160.00107,
				"end":	161.001067,
				"seconds":	0.99999701976776123,
				"bytes":	45322456,
				"bits_per_second":	362580728.57477647,
				"jitter_ms":	0.038647460449492584,
				"lost_packets":	12744,
				"packets":	46366,
				"lost_percent":	27.485657593926582,
				"omitted":	false,
				"sender":	false
			}
		}, {
			"streams":	[{
					"socket":	5,
					"start":	161.001067,
					"end":	162.001069,
					"seconds":	1.0000020265579224,
					"bytes":	45395248,
					"bits_per_second":	363161248.03269571,
					"jitter_ms":	0.01736353523893144,
					"lost_packets":	12689,
					"packets":	46365,
					"lost_percent":	27.367626442359537,
					"omitted":	false,
					"sender":	false
				}],
			"sum":	{
				"start":	161.001067,
				"end":	162.001069,
				"seconds":	1.0000020265579224,
				"bytes":	45395248,
				"bits_per_second":	363161248.03269571,
				"jitter_ms":	0.01736353523893144,
				"lost_packets":	12689,
				"packets":	46365,
				"lost_percent":	27.367626442359537,
				"omitted":	false,
				"sender":	false
			}
		}, {
			"streams":	[{
					"socket":	5,
					"start":	162.001069,
					"end":	163.001068,
					"seconds":	0.99999898672103882,
					"bytes":	45408728,
					"bits_per_second":	363270192.0940429,
					"jitter_ms":	0.018633831263846407,
					"lost_packets":	12678,
					"packets":	46364,
					"lost_percent":	27.3444914157536,
					"omitted":	false,
					"sender":	false
				}],
			"sum":	{
				"start":	162.001069,
				"end":	163.001068,
				"seconds":	0.99999898672103882,
				"bytes":	45408728,
				"bits_per_second":	363270192.0940429,
				"jitter_ms":	0.018633831263846407,
				"lost_packets":	12678,
				"packets":	46364,
				"lost_percent":	27.3444914157536,
				"omitted":	false,
				"sender":	false
			}
		}, {
			"streams":	[{
					"socket":	5,
					"start":	163.001068,
					"end":	164.001062,
					"seconds":	0.99999397993087769,
					"bytes":	45458604,
					"bits_per_second":	363671021.32468617,
					"jitter_ms":	0.0079599423251630538,
					"lost_packets":	12390,
					"packets":	46113,
					"lost_percent":	26.86877886929933,
					"omitted":	false,
					"sender":	false
				}],
			"sum":	{
				"start":	163.001068,
				"end":	164.001062,
				"seconds":	0.99999397993087769,
				"bytes":	45458604,
				"bits_per_second":	363671021.32468617,
				"jitter_ms":	0.0079599423251630538,
				"lost_packets":	12390,
				"packets":	46113,
				"lost_percent":	26.86877886929933,
				"omitted":	false,
				"sender":	false
			}
		}, {
			"streams":	[{
					"socket":	5,
					"start":	164.001062,
					"end":	165.001066,
					"seconds":	1.0000040531158447,
					"bytes":	45384464,
					"bits_per_second":	363074240.41804338,
					"jitter_ms":	0.0076110520121997881,
					"lost_packets":	12595,
					"packets":	46263,
					"lost_percent":	27.224780061820461,
					"omitted":	false,
					"sender":	false
				}],
			"sum":	{
				"start":	164.001062,
				"end":	165.001066,
				"seconds":	1.0000040531158447,
				"bytes":	45384464,
				"bits_per_second":	363074240.41804338,
				"jitter_ms":	0.0076110520121997881,
				"lost_packets":	12595,
				"packets":	46263,
				"lost_percent":	27.224780061820461,
				"omitted":	false,
				"sender":	false
			}
		}, {
			"streams":	[{
					"socket":	5,
					"start":	165.001066,
					"end":	166.001062,
					"seconds":	0.9999960064888,
					"bytes":	45432992,
					"bits_per_second":	363465387.50309581,
					"jitter_ms":	0.0083288386759932439,
					"lost_packets":	12660,
					"packets":	46364,
					"lost_percent":	27.305668190837718,
					"omitted":	false,
					"sender":	false
				}],
			"sum":	{
				"start":	165.001066,
				"end":	166.001062,
				"seconds":	0.9999960064888,
				"bytes":	45432992,
				"bits_per_second":	363465387.50309581,
				"jitter_ms":	0.0083288386759932439,
				"lost_packets":	12660,
				"packets":	46364,
				"lost_percent":	27.305668190837718,
				"omitted":	false,
				"sender":	false
			}
		}, {
			"streams":	[{
					"socket":	5,
					"start":	166.001062,
					"end":	167.005293,
					"seconds":	1.0042309761047363,
					"bytes":	45322456,
					"bits_per_second":	361052045.423248,
					"jitter_ms":	0.0078498885369304352,
					"lost_packets":	12744,
					"packets":	46366,
					"lost_percent":	27.485657593926582,
					"omitted":	false,
					"sender":	false
				}],
			"sum":	{
				"start":	166.001062,
				"end":	167.005293,
				"seconds":	1.0042309761047363,
				"bytes":	45322456,
				"bits_per_second":	361052045.423248,
				"jitter_ms":	0.0078498885369304352,
				"lost_packets":	12744,
				"packets":	46366,
				"lost_percent":	27.485657593926582,
				"omitted":	false,
				"sender":	false
			}
		}, {
			"streams":	[{
					"socket":	5,
					"start":	167.005293,
					"end":	168.001072,
					"seconds":	0.995778977870941,
					"bytes":	45383116,
					"bits_per_second":	364603929.25372177,
					"jitter_ms":	0.031583554765921867,
					"lost_packets":	12857,
					"packets":	46524,
					"lost_percent":	27.635199037056143,
					"omitted":	false,
					"sender":	false
				}],
			"sum":	{
				"start":	167.005293,
				"end":	168.001072,
				"seconds":	0.995778977870941,
				"bytes":	45383116,
				"bits_per_second":	364603929.25372177,
				"jitter_ms":	0.031583554765921867,
				"lost_packets":	12857,
				"packets":	46524,
				"lost_percent":	27.635199037056143,
				"omitted":	false,
				"sender":	false
			}
		}, {
			"streams":	[{
					"socket":	5,
					"start":	168.001072,
					"end":	169.001063,
					"seconds":	0.999990999698639,
					"bytes":	45408728,
					"bits_per_second":	363273093.5673185,
					"jitter_ms":	0.018453891620906712,
					"lost_packets":	12642,
					"packets":	46328,
					"lost_percent":	27.288033154895526,
					"omitted":	false,
					"sender":	false
				}],
			"sum":	{
				"start":	168.001072,
				"end":	169.001063,
				"seconds":	0.999990999698639,
				"bytes":	45408728,
				"bits_per_second":	363273093.5673185,
				"jitter_ms":	0.018453891620906712,
				"lost_packets":	12642,
				"packets":	46328,
				"lost_percent":	27.288033154895526,
				"omitted":	false,
				"sender":	false
			}
		}, {
			"streams":	[{
					"socket":	5,
					"start":	169.001063,
					"end":	170.001064,
					"seconds":	1.0000009536743164,
					"bytes":	45408728,
					"bits_per_second":	363269477.55922931,
					"jitter_ms":	0.013322053618849356,
					"lost_packets":	12546,
					"packets":	46232,
					"lost_percent":	27.137047932168194,
					"omitted":	false,
					"sender":	false
				}],
			"sum":	{
				"start":	169.001063,
				"end":	170.001064,
				"seconds":	1.0000009536743164,
				"bytes":	45408728,
				"bits_per_second":	363269477.55922931,
				"jitter_ms":	0.013322053618849356,
				"lost_packets":	12546,
				"packets":	46232,
				"lost_percent":	27.137047932168194,
				"omitted":	false,
				"sender":	false
			}
		}, {
			"streams":	[{
					"socket":	5,
					"start":	170.001064,
					"end":	171.001066,
					"seconds":	1.0000020265579224,
					"bytes":	45268536,
					"bits_per_second":	362147554.0870052,
					"jitter_ms":	0.00581622818716785,
					"lost_packets":	12614,
					"packets":	46196,
					"lost_percent":	27.305394406442115,
					"omitted":	false,
					"sender":	false
				}],
			"sum":	{
				"start":	170.001064,
				"end":	171.001066,
				"seconds":	1.0000020265579224,
				"bytes":	45268536,
				"bits_per_second":	362147554.0870052,
				"jitter_ms":	0.00581622818716785,
				"lost_packets":	12614,
				"packets":	46196,
				"lost_percent":	27.305394406442115,
				"omitted":	false,
				"sender":	false
			}
		}, {
			"streams":	[{
					"socket":	5,
					"start":	171.001066,
					"end":	172.001066,
					"seconds":	1,
					"bytes":	46582836,
					"bits_per_second":	372662688,
					"jitter_ms":	0.0056328024959752662,
					"lost_packets":	13017,
					"packets":	47574,
					"lost_percent":	27.361584058519359,
					"omitted":	false,
					"sender":	false
				}],
			"sum":	{
				"start":	171.001066,
				"end":	172.001066,
				"seconds":	1,
				"bytes":	46582836,
				"bits_per_second":	372662688,
				"jitter_ms":	0.0056328024959752662,
				"lost_packets":	13017,
				"packets":	47574,
				"lost_percent":	27.361584058519359,
				"omitted":	false,
				"sender":	false
			}
		}, {
			"streams":	[{
					"socket":	5,
					"start":	172.001066,
					"end":	173.001062,
					"seconds":	0.9999960064888,
					"bytes":	45446472,
					"bits_per_second":	363573227.93375778,
					"jitter_ms":	0.0054007802342258453,
					"lost_packets":	12651,
					"packets":	46365,
					"lost_percent":	27.285668068586219,
					"omitted":	false,
					"sender":	false
				}],
			"sum":	{
				"start":	172.001066,
				"end":	173.001062,
				"seconds":	0.9999960064888,
				"bytes":	45446472,
				"bits_per_second":	363573227.93375778,
				"jitter_ms":	0.0054007802342258453,
				"lost_packets":	12651,
				"packets":	46365,
				"lost_percent":	27.285668068586219,
				"omitted":	false,
				"sender":	false
			}
		}, {
			"streams":	[{
					"socket":	5,
					"start":	173.001062,
					"end":	174.001062,
					"seconds":	1,
					"bytes":	44436820,
					"bits_per_second":	355494560,
					"jitter_ms":	0.018334420252486758,
					"lost_packets":	12725,
					"packets":	45690,
					"lost_percent":	27.850733202013569,
					"omitted":	false,
					"sender":	false
				}],
			"sum":	{
				"start":	173.001062,
				"end":	174.001062,
				"seconds":	1,
				"bytes":	44436820,
				"bits_per_second":	355494560,
				"jitter_ms":	0.018334420252486758,
				"lost_packets":	12725,
				"packets":	45690,
				"lost_percent":	27.850733202013569,
				"omitted":	false,
				"sender":	false
			}
		}, {
			"streams":	[{
					"socket":	5,
					"start":	174.001062,
					"end":	175.001063,
					"seconds":	1.0000009536743164,
					"bytes":	45384464,
					"bits_per_second":	363075365.74434876,
					"jitter_ms":	0.017557215728583209,
					"lost_packets":	12698,
					"packets":	46366,
					"lost_percent":	27.386446965448819,
					"omitted":	false,
					"sender":	false
				}],
			"sum":	{
				"start":	174.001062,
				"end":	175.001063,
				"seconds":	1.0000009536743164,
				"bytes":	45384464,
				"bits_per_second":	363075365.74434876,
				"jitter_ms":	0.017557215728583209,
				"lost_packets":	12698,
				"packets":	46366,
				"lost_percent":	27.386446965448819,
				"omitted":	false,
				"sender":	false
			}
		}, {
			"streams":	[{
					"socket":	5,
					"start":	175.001063,
					"end":	176.001067,
					"seconds":	1.0000040531158447,
					"bytes":	45370984,
					"bits_per_second":	362966400.8551296,
					"jitter_ms":	0.10746288834276882,
					"lost_packets":	12707,
					"packets":	46365,
					"lost_percent":	27.406448829936373,
					"omitted":	false,
					"sender":	false
				}],
			"sum":	{
				"start":	175.001063,
				"end":	176.001067,
				"seconds":	1.0000040531158447,
				"bytes":	45370984,
				"bits_per_second":	362966400.8551296,
				"jitter_ms":	0.10746288834276882,
				"lost_packets":	12707,
				"packets":	46365,
				"lost_percent":	27.406448829936373,
				"omitted":	false,
				"sender":	false
			}
		}, {
			"streams":	[{
					"socket":	5,
					"start":	176.001067,
					"end":	177.001046,
					"seconds":	0.999979019165039,
					"bytes":	45383116,
					"bits_per_second":	363072545.56515735,
					"jitter_ms":	0.00819334859279755,
					"lost_packets":	12342,
					"packets":	46009,
					"lost_percent":	26.8251863765785,
					"omitted":	false,
					"sender":	false
				}],
			"sum":	{
				"start":	176.001067,
				"end":	177.001046,
				"seconds":	0.999979019165039,
				"bytes":	45383116,
				"bits_per_second":	363072545.56515735,
				"jitter_ms":	0.00819334859279755,
				"lost_packets":	12342,
				"packets":	46009,
				"lost_percent":	26.8251863765785,
				"omitted":	false,
				"sender":	false
			}
		}, {
			"streams":	[{
					"socket":	5,
					"start":	177.001046,
					"end":	178.001069,
					"seconds":	1.0000230073928833,
					"bytes":	45396596,
					"bits_per_second":	363164412.5336796,
					"jitter_ms":	0.008234971092853054,
					"lost_packets":	12688,
					"packets":	46365,
					"lost_percent":	27.365469643049714,
					"omitted":	false,
					"sender":	false
				}],
			"sum":	{
				"start":	177.001046,
				"end":	178.001069,
				"seconds":	1.0000230073928833,
				"bytes":	45396596,
				"bits_per_second":	363164412.5336796,
				"jitter_ms":	0.008234971092853054,
				"lost_packets":	12688,
				"packets":	46365,
				"lost_percent":	27.365469643049714,
				"omitted":	false,
				"sender":	false
			}
		}, {
			"streams":	[{
					"socket":	5,
					"start":	178.001069,
					"end":	179.001049,
					"seconds":	0.99997997283935547,
					"bytes":	45284712,
					"bits_per_second":	362284951.53892356,
					"jitter_ms":	0.05451055171119517,
					"lost_packets":	12922,
					"packets":	46516,
					"lost_percent":	27.779688709261329,
					"omitted":	false,
					"sender":	false
				}],
			"sum":	{
				"start":	178.001069,
				"end":	179.001049,
				"seconds":	0.99997997283935547,
				"bytes":	45284712,
				"bits_per_second":	362284951.53892356,
				"jitter_ms":	0.05451055171119517,
				"lost_packets":	12922,
				"packets":	46516,
				"lost_percent":	27.779688709261329,
				"omitted":	false,
				"sender":	false
			}
		}, {
			"streams":	[{
					"socket":	5,
					"start":	179.001049,
					"end":	180.001067,
					"seconds":	1.0000180006027222,
					"bytes":	45242924,
					"bits_per_second":	361936876.91806811,
					"jitter_ms":	0.01323968255751678,
					"lost_packets":	12548,
					"packets":	46111,
					"lost_percent":	27.212595693001671,
					"omitted":	false,
					"sender":	false
				}],
			"sum":	{
				"start":	179.001049,
				"end":	180.001067,
				"seconds":	1.0000180006027222,
				"bytes":	45242924,
				"bits_per_second":	361936876.91806811,
				"jitter_ms":	0.01323968255751678,
				"lost_packets":	12548,
				"packets":	46111,
				"lost_percent":	27.212595693001671,
				"omitted":	false,
				"sender":	false
			}
		}, {
			"streams":	[{
					"socket":	5,
					"start":	180.001067,
					"end":	181.001065,
					"seconds":	0.99999797344207764,
					"bytes":	45612276,
					"bits_per_second":	364898947.488853,
					"jitter_ms":	0.007814490805725334,
					"lost_packets":	12632,
					"packets":	46469,
					"lost_percent":	27.183713873765306,
					"omitted":	false,
					"sender":	false
				}],
			"sum":	{
				"start":	180.001067,
				"end":	181.001065,
				"seconds":	0.99999797344207764,
				"bytes":	45612276,
				"bits_per_second":	364898947.488853,
				"jitter_ms":	0.007814490805725334,
				"lost_packets":	12632,
				"packets":	46469,
				"lost_percent":	27.183713873765306,
				"omitted":	false,
				"sender":	false
			}
		}, {
			"streams":	[{
					"socket":	5,
					"start":	181.001065,
					"end":	182.001069,
					"seconds":	1.0000040531158447,
					"bytes":	45432992,
					"bits_per_second":	363462462.84453291,
					"jitter_ms":	0.00526353373889243,
					"lost_packets":	12763,
					"packets":	46467,
					"lost_percent":	27.466804398820667,
					"omitted":	false,
					"sender":	false
				}],
			"sum":	{
				"start":	181.001065,
				"end":	182.001069,
				"seconds":	1.0000040531158447,
				"bytes":	45432992,
				"bits_per_second":	363462462.84453291,
				"jitter_ms":	0.00526353373889243,
				"lost_packets":	12763,
				"packets":	46467,
				"lost_percent":	27.466804398820667,
				"omitted":	false,
				"sender":	false
			}
		}, {
			"streams":	[{
					"socket":	5,
					"start":	182.001069,
					"end":	183.001063,
					"seconds":	0.99999397993087769,
					"bytes":	45384464,
					"bits_per_second":	363077897.75404125,
					"jitter_ms":	0.05410977976432705,
					"lost_packets":	12699,
					"packets":	46367,
					"lost_percent":	27.38801302650592,
					"omitted":	false,
					"sender":	false
				}],
			"sum":	{
				"start":	182.001069,
				"end":	183.001063,
				"seconds":	0.99999397993087769,
				"bytes":	45384464,
				"bits_per_second":	363077897.75404125,
				"jitter_ms":	0.05410977976432705,
				"lost_packets":	12699,
				"packets":	46367,
				"lost_percent":	27.38801302650592,
				"omitted":	false,
				"sender":	false
			}
		}, {
			"streams":	[{
					"socket":	5,
					"start":	183.001063,
					"end":	184.001065,
					"seconds":	1.0000020265579224,
					"bytes":	45259100,
					"bits_per_second":	362072066.2399857,
					"jitter_ms":	0.015672564823516016,
					"lost_packets":	13042,
					"packets":	46617,
					"lost_percent":	27.976918291610357,
					"omitted":	false,
					"sender":	false
				}],
			"sum":	{
				"start":	183.001063,
				"end":	184.001065,
				"seconds":	1.0000020265579224,
				"bytes":	45259100,
				"bits_per_second":	362072066.2399857,
				"jitter_ms":	0.015672564823516016,
				"lost_packets":	13042,
				"packets":	46617,
				"lost_percent":	27.976918291610357,
				"omitted":	false,
				"sender":	false
			}
		}, {
			"streams":	[{
					"socket":	5,
					"start":	184.001065,
					"end":	185.002005,
					"seconds":	1.0009399652481079,
					"bytes":	45396596,
					"bits_per_second":	362831718.793423,
					"jitter_ms":	0.01666759178208975,
					"lost_packets":	12687,
					"packets":	46364,
					"lost_percent":	27.363903028211542,
					"omitted":	false,
					"sender":	false
				}],
			"sum":	{
				"start":	184.001065,
				"end":	185.002005,
				"seconds":	1.0009399652481079,
				"bytes":	45396596,
				"bits_per_second":	362831718.793423,
				"jitter_ms":	0.01666759178208975,
				"lost_packets":	12687,
				"packets":	46364,
				"lost_percent":	27.363903028211542,
				"omitted":	false,
				"sender":	false
			}
		}, {
			"streams":	[{
					"socket":	5,
					"start":	185.002005,
					"end":	186.00106,
					"seconds":	0.999055027961731,
					"bytes":	45420860,
					"bits_per_second":	363710576.32464951,
					"jitter_ms":	0.0167318000901874,
					"lost_packets":	12671,
					"packets":	46366,
					"lost_percent":	27.32821464003796,
					"omitted":	false,
					"sender":	false
				}],
			"sum":	{
				"start":	185.002005,
				"end":	186.00106,
				"seconds":	0.999055027961731,
				"bytes":	45420860,
				"bits_per_second":	363710576.32464951,
				"jitter_ms":	0.0167318000901874,
				"lost_packets":	12671,
				"packets":	46366,
				"lost_percent":	27.32821464003796,
				"omitted":	false,
				"sender":	false
			}
		}, {
			"streams":	[{
					"socket":	5,
					"start":	186.00106,
					"end":	187.001065,
					"seconds":	1.0000050067901611,
					"bytes":	45408728,
					"bits_per_second":	363268005.19332576,
					"jitter_ms":	0.01972917413783614,
					"lost_packets":	12678,
					"packets":	46364,
					"lost_percent":	27.3444914157536,
					"omitted":	false,
					"sender":	false
				}],
			"sum":	{
				"start":	186.00106,
				"end":	187.001065,
				"seconds":	1.0000050067901611,
				"bytes":	45408728,
				"bits_per_second":	363268005.19332576,
				"jitter_ms":	0.01972917413783614,
				"lost_packets":	12678,
				"packets":	46364,
				"lost_percent":	27.3444914157536,
				"omitted":	false,
				"sender":	false
			}
		}, {
			"streams":	[{
					"socket":	5,
					"start":	187.001065,
					"end":	188.001048,
					"seconds":	0.999983012676239,
					"bytes":	45383116,
					"bits_per_second":	363071095.60624933,
					"jitter_ms":	0.00899014497271515,
					"lost_packets":	12343,
					"packets":	46010,
					"lost_percent":	26.826776787654858,
					"omitted":	false,
					"sender":	false
				}],
			"sum":	{
				"start":	187.001065,
				"end":	188.001048,
				"seconds":	0.999983012676239,
				"bytes":	45383116,
				"bits_per_second":	363071095.60624933,
				"jitter_ms":	0.00899014497271515,
				"lost_packets":	12343,
				"packets":	46010,
				"lost_percent":	26.826776787654858,
				"omitted":	false,
				"sender":	false
			}
		}, {
			"streams":	[{
					"socket":	5,
					"start":	188.001048,
					"end":	189.001066,
					"seconds":	1.0000180006027222,
					"bytes":	45396596,
					"bits_per_second":	363166230.78895748,
					"jitter_ms":	0.009177528681787955,
					"lost_packets":	12689,
					"packets":	46366,
					"lost_percent":	27.367036190311868,
					"omitted":	false,
					"sender":	false
				}],
			"sum":	{
				"start":	188.001048,
				"end":	189.001066,
				"seconds":	1.0000180006027222,
				"bytes":	45396596,
				"bits_per_second":	363166230.78895748,
				"jitter_ms":	0.009177528681787955,
				"lost_packets":	12689,
				"packets":	46366,
				"lost_percent":	27.367036190311868,
				"omitted":	false,
				"sender":	false
			}
		}, {
			"streams":	[{
					"socket":	5,
					"start":	189.001066,
					"end":	190.001066,
					"seconds":	1,
					"bytes":	45346720,
					"bits_per_second":	362773760,
					"jitter_ms":	0.00833025938143673,
					"lost_packets":	12722,
					"packets":	46362,
					"lost_percent":	27.440576334066691,
					"omitted":	false,
					"sender":	false
				}],
			"sum":	{
				"start":	189.001066,
				"end":	190.001066,
				"seconds":	1,
				"bytes":	45346720,
				"bits_per_second":	362773760,
				"jitter_ms":	0.00833025938143673,
				"lost_packets":	12722,
				"packets":	46362,
				"lost_percent":	27.440576334066691,
				"omitted":	false,
				"sender":	false
			}
		}, {
			"streams":	[{
					"socket":	5,
					"start":	190.001066,
					"end":	191.001069,
					"seconds":	1.0000029802322388,
					"bytes":	45396596,
					"bits_per_second":	363171685.66403419,
					"jitter_ms":	0.00810750192729038,
					"lost_packets":	12689,
					"packets":	46366,
					"lost_percent":	27.367036190311868,
					"omitted":	false,
					"sender":	false
				}],
			"sum":	{
				"start":	190.001066,
				"end":	191.001069,
				"seconds":	1.0000029802322388,
				"bytes":	45396596,
				"bits_per_second":	363171685.66403419,
				"jitter_ms":	0.00810750192729038,
				"lost_packets":	12689,
				"packets":	46366,
				"lost_percent":	27.367036190311868,
				"omitted":	false,
				"sender":	false
			}
		}, {
			"streams":	[{
					"socket":	5,
					"start":	191.001069,
					"end":	192.001886,
					"seconds":	1.0008169412612915,
					"bytes":	45370984,
					"bits_per_second":	362671590.61332977,
					"jitter_ms":	0.057633015795232,
					"lost_packets":	12857,
					"packets":	46515,
					"lost_percent":	27.640546060410621,
					"omitted":	false,
					"sender":	false
				}],
			"sum":	{
				"start":	191.001069,
				"end":	192.001886,
				"seconds":	1.0008169412612915,
				"bytes":	45370984,
				"bits_per_second":	362671590.61332977,
				"jitter_ms":	0.057633015795232,
				"lost_packets":	12857,
				"packets":	46515,
				"lost_percent":	27.640546060410621,
				"omitted":	false,
				"sender":	false
			}
		}, {
			"streams":	[{
					"socket":	5,
					"start":	192.001886,
					"end":	193.001065,
					"seconds":	0.99917900562286377,
					"bytes":	45344024,
					"bits_per_second":	363050254.21733034,
					"jitter_ms":	0.0057126578516716858,
					"lost_packets":	12539,
					"packets":	46177,
					"lost_percent":	27.154210970829634,
					"omitted":	false,
					"sender":	false
				}],
			"sum":	{
				"start":	192.001886,
				"end":	193.001065,
				"seconds":	0.99917900562286377,
				"bytes":	45344024,
				"bits_per_second":	363050254.21733034,
				"jitter_ms":	0.0057126578516716858,
				"lost_packets":	12539,
				"packets":	46177,
				"lost_percent":	27.154210970829634,
				"omitted":	false,
				"sender":	false
			}
		}, {
			"streams":	[{
					"socket":	5,
					"start":	193.001065,
					"end":	194.001071,
					"seconds":	1.0000059604644775,
					"bytes":	45410076,
					"bits_per_second":	363278442.69174689,
					"jitter_ms":	0.00846531712598951,
					"lost_packets":	12622,
					"packets":	46309,
					"lost_percent":	27.256040942365416,
					"omitted":	false,
					"sender":	false
				}],
			"sum":	{
				"start":	193.001065,
				"end":	194.001071,
				"seconds":	1.0000059604644775,
				"bytes":	45410076,
				"bits_per_second":	363278442.69174689,
				"jitter_ms":	0.00846531712598951,
				"lost_packets":	12622,
				"packets":	46309,
				"lost_percent":	27.256040942365416,
				"omitted":	false,
				"sender":	false
			}
		}, {
			"streams":	[{
					"socket":	5,
					"start":	194.001071,
					"end":	195.001073,
					"seconds":	1.0000020265579224,
					"bytes":	45447820,
					"bits_per_second":	363581823.18037581,
					"jitter_ms":	0.057505247286204333,
					"lost_packets":	12848,
					"packets":	46563,
					"lost_percent":	27.592723836522559,
					"omitted":	false,
					"sender":	false
				}],
			"sum":	{
				"start":	194.001071,
				"end":	195.001073,
				"seconds":	1.0000020265579224,
				"bytes":	45447820,
				"bits_per_second":	363581823.18037581,
				"jitter_ms":	0.057505247286204333,
				"lost_packets":	12848,
				"packets":	46563,
				"lost_percent":	27.592723836522559,
				"omitted":	false,
				"sender":	false
			}
		}, {
			"streams":	[{
					"socket":	5,
					"start":	195.001073,
					"end":	196.001064,
					"seconds":	0.999990999698639,
					"bytes":	46293016,
					"bits_per_second":	370347461.23875946,
					"jitter_ms":	0.057400323519069769,
					"lost_packets":	12950,
					"packets":	47292,
					"lost_percent":	27.383066903493191,
					"omitted":	false,
					"sender":	false
				}],
			"sum":	{
				"start":	195.001073,
				"end":	196.001064,
				"seconds":	0.999990999698639,
				"bytes":	46293016,
				"bits_per_second":	370347461.23875946,
				"jitter_ms":	0.057400323519069769,
				"lost_packets":	12950,
				"packets":	47292,
				"lost_percent":	27.383066903493191,
				"omitted":	false,
				"sender":	false
			}
		}, {
			"streams":	[{
					"socket":	5,
					"start":	196.001064,
					"end":	197.001054,
					"seconds":	0.99998998641967773,
					"bytes":	45496348,
					"bits_per_second":	363974428.68717688,
					"jitter_ms":	0.05757819577236898,
					"lost_packets":	12614,
					"packets":	46365,
					"lost_percent":	27.205866494122724,
					"omitted":	false,
					"sender":	false
				}],
			"sum":	{
				"start":	196.001064,
				"end":	197.001054,
				"seconds":	0.99998998641967773,
				"bytes":	45496348,
				"bits_per_second":	363974428.68717688,
				"jitter_ms":	0.05757819577236898,
				"lost_packets":	12614,
				"packets":	46365,
				"lost_percent":	27.205866494122724,
				"omitted":	false,
				"sender":	false
			}
		}, {
			"streams":	[{
					"socket":	5,
					"start":	197.001054,
					"end":	198.001064,
					"seconds":	1.0000100135803223,
					"bytes":	44461084,
					"bits_per_second":	355685110.31857836,
					"jitter_ms":	0.0120530251948637,
					"lost_packets":	12713,
					"packets":	45696,
					"lost_percent":	27.820815826330531,
					"omitted":	false,
					"sender":	false
				}],
			"sum":	{
				"start":	197.001054,
				"end":	198.001064,
				"seconds":	1.0000100135803223,
				"bytes":	44461084,
				"bits_per_second":	355685110.31857836,
				"jitter_ms":	0.0120530251948637,
				"lost_packets":	12713,
				"packets":	45696,
				"lost_percent":	27.820815826330531,
				"omitted":	false,
				"sender":	false
			}
		}, {
			"streams":	[{
					"socket":	5,
					"start":	198.001064,
					"end":	199.001069,
					"seconds":	1.0000050067901611,
					"bytes":	45458604,
					"bits_per_second":	363667011.19558644,
					"jitter_ms":	0.016613691385574419,
					"lost_packets":	12636,
					"packets":	46359,
					"lost_percent":	27.256843331391963,
					"omitted":	false,
					"sender":	false
				}],
			"sum":	{
				"start":	198.001064,
				"end":	199.001069,
				"seconds":	1.0000050067901611,
				"bytes":	45458604,
				"bits_per_second":	363667011.19558644,
				"jitter_ms":	0.016613691385574419,
				"lost_packets":	12636,
				"packets":	46359,
				"lost_percent":	27.256843331391963,
				"omitted":	false,
				"sender":	false
			}
		}, {
			"streams":	[{
					"socket":	5,
					"start":	199.001069,
					"end":	200.001068,
					"seconds":	0.99999898672103882,
					"bytes":	45470736,
					"bits_per_second":	363766256.59669459,
					"jitter_ms":	0.017516746481032675,
					"lost_packets":	12632,
					"packets":	46364,
					"lost_percent":	27.245276507635236,
					"omitted":	false,
					"sender":	false
				}],
			"sum":	{
				"start":	199.001069,
				"end":	200.001068,
				"seconds":	0.99999898672103882,
				"bytes":	45470736,
				"bits_per_second":	363766256.59669459,
				"jitter_ms":	0.017516746481032675,
				"lost_packets":	12632,
				"packets":	46364,
				"lost_percent":	27.245276507635236,
				"omitted":	false,
				"sender":	false
			}
		}, {
			"streams":	[{
					"socket":	5,
					"start":	200.001068,
					"end":	201.001048,
					"seconds":	0.99997997283935547,
					"bytes":	45372332,
					"bits_per_second":	362985925.57744324,
					"jitter_ms":	0.0075211931780782828,
					"lost_packets":	12352,
					"packets":	46011,
					"lost_percent":	26.845754276151354,
					"omitted":	false,
					"sender":	false
				}],
			"sum":	{
				"start":	200.001068,
				"end":	201.001048,
				"seconds":	0.99997997283935547,
				"bytes":	45372332,
				"bits_per_second":	362985925.57744324,
				"jitter_ms":	0.0075211931780782828,
				"lost_packets":	12352,
				"packets":	46011,
				"lost_percent":	26.845754276151354,
				"omitted":	false,
				"sender":	false
			}
		}, {
			"streams":	[{
					"socket":	5,
					"start":	201.001048,
					"end":	202.001063,
					"seconds":	1.0000150203704834,
					"bytes":	45408728,
					"bits_per_second":	363264367.63461471,
					"jitter_ms":	0.0077988670281063767,
					"lost_packets":	12678,
					"packets":	46364,
					"lost_percent":	27.3444914157536,
					"omitted":	false,
					"sender":	false
				}],
			"sum":	{
				"start":	201.001048,
				"end":	202.001063,
				"seconds":	1.0000150203704834,
				"bytes":	45408728,
				"bits_per_second":	363264367.63461471,
				"jitter_ms":	0.0077988670281063767,
				"lost_packets":	12678,
				"packets":	46364,
				"lost_percent":	27.3444914157536,
				"omitted":	false,
				"sender":	false
			}
		}, {
			"streams":	[{
					"socket":	5,
					"start":	202.001063,
					"end":	203.001065,
					"seconds":	1.0000020265579224,
					"bytes":	45396596,
					"bits_per_second":	363172032.01084137,
					"jitter_ms":	0.007810130995468856,
					"lost_packets":	12688,
					"packets":	46365,
					"lost_percent":	27.365469643049714,
					"omitted":	false,
					"sender":	false
				}],
			"sum":	{
				"start":	202.001063,
				"end":	203.001065,
				"seconds":	1.0000020265579224,
				"bytes":	45396596,
				"bits_per_second":	363172032.01084137,
				"jitter_ms":	0.007810130995468856,
				"lost_packets":	12688,
				"packets":	46365,
				"lost_percent":	27.365469643049714,
				"omitted":	false,
				"sender":	false
			}
		}, {
			"streams":	[{
					"socket":	5,
					"start":	203.001065,
					"end":	204.001137,
					"seconds":	1.0000720024108887,
					"bytes":	45507132,
					"bits_per_second":	364030844.90152925,
					"jitter_ms":	0.0080730044941866846,
					"lost_packets":	12605,
					"packets":	46364,
					"lost_percent":	27.187041670261408,
					"omitted":	false,
					"sender":	false
				}],
			"sum":	{
				"start":	203.001065,
				"end":	204.001137,
				"seconds":	1.0000720024108887,
				"bytes":	45507132,
				"bits_per_second":	364030844.90152925,
				"jitter_ms":	0.0080730044941866846,
				"lost_packets":	12605,
				"packets":	46364,
				"lost_percent":	27.187041670261408,
				"omitted":	false,
				"sender":	false
			}
		}, {
			"streams":	[{
					"socket":	5,
					"start":	204.001137,
					"end":	205.001063,
					"seconds":	0.999925971031189,
					"bytes":	45472084,
					"bits_per_second":	363803604.00565428,
					"jitter_ms":	0.00780024240372544,
					"lost_packets":	12633,
					"packets":	46366,
					"lost_percent":	27.246258033904155,
					"omitted":	false,
					"sender":	false
				}],
			"sum":	{
				"start":	204.001137,
				"end":	205.001063,
				"seconds":	0.999925971031189,
				"bytes":	45472084,
				"bits_per_second":	363803604.00565428,
				"jitter_ms":	0.00780024240372544,
				"lost_packets":	12633,
				"packets":	46366,
				"lost_percent":	27.246258033904155,
				"omitted":	false,
				"sender":	false
			}
		}, {
			"streams":	[{
					"socket":	5,
					"start":	205.001063,
					"end":	206.001068,
					"seconds":	1.0000050067901611,
					"bytes":	45445124,
					"bits_per_second":	363559171.735516,
					"jitter_ms":	0.018147655254286431,
					"lost_packets":	12775,
					"packets":	46488,
					"lost_percent":	27.4802099466529,
					"omitted":	false,
					"sender":	false
				}],
			"sum":	{
				"start":	205.001063,
				"end":	206.001068,
				"seconds":	1.0000050067901611,
				"bytes":	45445124,
				"bits_per_second":	363559171.735516,
				"jitter_ms":	0.018147655254286431,
				"lost_packets":	12775,
				"packets":	46488,
				"lost_percent":	27.4802099466529,
				"omitted":	false,
				"sender":	false
			}
		}, {
			"streams":	[{
					"socket":	5,
					"start":	206.001068,
					"end":	207.001074,
					"seconds":	1.0000059604644775,
					"bytes":	45255056,
					"bits_per_second":	362038290.08363247,
					"jitter_ms":	0.00939163439177699,
					"lost_packets":	12481,
					"packets":	46053,
					"lost_percent":	27.101383188934488,
					"omitted":	false,
					"sender":	false
				}],
			"sum":	{
				"start":	206.001068,
				"end":	207.001074,
				"seconds":	1.0000059604644775,
				"bytes":	45255056,
				"bits_per_second":	362038290.08363247,
				"jitter_ms":	0.00939163439177699,
				"lost_packets":	12481,
				"packets":	46053,
				"lost_percent":	27.101383188934488,
				"omitted":	false,
				"sender":	false
			}
		}, {
			"streams":	[{
					"socket":	5,
					"start":	207.001074,
					"end":	208.001049,
					"seconds":	0.999975025653839,
					"bytes":	45624408,
					"bits_per_second":	365004379.74573,
					"jitter_ms":	0.02422183798057569,
					"lost_packets":	12707,
					"packets":	46553,
					"lost_percent":	27.295770412218332,
					"omitted":	false,
					"sender":	false
				}],
			"sum":	{
				"start":	207.001074,
				"end":	208.001049,
				"seconds":	0.999975025653839,
				"bytes":	45624408,
				"bits_per_second":	365004379.74573,
				"jitter_ms":	0.02422183798057569,
				"lost_packets":	12707,
				"packets":	46553,
				"lost_percent":	27.295770412218332,
				"omitted":	false,
				"sender":	false
			}
		}, {
			"streams":	[{
					"socket":	5,
					"start":	208.001049,
					"end":	209.001065,
					"seconds":	1.0000159740448,
					"bytes":	45408728,
					"bits_per_second":	363264021.20425111,
					"jitter_ms":	0.0055956637558646936,
					"lost_packets":	12782,
					"packets":	46468,
					"lost_percent":	27.507101661358355,
					"omitted":	false,
					"sender":	false
				}],
			"sum":	{
				"start":	208.001049,
				"end":	209.001065,
				"seconds":	1.0000159740448,
				"bytes":	45408728,
				"bits_per_second":	363264021.20425111,
				"jitter_ms":	0.0055956637558646936,
				"lost_packets":	12782,
				"packets":	46468,
				"lost_percent":	27.507101661358355,
				"omitted":	false,
				"sender":	false
			}
		}, {
			"streams":	[{
					"socket":	5,
					"start":	209.001065,
					"end":	210.001055,
					"seconds":	0.99998998641967773,
					"bytes":	46294364,
					"bits_per_second":	370358620.61579555,
					"jitter_ms":	0.0568614808528434,
					"lost_packets":	12951,
					"packets":	47294,
					"lost_percent":	27.384023343341649,
					"omitted":	false,
					"sender":	false
				}],
			"sum":	{
				"start":	209.001065,
				"end":	210.001055,
				"seconds":	0.99998998641967773,
				"bytes":	46294364,
				"bits_per_second":	370358620.61579555,
				"jitter_ms":	0.0568614808528434,
				"lost_packets":	12951,
				"packets":	47294,
				"lost_percent":	27.384023343341649,
				"omitted":	false,
				"sender":	false
			}
		}, {
			"streams":	[{
					"socket":	5,
					"start":	210.001055,
					"end":	211.001057,
					"seconds":	1.0000020265579224,
					"bytes":	44486696,
					"bits_per_second":	355892846.76253188,
					"jitter_ms":	0.016514560314581352,
					"lost_packets":	12688,
					"packets":	45690,
					"lost_percent":	27.769752681111839,
					"omitted":	false,
					"sender":	false
				}],
			"sum":	{
				"start":	210.001055,
				"end":	211.001057,
				"seconds":	1.0000020265579224,
				"bytes":	44486696,
				"bits_per_second":	355892846.76253188,
				"jitter_ms":	0.016514560314581352,
				"lost_packets":	12688,
				"packets":	45690,
				"lost_percent":	27.769752681111839,
				"omitted":	false,
				"sender":	false
			}
		}, {
			"streams":	[{
					"socket":	5,
					"start":	211.001057,
					"end":	212.001069,
					"seconds":	1.0000120401382446,
					"bytes":	45370984,
					"bits_per_second":	362963501.86925972,
					"jitter_ms":	0.00814598204301139,
					"lost_packets":	12350,
					"packets":	46008,
					"lost_percent":	26.843157711702311,
					"omitted":	false,
					"sender":	false
				}],
			"sum":	{
				"start":	211.001057,
				"end":	212.001069,
				"seconds":	1.0000120401382446,
				"bytes":	45370984,
				"bits_per_second":	362963501.86925972,
				"jitter_ms":	0.00814598204301139,
				"lost_packets":	12350,
				"packets":	46008,
				"lost_percent":	26.843157711702311,
				"omitted":	false,
				"sender":	false
			}
		}, {
			"streams":	[{
					"socket":	5,
					"start":	212.001069,
					"end":	213.001062,
					"seconds":	0.99999302625656128,
					"bytes":	46344240,
					"bits_per_second":	370756505.560748,
					"jitter_ms":	0.057310519002724339,
					"lost_packets":	13017,
					"packets":	47397,
					"lost_percent":	27.4637635293373,
					"omitted":	false,
					"sender":	false
				}],
			"sum":	{
				"start":	212.001069,
				"end":	213.001062,
				"seconds":	0.99999302625656128,
				"bytes":	46344240,
				"bits_per_second":	370756505.560748,
				"jitter_ms":	0.057310519002724339,
				"lost_packets":	13017,
				"packets":	47397,
				"lost_percent":	27.4637635293373,
				"omitted":	false,
				"sender":	false
			}
		}, {
			"streams":	[{
					"socket":	5,
					"start":	213.001062,
					"end":	214.000749,
					"seconds":	0.99968701601028442,
					"bytes":	44560836,
					"bits_per_second":	356598297.55789548,
					"jitter_ms":	0.00800368655836997,
					"lost_packets":	12277,
					"packets":	45334,
					"lost_percent":	27.081219393832445,
					"omitted":	false,
					"sender":	false
				}],
			"sum":	{
				"start":	213.001062,
				"end":	214.000749,
				"seconds":	0.99968701601028442,
				"bytes":	44560836,
				"bits_per_second":	356598297.55789548,
				"jitter_ms":	0.00800368655836997,
				"lost_packets":	12277,
				"packets":	45334,
				"lost_percent":	27.081219393832445,
				"omitted":	false,
				"sender":	false
			}
		}, {
			"streams":	[{
					"socket":	5,
					"start":	214.000749,
					"end":	215.00105,
					"seconds":	1.0003010034561157,
					"bytes":	45370984,
					"bits_per_second":	362858650.29218054,
					"jitter_ms":	0.0089210679155520261,
					"lost_packets":	12708,
					"packets":	46366,
					"lost_percent":	27.408014493378769,
					"omitted":	false,
					"sender":	false
				}],
			"sum":	{
				"start":	214.000749,
				"end":	215.00105,
				"seconds":	1.0003010034561157,
				"bytes":	45370984,
				"bits_per_second":	362858650.29218054,
				"jitter_ms":	0.0089210679155520261,
				"lost_packets":	12708,
				"packets":	46366,
				"lost_percent":	27.408014493378769,
				"omitted":	false,
				"sender":	false
			}
		}, {
			"streams":	[{
					"socket":	5,
					"start":	215.00105,
					"end":	216.001064,
					"seconds":	1.0000139474868774,
					"bytes":	45370984,
					"bits_per_second":	362962809.58097637,
					"jitter_ms":	0.00827563849297932,
					"lost_packets":	12705,
					"packets":	46363,
					"lost_percent":	27.403317300433535,
					"omitted":	false,
					"sender":	false
				}],
			"sum":	{
				"start":	215.00105,
				"end":	216.001064,
				"seconds":	1.0000139474868774,
				"bytes":	45370984,
				"bits_per_second":	362962809.58097637,
				"jitter_ms":	0.00827563849297932,
				"lost_packets":	12705,
				"packets":	46363,
				"lost_percent":	27.403317300433535,
				"omitted":	false,
				"sender":	false
			}
		}, {
			"streams":	[{
					"socket":	5,
					"start":	216.001064,
					"end":	217.000099,
					"seconds":	0.99903500080108643,
					"bytes":	45384464,
					"bits_per_second":	363426418.20242935,
					"jitter_ms":	0.057277863215395554,
					"lost_packets":	12848,
					"packets":	46516,
					"lost_percent":	27.620603663255654,
					"omitted":	false,
					"sender":	false
				}],
			"sum":	{
				"start":	216.001064,
				"end":	217.000099,
				"seconds":	0.99903500080108643,
				"bytes":	45384464,
				"bits_per_second":	363426418.20242935,
				"jitter_ms":	0.057277863215395554,
				"lost_packets":	12848,
				"packets":	46516,
				"lost_percent":	27.620603663255654,
				"omitted":	false,
				"sender":	false
			}
		}, {
			"streams":	[{
					"socket":	5,
					"start":	217.000099,
					"end":	218.001062,
					"seconds":	1.0009629726409912,
					"bytes":	45155304,
					"bits_per_second":	360894900.084945,
					"jitter_ms":	0.00952888253545603,
					"lost_packets":	12528,
					"packets":	46026,
					"lost_percent":	27.219397731716857,
					"omitted":	false,
					"sender":	false
				}],
			"sum":	{
				"start":	217.000099,
				"end":	218.001062,
				"seconds":	1.0009629726409912,
				"bytes":	45155304,
				"bits_per_second":	360894900.084945,
				"jitter_ms":	0.00952888253545603,
				"lost_packets":	12528,
				"packets":	46026,
				"lost_percent":	27.219397731716857,
				"omitted":	false,
				"sender":	false
			}
		}, {
			"streams":	[{
					"socket":	5,
					"start":	218.001062,
					"end":	219.001065,
					"seconds":	1.0000029802322388,
					"bytes":	45637888,
					"bits_per_second":	365102015.91120172,
					"jitter_ms":	0.011938223414730418,
					"lost_packets":	12689,
					"packets":	46545,
					"lost_percent":	27.2617896659147,
					"omitted":	false,
					"sender":	false
				}],
			"sum":	{
				"start":	218.001062,
				"end":	219.001065,
				"seconds":	1.0000029802322388,
				"bytes":	45637888,
				"bits_per_second":	365102015.91120172,
				"jitter_ms":	0.011938223414730418,
				"lost_packets":	12689,
				"packets":	46545,
				"lost_percent":	27.2617896659147,
				"omitted":	false,
				"sender":	false
			}
		}, {
			"streams":	[{
					"socket":	5,
					"start":	219.001065,
					"end":	220.001084,
					"seconds":	1.0000189542770386,
					"bytes":	45420860,
					"bits_per_second":	363359992.77403224,
					"jitter_ms":	0.00767713581976757,
					"lost_packets":	12679,
					"packets":	46374,
					"lost_percent":	27.340751283046536,
					"omitted":	false,
					"sender":	false
				}],
			"sum":	{
				"start":	219.001065,
				"end":	220.001084,
				"seconds":	1.0000189542770386,
				"bytes":	45420860,
				"bits_per_second":	363359992.77403224,
				"jitter_ms":	0.00767713581976757,
				"lost_packets":	12679,
				"packets":	46374,
				"lost_percent":	27.340751283046536,
				"omitted":	false,
				"sender":	false
			}
		}, {
			"streams":	[{
					"socket":	5,
					"start":	220.001084,
					"end":	221.001065,
					"seconds":	0.99998098611831665,
					"bytes":	45283364,
					"bits_per_second":	362273800.23117459,
					"jitter_ms":	0.057767493827538811,
					"lost_packets":	12875,
					"packets":	46468,
					"lost_percent":	27.707239390548335,
					"omitted":	false,
					"sender":	false
				}],
			"sum":	{
				"start":	220.001084,
				"end":	221.001065,
				"seconds":	0.99998098611831665,
				"bytes":	45283364,
				"bits_per_second":	362273800.23117459,
				"jitter_ms":	0.057767493827538811,
				"lost_packets":	12875,
				"packets":	46468,
				"lost_percent":	27.707239390548335,
				"omitted":	false,
				"sender":	false
			}
		}, {
			"streams":	[{
					"socket":	5,
					"start":	221.001065,
					"end":	222.00106,
					"seconds":	0.999994993209839,
					"bytes":	46356372,
					"bits_per_second":	370852832.78231442,
					"jitter_ms":	0.057868551643681515,
					"lost_packets":	12903,
					"packets":	47292,
					"lost_percent":	27.283684344075109,
					"omitted":	false,
					"sender":	false
				}],
			"sum":	{
				"start":	221.001065,
				"end":	222.00106,
				"seconds":	0.999994993209839,
				"bytes":	46356372,
				"bits_per_second":	370852832.78231442,
				"jitter_ms":	0.057868551643681515,
				"lost_packets":	12903,
				"packets":	47292,
				"lost_percent":	27.283684344075109,
				"omitted":	false,
				"sender":	false
			}
		}, {
			"streams":	[{
					"socket":	5,
					"start":	222.00106,
					"end":	223.001063,
					"seconds":	1.0000029802322388,
					"bytes":	44523092,
					"bits_per_second":	356183674.48993039,
					"jitter_ms":	0.0055180545082732773,
					"lost_packets":	12408,
					"packets":	45437,
					"lost_percent":	27.308140942403767,
					"omitted":	false,
					"sender":	false
				}],
			"sum":	{
				"start":	222.00106,
				"end":	223.001063,
				"seconds":	1.0000029802322388,
				"bytes":	44523092,
				"bits_per_second":	356183674.48993039,
				"jitter_ms":	0.0055180545082732773,
				"lost_packets":	12408,
				"packets":	45437,
				"lost_percent":	27.308140942403767,
				"omitted":	false,
				"sender":	false
			}
		}, {
			"streams":	[{
					"socket":	5,
					"start":	223.001063,
					"end":	224.001529,
					"seconds":	1.000465989112854,
					"bytes":	45358852,
					"bits_per_second":	362701800.9095636,
					"jitter_ms":	0.057672747957436633,
					"lost_packets":	12717,
					"packets":	46366,
					"lost_percent":	27.427425268515723,
					"omitted":	false,
					"sender":	false
				}],
			"sum":	{
				"start":	223.001063,
				"end":	224.001529,
				"seconds":	1.000465989112854,
				"bytes":	45358852,
				"bits_per_second":	362701800.9095636,
				"jitter_ms":	0.057672747957436633,
				"lost_packets":	12717,
				"packets":	46366,
				"lost_percent":	27.427425268515723,
				"omitted":	false,
				"sender":	false
			}
		}, {
			"streams":	[{
					"socket":	5,
					"start":	224.001529,
					"end":	225.001067,
					"seconds":	0.999538004398346,
					"bytes":	45346720,
					"bits_per_second":	362941437.34771264,
					"jitter_ms":	0.01855536679167423,
					"lost_packets":	12976,
					"packets":	46616,
					"lost_percent":	27.835936159258623,
					"omitted":	false,
					"sender":	false
				}],
			"sum":	{
				"start":	224.001529,
				"end":	225.001067,
				"seconds":	0.999538004398346,
				"bytes":	45346720,
				"bits_per_second":	362941437.34771264,
				"jitter_ms":	0.01855536679167423,
				"lost_packets":	12976,
				"packets":	46616,
				"lost_percent":	27.835936159258623,
				"omitted":	false,
				"sender":	false
			}
		}, {
			"streams":	[{
					"socket":	5,
					"start":	225.001067,
					"end":	226.001076,
					"seconds":	1.0000089406967163,
					"bytes":	45296844,
					"bits_per_second":	362371512.14621127,
					"jitter_ms":	0.019465467456752265,
					"lost_packets":	12763,
					"packets":	46366,
					"lost_percent":	27.526635896993486,
					"omitted":	false,
					"sender":	false
				}],
			"sum":	{
				"start":	225.001067,
				"end":	226.001076,
				"seconds":	1.0000089406967163,
				"bytes":	45296844,
				"bits_per_second":	362371512.14621127,
				"jitter_ms":	0.019465467456752265,
				"lost_packets":	12763,
				"packets":	46366,
				"lost_percent":	27.526635896993486,
				"omitted":	false,
				"sender":	false
			}
		}, {
			"streams":	[{
					"socket":	5,
					"start":	226.001076,
					"end":	227.001047,
					"seconds":	0.99997097253799438,
					"bytes":	46280884,
					"bits_per_second":	370257819.644792,
					"jitter_ms":	0.0056191606369282842,
					"lost_packets":	12706,
					"packets":	47039,
					"lost_percent":	27.011628648568209,
					"omitted":	false,
					"sender":	false
				}],
			"sum":	{
				"start":	226.001076,
				"end":	227.001047,
				"seconds":	0.99997097253799438,
				"bytes":	46280884,
				"bits_per_second":	370257819.644792,
				"jitter_ms":	0.0056191606369282842,
				"lost_packets":	12706,
				"packets":	47039,
				"lost_percent":	27.011628648568209,
				"omitted":	false,
				"sender":	false
			}
		}, {
			"streams":	[{
					"socket":	5,
					"start":	227.001047,
					"end":	228.001065,
					"seconds":	1.0000180006027222,
					"bytes":	44486696,
					"bits_per_second":	355887161.8165862,
					"jitter_ms":	0.057785930968096581,
					"lost_packets":	12691,
					"packets":	45693,
					"lost_percent":	27.774494999234019,
					"omitted":	false,
					"sender":	false
				}],
			"sum":	{
				"start":	227.001047,
				"end":	228.001065,
				"seconds":	1.0000180006027222,
				"bytes":	44486696,
				"bits_per_second":	355887161.8165862,
				"jitter_ms":	0.057785930968096581,
				"lost_packets":	12691,
				"packets":	45693,
				"lost_percent":	27.774494999234019,
				"omitted":	false,
				"sender":	false
			}
		}, {
			"streams":	[{
					"socket":	5,
					"start":	228.001065,
					"end":	229.001066,
					"seconds":	1.0000009536743164,
					"bytes":	45408728,
					"bits_per_second":	363269477.55922931,
					"jitter_ms":	0.0066597942121468575,
					"lost_packets":	12424,
					"packets":	46110,
					"lost_percent":	26.944263717198,
					"omitted":	false,
					"sender":	false
				}],
			"sum":	{
				"start":	228.001065,
				"end":	229.001066,
				"seconds":	1.0000009536743164,
				"bytes":	45408728,
				"bits_per_second":	363269477.55922931,
				"jitter_ms":	0.0066597942121468575,
				"lost_packets":	12424,
				"packets":	46110,
				"lost_percent":	26.944263717198,
				"omitted":	false,
				"sender":	false
			}
		}, {
			"streams":	[{
					"socket":	5,
					"start":	229.001066,
					"end":	230.001069,
					"seconds":	1.0000029802322388,
					"bytes":	45408728,
					"bits_per_second":	363268741.3747856,
					"jitter_ms":	0.018237506315855669,
					"lost_packets":	12931,
					"packets":	46617,
					"lost_percent":	27.738807731085227,
					"omitted":	false,
					"sender":	false
				}],
			"sum":	{
				"start":	229.001066,
				"end":	230.001069,
				"seconds":	1.0000029802322388,
				"bytes":	45408728,
				"bits_per_second":	363268741.3747856,
				"jitter_ms":	0.018237506315855669,
				"lost_packets":	12931,
				"packets":	46617,
				"lost_percent":	27.738807731085227,
				"omitted":	false,
				"sender":	false
			}
		}, {
			"streams":	[{
					"socket":	5,
					"start":	230.001069,
					"end":	231.001051,
					"seconds":	0.99998199939727783,
					"bytes":	45472084,
					"bits_per_second":	363783220.317226,
					"jitter_ms":	0.0077964322180587879,
					"lost_packets":	12278,
					"packets":	46011,
					"lost_percent":	26.684923170546174,
					"omitted":	false,
					"sender":	false
				}],
			"sum":	{
				"start":	230.001069,
				"end":	231.001051,
				"seconds":	0.99998199939727783,
				"bytes":	45472084,
				"bits_per_second":	363783220.317226,
				"jitter_ms":	0.0077964322180587879,
				"lost_packets":	12278,
				"packets":	46011,
				"lost_percent":	26.684923170546174,
				"omitted":	false,
				"sender":	false
			}
		}, {
			"streams":	[{
					"socket":	5,
					"start":	231.001051,
					"end":	232.00105,
					"seconds":	0.99999898672103882,
					"bytes":	45383116,
					"bits_per_second":	363065295.88642585,
					"jitter_ms":	0.00824639601600299,
					"lost_packets":	12697,
					"packets":	46364,
					"lost_percent":	27.385471486498144,
					"omitted":	false,
					"sender":	false
				}],
			"sum":	{
				"start":	231.001051,
				"end":	232.00105,
				"seconds":	0.99999898672103882,
				"bytes":	45383116,
				"bits_per_second":	363065295.88642585,
				"jitter_ms":	0.00824639601600299,
				"lost_packets":	12697,
				"packets":	46364,
				"lost_percent":	27.385471486498144,
				"omitted":	false,
				"sender":	false
			}
		}, {
			"streams":	[{
					"socket":	5,
					"start":	232.00105,
					"end":	233.001063,
					"seconds":	1.000012993812561,
					"bytes":	45370984,
					"bits_per_second":	362963155.724788,
					"jitter_ms":	0.0080987647947698,
					"lost_packets":	12707,
					"packets":	46365,
					"lost_percent":	27.406448829936373,
					"omitted":	false,
					"sender":	false
				}],
			"sum":	{
				"start":	232.00105,
				"end":	233.001063,
				"seconds":	1.000012993812561,
				"bytes":	45370984,
				"bits_per_second":	362963155.724788,
				"jitter_ms":	0.0080987647947698,
				"lost_packets":	12707,
				"packets":	46365,
				"lost_percent":	27.406448829936373,
				"omitted":	false,
				"sender":	false
			}
		}, {
			"streams":	[{
					"socket":	5,
					"start":	233.001063,
					"end":	234.00106,
					"seconds":	0.99999701976776123,
					"bytes":	45472084,
					"bits_per_second":	363777756.1421966,
					"jitter_ms":	0.0081309786429042755,
					"lost_packets":	12632,
					"packets":	46365,
					"lost_percent":	27.24468888169956,
					"omitted":	false,
					"sender":	false
				}],
			"sum":	{
				"start":	233.001063,
				"end":	234.00106,
				"seconds":	0.99999701976776123,
				"bytes":	45472084,
				"bits_per_second":	363777756.1421966,
				"jitter_ms":	0.0081309786429042755,
				"lost_packets":	12632,
				"packets":	46365,
				"lost_percent":	27.24468888169956,
				"omitted":	false,
				"sender":	false
			}
		}, {
			"streams":	[{
					"socket":	5,
					"start":	234.00106,
					"end":	235.001049,
					"seconds":	0.99998897314071655,
					"bytes":	45358852,
					"bits_per_second":	362874817.36954862,
					"jitter_ms":	0.054315313876849743,
					"lost_packets":	12867,
					"packets":	46516,
					"lost_percent":	27.66144982371657,
					"omitted":	false,
					"sender":	false
				}],
			"sum":	{
				"start":	234.00106,
				"end":	235.001049,
				"seconds":	0.99998897314071655,
				"bytes":	45358852,
				"bits_per_second":	362874817.36954862,
				"jitter_ms":	0.054315313876849743,
				"lost_packets":	12867,
				"packets":	46516,
				"lost_percent":	27.66144982371657,
				"omitted":	false,
				"sender":	false
			}
		}, {
			"streams":	[{
					"socket":	5,
					"start":	235.001049,
					"end":	236.001063,
					"seconds":	1.0000139474868774,
					"bytes":	45495000,
					"bits_per_second":	363954923.74347711,
					"jitter_ms":	0.012684579293892261,
					"lost_packets":	12455,
					"packets":	46205,
					"lost_percent":	26.95595714749486,
					"omitted":	false,
					"sender":	false
				}],
			"sum":	{
				"start":	235.001049,
				"end":	236.001063,
				"seconds":	1.0000139474868774,
				"bytes":	45495000,
				"bits_per_second":	363954923.74347711,
				"jitter_ms":	0.012684579293892261,
				"lost_packets":	12455,
				"packets":	46205,
				"lost_percent":	26.95595714749486,
				"omitted":	false,
				"sender":	false
			}
		}, {
			"streams":	[{
					"socket":	5,
					"start":	236.001063,
					"end":	237.001061,
					"seconds":	0.99999797344207764,
					"bytes":	46294364,
					"bits_per_second":	370355662.547202,
					"jitter_ms":	0.011610957461955611,
					"lost_packets":	13090,
					"packets":	47433,
					"lost_percent":	27.5968207787827,
					"omitted":	false,
					"sender":	false
				}],
			"sum":	{
				"start":	236.001063,
				"end":	237.001061,
				"seconds":	0.99999797344207764,
				"bytes":	46294364,
				"bits_per_second":	370355662.547202,
				"jitter_ms":	0.011610957461955611,
				"lost_packets":	13090,
				"packets":	47433,
				"lost_percent":	27.5968207787827,
				"omitted":	false,
				"sender":	false
			}
		}, {
			"streams":	[{
					"socket":	5,
					"start":	237.001061,
					"end":	238.00105,
					"seconds":	0.99998897314071655,
					"bytes":	44648456,
					"bits_per_second":	357191586.7013638,
					"jitter_ms":	0.0538920442033007,
					"lost_packets":	12289,
					"packets":	45411,
					"lost_percent":	27.0617251326771,
					"omitted":	false,
					"sender":	false
				}],
			"sum":	{
				"start":	237.001061,
				"end":	238.00105,
				"seconds":	0.99998897314071655,
				"bytes":	44648456,
				"bits_per_second":	357191586.7013638,
				"jitter_ms":	0.0538920442033007,
				"lost_packets":	12289,
				"packets":	45411,
				"lost_percent":	27.0617251326771,
				"omitted":	false,
				"sender":	false
			}
		}, {
			"streams":	[{
					"socket":	5,
					"start":	238.00105,
					"end":	239.001066,
					"seconds":	1.0000159740448,
					"bytes":	46799864,
					"bits_per_second":	374392931.43054062,
					"jitter_ms":	0.0397888375056265,
					"lost_packets":	12904,
					"packets":	47622,
					"lost_percent":	27.096720003359792,
					"omitted":	false,
					"sender":	false
				}],
			"sum":	{
				"start":	238.00105,
				"end":	239.001066,
				"seconds":	1.0000159740448,
				"bytes":	46799864,
				"bits_per_second":	374392931.43054062,
				"jitter_ms":	0.0397888375056265,
				"lost_packets":	12904,
				"packets":	47622,
				"lost_percent":	27.096720003359792,
				"omitted":	false,
				"sender":	false
			}
		}, {
			"streams":	[{
					"socket":	5,
					"start":	239.001066,
					"end":	240.001062,
					"seconds":	0.9999960064888,
					"bytes":	45420860,
					"bits_per_second":	363368331.1155,
					"jitter_ms":	0.039941299025167784,
					"lost_packets":	12670,
					"packets":	46365,
					"lost_percent":	27.326647255472878,
					"omitted":	false,
					"sender":	false
				}],
			"sum":	{
				"start":	239.001066,
				"end":	240.001062,
				"seconds":	0.9999960064888,
				"bytes":	45420860,
				"bits_per_second":	363368331.1155,
				"jitter_ms":	0.039941299025167784,
				"lost_packets":	12670,
				"packets":	46365,
				"lost_percent":	27.326647255472878,
				"omitted":	false,
				"sender":	false
			}
		}, {
			"streams":	[{
					"socket":	5,
					"start":	240.001062,
					"end":	241.001073,
					"seconds":	1.0000109672546387,
					"bytes":	43993328,
					"bits_per_second":	351942764.15408731,
					"jitter_ms":	0.016484736725840152,
					"lost_packets":	12724,
					"packets":	45360,
					"lost_percent":	28.051146384479718,
					"omitted":	false,
					"sender":	false
				}],
			"sum":	{
				"start":	240.001062,
				"end":	241.001073,
				"seconds":	1.0000109672546387,
				"bytes":	43993328,
				"bits_per_second":	351942764.15408731,
				"jitter_ms":	0.016484736725840152,
				"lost_packets":	12724,
				"packets":	45360,
				"lost_percent":	28.051146384479718,
				"omitted":	false,
				"sender":	false
			}
		}, {
			"streams":	[{
					"socket":	5,
					"start":	241.001073,
					"end":	242.001067,
					"seconds":	0.99999397993087769,
					"bytes":	45345372,
					"bits_per_second":	362765159.87133759,
					"jitter_ms":	0.01834569534025219,
					"lost_packets":	12724,
					"packets":	46363,
					"lost_percent":	27.444298255074088,
					"omitted":	false,
					"sender":	false
				}],
			"sum":	{
				"start":	241.001073,
				"end":	242.001067,
				"seconds":	0.99999397993087769,
				"bytes":	45345372,
				"bits_per_second":	362765159.87133759,
				"jitter_ms":	0.01834569534025219,
				"lost_packets":	12724,
				"packets":	46363,
				"lost_percent":	27.444298255074088,
				"omitted":	false,
				"sender":	false
			}
		}, {
			"streams":	[{
					"socket":	5,
					"start":	242.001067,
					"end":	243.001052,
					"seconds":	0.9999849796295166,
					"bytes":	46318628,
					"bits_per_second":	370554589.86722416,
					"jitter_ms":	0.057910492587265758,
					"lost_packets":	12680,
					"packets":	47041,
					"lost_percent":	26.95520928551689,
					"omitted":	false,
					"sender":	false
				}],
			"sum":	{
				"start":	242.001067,
				"end":	243.001052,
				"seconds":	0.9999849796295166,
				"bytes":	46318628,
				"bits_per_second":	370554589.86722416,
				"jitter_ms":	0.057910492587265758,
				"lost_packets":	12680,
				"packets":	47041,
				"lost_percent":	26.95520928551689,
				"omitted":	false,
				"sender":	false
			}
		}, {
			"streams":	[{
					"socket":	5,
					"start":	243.001052,
					"end":	244.001063,
					"seconds":	1.0000109672546387,
					"bytes":	45284712,
					"bits_per_second":	362273722.85183257,
					"jitter_ms":	0.0053551575003029147,
					"lost_packets":	12770,
					"packets":	46364,
					"lost_percent":	27.542921231990338,
					"omitted":	false,
					"sender":	false
				}],
			"sum":	{
				"start":	243.001052,
				"end":	244.001063,
				"seconds":	1.0000109672546387,
				"bytes":	45284712,
				"bits_per_second":	362273722.85183257,
				"jitter_ms":	0.0053551575003029147,
				"lost_packets":	12770,
				"packets":	46364,
				"lost_percent":	27.542921231990338,
				"omitted":	false,
				"sender":	false
			}
		}, {
			"streams":	[{
					"socket":	5,
					"start":	244.001063,
					"end":	245.001061,
					"seconds":	0.99999797344207764,
					"bytes":	44362680,
					"bits_per_second":	354902159.22978246,
					"jitter_ms":	0.00827102040862847,
					"lost_packets":	12425,
					"packets":	45335,
					"lost_percent":	27.407080622035956,
					"omitted":	false,
					"sender":	false
				}],
			"sum":	{
				"start":	244.001063,
				"end":	245.001061,
				"seconds":	0.99999797344207764,
				"bytes":	44362680,
				"bits_per_second":	354902159.22978246,
				"jitter_ms":	0.00827102040862847,
				"lost_packets":	12425,
				"packets":	45335,
				"lost_percent":	27.407080622035956,
				"omitted":	false,
				"sender":	false
			}
		}, {
			"streams":	[{
					"socket":	5,
					"start":	245.001061,
					"end":	246.001063,
					"seconds":	1.0000020265579224,
					"bytes":	45358852,
					"bits_per_second":	362870080.62276334,
					"jitter_ms":	0.011892849370180985,
					"lost_packets":	12708,
					"packets":	46357,
					"lost_percent":	27.413335634316283,
					"omitted":	false,
					"sender":	false
				}],
			"sum":	{
				"start":	245.001061,
				"end":	246.001063,
				"seconds":	1.0000020265579224,
				"bytes":	45358852,
				"bits_per_second":	362870080.62276334,
				"jitter_ms":	0.011892849370180985,
				"lost_packets":	12708,
				"packets":	46357,
				"lost_percent":	27.413335634316283,
				"omitted":	false,
				"sender":	false
			}
		}, {
			"streams":	[{
					"socket":	5,
					"start":	246.001063,
					"end":	247.001067,
					"seconds":	1.0000040531158447,
					"bytes":	46181132,
					"bits_per_second":	369447558.58624649,
					"jitter_ms":	0.0582527889055177,
					"lost_packets":	13191,
					"packets":	47450,
					"lost_percent":	27.799789251844047,
					"omitted":	false,
					"sender":	false
				}],
			"sum":	{
				"start":	246.001063,
				"end":	247.001067,
				"seconds":	1.0000040531158447,
				"bytes":	46181132,
				"bits_per_second":	369447558.58624649,
				"jitter_ms":	0.0582527889055177,
				"lost_packets":	13191,
				"packets":	47450,
				"lost_percent":	27.799789251844047,
				"omitted":	false,
				"sender":	false
			}
		}, {
			"streams":	[{
					"socket":	5,
					"start":	247.001067,
					"end":	248.001485,
					"seconds":	1.000417947769165,
					"bytes":	44447604,
					"bits_per_second":	355432279.87153846,
					"jitter_ms":	0.01329193100314136,
					"lost_packets":	12212,
					"packets":	45185,
					"lost_percent":	27.026668142082549,
					"omitted":	false,
					"sender":	false
				}],
			"sum":	{
				"start":	247.001067,
				"end":	248.001485,
				"seconds":	1.000417947769165,
				"bytes":	44447604,
				"bits_per_second":	355432279.87153846,
				"jitter_ms":	0.01329193100314136,
				"lost_packets":	12212,
				"packets":	45185,
				"lost_percent":	27.026668142082549,
				"omitted":	false,
				"sender":	false
			}
		}, {
			"streams":	[{
					"socket":	5,
					"start":	248.001485,
					"end":	249.001659,
					"seconds":	1.0001740455627441,
					"bytes":	45294148,
					"bits_per_second":	362290129.0106197,
					"jitter_ms":	0.0061729308249386947,
					"lost_packets":	12688,
					"packets":	46289,
					"lost_percent":	27.410399879020932,
					"omitted":	false,
					"sender":	false
				}],
			"sum":	{
				"start":	248.001485,
				"end":	249.001659,
				"seconds":	1.0001740455627441,
				"bytes":	45294148,
				"bits_per_second":	362290129.0106197,
				"jitter_ms":	0.0061729308249386947,
				"lost_packets":	12688,
				"packets":	46289,
				"lost_percent":	27.410399879020932,
				"omitted":	false,
				"sender":	false
			}
		}, {
			"streams":	[{
					"socket":	5,
					"start":	249.001659,
					"end":	250.001068,
					"seconds":	0.999409019947052,
					"bytes":	45612276,
					"bits_per_second":	365113983.08105332,
					"jitter_ms":	0.00785346828245423,
					"lost_packets":	12707,
					"packets":	46544,
					"lost_percent":	27.3010484702647,
					"omitted":	false,
					"sender":	false
				}],
			"sum":	{
				"start":	249.001659,
				"end":	250.001068,
				"seconds":	0.999409019947052,
				"bytes":	45612276,
				"bits_per_second":	365113983.08105332,
				"jitter_ms":	0.00785346828245423,
				"lost_packets":	12707,
				"packets":	46544,
				"lost_percent":	27.3010484702647,
				"omitted":	false,
				"sender":	false
			}
		}, {
			"streams":	[{
					"socket":	5,
					"start":	250.001068,
					"end":	251.001064,
					"seconds":	0.9999960064888,
					"bytes":	45370984,
					"bits_per_second":	362969321.52205074,
					"jitter_ms":	0.00861422618691475,
					"lost_packets":	12706,
					"packets":	46364,
					"lost_percent":	27.404883098956088,
					"omitted":	false,
					"sender":	false
				}],
			"sum":	{
				"start":	250.001068,
				"end":	251.001064,
				"seconds":	0.9999960064888,
				"bytes":	45370984,
				"bits_per_second":	362969321.52205074,
				"jitter_ms":	0.00861422618691475,
				"lost_packets":	12706,
				"packets":	46364,
				"lost_percent":	27.404883098956088,
				"omitted":	false,
				"sender":	false
			}
		}, {
			"streams":	[{
					"socket":	5,
					"start":	251.001064,
					"end":	252.00106,
					"seconds":	0.9999960064888,
					"bytes":	45434340,
					"bits_per_second":	363476171.546162,
					"jitter_ms":	0.0540885251551852,
					"lost_packets":	12766,
					"packets":	46471,
					"lost_percent":	27.470895827505327,
					"omitted":	false,
					"sender":	false
				}],
			"sum":	{
				"start":	251.001064,
				"end":	252.00106,
				"seconds":	0.9999960064888,
				"bytes":	45434340,
				"bits_per_second":	363476171.546162,
				"jitter_ms":	0.0540885251551852,
				"lost_packets":	12766,
				"packets":	46471,
				"lost_percent":	27.470895827505327,
				"omitted":	false,
				"sender":	false
			}
		}, {
			"streams":	[{
					"socket":	5,
					"start":	252.00106,
					"end":	253.000293,
					"seconds":	0.99923300743103027,
					"bytes":	45408728,
					"bits_per_second":	363548663.12307429,
					"jitter_ms":	0.0418186107835243,
					"lost_packets":	12930,
					"packets":	46616,
					"lost_percent":	27.737257593959157,
					"omitted":	false,
					"sender":	false
				}],
			"sum":	{
				"start":	252.00106,
				"end":	253.000293,
				"seconds":	0.99923300743103027,
				"bytes":	45408728,
				"bits_per_second":	363548663.12307429,
				"jitter_ms":	0.0418186107835243,
				"lost_packets":	12930,
				"packets":	46616,
				"lost_percent":	27.737257593959157,
				"omitted":	false,
				"sender":	false
			}
		}, {
			"streams":	[{
					"socket":	5,
					"start":	253.000293,
					"end":	254.001052,
					"seconds":	1.00075900554657,
					"bytes":	45432992,
					"bits_per_second":	363188274.08552,
					"jitter_ms":	0.01768475092375511,
					"lost_packets":	12660,
					"packets":	46364,
					"lost_percent":	27.305668190837718,
					"omitted":	false,
					"sender":	false
				}],
			"sum":	{
				"start":	253.000293,
				"end":	254.001052,
				"seconds":	1.00075900554657,
				"bytes":	45432992,
				"bits_per_second":	363188274.08552,
				"jitter_ms":	0.01768475092375511,
				"lost_packets":	12660,
				"packets":	46364,
				"lost_percent":	27.305668190837718,
				"omitted":	false,
				"sender":	false
			}
		}, {
			"streams":	[{
					"socket":	5,
					"start":	254.001052,
					"end":	255.001053,
					"seconds":	1.0000009536743164,
					"bytes":	45396596,
					"bits_per_second":	363172421.651789,
					"jitter_ms":	0.00530542602942933,
					"lost_packets":	12436,
					"packets":	46113,
					"lost_percent":	26.968533819096567,
					"omitted":	false,
					"sender":	false
				}],
			"sum":	{
				"start":	254.001052,
				"end":	255.001053,
				"seconds":	1.0000009536743164,
				"bytes":	45396596,
				"bits_per_second":	363172421.651789,
				"jitter_ms":	0.00530542602942933,
				"lost_packets":	12436,
				"packets":	46113,
				"lost_percent":	26.968533819096567,
				"omitted":	false,
				"sender":	false
			}
		}, {
			"streams":	[{
					"socket":	5,
					"start":	255.001053,
					"end":	256.001065,
					"seconds":	1.0000120401382446,
					"bytes":	45396596,
					"bits_per_second":	363168395.40231329,
					"jitter_ms":	0.0084956027385655,
					"lost_packets":	12584,
					"packets":	46261,
					"lost_percent":	27.202178941224791,
					"omitted":	false,
					"sender":	false
				}],
			"sum":	{
				"start":	255.001053,
				"end":	256.001065,
				"seconds":	1.0000120401382446,
				"bytes":	45396596,
				"bits_per_second":	363168395.40231329,
				"jitter_ms":	0.0084956027385655,
				"lost_packets":	12584,
				"packets":	46261,
				"lost_percent":	27.202178941224791,
				"omitted":	false,
				"sender":	false
			}
		}, {
			"streams":	[{
					"socket":	5,
					"start":	256.001065,
					"end":	257.001071,
					"seconds":	1.0000059604644775,
					"bytes":	45396596,
					"bits_per_second":	363170603.33451957,
					"jitter_ms":	0.0085916477993253654,
					"lost_packets":	12688,
					"packets":	46365,
					"lost_percent":	27.365469643049714,
					"omitted":	false,
					"sender":	false
				}],
			"sum":	{
				"start":	256.001065,
				"end":	257.001071,
				"seconds":	1.0000059604644775,
				"bytes":	45396596,
				"bits_per_second":	363170603.33451957,
				"jitter_ms":	0.0085916477993253654,
				"lost_packets":	12688,
				"packets":	46365,
				"lost_percent":	27.365469643049714,
				"omitted":	false,
				"sender":	false
			}
		}, {
			"streams":	[{
					"socket":	5,
					"start":	257.001071,
					"end":	258.001065,
					"seconds":	0.99999397993087769,
					"bytes":	45420860,
					"bits_per_second":	363369067.50690329,
					"jitter_ms":	0.0084555675654572737,
					"lost_packets":	12670,
					"packets":	46365,
					"lost_percent":	27.326647255472878,
					"omitted":	false,
					"sender":	false
				}],
			"sum":	{
				"start":	257.001071,
				"end":	258.001065,
				"seconds":	0.99999397993087769,
				"bytes":	45420860,
				"bits_per_second":	363369067.50690329,
				"jitter_ms":	0.0084555675654572737,
				"lost_packets":	12670,
				"packets":	46365,
				"lost_percent":	27.326647255472878,
				"omitted":	false,
				"sender":	false
			}
		}, {
			"streams":	[{
					"socket":	5,
					"start":	258.001065,
					"end":	259.001063,
					"seconds":	0.99999797344207764,
					"bytes":	45420860,
					"bits_per_second":	363367616.38552171,
					"jitter_ms":	0.013348705199278629,
					"lost_packets":	12660,
					"packets":	46355,
					"lost_percent":	27.310969690432533,
					"omitted":	false,
					"sender":	false
				}],
			"sum":	{
				"start":	258.001065,
				"end":	259.001063,
				"seconds":	0.99999797344207764,
				"bytes":	45420860,
				"bits_per_second":	363367616.38552171,
				"jitter_ms":	0.013348705199278629,
				"lost_packets":	12660,
				"packets":	46355,
				"lost_percent":	27.310969690432533,
				"omitted":	false,
				"sender":	false
			}
		}, {
			"streams":	[{
					"socket":	5,
					"start":	259.001063,
					"end":	260.001068,
					"seconds":	1.0000050067901611,
					"bytes":	46330760,
					"bits_per_second":	370644224.26214468,
					"jitter_ms":	0.0078208428510198168,
					"lost_packets":	13073,
					"packets":	47443,
					"lost_percent":	27.5551714689206,
					"omitted":	false,
					"sender":	false
				}],
			"sum":	{
				"start":	259.001063,
				"end":	260.001068,
				"seconds":	1.0000050067901611,
				"bytes":	46330760,
				"bits_per_second":	370644224.26214468,
				"jitter_ms":	0.0078208428510198168,
				"lost_packets":	13073,
				"packets":	47443,
				"lost_percent":	27.5551714689206,
				"omitted":	false,
				"sender":	false
			}
		}, {
			"streams":	[{
					"socket":	5,
					"start":	260.001068,
					"end":	261.001065,
					"seconds":	0.99999701976776123,
					"bytes":	44574316,
					"bits_per_second":	356595590.73767573,
					"jitter_ms":	0.008096528913817307,
					"lost_packets":	12230,
					"packets":	45297,
					"lost_percent":	26.999580546173036,
					"omitted":	false,
					"sender":	false
				}],
			"sum":	{
				"start":	260.001068,
				"end":	261.001065,
				"seconds":	0.99999701976776123,
				"bytes":	44574316,
				"bits_per_second":	356595590.73767573,
				"jitter_ms":	0.008096528913817307,
				"lost_packets":	12230,
				"packets":	45297,
				"lost_percent":	26.999580546173036,
				"omitted":	false,
				"sender":	false
			}
		}, {
			"streams":	[{
					"socket":	5,
					"start":	261.001065,
					"end":	262.001069,
					"seconds":	1.0000040531158447,
					"bytes":	45495000,
					"bits_per_second":	363958524.83393615,
					"jitter_ms":	0.00887423123689506,
					"lost_packets":	12614,
					"packets":	46364,
					"lost_percent":	27.206453282719352,
					"omitted":	false,
					"sender":	false
				}],
			"sum":	{
				"start":	261.001065,
				"end":	262.001069,
				"seconds":	1.0000040531158447,
				"bytes":	45495000,
				"bits_per_second":	363958524.83393615,
				"jitter_ms":	0.00887423123689506,
				"lost_packets":	12614,
				"packets":	46364,
				"lost_percent":	27.206453282719352,
				"omitted":	false,
				"sender":	false
			}
		}, {
			"streams":	[{
					"socket":	5,
					"start":	262.001069,
					"end":	263.001066,
					"seconds":	0.99999701976776123,
					"bytes":	46394116,
					"bits_per_second":	371154034.125218,
					"jitter_ms":	0.12142610996518595,
					"lost_packets":	12981,
					"packets":	47398,
					"lost_percent":	27.387231528756487,
					"omitted":	false,
					"sender":	false
				}],
			"sum":	{
				"start":	262.001069,
				"end":	263.001066,
				"seconds":	0.99999701976776123,
				"bytes":	46394116,
				"bits_per_second":	371154034.125218,
				"jitter_ms":	0.12142610996518595,
				"lost_packets":	12981,
				"packets":	47398,
				"lost_percent":	27.387231528756487,
				"omitted":	false,
				"sender":	false
			}
		}, {
			"streams":	[{
					"socket":	5,
					"start":	263.001066,
					"end":	264.001071,
					"seconds":	1.0000050067901611,
					"bytes":	44535224,
					"bits_per_second":	356280008.18076044,
					"jitter_ms":	0.016554817318824064,
					"lost_packets":	12652,
					"packets":	45690,
					"lost_percent":	27.690960822937186,
					"omitted":	false,
					"sender":	false
				}],
			"sum":	{
				"start":	263.001066,
				"end":	264.001071,
				"seconds":	1.0000050067901611,
				"bytes":	44535224,
				"bits_per_second":	356280008.18076044,
				"jitter_ms":	0.016554817318824064,
				"lost_packets":	12652,
				"packets":	45690,
				"lost_percent":	27.690960822937186,
				"omitted":	false,
				"sender":	false
			}
		}, {
			"streams":	[{
					"socket":	5,
					"start":	264.001071,
					"end":	265.001059,
					"seconds":	0.9999880194664,
					"bytes":	45310324,
					"bits_per_second":	362486934.78690171,
					"jitter_ms":	0.0082173168047416333,
					"lost_packets":	12395,
					"packets":	46008,
					"lost_percent":	26.940966788384628,
					"omitted":	false,
					"sender":	false
				}],
			"sum":	{
				"start":	264.001071,
				"end":	265.001059,
				"seconds":	0.9999880194664,
				"bytes":	45310324,
				"bits_per_second":	362486934.78690171,
				"jitter_ms":	0.0082173168047416333,
				"lost_packets":	12395,
				"packets":	46008,
				"lost_percent":	26.940966788384628,
				"omitted":	false,
				"sender":	false
			}
		}, {
			"streams":	[{
					"socket":	5,
					"start":	265.001059,
					"end":	266.001051,
					"seconds":	0.9999920129776,
					"bytes":	45259100,
					"bits_per_second":	362075691.90666169,
					"jitter_ms":	0.0077374763686229,
					"lost_packets":	12791,
					"packets":	46366,
					"lost_percent":	27.587024975197345,
					"omitted":	false,
					"sender":	false
				}],
			"sum":	{
				"start":	265.001059,
				"end":	266.001051,
				"seconds":	0.9999920129776,
				"bytes":	45259100,
				"bits_per_second":	362075691.90666169,
				"jitter_ms":	0.0077374763686229,
				"lost_packets":	12791,
				"packets":	46366,
				"lost_percent":	27.587024975197345,
				"omitted":	false,
				"sender":	false
			}
		}, {
			"streams":	[{
					"socket":	5,
					"start":	266.001051,
					"end":	267.001062,
					"seconds":	1.0000109672546387,
					"bytes":	45420860,
					"bits_per_second":	363362894.9066053,
					"jitter_ms":	0.017477459929814237,
					"lost_packets":	13025,
					"packets":	46720,
					"lost_percent":	27.878852739726028,
					"omitted":	false,
					"sender":	false
				}],
			"sum":	{
				"start":	266.001051,
				"end":	267.001062,
				"seconds":	1.0000109672546387,
				"bytes":	45420860,
				"bits_per_second":	363362894.9066053,
				"jitter_ms":	0.017477459929814237,
				"lost_packets":	13025,
				"packets":	46720,
				"lost_percent":	27.878852739726028,
				"omitted":	false,
				"sender":	false
			}
		}, {
			"streams":	[{
					"socket":	5,
					"start":	267.001062,
					"end":	268.001068,
					"seconds":	1.0000059604644775,
					"bytes":	46330760,
					"bits_per_second":	370643870.79037434,
					"jitter_ms":	0.057404637032499317,
					"lost_packets":	12671,
					"packets":	47041,
					"lost_percent":	26.936077039178588,
					"omitted":	false,
					"sender":	false
				}],
			"sum":	{
				"start":	267.001062,
				"end":	268.001068,
				"seconds":	1.0000059604644775,
				"bytes":	46330760,
				"bits_per_second":	370643870.79037434,
				"jitter_ms":	0.057404637032499317,
				"lost_packets":	12671,
				"packets":	47041,
				"lost_percent":	26.936077039178588,
				"omitted":	false,
				"sender":	false
			}
		}, {
			"streams":	[{
					"socket":	5,
					"start":	268.001068,
					"end":	269.001072,
					"seconds":	1.0000040531158447,
					"bytes":	44424688,
					"bits_per_second":	355396063.5385837,
					"jitter_ms":	0.00869949738650921,
					"lost_packets":	12376,
					"packets":	45332,
					"lost_percent":	27.300802964793082,
					"omitted":	false,
					"sender":	false
				}],
			"sum":	{
				"start":	268.001068,
				"end":	269.001072,
				"seconds":	1.0000040531158447,
				"bytes":	44424688,
				"bits_per_second":	355396063.5385837,
				"jitter_ms":	0.00869949738650921,
				"lost_packets":	12376,
				"packets":	45332,
				"lost_percent":	27.300802964793082,
				"omitted":	false,
				"sender":	false
			}
		}, {
			"streams":	[{
					"socket":	5,
					"start":	269.001072,
					"end":	270.001067,
					"seconds":	0.999994993209839,
					"bytes":	45408728,
					"bits_per_second":	363271642.8248871,
					"jitter_ms":	0.054493909128307275,
					"lost_packets":	12832,
					"packets":	46518,
					"lost_percent":	27.585020852143256,
					"omitted":	false,
					"sender":	false
				}],
			"sum":	{
				"start":	269.001072,
				"end":	270.001067,
				"seconds":	0.999994993209839,
				"bytes":	45408728,
				"bits_per_second":	363271642.8248871,
				"jitter_ms":	0.054493909128307275,
				"lost_packets":	12832,
				"packets":	46518,
				"lost_percent":	27.585020852143256,
				"omitted":	false,
				"sender":	false
			}
		}, {
			"streams":	[{
					"socket":	5,
					"start":	270.001067,
					"end":	271.001058,
					"seconds":	0.999990999698639,
					"bytes":	45217312,
					"bits_per_second":	361741751.784781,
					"jitter_ms":	0.014341294979591772,
					"lost_packets":	12480,
					"packets":	46024,
					"lost_percent":	27.116287154528074,
					"omitted":	false,
					"sender":	false
				}],
			"sum":	{
				"start":	270.001067,
				"end":	271.001058,
				"seconds":	0.999990999698639,
				"bytes":	45217312,
				"bits_per_second":	361741751.784781,
				"jitter_ms":	0.014341294979591772,
				"lost_packets":	12480,
				"packets":	46024,
				"lost_percent":	27.116287154528074,
				"omitted":	false,
				"sender":	false
			}
		}, {
			"streams":	[{
					"socket":	5,
					"start":	271.001058,
					"end":	272.001059,
					"seconds":	1.0000009536743164,
					"bytes":	45600144,
					"bits_per_second":	364800804.0988425,
					"jitter_ms":	0.015728931532570548,
					"lost_packets":	12717,
					"packets":	46545,
					"lost_percent":	27.32194650338382,
					"omitted":	false,
					"sender":	false
				}],
			"sum":	{
				"start":	271.001058,
				"end":	272.001059,
				"seconds":	1.0000009536743164,
				"bytes":	45600144,
				"bits_per_second":	364800804.0988425,
				"jitter_ms":	0.015728931532570548,
				"lost_packets":	12717,
				"packets":	46545,
				"lost_percent":	27.32194650338382,
				"omitted":	false,
				"sender":	false
			}
		}, {
			"streams":	[{
					"socket":	5,
					"start":	272.001059,
					"end":	273.001062,
					"seconds":	1.0000029802322388,
					"bytes":	45284712,
					"bits_per_second":	362276616.33154863,
					"jitter_ms":	0.0081413588594244149,
					"lost_packets":	12780,
					"packets":	46374,
					"lost_percent":	27.5585457368353,
					"omitted":	false,
					"sender":	false
				}],
			"sum":	{
				"start":	272.001059,
				"end":	273.001062,
				"seconds":	1.0000029802322388,
				"bytes":	45284712,
				"bits_per_second":	362276616.33154863,
				"jitter_ms":	0.0081413588594244149,
				"lost_packets":	12780,
				"packets":	46374,
				"lost_percent":	27.5585457368353,
				"omitted":	false,
				"sender":	false
			}
		}, {
			"streams":	[{
					"socket":	5,
					"start":	273.001062,
					"end":	274.001064,
					"seconds":	1.0000020265579224,
					"bytes":	45358852,
					"bits_per_second":	362870080.62276334,
					"jitter_ms":	0.0050329870088649644,
					"lost_packets":	12820,
					"packets":	46469,
					"lost_percent":	27.588284662893543,
					"omitted":	false,
					"sender":	false
				}],
			"sum":	{
				"start":	273.001062,
				"end":	274.001064,
				"seconds":	1.0000020265579224,
				"bytes":	45358852,
				"bits_per_second":	362870080.62276334,
				"jitter_ms":	0.0050329870088649644,
				"lost_packets":	12820,
				"packets":	46469,
				"lost_percent":	27.588284662893543,
				"omitted":	false,
				"sender":	false
			}
		}, {
			"streams":	[{
					"socket":	5,
					"start":	274.001064,
					"end":	275.001084,
					"seconds":	1.0000200271606445,
					"bytes":	46824128,
					"bits_per_second":	374585522.11557347,
					"jitter_ms":	0.0053784953818092982,
					"lost_packets":	13159,
					"packets":	47895,
					"lost_percent":	27.474684205031842,
					"omitted":	false,
					"sender":	false
				}],
			"sum":	{
				"start":	274.001064,
				"end":	275.001084,
				"seconds":	1.0000200271606445,
				"bytes":	46824128,
				"bits_per_second":	374585522.11557347,
				"jitter_ms":	0.0053784953818092982,
				"lost_packets":	13159,
				"packets":	47895,
				"lost_percent":	27.474684205031842,
				"omitted":	false,
				"sender":	false
			}
		}, {
			"streams":	[{
					"socket":	5,
					"start":	275.001084,
					"end":	276.001047,
					"seconds":	0.99996298551559448,
					"bytes":	45370984,
					"bits_per_second":	362981307.56594837,
					"jitter_ms":	0.0073526657542779886,
					"lost_packets":	12792,
					"packets":	46450,
					"lost_percent":	27.539289558665232,
					"omitted":	false,
					"sender":	false
				}],
			"sum":	{
				"start":	275.001084,
				"end":	276.001047,
				"seconds":	0.99996298551559448,
				"bytes":	45370984,
				"bits_per_second":	362981307.56594837,
				"jitter_ms":	0.0073526657542779886,
				"lost_packets":	12792,
				"packets":	46450,
				"lost_percent":	27.539289558665232,
				"omitted":	false,
				"sender":	false
			}
		}, {
			"streams":	[{
					"socket":	5,
					"start":	276.001047,
					"end":	277.001062,
					"seconds":	1.0000150203704834,
					"bytes":	44005460,
					"bits_per_second":	352038392.252924,
					"jitter_ms":	0.00846613556307447,
					"lost_packets":	12000,
					"packets":	44645,
					"lost_percent":	26.878709821928549,
					"omitted":	false,
					"sender":	false
				}],
			"sum":	{
				"start":	276.001047,
				"end":	277.001062,
				"seconds":	1.0000150203704834,
				"bytes":	44005460,
				"bits_per_second":	352038392.252924,
				"jitter_ms":	0.00846613556307447,
				"lost_packets":	12000,
				"packets":	44645,
				"lost_percent":	26.878709821928549,
				"omitted":	false,
				"sender":	false
			}
		}, {
			"streams":	[{
					"socket":	5,
					"start":	277.001062,
					"end":	278.001048,
					"seconds":	0.99998599290847778,
					"bytes":	45372332,
					"bits_per_second":	362983740.346472,
					"jitter_ms":	0.0089406824408107544,
					"lost_packets":	12710,
					"packets":	46369,
					"lost_percent":	27.410554465267744,
					"omitted":	false,
					"sender":	false
				}],
			"sum":	{
				"start":	277.001062,
				"end":	278.001048,
				"seconds":	0.99998599290847778,
				"bytes":	45372332,
				"bits_per_second":	362983740.346472,
				"jitter_ms":	0.0089406824408107544,
				"lost_packets":	12710,
				"packets":	46369,
				"lost_percent":	27.410554465267744,
				"omitted":	false,
				"sender":	false
			}
		}, {
			"streams":	[{
					"socket":	5,
					"start":	278.001048,
					"end":	279.001061,
					"seconds":	1.000012993812561,
					"bytes":	45470736,
					"bits_per_second":	363761161.35565233,
					"jitter_ms":	0.0092317971306492934,
					"lost_packets":	12632,
					"packets":	46364,
					"lost_percent":	27.245276507635236,
					"omitted":	false,
					"sender":	false
				}],
			"sum":	{
				"start":	278.001048,
				"end":	279.001061,
				"seconds":	1.000012993812561,
				"bytes":	45470736,
				"bits_per_second":	363761161.35565233,
				"jitter_ms":	0.0092317971306492934,
				"lost_packets":	12632,
				"packets":	46364,
				"lost_percent":	27.245276507635236,
				"omitted":	false,
				"sender":	false
			}
		}, {
			"streams":	[{
					"socket":	5,
					"start":	279.001061,
					"end":	280.00106,
					"seconds":	0.99999898672103882,
					"bytes":	45383116,
					"bits_per_second":	363065295.88642585,
					"jitter_ms":	0.008655480964062,
					"lost_packets":	12695,
					"packets":	46362,
					"lost_percent":	27.382338984513179,
					"omitted":	false,
					"sender":	false
				}],
			"sum":	{
				"start":	279.001061,
				"end":	280.00106,
				"seconds":	0.99999898672103882,
				"bytes":	45383116,
				"bits_per_second":	363065295.88642585,
				"jitter_ms":	0.008655480964062,
				"lost_packets":	12695,
				"packets":	46362,
				"lost_percent":	27.382338984513179,
				"omitted":	false,
				"sender":	false
			}
		}, {
			"streams":	[{
					"socket":	5,
					"start":	280.00106,
					"end":	281.001067,
					"seconds":	1.0000070333480835,
					"bytes":	45384464,
					"bits_per_second":	363073158.38009733,
					"jitter_ms":	0.01282076283853455,
					"lost_packets":	12690,
					"packets":	46358,
					"lost_percent":	27.37391604469563,
					"omitted":	false,
					"sender":	false
				}],
			"sum":	{
				"start":	280.00106,
				"end":	281.001067,
				"seconds":	1.0000070333480835,
				"bytes":	45384464,
				"bits_per_second":	363073158.38009733,
				"jitter_ms":	0.01282076283853455,
				"lost_packets":	12690,
				"packets":	46358,
				"lost_percent":	27.37391604469563,
				"omitted":	false,
				"sender":	false
			}
		}, {
			"streams":	[{
					"socket":	5,
					"start":	281.001067,
					"end":	282.001066,
					"seconds":	0.99999898672103882,
					"bytes":	45143172,
					"bits_per_second":	361145741.94138223,
					"jitter_ms":	0.00949420846628295,
					"lost_packets":	12696,
					"packets":	46185,
					"lost_percent":	27.489444624878207,
					"omitted":	false,
					"sender":	false
				}],
			"sum":	{
				"start":	281.001067,
				"end":	282.001066,
				"seconds":	0.99999898672103882,
				"bytes":	45143172,
				"bits_per_second":	361145741.94138223,
				"jitter_ms":	0.00949420846628295,
				"lost_packets":	12696,
				"packets":	46185,
				"lost_percent":	27.489444624878207,
				"omitted":	false,
				"sender":	false
			}
		}, {
			"streams":	[{
					"socket":	5,
					"start":	282.001066,
					"end":	283.001066,
					"seconds":	1,
					"bytes":	45358852,
					"bits_per_second":	362870816,
					"jitter_ms":	0.0360708628594834,
					"lost_packets":	12725,
					"packets":	46374,
					"lost_percent":	27.4399447966533,
					"omitted":	false,
					"sender":	false
				}],
			"sum":	{
				"start":	282.001066,
				"end":	283.001066,
				"seconds":	1,
				"bytes":	45358852,
				"bits_per_second":	362870816,
				"jitter_ms":	0.0360708628594834,
				"lost_packets":	12725,
				"packets":	46374,
				"lost_percent":	27.4399447966533,
				"omitted":	false,
				"sender":	false
			}
		}, {
			"streams":	[{
					"socket":	5,
					"start":	283.001066,
					"end":	284.001066,
					"seconds":	1,
					"bytes":	45600144,
					"bits_per_second":	364801152,
					"jitter_ms":	0.0081533165769922759,
					"lost_packets":	12716,
					"packets":	46544,
					"lost_percent":	27.320385012031625,
					"omitted":	false,
					"sender":	false
				}],
			"sum":	{
				"start":	283.001066,
				"end":	284.001066,
				"seconds":	1,
				"bytes":	45600144,
				"bits_per_second":	364801152,
				"jitter_ms":	0.0081533165769922759,
				"lost_packets":	12716,
				"packets":	46544,
				"lost_percent":	27.320385012031625,
				"omitted":	false,
				"sender":	false
			}
		}, {
			"streams":	[{
					"socket":	5,
					"start":	284.001066,
					"end":	285.001047,
					"seconds":	0.99998098611831665,
					"bytes":	45458604,
					"bits_per_second":	363675746.88762242,
					"jitter_ms":	0.11299084714754422,
					"lost_packets":	12746,
					"packets":	46469,
					"lost_percent":	27.429038713981363,
					"omitted":	false,
					"sender":	false
				}],
			"sum":	{
				"start":	284.001066,
				"end":	285.001047,
				"seconds":	0.99998098611831665,
				"bytes":	45458604,
				"bits_per_second":	363675746.88762242,
				"jitter_ms":	0.11299084714754422,
				"lost_packets":	12746,
				"packets":	46469,
				"lost_percent":	27.429038713981363,
				"omitted":	false,
				"sender":	false
			}
		}, {
			"streams":	[{
					"socket":	5,
					"start":	285.001047,
					"end":	286.001067,
					"seconds":	1.0000200271606445,
					"bytes":	46367156,
					"bits_per_second":	370929819.32892042,
					"jitter_ms":	0.018569734215731593,
					"lost_packets":	12915,
					"packets":	47312,
					"lost_percent":	27.297514372675007,
					"omitted":	false,
					"sender":	false
				}],
			"sum":	{
				"start":	285.001047,
				"end":	286.001067,
				"seconds":	1.0000200271606445,
				"bytes":	46367156,
				"bits_per_second":	370929819.32892042,
				"jitter_ms":	0.018569734215731593,
				"lost_packets":	12915,
				"packets":	47312,
				"lost_percent":	27.297514372675007,
				"omitted":	false,
				"sender":	false
			}
		}, {
			"streams":	[{
					"socket":	5,
					"start":	286.001067,
					"end":	287.001074,
					"seconds":	1.0000070333480835,
					"bytes":	44536572,
					"bits_per_second":	356290070.0879184,
					"jitter_ms":	0.00854844825394751,
					"lost_packets":	12274,
					"packets":	45313,
					"lost_percent":	27.08714938317922,
					"omitted":	false,
					"sender":	false
				}],
			"sum":	{
				"start":	286.001067,
				"end":	287.001074,
				"seconds":	1.0000070333480835,
				"bytes":	44536572,
				"bits_per_second":	356290070.0879184,
				"jitter_ms":	0.00854844825394751,
				"lost_packets":	12274,
				"packets":	45313,
				"lost_percent":	27.08714938317922,
				"omitted":	false,
				"sender":	false
			}
		}, {
			"streams":	[{
					"socket":	5,
					"start":	287.001074,
					"end":	288.001066,
					"seconds":	0.9999920129776,
					"bytes":	46344240,
					"bits_per_second":	370756881.24351543,
					"jitter_ms":	0.030460683092782513,
					"lost_packets":	13017,
					"packets":	47397,
					"lost_percent":	27.4637635293373,
					"omitted":	false,
					"sender":	false
				}],
			"sum":	{
				"start":	287.001074,
				"end":	288.001066,
				"seconds":	0.9999920129776,
				"bytes":	46344240,
				"bits_per_second":	370756881.24351543,
				"jitter_ms":	0.030460683092782513,
				"lost_packets":	13017,
				"packets":	47397,
				"lost_percent":	27.4637635293373,
				"omitted":	false,
				"sender":	false
			}
		}, {
			"streams":	[{
					"socket":	5,
					"start":	288.001066,
					"end":	289.001049,
					"seconds":	0.999983012676239,
					"bytes":	44498828,
					"bits_per_second":	355996671.43071544,
					"jitter_ms":	0.017538507895135252,
					"lost_packets":	12679,
					"packets":	45690,
					"lost_percent":	27.750054716568176,
					"omitted":	false,
					"sender":	false
				}],
			"sum":	{
				"start":	288.001066,
				"end":	289.001049,
				"seconds":	0.999983012676239,
				"bytes":	44498828,
				"bits_per_second":	355996671.43071544,
				"jitter_ms":	0.017538507895135252,
				"lost_packets":	12679,
				"packets":	45690,
				"lost_percent":	27.750054716568176,
				"omitted":	false,
				"sender":	false
			}
		}, {
			"streams":	[{
					"socket":	5,
					"start":	289.001049,
					"end":	290.000907,
					"seconds":	0.999858021736145,
					"bytes":	45395248,
					"bits_per_second":	363213552.42958254,
					"jitter_ms":	0.057581380469081,
					"lost_packets":	12437,
					"packets":	46113,
					"lost_percent":	26.970702404961724,
					"omitted":	false,
					"sender":	false
				}],
			"sum":	{
				"start":	289.001049,
				"end":	290.000907,
				"seconds":	0.999858021736145,
				"bytes":	45395248,
				"bits_per_second":	363213552.42958254,
				"jitter_ms":	0.057581380469081,
				"lost_packets":	12437,
				"packets":	46113,
				"lost_percent":	26.970702404961724,
				"omitted":	false,
				"sender":	false
			}
		}, {
			"streams":	[{
					"socket":	5,
					"start":	290.000907,
					"end":	291.001062,
					"seconds":	1.000154972076416,
					"bytes":	45422208,
					"bits_per_second":	363321359.33453763,
					"jitter_ms":	0.016547941449552919,
					"lost_packets":	12922,
					"packets":	46618,
					"lost_percent":	27.718906860011156,
					"omitted":	false,
					"sender":	false
				}],
			"sum":	{
				"start":	290.000907,
				"end":	291.001062,
				"seconds":	1.000154972076416,
				"bytes":	45422208,
				"bits_per_second":	363321359.33453763,
				"jitter_ms":	0.016547941449552919,
				"lost_packets":	12922,
				"packets":	46618,
				"lost_percent":	27.718906860011156,
				"omitted":	false,
				"sender":	false
			}
		}, {
			"streams":	[{
					"socket":	5,
					"start":	291.001062,
					"end":	292.001066,
					"seconds":	1.0000040531158447,
					"bytes":	45445124,
					"bits_per_second":	363559518.45115525,
					"jitter_ms":	0.0086596455000317752,
					"lost_packets":	12294,
					"packets":	46007,
					"lost_percent":	26.722020562088378,
					"omitted":	false,
					"sender":	false
				}],
			"sum":	{
				"start":	291.001062,
				"end":	292.001066,
				"seconds":	1.0000040531158447,
				"bytes":	45445124,
				"bits_per_second":	363559518.45115525,
				"jitter_ms":	0.0086596455000317752,
				"lost_packets":	12294,
				"packets":	46007,
				"lost_percent":	26.722020562088378,
				"omitted":	false,
				"sender":	false
			}
		}, {
			"streams":	[{
					"socket":	5,
					"start":	292.001066,
					"end":	293.001068,
					"seconds":	1.0000020265579224,
					"bytes":	45472084,
					"bits_per_second":	363775934.78699738,
					"jitter_ms":	0.0082148434126686435,
					"lost_packets":	12633,
					"packets":	46366,
					"lost_percent":	27.246258033904155,
					"omitted":	false,
					"sender":	false
				}],
			"sum":	{
				"start":	292.001066,
				"end":	293.001068,
				"seconds":	1.0000020265579224,
				"bytes":	45472084,
				"bits_per_second":	363775934.78699738,
				"jitter_ms":	0.0082148434126686435,
				"lost_packets":	12633,
				"packets":	46366,
				"lost_percent":	27.246258033904155,
				"omitted":	false,
				"sender":	false
			}
		}, {
			"streams":	[{
					"socket":	5,
					"start":	293.001068,
					"end":	294.001068,
					"seconds":	1,
					"bytes":	45507132,
					"bits_per_second":	364057056,
					"jitter_ms":	0.0087134232261078,
					"lost_packets":	12605,
					"packets":	46364,
					"lost_percent":	27.187041670261408,
					"omitted":	false,
					"sender":	false
				}],
			"sum":	{
				"start":	293.001068,
				"end":	294.001068,
				"seconds":	1,
				"bytes":	45507132,
				"bits_per_second":	364057056,
				"jitter_ms":	0.0087134232261078,
				"lost_packets":	12605,
				"packets":	46364,
				"lost_percent":	27.187041670261408,
				"omitted":	false,
				"sender":	false
			}
		}, {
			"streams":	[{
					"socket":	5,
					"start":	294.001068,
					"end":	295.00136,
					"seconds":	1.00029194355011,
					"bytes":	45396596,
					"bits_per_second":	363066772.99736422,
					"jitter_ms":	0.013721920165125441,
					"lost_packets":	12679,
					"packets":	46356,
					"lost_percent":	27.351367676244713,
					"omitted":	false,
					"sender":	false
				}],
			"sum":	{
				"start":	294.001068,
				"end":	295.00136,
				"seconds":	1.00029194355011,
				"bytes":	45396596,
				"bits_per_second":	363066772.99736422,
				"jitter_ms":	0.013721920165125441,
				"lost_packets":	12679,
				"packets":	46356,
				"lost_percent":	27.351367676244713,
				"omitted":	false,
				"sender":	false
			}
		}, {
			"streams":	[{
					"socket":	5,
					"start":	295.00136,
					"end":	296.00107,
					"seconds":	0.99971002340316772,
					"bytes":	45195744,
					"bits_per_second":	361670828.075899,
					"jitter_ms":	0.037747705710658386,
					"lost_packets":	12819,
					"packets":	46347,
					"lost_percent":	27.658748139038124,
					"omitted":	false,
					"sender":	false
				}],
			"sum":	{
				"start":	295.00136,
				"end":	296.00107,
				"seconds":	0.99971002340316772,
				"bytes":	45195744,
				"bits_per_second":	361670828.075899,
				"jitter_ms":	0.037747705710658386,
				"lost_packets":	12819,
				"packets":	46347,
				"lost_percent":	27.658748139038124,
				"omitted":	false,
				"sender":	false
			}
		}, {
			"streams":	[{
					"socket":	5,
					"start":	296.00107,
					"end":	297.001063,
					"seconds":	0.99999302625656128,
					"bytes":	45294148,
					"bits_per_second":	362355710.97576189,
					"jitter_ms":	0.0061226016307569017,
					"lost_packets":	12613,
					"packets":	46214,
					"lost_percent":	27.292595317436273,
					"omitted":	false,
					"sender":	false
				}],
			"sum":	{
				"start":	296.00107,
				"end":	297.001063,
				"seconds":	0.99999302625656128,
				"bytes":	45294148,
				"bits_per_second":	362355710.97576189,
				"jitter_ms":	0.0061226016307569017,
				"lost_packets":	12613,
				"packets":	46214,
				"lost_percent":	27.292595317436273,
				"omitted":	false,
				"sender":	false
			}
		}, {
			"streams":	[{
					"socket":	5,
					"start":	297.001063,
					"end":	298.00105,
					"seconds":	0.999987006187439,
					"bytes":	45650020,
					"bits_per_second":	365204905.40408719,
					"jitter_ms":	0.057697966721267251,
					"lost_packets":	12783,
					"packets":	46648,
					"lost_percent":	27.403104098782372,
					"omitted":	false,
					"sender":	false
				}],
			"sum":	{
				"start":	297.001063,
				"end":	298.00105,
				"seconds":	0.999987006187439,
				"bytes":	45650020,
				"bits_per_second":	365204905.40408719,
				"jitter_ms":	0.057697966721267251,
				"lost_packets":	12783,
				"packets":	46648,
				"lost_percent":	27.403104098782372,
				"omitted":	false,
				"sender":	false
			}
		}, {
			"streams":	[{
					"socket":	5,
					"start":	298.00105,
					"end":	299.000771,
					"seconds":	0.9997209906578064,
					"bytes":	46342892,
					"bits_per_second":	370846605.667502,
					"jitter_ms":	0.023391714268940017,
					"lost_packets":	12912,
					"packets":	47291,
					"lost_percent":	27.303292381214185,
					"omitted":	false,
					"sender":	false
				}],
			"sum":	{
				"start":	298.00105,
				"end":	299.000771,
				"seconds":	0.9997209906578064,
				"bytes":	46342892,
				"bits_per_second":	370846605.667502,
				"jitter_ms":	0.023391714268940017,
				"lost_packets":	12912,
				"packets":	47291,
				"lost_percent":	27.303292381214185,
				"omitted":	false,
				"sender":	false
			}
		}, {
			"streams":	[{
					"socket":	5,
					"start":	299.000771,
					"end":	300.001072,
					"seconds":	1.0003010034561157,
					"bytes":	44524440,
					"bits_per_second":	356088336.18012726,
					"jitter_ms":	0.0087187043611212534,
					"lost_packets":	12307,
					"packets":	45337,
					"lost_percent":	27.145598517766945,
					"omitted":	false,
					"sender":	false
				}],
			"sum":	{
				"start":	299.000771,
				"end":	300.001072,
				"seconds":	1.0003010034561157,
				"bytes":	44524440,
				"bits_per_second":	356088336.18012726,
				"jitter_ms":	0.0087187043611212534,
				"lost_packets":	12307,
				"packets":	45337,
				"lost_percent":	27.145598517766945,
				"omitted":	false,
				"sender":	false
			}
		}, {
			"streams":	[{
					"socket":	5,
					"start":	300.001072,
					"end":	301.001472,
					"seconds":	1.0003999471664429,
					"bytes":	45395248,
					"bits_per_second":	363016796.46088427,
					"jitter_ms":	0.10648333358597374,
					"lost_packets":	13045,
					"packets":	46721,
					"lost_percent":	27.921063333404678,
					"omitted":	false,
					"sender":	false
				}],
			"sum":	{
				"start":	300.001072,
				"end":	301.001472,
				"seconds":	1.0003999471664429,
				"bytes":	45395248,
				"bits_per_second":	363016796.46088427,
				"jitter_ms":	0.10648333358597374,
				"lost_packets":	13045,
				"packets":	46721,
				"lost_percent":	27.921063333404678,
				"omitted":	false,
				"sender":	false
			}
		}, {
			"streams":	[{
					"socket":	5,
					"start":	301.001472,
					"end":	302.001064,
					"seconds":	0.99959200620651245,
					"bytes":	45496348,
					"bits_per_second":	364119342.431801,
					"jitter_ms":	0.017778258531832906,
					"lost_packets":	12614,
					"packets":	46365,
					"lost_percent":	27.205866494122724,
					"omitted":	false,
					"sender":	false
				}],
			"sum":	{
				"start":	301.001472,
				"end":	302.001064,
				"seconds":	0.99959200620651245,
				"bytes":	45496348,
				"bits_per_second":	364119342.431801,
				"jitter_ms":	0.017778258531832906,
				"lost_packets":	12614,
				"packets":	46365,
				"lost_percent":	27.205866494122724,
				"omitted":	false,
				"sender":	false
			}
		}, {
			"streams":	[{
					"socket":	5,
					"start":	302.001064,
					"end":	303.001069,
					"seconds":	1.0000050067901611,
					"bytes":	45420860,
					"bits_per_second":	363365060.70738918,
					"jitter_ms":	0.0085604961957013,
					"lost_packets":	12311,
					"packets":	46006,
					"lost_percent":	26.759553101769335,
					"omitted":	false,
					"sender":	false
				}],
			"sum":	{
				"start":	302.001064,
				"end":	303.001069,
				"seconds":	1.0000050067901611,
				"bytes":	45420860,
				"bits_per_second":	363365060.70738918,
				"jitter_ms":	0.0085604961957013,
				"lost_packets":	12311,
				"packets":	46006,
				"lost_percent":	26.759553101769335,
				"omitted":	false,
				"sender":	false
			}
		}, {
			"streams":	[{
					"socket":	5,
					"start":	303.001069,
					"end":	304.001063,
					"seconds":	0.99999397993087769,
					"bytes":	45408728,
					"bits_per_second":	363272010.922616,
					"jitter_ms":	0.018454380298442315,
					"lost_packets":	13035,
					"packets":	46721,
					"lost_percent":	27.899659681941738,
					"omitted":	false,
					"sender":	false
				}],
			"sum":	{
				"start":	303.001069,
				"end":	304.001063,
				"seconds":	0.99999397993087769,
				"bytes":	45408728,
				"bits_per_second":	363272010.922616,
				"jitter_ms":	0.018454380298442315,
				"lost_packets":	13035,
				"packets":	46721,
				"lost_percent":	27.899659681941738,
				"omitted":	false,
				"sender":	false
			}
		}, {
			"streams":	[{
					"socket":	5,
					"start":	304.001063,
					"end":	305.001069,
					"seconds":	1.0000059604644775,
					"bytes":	45384464,
					"bits_per_second":	363073547.913015,
					"jitter_ms":	0.0080432444801721362,
					"lost_packets":	12342,
					"packets":	46010,
					"lost_percent":	26.824603347098456,
					"omitted":	false,
					"sender":	false
				}],
			"sum":	{
				"start":	304.001063,
				"end":	305.001069,
				"seconds":	1.0000059604644775,
				"bytes":	45384464,
				"bits_per_second":	363073547.913015,
				"jitter_ms":	0.0080432444801721362,
				"lost_packets":	12342,
				"packets":	46010,
				"lost_percent":	26.824603347098456,
				"omitted":	false,
				"sender":	false
			}
		}, {
			"streams":	[{
					"socket":	5,
					"start":	305.001069,
					"end":	306.001071,
					"seconds":	1.0000020265579224,
					"bytes":	45408728,
					"bits_per_second":	363269087.81415212,
					"jitter_ms":	0.0079179797303711545,
					"lost_packets":	12680,
					"packets":	46366,
					"lost_percent":	27.347625415174914,
					"omitted":	false,
					"sender":	false
				}],
			"sum":	{
				"start":	305.001069,
				"end":	306.001071,
				"seconds":	1.0000020265579224,
				"bytes":	45408728,
				"bits_per_second":	363269087.81415212,
				"jitter_ms":	0.0079179797303711545,
				"lost_packets":	12680,
				"packets":	46366,
				"lost_percent":	27.347625415174914,
				"omitted":	false,
				"sender":	false
			}
		}, {
			"streams":	[{
					"socket":	5,
					"start":	306.001071,
					"end":	307.000092,
					"seconds":	0.99902099370956421,
					"bytes":	45396596,
					"bits_per_second":	363528664.8496415,
					"jitter_ms":	0.0081212259663495535,
					"lost_packets":	12687,
					"packets":	46364,
					"lost_percent":	27.363903028211542,
					"omitted":	false,
					"sender":	false
				}],
			"sum":	{
				"start":	306.001071,
				"end":	307.000092,
				"seconds":	0.99902099370956421,
				"bytes":	45396596,
				"bits_per_second":	363528664.8496415,
				"jitter_ms":	0.0081212259663495535,
				"lost_packets":	12687,
				"packets":	46364,
				"lost_percent":	27.363903028211542,
				"omitted":	false,
				"sender":	false
			}
		}, {
			"streams":	[{
					"socket":	5,
					"start":	307.000092,
					"end":	308.001068,
					"seconds":	1.0009759664535522,
					"bytes":	45458604,
					"bits_per_second":	363314249.48040962,
					"jitter_ms":	0.035084782279634547,
					"lost_packets":	12642,
					"packets":	46365,
					"lost_percent":	27.2662568747978,
					"omitted":	false,
					"sender":	false
				}],
			"sum":	{
				"start":	307.000092,
				"end":	308.001068,
				"seconds":	1.0009759664535522,
				"bytes":	45458604,
				"bits_per_second":	363314249.48040962,
				"jitter_ms":	0.035084782279634547,
				"lost_packets":	12642,
				"packets":	46365,
				"lost_percent":	27.2662568747978,
				"omitted":	false,
				"sender":	false
			}
		}, {
			"streams":	[{
					"socket":	5,
					"start":	308.001068,
					"end":	309.001051,
					"seconds":	0.999983012676239,
					"bytes":	45432992,
					"bits_per_second":	363470110.38444257,
					"jitter_ms":	0.00865770344669598,
					"lost_packets":	12660,
					"packets":	46364,
					"lost_percent":	27.305668190837718,
					"omitted":	false,
					"sender":	false
				}],
			"sum":	{
				"start":	308.001068,
				"end":	309.001051,
				"seconds":	0.999983012676239,
				"bytes":	45432992,
				"bits_per_second":	363470110.38444257,
				"jitter_ms":	0.00865770344669598,
				"lost_packets":	12660,
				"packets":	46364,
				"lost_percent":	27.305668190837718,
				"omitted":	false,
				"sender":	false
			}
		}, {
			"streams":	[{
					"socket":	5,
					"start":	309.001051,
					"end":	310.001063,
					"seconds":	1.0000120401382446,
					"bytes":	45420860,
					"bits_per_second":	363362505.06520611,
					"jitter_ms":	0.0057370973065527051,
					"lost_packets":	12820,
					"packets":	46515,
					"lost_percent":	27.561001827367516,
					"omitted":	false,
					"sender":	false
				}],
			"sum":	{
				"start":	309.001051,
				"end":	310.001063,
				"seconds":	1.0000120401382446,
				"bytes":	45420860,
				"bits_per_second":	363362505.06520611,
				"jitter_ms":	0.0057370973065527051,
				"lost_packets":	12820,
				"packets":	46515,
				"lost_percent":	27.561001827367516,
				"omitted":	false,
				"sender":	false
			}
		}, {
			"streams":	[{
					"socket":	5,
					"start":	310.001063,
					"end":	311.001064,
					"seconds":	1.0000009536743164,
					"bytes":	45434340,
					"bits_per_second":	363474373.36382544,
					"jitter_ms":	0.0543180792936286,
					"lost_packets":	12662,
					"packets":	46367,
					"lost_percent":	27.308214894213556,
					"omitted":	false,
					"sender":	false
				}],
			"sum":	{
				"start":	310.001063,
				"end":	311.001064,
				"seconds":	1.0000009536743164,
				"bytes":	45434340,
				"bits_per_second":	363474373.36382544,
				"jitter_ms":	0.0543180792936286,
				"lost_packets":	12662,
				"packets":	46367,
				"lost_percent":	27.308214894213556,
				"omitted":	false,
				"sender":	false
			}
		}, {
			"streams":	[{
					"socket":	5,
					"start":	311.001064,
					"end":	312.001057,
					"seconds":	0.99999302625656128,
					"bytes":	45131040,
					"bits_per_second":	361050837.87591165,
					"jitter_ms":	0.01344944750092582,
					"lost_packets":	12546,
					"packets":	46026,
					"lost_percent":	27.258506061791163,
					"omitted":	false,
					"sender":	false
				}],
			"sum":	{
				"start":	311.001064,
				"end":	312.001057,
				"seconds":	0.99999302625656128,
				"bytes":	45131040,
				"bits_per_second":	361050837.87591165,
				"jitter_ms":	0.01344944750092582,
				"lost_packets":	12546,
				"packets":	46026,
				"lost_percent":	27.258506061791163,
				"omitted":	false,
				"sender":	false
			}
		}, {
			"streams":	[{
					"socket":	5,
					"start":	312.001057,
					"end":	313.001076,
					"seconds":	1.0000189542770386,
					"bytes":	45660804,
					"bits_per_second":	365279508.39100146,
					"jitter_ms":	0.013466329590748732,
					"lost_packets":	12670,
					"packets":	46543,
					"lost_percent":	27.222138667468791,
					"omitted":	false,
					"sender":	false
				}],
			"sum":	{
				"start":	312.001057,
				"end":	313.001076,
				"seconds":	1.0000189542770386,
				"bytes":	45660804,
				"bits_per_second":	365279508.39100146,
				"jitter_ms":	0.013466329590748732,
				"lost_packets":	12670,
				"packets":	46543,
				"lost_percent":	27.222138667468791,
				"omitted":	false,
				"sender":	false
			}
		}, {
			"streams":	[{
					"socket":	5,
					"start":	313.001076,
					"end":	314.001174,
					"seconds":	1.0000979900360107,
					"bytes":	45408728,
					"bits_per_second":	363234230.66465682,
					"jitter_ms":	0.00527315833228463,
					"lost_packets":	12792,
					"packets":	46478,
					"lost_percent":	27.522698911312879,
					"omitted":	false,
					"sender":	false
				}],
			"sum":	{
				"start":	313.001076,
				"end":	314.001174,
				"seconds":	1.0000979900360107,
				"bytes":	45408728,
				"bits_per_second":	363234230.66465682,
				"jitter_ms":	0.00527315833228463,
				"lost_packets":	12792,
				"packets":	46478,
				"lost_percent":	27.522698911312879,
				"omitted":	false,
				"sender":	false
			}
		}, {
			"streams":	[{
					"socket":	5,
					"start":	314.001174,
					"end":	315.001046,
					"seconds":	0.99987202882766724,
					"bytes":	45508480,
					"bits_per_second":	364114436.15125757,
					"jitter_ms":	0.078716980896780531,
					"lost_packets":	12605,
					"packets":	46365,
					"lost_percent":	27.186455300334305,
					"omitted":	false,
					"sender":	false
				}],
			"sum":	{
				"start":	314.001174,
				"end":	315.001046,
				"seconds":	0.99987202882766724,
				"bytes":	45508480,
				"bits_per_second":	364114436.15125757,
				"jitter_ms":	0.078716980896780531,
				"lost_packets":	12605,
				"packets":	46365,
				"lost_percent":	27.186455300334305,
				"omitted":	false,
				"sender":	false
			}
		}, {
			"streams":	[{
					"socket":	5,
					"start":	315.001046,
					"end":	316.001064,
					"seconds":	1.0000180006027222,
					"bytes":	46293016,
					"bits_per_second":	370337461.70247877,
					"jitter_ms":	0.0056745722357281958,
					"lost_packets":	12950,
					"packets":	47292,
					"lost_percent":	27.383066903493191,
					"omitted":	false,
					"sender":	false
				}],
			"sum":	{
				"start":	315.001046,
				"end":	316.001064,
				"seconds":	1.0000180006027222,
				"bytes":	46293016,
				"bits_per_second":	370337461.70247877,
				"jitter_ms":	0.0056745722357281958,
				"lost_packets":	12950,
				"packets":	47292,
				"lost_percent":	27.383066903493191,
				"omitted":	false,
				"sender":	false
			}
		}, {
			"streams":	[{
					"socket":	5,
					"start":	316.001064,
					"end":	317.001063,
					"seconds":	0.99999898672103882,
					"bytes":	44474564,
					"bits_per_second":	355796872.52148539,
					"jitter_ms":	0.017372865655169815,
					"lost_packets":	12698,
					"packets":	45691,
					"lost_percent":	27.791031056444375,
					"omitted":	false,
					"sender":	false
				}],
			"sum":	{
				"start":	316.001064,
				"end":	317.001063,
				"seconds":	0.99999898672103882,
				"bytes":	44474564,
				"bits_per_second":	355796872.52148539,
				"jitter_ms":	0.017372865655169815,
				"lost_packets":	12698,
				"packets":	45691,
				"lost_percent":	27.791031056444375,
				"omitted":	false,
				"sender":	false
			}
		}, {
			"streams":	[{
					"socket":	5,
					"start":	317.001063,
					"end":	318.00105,
					"seconds":	0.999987006187439,
					"bytes":	45308976,
					"bits_per_second":	362476517.951932,
					"jitter_ms":	0.089645679294801328,
					"lost_packets":	12746,
					"packets":	46358,
					"lost_percent":	27.494715043789636,
					"omitted":	false,
					"sender":	false
				}],
			"sum":	{
				"start":	317.001063,
				"end":	318.00105,
				"seconds":	0.999987006187439,
				"bytes":	45308976,
				"bits_per_second":	362476517.951932,
				"jitter_ms":	0.089645679294801328,
				"lost_packets":	12746,
				"packets":	46358,
				"lost_percent":	27.494715043789636,
				"omitted":	false,
				"sender":	false
			}
		}, {
			"streams":	[{
					"socket":	5,
					"start":	318.00105,
					"end":	319.001068,
					"seconds":	1.0000180006027222,
					"bytes":	45420860,
					"bits_per_second":	363360339.29488736,
					"jitter_ms":	0.00893905162523233,
					"lost_packets":	12319,
					"packets":	46014,
					"lost_percent":	26.772286695353589,
					"omitted":	false,
					"sender":	false
				}],
			"sum":	{
				"start":	318.00105,
				"end":	319.001068,
				"seconds":	1.0000180006027222,
				"bytes":	45420860,
				"bits_per_second":	363360339.29488736,
				"jitter_ms":	0.00893905162523233,
				"lost_packets":	12319,
				"packets":	46014,
				"lost_percent":	26.772286695353589,
				"omitted":	false,
				"sender":	false
			}
		}, {
			"streams":	[{
					"socket":	5,
					"start":	319.001068,
					"end":	320.001049,
					"seconds":	0.99998098611831665,
					"bytes":	45384464,
					"bits_per_second":	363082615.60989451,
					"jitter_ms":	0.017375586666534128,
					"lost_packets":	13055,
					"packets":	46723,
					"lost_percent":	27.941270894420306,
					"omitted":	false,
					"sender":	false
				}],
			"sum":	{
				"start":	319.001068,
				"end":	320.001049,
				"seconds":	0.99998098611831665,
				"bytes":	45384464,
				"bits_per_second":	363082615.60989451,
				"jitter_ms":	0.017375586666534128,
				"lost_packets":	13055,
				"packets":	46723,
				"lost_percent":	27.941270894420306,
				"omitted":	false,
				"sender":	false
			}
		}, {
			"streams":	[{
					"socket":	5,
					"start":	320.001049,
					"end":	321.001066,
					"seconds":	1.0000170469284058,
					"bytes":	45446472,
					"bits_per_second":	363565578.32361549,
					"jitter_ms":	0.0088886174606156929,
					"lost_packets":	12297,
					"packets":	46011,
					"lost_percent":	26.726217643606965,
					"omitted":	false,
					"sender":	false
				}],
			"sum":	{
				"start":	320.001049,
				"end":	321.001066,
				"seconds":	1.0000170469284058,
				"bytes":	45446472,
				"bits_per_second":	363565578.32361549,
				"jitter_ms":	0.0088886174606156929,
				"lost_packets":	12297,
				"packets":	46011,
				"lost_percent":	26.726217643606965,
				"omitted":	false,
				"sender":	false
			}
		}, {
			"streams":	[{
					"socket":	5,
					"start":	321.001066,
					"end":	322.00107,
					"seconds":	1.0000040531158447,
					"bytes":	45333240,
					"bits_per_second":	362664450.078971,
					"jitter_ms":	0.00852793174457888,
					"lost_packets":	12732,
					"packets":	46362,
					"lost_percent":	27.462145722790215,
					"omitted":	false,
					"sender":	false
				}],
			"sum":	{
				"start":	321.001066,
				"end":	322.00107,
				"seconds":	1.0000040531158447,
				"bytes":	45333240,
				"bits_per_second":	362664450.078971,
				"jitter_ms":	0.00852793174457888,
				"lost_packets":	12732,
				"packets":	46362,
				"lost_percent":	27.462145722790215,
				"omitted":	false,
				"sender":	false
			}
		}, {
			"streams":	[{
					"socket":	5,
					"start":	322.00107,
					"end":	323.001062,
					"seconds":	0.9999920129776,
					"bytes":	45434340,
					"bits_per_second":	363477623.1039176,
					"jitter_ms":	0.008921294378532,
					"lost_packets":	12660,
					"packets":	46365,
					"lost_percent":	27.305079262374637,
					"omitted":	false,
					"sender":	false
				}],
			"sum":	{
				"start":	322.00107,
				"end":	323.001062,
				"seconds":	0.9999920129776,
				"bytes":	45434340,
				"bits_per_second":	363477623.1039176,
				"jitter_ms":	0.008921294378532,
				"lost_packets":	12660,
				"packets":	46365,
				"lost_percent":	27.305079262374637,
				"omitted":	false,
				"sender":	false
			}
		}, {
			"streams":	[{
					"socket":	5,
					"start":	323.001062,
					"end":	324.00105,
					"seconds":	0.9999880194664,
					"bytes":	45370984,
					"bits_per_second":	362972220.60088474,
					"jitter_ms":	0.00856427271292423,
					"lost_packets":	12707,
					"packets":	46365,
					"lost_percent":	27.406448829936373,
					"omitted":	false,
					"sender":	false
				}],
			"sum":	{
				"start":	323.001062,
				"end":	324.00105,
				"seconds":	0.9999880194664,
				"bytes":	45370984,
				"bits_per_second":	362972220.60088474,
				"jitter_ms":	0.00856427271292423,
				"lost_packets":	12707,
				"packets":	46365,
				"lost_percent":	27.406448829936373,
				"omitted":	false,
				"sender":	false
			}
		}, {
			"streams":	[{
					"socket":	5,
					"start":	324.00105,
					"end":	325.001068,
					"seconds":	1.0000180006027222,
					"bytes":	45408728,
					"bits_per_second":	363263285.04192239,
					"jitter_ms":	0.00534092677133401,
					"lost_packets":	12829,
					"packets":	46515,
					"lost_percent":	27.580350424594219,
					"omitted":	false,
					"sender":	false
				}],
			"sum":	{
				"start":	324.00105,
				"end":	325.001068,
				"seconds":	1.0000180006027222,
				"bytes":	45408728,
				"bits_per_second":	363263285.04192239,
				"jitter_ms":	0.00534092677133401,
				"lost_packets":	12829,
				"packets":	46515,
				"lost_percent":	27.580350424594219,
				"omitted":	false,
				"sender":	false
			}
		}, {
			"streams":	[{
					"socket":	5,
					"start":	325.001068,
					"end":	326.001062,
					"seconds":	0.99999397993087769,
					"bytes":	45319760,
					"bits_per_second":	362560262.637842,
					"jitter_ms":	0.0056629781494596763,
					"lost_packets":	12651,
					"packets":	46271,
					"lost_percent":	27.341099176590088,
					"omitted":	false,
					"sender":	false
				}],
			"sum":	{
				"start":	325.001068,
				"end":	326.001062,
				"seconds":	0.99999397993087769,
				"bytes":	45319760,
				"bits_per_second":	362560262.637842,
				"jitter_ms":	0.0056629781494596763,
				"lost_packets":	12651,
				"packets":	46271,
				"lost_percent":	27.341099176590088,
				"omitted":	false,
				"sender":	false
			}
		}, {
			"streams":	[{
					"socket":	5,
					"start":	326.001062,
					"end":	327.001066,
					"seconds":	1.0000040531158447,
					"bytes":	45282016,
					"bits_per_second":	362254659.7398988,
					"jitter_ms":	0.0748964049837136,
					"lost_packets":	12529,
					"packets":	46121,
					"lost_percent":	27.165499447106523,
					"omitted":	false,
					"sender":	false
				}],
			"sum":	{
				"start":	326.001062,
				"end":	327.001066,
				"seconds":	1.0000040531158447,
				"bytes":	45282016,
				"bits_per_second":	362254659.7398988,
				"jitter_ms":	0.0748964049837136,
				"lost_packets":	12529,
				"packets":	46121,
				"lost_percent":	27.165499447106523,
				"omitted":	false,
				"sender":	false
			}
		}, {
			"streams":	[{
					"socket":	5,
					"start":	327.001066,
					"end":	328.001066,
					"seconds":	1,
					"bytes":	45636540,
					"bits_per_second":	365092320,
					"jitter_ms":	0.013777000561399562,
					"lost_packets":	12688,
					"packets":	46543,
					"lost_percent":	27.2608125819135,
					"omitted":	false,
					"sender":	false
				}],
			"sum":	{
				"start":	327.001066,
				"end":	328.001066,
				"seconds":	1,
				"bytes":	45636540,
				"bits_per_second":	365092320,
				"jitter_ms":	0.013777000561399562,
				"lost_packets":	12688,
				"packets":	46543,
				"lost_percent":	27.2608125819135,
				"omitted":	false,
				"sender":	false
			}
		}, {
			"streams":	[{
					"socket":	5,
					"start":	328.001066,
					"end":	329.001073,
					"seconds":	1.0000070333480835,
					"bytes":	45446472,
					"bits_per_second":	363569218.8911311,
					"jitter_ms":	0.00849239643844228,
					"lost_packets":	12660,
					"packets":	46374,
					"lost_percent":	27.299780049165481,
					"omitted":	false,
					"sender":	false
				}],
			"sum":	{
				"start":	328.001066,
				"end":	329.001073,
				"seconds":	1.0000070333480835,
				"bytes":	45446472,
				"bits_per_second":	363569218.8911311,
				"jitter_ms":	0.00849239643844228,
				"lost_packets":	12660,
				"packets":	46374,
				"lost_percent":	27.299780049165481,
				"omitted":	false,
				"sender":	false
			}
		}, {
			"streams":	[{
					"socket":	5,
					"start":	329.001073,
					"end":	330.001067,
					"seconds":	0.99999397993087769,
					"bytes":	46318628,
					"bits_per_second":	370551254.744167,
					"jitter_ms":	0.0054694379686211951,
					"lost_packets":	13036,
					"packets":	47397,
					"lost_percent":	27.503850454670125,
					"omitted":	false,
					"sender":	false
				}],
			"sum":	{
				"start":	329.001073,
				"end":	330.001067,
				"seconds":	0.99999397993087769,
				"bytes":	46318628,
				"bits_per_second":	370551254.744167,
				"jitter_ms":	0.0054694379686211951,
				"lost_packets":	13036,
				"packets":	47397,
				"lost_percent":	27.503850454670125,
				"omitted":	false,
				"sender":	false
			}
		}, {
			"streams":	[{
					"socket":	5,
					"start":	330.001067,
					"end":	331.001044,
					"seconds":	0.9999769926071167,
					"bytes":	45420860,
					"bits_per_second":	363375240.316918,
					"jitter_ms":	0.096763894135932629,
					"lost_packets":	12671,
					"packets":	46366,
					"lost_percent":	27.32821464003796,
					"omitted":	false,
					"sender":	false
				}],
			"sum":	{
				"start":	330.001067,
				"end":	331.001044,
				"seconds":	0.9999769926071167,
				"bytes":	45420860,
				"bits_per_second":	363375240.316918,
				"jitter_ms":	0.096763894135932629,
				"lost_packets":	12671,
				"packets":	46366,
				"lost_percent":	27.32821464003796,
				"omitted":	false,
				"sender":	false
			}
		}, {
			"streams":	[{
					"socket":	5,
					"start":	331.001044,
					"end":	332.001744,
					"seconds":	1.0006999969482422,
					"bytes":	45408728,
					"bits_per_second":	363015714.10796046,
					"jitter_ms":	0.057475866735504234,
					"lost_packets":	12679,
					"packets":	46365,
					"lost_percent":	27.3460584492613,
					"omitted":	false,
					"sender":	false
				}],
			"sum":	{
				"start":	331.001044,
				"end":	332.001744,
				"seconds":	1.0006999969482422,
				"bytes":	45408728,
				"bits_per_second":	363015714.10796046,
				"jitter_ms":	0.057475866735504234,
				"lost_packets":	12679,
				"packets":	46365,
				"lost_percent":	27.3460584492613,
				"omitted":	false,
				"sender":	false
			}
		}, {
			"streams":	[{
					"socket":	5,
					"start":	332.001744,
					"end":	333.001062,
					"seconds":	0.99931800365448,
					"bytes":	44486696,
					"bits_per_second":	356136451.75860584,
					"jitter_ms":	0.0526198011877846,
					"lost_packets":	12330,
					"packets":	45332,
					"lost_percent":	27.199329392040941,
					"omitted":	false,
					"sender":	false
				}],
			"sum":	{
				"start":	332.001744,
				"end":	333.001062,
				"seconds":	0.99931800365448,
				"bytes":	44486696,
				"bits_per_second":	356136451.75860584,
				"jitter_ms":	0.0526198011877846,
				"lost_packets":	12330,
				"packets":	45332,
				"lost_percent":	27.199329392040941,
				"omitted":	false,
				"sender":	false
			}
		}, {
			"streams":	[{
					"socket":	5,
					"start":	333.001062,
					"end":	334.001051,
					"seconds":	0.99998897314071655,
					"bytes":	45446472,
					"bits_per_second":	363575785.09902114,
					"jitter_ms":	0.016514327375055354,
					"lost_packets":	13009,
					"packets":	46723,
					"lost_percent":	27.8428183121803,
					"omitted":	false,
					"sender":	false
				}],
			"sum":	{
				"start":	333.001062,
				"end":	334.001051,
				"seconds":	0.99998897314071655,
				"bytes":	45446472,
				"bits_per_second":	363575785.09902114,
				"jitter_ms":	0.016514327375055354,
				"lost_packets":	13009,
				"packets":	46723,
				"lost_percent":	27.8428183121803,
				"omitted":	false,
				"sender":	false
			}
		}, {
			"streams":	[{
					"socket":	5,
					"start":	334.001051,
					"end":	335.001069,
					"seconds":	1.0000180006027222,
					"bytes":	45334588,
					"bits_per_second":	362670175.71824771,
					"jitter_ms":	0.0082071646468338966,
					"lost_packets":	12377,
					"packets":	46008,
					"lost_percent":	26.9018431577117,
					"omitted":	false,
					"sender":	false
				}],
			"sum":	{
				"start":	334.001051,
				"end":	335.001069,
				"seconds":	1.0000180006027222,
				"bytes":	45334588,
				"bits_per_second":	362670175.71824771,
				"jitter_ms":	0.0082071646468338966,
				"lost_packets":	12377,
				"packets":	46008,
				"lost_percent":	26.9018431577117,
				"omitted":	false,
				"sender":	false
			}
		}, {
			"streams":	[{
					"socket":	5,
					"start":	335.001069,
					"end":	336.001068,
					"seconds":	0.99999898672103882,
					"bytes":	45432992,
					"bits_per_second":	363464304.29073268,
					"jitter_ms":	0.0086978264044086234,
					"lost_packets":	12660,
					"packets":	46364,
					"lost_percent":	27.305668190837718,
					"omitted":	false,
					"sender":	false
				}],
			"sum":	{
				"start":	335.001069,
				"end":	336.001068,
				"seconds":	0.99999898672103882,
				"bytes":	45432992,
				"bits_per_second":	363464304.29073268,
				"jitter_ms":	0.0086978264044086234,
				"lost_packets":	12660,
				"packets":	46364,
				"lost_percent":	27.305668190837718,
				"omitted":	false,
				"sender":	false
			}
		}, {
			"streams":	[{
					"socket":	5,
					"start":	336.001068,
					"end":	337.001063,
					"seconds":	0.999994993209839,
					"bytes":	45384464,
					"bits_per_second":	363077529.85300422,
					"jitter_ms":	0.00809773963141157,
					"lost_packets":	12699,
					"packets":	46367,
					"lost_percent":	27.38801302650592,
					"omitted":	false,
					"sender":	false
				}],
			"sum":	{
				"start":	336.001068,
				"end":	337.001063,
				"seconds":	0.999994993209839,
				"bytes":	45384464,
				"bits_per_second":	363077529.85300422,
				"jitter_ms":	0.00809773963141157,
				"lost_packets":	12699,
				"packets":	46367,
				"lost_percent":	27.38801302650592,
				"omitted":	false,
				"sender":	false
			}
		}, {
			"streams":	[{
					"socket":	5,
					"start":	337.001063,
					"end":	338.001067,
					"seconds":	1.0000040531158447,
					"bytes":	45470736,
					"bits_per_second":	363764413.62069142,
					"jitter_ms":	0.0087314460488538536,
					"lost_packets":	12634,
					"packets":	46366,
					"lost_percent":	27.24841478669715,
					"omitted":	false,
					"sender":	false
				}],
			"sum":	{
				"start":	337.001063,
				"end":	338.001067,
				"seconds":	1.0000040531158447,
				"bytes":	45470736,
				"bits_per_second":	363764413.62069142,
				"jitter_ms":	0.0087314460488538536,
				"lost_packets":	12634,
				"packets":	46366,
				"lost_percent":	27.24841478669715,
				"omitted":	false,
				"sender":	false
			}
		}, {
			"streams":	[{
					"socket":	5,
					"start":	338.001067,
					"end":	339.001063,
					"seconds":	0.9999960064888,
					"bytes":	45532744,
					"bits_per_second":	364263406.68999434,
					"jitter_ms":	0.054624527167317319,
					"lost_packets":	12652,
					"packets":	46430,
					"lost_percent":	27.249623088520352,
					"omitted":	false,
					"sender":	false
				}],
			"sum":	{
				"start":	338.001067,
				"end":	339.001063,
				"seconds":	0.9999960064888,
				"bytes":	45532744,
				"bits_per_second":	364263406.68999434,
				"jitter_ms":	0.054624527167317319,
				"lost_packets":	12652,
				"packets":	46430,
				"lost_percent":	27.249623088520352,
				"omitted":	false,
				"sender":	false
			}
		}, {
			"streams":	[{
					"socket":	5,
					"start":	339.001063,
					"end":	340.000119,
					"seconds":	0.99905598163604736,
					"bytes":	45230792,
					"bits_per_second":	362188248.35765749,
					"jitter_ms":	0.023529737350269964,
					"lost_packets":	12631,
					"packets":	46185,
					"lost_percent":	27.348706289920969,
					"omitted":	false,
					"sender":	false
				}],
			"sum":	{
				"start":	339.001063,
				"end":	340.000119,
				"seconds":	0.99905598163604736,
				"bytes":	45230792,
				"bits_per_second":	362188248.35765749,
				"jitter_ms":	0.023529737350269964,
				"lost_packets":	12631,
				"packets":	46185,
				"lost_percent":	27.348706289920969,
				"omitted":	false,
				"sender":	false
			}
		}, {
			"streams":	[{
					"socket":	5,
					"start":	340.000119,
					"end":	341.001071,
					"seconds":	1.0009520053863525,
					"bytes":	45612276,
					"bits_per_second":	364551153.33842081,
					"jitter_ms":	0.0088808373508581558,
					"lost_packets":	12643,
					"packets":	46480,
					"lost_percent":	27.200946643717728,
					"omitted":	false,
					"sender":	false
				}],
			"sum":	{
				"start":	340.000119,
				"end":	341.001071,
				"seconds":	1.0009520053863525,
				"bytes":	45612276,
				"bits_per_second":	364551153.33842081,
				"jitter_ms":	0.0088808373508581558,
				"lost_packets":	12643,
				"packets":	46480,
				"lost_percent":	27.200946643717728,
				"omitted":	false,
				"sender":	false
			}
		}, {
			"streams":	[{
					"socket":	5,
					"start":	341.001071,
					"end":	342.001075,
					"seconds":	1.0000040531158447,
					"bytes":	45408728,
					"bits_per_second":	363268351.63128811,
					"jitter_ms":	0.0546804369081192,
					"lost_packets":	12782,
					"packets":	46468,
					"lost_percent":	27.507101661358355,
					"omitted":	false,
					"sender":	false
				}],
			"sum":	{
				"start":	341.001071,
				"end":	342.001075,
				"seconds":	1.0000040531158447,
				"bytes":	45408728,
				"bits_per_second":	363268351.63128811,
				"jitter_ms":	0.0546804369081192,
				"lost_packets":	12782,
				"packets":	46468,
				"lost_percent":	27.507101661358355,
				"omitted":	false,
				"sender":	false
			}
		}, {
			"streams":	[{
					"socket":	5,
					"start":	342.001075,
					"end":	343.001065,
					"seconds":	0.99998998641967773,
					"bytes":	45383116,
					"bits_per_second":	363068563.61622429,
					"jitter_ms":	0.017501711250895762,
					"lost_packets":	12949,
					"packets":	46616,
					"lost_percent":	27.778016131800239,
					"omitted":	false,
					"sender":	false
				}],
			"sum":	{
				"start":	342.001075,
				"end":	343.001065,
				"seconds":	0.99998998641967773,
				"bytes":	45383116,
				"bits_per_second":	363068563.61622429,
				"jitter_ms":	0.017501711250895762,
				"lost_packets":	12949,
				"packets":	46616,
				"lost_percent":	27.778016131800239,
				"omitted":	false,
				"sender":	false
			}
		}, {
			"streams":	[{
					"socket":	5,
					"start":	343.001065,
					"end":	344.001074,
					"seconds":	1.0000089406967163,
					"bytes":	45370984,
					"bits_per_second":	362964626.84335262,
					"jitter_ms":	0.017585683614008918,
					"lost_packets":	12707,
					"packets":	46365,
					"lost_percent":	27.406448829936373,
					"omitted":	false,
					"sender":	false
				}],
			"sum":	{
				"start":	343.001065,
				"end":	344.001074,
				"seconds":	1.0000089406967163,
				"bytes":	45370984,
				"bits_per_second":	362964626.84335262,
				"jitter_ms":	0.017585683614008918,
				"lost_packets":	12707,
				"packets":	46365,
				"lost_percent":	27.406448829936373,
				"omitted":	false,
				"sender":	false
			}
		}, {
			"streams":	[{
					"socket":	5,
					"start":	344.001074,
					"end":	345.001764,
					"seconds":	1.00068998336792,
					"bytes":	45408728,
					"bits_per_second":	363019346.68855172,
					"jitter_ms":	0.00874592168144993,
					"lost_packets":	12322,
					"packets":	46008,
					"lost_percent":	26.782298730655537,
					"omitted":	false,
					"sender":	false
				}],
			"sum":	{
				"start":	344.001074,
				"end":	345.001764,
				"seconds":	1.00068998336792,
				"bytes":	45408728,
				"bits_per_second":	363019346.68855172,
				"jitter_ms":	0.00874592168144993,
				"lost_packets":	12322,
				"packets":	46008,
				"lost_percent":	26.782298730655537,
				"omitted":	false,
				"sender":	false
			}
		}, {
			"streams":	[{
					"socket":	5,
					"start":	345.001764,
					"end":	346.001063,
					"seconds":	0.99929898977279663,
					"bytes":	45346720,
					"bits_per_second":	363028246.51356971,
					"jitter_ms":	0.017730140903143638,
					"lost_packets":	13082,
					"packets":	46722,
					"lost_percent":	27.9996575489063,
					"omitted":	false,
					"sender":	false
				}],
			"sum":	{
				"start":	345.001764,
				"end":	346.001063,
				"seconds":	0.99929898977279663,
				"bytes":	45346720,
				"bits_per_second":	363028246.51356971,
				"jitter_ms":	0.017730140903143638,
				"lost_packets":	13082,
				"packets":	46722,
				"lost_percent":	27.9996575489063,
				"omitted":	false,
				"sender":	false
			}
		}, {
			"streams":	[{
					"socket":	5,
					"start":	346.001063,
					"end":	347.001074,
					"seconds":	1.0000109672546387,
					"bytes":	45408728,
					"bits_per_second":	363265839.97103149,
					"jitter_ms":	0.0092904578552834953,
					"lost_packets":	12324,
					"packets":	46010,
					"lost_percent":	26.785481417083243,
					"omitted":	false,
					"sender":	false
				}],
			"sum":	{
				"start":	346.001063,
				"end":	347.001074,
				"seconds":	1.0000109672546387,
				"bytes":	45408728,
				"bits_per_second":	363265839.97103149,
				"jitter_ms":	0.0092904578552834953,
				"lost_packets":	12324,
				"packets":	46010,
				"lost_percent":	26.785481417083243,
				"omitted":	false,
				"sender":	false
			}
		}, {
			"streams":	[{
					"socket":	5,
					"start":	347.001074,
					"end":	348.001061,
					"seconds":	0.999987006187439,
					"bytes":	45346720,
					"bits_per_second":	362778473.87549073,
					"jitter_ms":	0.00864720843044602,
					"lost_packets":	12723,
					"packets":	46363,
					"lost_percent":	27.442141362724588,
					"omitted":	false,
					"sender":	false
				}],
			"sum":	{
				"start":	347.001074,
				"end":	348.001061,
				"seconds":	0.999987006187439,
				"bytes":	45346720,
				"bits_per_second":	362778473.87549073,
				"jitter_ms":	0.00864720843044602,
				"lost_packets":	12723,
				"packets":	46363,
				"lost_percent":	27.442141362724588,
				"omitted":	false,
				"sender":	false
			}
		}, {
			"streams":	[{
					"socket":	5,
					"start":	348.001061,
					"end":	349.001069,
					"seconds":	1.0000079870224,
					"bytes":	45372332,
					"bits_per_second":	362975756.904499,
					"jitter_ms":	0.057377411523772119,
					"lost_packets":	12858,
					"packets":	46517,
					"lost_percent":	27.641507405894618,
					"omitted":	false,
					"sender":	false
				}],
			"sum":	{
				"start":	348.001061,
				"end":	349.001069,
				"seconds":	1.0000079870224,
				"bytes":	45372332,
				"bits_per_second":	362975756.904499,
				"jitter_ms":	0.057377411523772119,
				"lost_packets":	12858,
				"packets":	46517,
				"lost_percent":	27.641507405894618,
				"omitted":	false,
				"sender":	false
			}
		}, {
			"streams":	[{
					"socket":	5,
					"start":	349.001069,
					"end":	350.00107,
					"seconds":	1.0000009536743164,
					"bytes":	45217312,
					"bits_per_second":	361738151.01961613,
					"jitter_ms":	0.00936839891075706,
					"lost_packets":	12482,
					"packets":	46026,
					"lost_percent":	27.119454221526961,
					"omitted":	false,
					"sender":	false
				}],
			"sum":	{
				"start":	349.001069,
				"end":	350.00107,
				"seconds":	1.0000009536743164,
				"bytes":	45217312,
				"bits_per_second":	361738151.01961613,
				"jitter_ms":	0.00936839891075706,
				"lost_packets":	12482,
				"packets":	46026,
				"lost_percent":	27.119454221526961,
				"omitted":	false,
				"sender":	false
			}
		}, {
			"streams":	[{
					"socket":	5,
					"start":	350.00107,
					"end":	351.001061,
					"seconds":	0.999990999698639,
					"bytes":	45598796,
					"bits_per_second":	364793651.25279588,
					"jitter_ms":	0.01334918983529563,
					"lost_packets":	12716,
					"packets":	46543,
					"lost_percent":	27.320972004383044,
					"omitted":	false,
					"sender":	false
				}],
			"sum":	{
				"start":	350.00107,
				"end":	351.001061,
				"seconds":	0.999990999698639,
				"bytes":	45598796,
				"bits_per_second":	364793651.25279588,
				"jitter_ms":	0.01334918983529563,
				"lost_packets":	12716,
				"packets":	46543,
				"lost_percent":	27.320972004383044,
				"omitted":	false,
				"sender":	false
			}
		}, {
			"streams":	[{
					"socket":	5,
					"start":	351.001061,
					"end":	352.001063,
					"seconds":	1.0000020265579224,
					"bytes":	45384464,
					"bits_per_second":	363074976.20753056,
					"jitter_ms":	0.046329722552657979,
					"lost_packets":	12706,
					"packets":	46374,
					"lost_percent":	27.398973562772245,
					"omitted":	false,
					"sender":	false
				}],
			"sum":	{
				"start":	351.001061,
				"end":	352.001063,
				"seconds":	1.0000020265579224,
				"bytes":	45384464,
				"bits_per_second":	363074976.20753056,
				"jitter_ms":	0.046329722552657979,
				"lost_packets":	12706,
				"packets":	46374,
				"lost_percent":	27.398973562772245,
				"omitted":	false,
				"sender":	false
			}
		}, {
			"streams":	[{
					"socket":	5,
					"start":	352.001063,
					"end":	353.001049,
					"seconds":	0.99998599290847778,
					"bytes":	45396596,
					"bits_per_second":	363177855.06545472,
					"jitter_ms":	0.0081946751952484045,
					"lost_packets":	12689,
					"packets":	46366,
					"lost_percent":	27.367036190311868,
					"omitted":	false,
					"sender":	false
				}],
			"sum":	{
				"start":	352.001063,
				"end":	353.001049,
				"seconds":	0.99998599290847778,
				"bytes":	45396596,
				"bits_per_second":	363177855.06545472,
				"jitter_ms":	0.0081946751952484045,
				"lost_packets":	12689,
				"packets":	46366,
				"lost_percent":	27.367036190311868,
				"omitted":	false,
				"sender":	false
			}
		}, {
			"streams":	[{
					"socket":	5,
					"start":	353.001049,
					"end":	354.001068,
					"seconds":	1.0000189542770386,
					"bytes":	45370984,
					"bits_per_second":	362960992.336797,
					"jitter_ms":	0.078766216224654031,
					"lost_packets":	13062,
					"packets":	46720,
					"lost_percent":	27.958047945205479,
					"omitted":	false,
					"sender":	false
				}],
			"sum":	{
				"start":	353.001049,
				"end":	354.001068,
				"seconds":	1.0000189542770386,
				"bytes":	45370984,
				"bits_per_second":	362960992.336797,
				"jitter_ms":	0.078766216224654031,
				"lost_packets":	13062,
				"packets":	46720,
				"lost_percent":	27.958047945205479,
				"omitted":	false,
				"sender":	false
			}
		}, {
			"streams":	[{
					"socket":	5,
					"start":	354.001068,
					"end":	355.001069,
					"seconds":	1.0000009536743164,
					"bytes":	45420860,
					"bits_per_second":	363366533.46666962,
					"jitter_ms":	0.017588428596243516,
					"lost_packets":	12671,
					"packets":	46366,
					"lost_percent":	27.32821464003796,
					"omitted":	false,
					"sender":	false
				}],
			"sum":	{
				"start":	354.001068,
				"end":	355.001069,
				"seconds":	1.0000009536743164,
				"bytes":	45420860,
				"bits_per_second":	363366533.46666962,
				"jitter_ms":	0.017588428596243516,
				"lost_packets":	12671,
				"packets":	46366,
				"lost_percent":	27.32821464003796,
				"omitted":	false,
				"sender":	false
			}
		}, {
			"streams":	[{
					"socket":	5,
					"start":	355.001069,
					"end":	356.001068,
					"seconds":	0.99999898672103882,
					"bytes":	46344240,
					"bits_per_second":	370754295.67752761,
					"jitter_ms":	0.0545247333854342,
					"lost_packets":	12661,
					"packets":	47041,
					"lost_percent":	26.914818987691589,
					"omitted":	false,
					"sender":	false
				}],
			"sum":	{
				"start":	355.001069,
				"end":	356.001068,
				"seconds":	0.99999898672103882,
				"bytes":	46344240,
				"bits_per_second":	370754295.67752761,
				"jitter_ms":	0.0545247333854342,
				"lost_packets":	12661,
				"packets":	47041,
				"lost_percent":	26.914818987691589,
				"omitted":	false,
				"sender":	false
			}
		}, {
			"streams":	[{
					"socket":	5,
					"start":	356.001068,
					"end":	357.001067,
					"seconds":	0.99999898672103882,
					"bytes":	45445124,
					"bits_per_second":	363561360.3890776,
					"jitter_ms":	0.054921394829803634,
					"lost_packets":	12652,
					"packets":	46365,
					"lost_percent":	27.287824867896042,
					"omitted":	false,
					"sender":	false
				}],
			"sum":	{
				"start":	356.001068,
				"end":	357.001067,
				"seconds":	0.99999898672103882,
				"bytes":	45445124,
				"bits_per_second":	363561360.3890776,
				"jitter_ms":	0.054921394829803634,
				"lost_packets":	12652,
				"packets":	46365,
				"lost_percent":	27.287824867896042,
				"omitted":	false,
				"sender":	false
			}
		}, {
			"streams":	[{
					"socket":	5,
					"start":	357.001067,
					"end":	358.001069,
					"seconds":	1.0000020265579224,
					"bytes":	44512308,
					"bits_per_second":	356097742.3472991,
					"jitter_ms":	0.0082400032008551945,
					"lost_packets":	12312,
					"packets":	45333,
					"lost_percent":	27.15902322811197,
					"omitted":	false,
					"sender":	false
				}],
			"sum":	{
				"start":	357.001067,
				"end":	358.001069,
				"seconds":	1.0000020265579224,
				"bytes":	44512308,
				"bits_per_second":	356097742.3472991,
				"jitter_ms":	0.0082400032008551945,
				"lost_packets":	12312,
				"packets":	45333,
				"lost_percent":	27.15902322811197,
				"omitted":	false,
				"sender":	false
			}
		}, {
			"streams":	[{
					"socket":	5,
					"start":	358.001069,
					"end":	359.001068,
					"seconds":	0.99999898672103882,
					"bytes":	45396596,
					"bits_per_second":	363173135.995698,
					"jitter_ms":	0.0081866900698274059,
					"lost_packets":	12688,
					"packets":	46365,
					"lost_percent":	27.365469643049714,
					"omitted":	false,
					"sender":	false
				}],
			"sum":	{
				"start":	358.001069,
				"end":	359.001068,
				"seconds":	0.99999898672103882,
				"bytes":	45396596,
				"bits_per_second":	363173135.995698,
				"jitter_ms":	0.0081866900698274059,
				"lost_packets":	12688,
				"packets":	46365,
				"lost_percent":	27.365469643049714,
				"omitted":	false,
				"sender":	false
			}
		}, {
			"streams":	[{
					"socket":	5,
					"start":	359.001068,
					"end":	360.000151,
					"seconds":	0.99908298254013062,
					"bytes":	45308976,
					"bits_per_second":	362804506.06658232,
					"jitter_ms":	0.018778016165252154,
					"lost_packets":	12876,
					"packets":	46488,
					"lost_percent":	27.697470314919979,
					"omitted":	false,
					"sender":	false
				}],
			"sum":	{
				"start":	359.001068,
				"end":	360.000151,
				"seconds":	0.99908298254013062,
				"bytes":	45308976,
				"bits_per_second":	362804506.06658232,
				"jitter_ms":	0.018778016165252154,
				"lost_packets":	12876,
				"packets":	46488,
				"lost_percent":	27.697470314919979,
				"omitted":	false,
				"sender":	false
			}
		}, {
			"streams":	[{
					"socket":	5,
					"start":	360.000151,
					"end":	361.002468,
					"seconds":	1.002316951751709,
					"bytes":	45327848,
					"bits_per_second":	361784546.66087288,
					"jitter_ms":	0.0089179980020049031,
					"lost_packets":	12522,
					"packets":	46148,
					"lost_percent":	27.1344370286903,
					"omitted":	false,
					"sender":	false
				}],
			"sum":	{
				"start":	360.000151,
				"end":	361.002468,
				"seconds":	1.002316951751709,
				"bytes":	45327848,
				"bits_per_second":	361784546.66087288,
				"jitter_ms":	0.0089179980020049031,
				"lost_packets":	12522,
				"packets":	46148,
				"lost_percent":	27.1344370286903,
				"omitted":	false,
				"sender":	false
			}
		}, {
			"streams":	[{
					"socket":	5,
					"start":	361.002468,
					"end":	362.001071,
					"seconds":	0.99860298633575439,
					"bytes":	45509828,
					"bits_per_second":	364587958.35964781,
					"jitter_ms":	0.0578535898375443,
					"lost_packets":	12802,
					"packets":	46563,
					"lost_percent":	27.493932951055559,
					"omitted":	false,
					"sender":	false
				}],
			"sum":	{
				"start":	361.002468,
				"end":	362.001071,
				"seconds":	0.99860298633575439,
				"bytes":	45509828,
				"bits_per_second":	364587958.35964781,
				"jitter_ms":	0.0578535898375443,
				"lost_packets":	12802,
				"packets":	46563,
				"lost_percent":	27.493932951055559,
				"omitted":	false,
				"sender":	false
			}
		}, {
			"streams":	[{
					"socket":	5,
					"start":	362.001071,
					"end":	363.001069,
					"seconds":	0.99999797344207764,
					"bytes":	45395248,
					"bits_per_second":	363162719.97028726,
					"jitter_ms":	0.057678557186897489,
					"lost_packets":	12689,
					"packets":	46365,
					"lost_percent":	27.367626442359537,
					"omitted":	false,
					"sender":	false
				}],
			"sum":	{
				"start":	362.001071,
				"end":	363.001069,
				"seconds":	0.99999797344207764,
				"bytes":	45395248,
				"bits_per_second":	363162719.97028726,
				"jitter_ms":	0.057678557186897489,
				"lost_packets":	12689,
				"packets":	46365,
				"lost_percent":	27.367626442359537,
				"omitted":	false,
				"sender":	false
			}
		}, {
			"streams":	[{
					"socket":	5,
					"start":	363.001069,
					"end":	364.001074,
					"seconds":	1.0000050067901611,
					"bytes":	46194612,
					"bits_per_second":	369555045.71543312,
					"jitter_ms":	0.054517353621564374,
					"lost_packets":	13024,
					"packets":	47293,
					"lost_percent":	27.538959254012223,
					"omitted":	false,
					"sender":	false
				}],
			"sum":	{
				"start":	363.001069,
				"end":	364.001074,
				"seconds":	1.0000050067901611,
				"bytes":	46194612,
				"bits_per_second":	369555045.71543312,
				"jitter_ms":	0.054517353621564374,
				"lost_packets":	13024,
				"packets":	47293,
				"lost_percent":	27.538959254012223,
				"omitted":	false,
				"sender":	false
			}
		}, {
			"streams":	[{
					"socket":	5,
					"start":	364.001074,
					"end":	365.001063,
					"seconds":	0.99998897314071655,
					"bytes":	44423340,
					"bits_per_second":	355390638.84256518,
					"jitter_ms":	0.00868684938584267,
					"lost_packets":	12380,
					"packets":	45335,
					"lost_percent":	27.307819565457152,
					"omitted":	false,
					"sender":	false
				}],
			"sum":	{
				"start":	364.001074,
				"end":	365.001063,
				"seconds":	0.99998897314071655,
				"bytes":	44423340,
				"bits_per_second":	355390638.84256518,
				"jitter_ms":	0.00868684938584267,
				"lost_packets":	12380,
				"packets":	45335,
				"lost_percent":	27.307819565457152,
				"omitted":	false,
				"sender":	false
			}
		}, {
			"streams":	[{
					"socket":	5,
					"start":	365.001063,
					"end":	366.001068,
					"seconds":	1.0000050067901611,
					"bytes":	46288972,
					"bits_per_second":	370309921.93592626,
					"jitter_ms":	0.056403075155307611,
					"lost_packets":	13054,
					"packets":	47393,
					"lost_percent":	27.544152089971092,
					"omitted":	false,
					"sender":	false
				}],
			"sum":	{
				"start":	365.001063,
				"end":	366.001068,
				"seconds":	1.0000050067901611,
				"bytes":	46288972,
				"bits_per_second":	370309921.93592626,
				"jitter_ms":	0.056403075155307611,
				"lost_packets":	13054,
				"packets":	47393,
				"lost_percent":	27.544152089971092,
				"omitted":	false,
				"sender":	false
			}
		}, {
			"streams":	[{
					"socket":	5,
					"start":	366.001068,
					"end":	367.001051,
					"seconds":	0.999983012676239,
					"bytes":	43588928,
					"bits_per_second":	348717347.77448773,
					"jitter_ms":	0.0126333390399998,
					"lost_packets":	12062,
					"packets":	44398,
					"lost_percent":	27.167890445515564,
					"omitted":	false,
					"sender":	false
				}],
			"sum":	{
				"start":	366.001068,
				"end":	367.001051,
				"seconds":	0.999983012676239,
				"bytes":	43588928,
				"bits_per_second":	348717347.77448773,
				"jitter_ms":	0.0126333390399998,
				"lost_packets":	12062,
				"packets":	44398,
				"lost_percent":	27.167890445515564,
				"omitted":	false,
				"sender":	false
			}
		}, {
			"streams":	[{
					"socket":	5,
					"start":	367.001051,
					"end":	368.001067,
					"seconds":	1.0000159740448,
					"bytes":	46859176,
					"bits_per_second":	374867419.85104132,
					"jitter_ms":	0.040597120624952049,
					"lost_packets":	13902,
					"packets":	48664,
					"lost_percent":	28.567318757192176,
					"omitted":	false,
					"sender":	false
				}],
			"sum":	{
				"start":	367.001051,
				"end":	368.001067,
				"seconds":	1.0000159740448,
				"bytes":	46859176,
				"bits_per_second":	374867419.85104132,
				"jitter_ms":	0.040597120624952049,
				"lost_packets":	13902,
				"packets":	48664,
				"lost_percent":	28.567318757192176,
				"omitted":	false,
				"sender":	false
			}
		}, {
			"streams":	[{
					"socket":	5,
					"start":	368.001067,
					"end":	369.001068,
					"seconds":	1.0000009536743164,
					"bytes":	43956932,
					"bits_per_second":	351655120.63554323,
					"jitter_ms":	0.0090856965524969864,
					"lost_packets":	12393,
					"packets":	45002,
					"lost_percent":	27.538776054397584,
					"omitted":	false,
					"sender":	false
				}],
			"sum":	{
				"start":	368.001067,
				"end":	369.001068,
				"seconds":	1.0000009536743164,
				"bytes":	43956932,
				"bits_per_second":	351655120.63554323,
				"jitter_ms":	0.0090856965524969864,
				"lost_packets":	12393,
				"packets":	45002,
				"lost_percent":	27.538776054397584,
				"omitted":	false,
				"sender":	false
			}
		}, {
			"streams":	[{
					"socket":	5,
					"start":	369.001068,
					"end":	370.000528,
					"seconds":	0.999459981918335,
					"bytes":	45346720,
					"bits_per_second":	362969770.2390269,
					"jitter_ms":	0.054377366580490333,
					"lost_packets":	12877,
					"packets":	46517,
					"lost_percent":	27.6823526882645,
					"omitted":	false,
					"sender":	false
				}],
			"sum":	{
				"start":	369.001068,
				"end":	370.000528,
				"seconds":	0.999459981918335,
				"bytes":	45346720,
				"bits_per_second":	362969770.2390269,
				"jitter_ms":	0.054377366580490333,
				"lost_packets":	12877,
				"packets":	46517,
				"lost_percent":	27.6823526882645,
				"omitted":	false,
				"sender":	false
			}
		}, {
			"streams":	[{
					"socket":	5,
					"start":	370.000528,
					"end":	371.001068,
					"seconds":	1.000540018081665,
					"bytes":	45396596,
					"bits_per_second":	362976753.98962152,
					"jitter_ms":	0.035172448178894936,
					"lost_packets":	12603,
					"packets":	46280,
					"lost_percent":	27.232065687121867,
					"omitted":	false,
					"sender":	false
				}],
			"sum":	{
				"start":	370.000528,
				"end":	371.001068,
				"seconds":	1.000540018081665,
				"bytes":	45396596,
				"bits_per_second":	362976753.98962152,
				"jitter_ms":	0.035172448178894936,
				"lost_packets":	12603,
				"packets":	46280,
				"lost_percent":	27.232065687121867,
				"omitted":	false,
				"sender":	false
			}
		}, {
			"streams":	[{
					"socket":	5,
					"start":	371.001068,
					"end":	372.000229,
					"seconds":	0.9991610050201416,
					"bytes":	45229444,
					"bits_per_second":	362139385.12612981,
					"jitter_ms":	0.0233610741633164,
					"lost_packets":	12633,
					"packets":	46186,
					"lost_percent":	27.3524444636903,
					"omitted":	false,
					"sender":	false
				}],
			"sum":	{
				"start":	371.001068,
				"end":	372.000229,
				"seconds":	0.9991610050201416,
				"bytes":	45229444,
				"bits_per_second":	362139385.12612981,
				"jitter_ms":	0.0233610741633164,
				"lost_packets":	12633,
				"packets":	46186,
				"lost_percent":	27.3524444636903,
				"omitted":	false,
				"sender":	false
			}
		}, {
			"streams":	[{
					"socket":	5,
					"start":	372.000229,
					"end":	373.000096,
					"seconds":	0.999867022037506,
					"bytes":	45674284,
					"bits_per_second":	365442867.84797436,
					"jitter_ms":	0.00843575577757962,
					"lost_packets":	12594,
					"packets":	46477,
					"lost_percent":	27.097273920433764,
					"omitted":	false,
					"sender":	false
				}],
			"sum":	{
				"start":	372.000229,
				"end":	373.000096,
				"seconds":	0.999867022037506,
				"bytes":	45674284,
				"bits_per_second":	365442867.84797436,
				"jitter_ms":	0.00843575577757962,
				"lost_packets":	12594,
				"packets":	46477,
				"lost_percent":	27.097273920433764,
				"omitted":	false,
				"sender":	false
			}
		}, {
			"streams":	[{
					"socket":	5,
					"start":	373.000096,
					"end":	374.001079,
					"seconds":	1.0009829998016357,
					"bytes":	45384464,
					"bits_per_second":	362719159.13851738,
					"jitter_ms":	0.0083626318776922268,
					"lost_packets":	12698,
					"packets":	46366,
					"lost_percent":	27.386446965448819,
					"omitted":	false,
					"sender":	false
				}],
			"sum":	{
				"start":	373.000096,
				"end":	374.001079,
				"seconds":	1.0009829998016357,
				"bytes":	45384464,
				"bits_per_second":	362719159.13851738,
				"jitter_ms":	0.0083626318776922268,
				"lost_packets":	12698,
				"packets":	46366,
				"lost_percent":	27.386446965448819,
				"omitted":	false,
				"sender":	false
			}
		}, {
			"streams":	[{
					"socket":	5,
					"start":	374.001079,
					"end":	375.001053,
					"seconds":	0.999974012374878,
					"bytes":	46280884,
					"bits_per_second":	370256694.092165,
					"jitter_ms":	0.0109151136588975,
					"lost_packets":	13046,
					"packets":	47379,
					"lost_percent":	27.535405981553009,
					"omitted":	false,
					"sender":	false
				}],
			"sum":	{
				"start":	374.001079,
				"end":	375.001053,
				"seconds":	0.999974012374878,
				"bytes":	46280884,
				"bits_per_second":	370256694.092165,
				"jitter_ms":	0.0109151136588975,
				"lost_packets":	13046,
				"packets":	47379,
				"lost_percent":	27.535405981553009,
				"omitted":	false,
				"sender":	false
			}
		}, {
			"streams":	[{
					"socket":	5,
					"start":	375.001053,
					"end":	376.001064,
					"seconds":	1.0000109672546387,
					"bytes":	44474564,
					"bits_per_second":	355792609.93184835,
					"jitter_ms":	0.05761930425308006,
					"lost_packets":	12462,
					"packets":	45455,
					"lost_percent":	27.416125838741614,
					"omitted":	false,
					"sender":	false
				}],
			"sum":	{
				"start":	375.001053,
				"end":	376.001064,
				"seconds":	1.0000109672546387,
				"bytes":	44474564,
				"bits_per_second":	355792609.93184835,
				"jitter_ms":	0.05761930425308006,
				"lost_packets":	12462,
				"packets":	45455,
				"lost_percent":	27.416125838741614,
				"omitted":	false,
				"sender":	false
			}
		}, {
			"streams":	[{
					"socket":	5,
					"start":	376.001064,
					"end":	377.001065,
					"seconds":	1.0000009536743164,
					"bytes":	46231008,
					"bits_per_second":	369847711.28573674,
					"jitter_ms":	0.0056106022511739437,
					"lost_packets":	12995,
					"packets":	47291,
					"lost_percent":	27.47880146328054,
					"omitted":	false,
					"sender":	false
				}],
			"sum":	{
				"start":	376.001064,
				"end":	377.001065,
				"seconds":	1.0000009536743164,
				"bytes":	46231008,
				"bits_per_second":	369847711.28573674,
				"jitter_ms":	0.0056106022511739437,
				"lost_packets":	12995,
				"packets":	47291,
				"lost_percent":	27.47880146328054,
				"omitted":	false,
				"sender":	false
			}
		}, {
			"streams":	[{
					"socket":	5,
					"start":	377.001065,
					"end":	378.001069,
					"seconds":	1.0000040531158447,
					"bytes":	44498828,
					"bits_per_second":	355989181.1346094,
					"jitter_ms":	0.01483533362373203,
					"lost_packets":	12683,
					"packets":	45694,
					"lost_percent":	27.7563793933558,
					"omitted":	false,
					"sender":	false
				}],
			"sum":	{
				"start":	377.001065,
				"end":	378.001069,
				"seconds":	1.0000040531158447,
				"bytes":	44498828,
				"bits_per_second":	355989181.1346094,
				"jitter_ms":	0.01483533362373203,
				"lost_packets":	12683,
				"packets":	45694,
				"lost_percent":	27.7563793933558,
				"omitted":	false,
				"sender":	false
			}
		}, {
			"streams":	[{
					"socket":	5,
					"start":	378.001069,
					"end":	379.001073,
					"seconds":	1.0000040531158447,
					"bytes":	46330760,
					"bits_per_second":	370644577.73458922,
					"jitter_ms":	0.00547415987064058,
					"lost_packets":	12666,
					"packets":	47036,
					"lost_percent":	26.928310230461776,
					"omitted":	false,
					"sender":	false
				}],
			"sum":	{
				"start":	378.001069,
				"end":	379.001073,
				"seconds":	1.0000040531158447,
				"bytes":	46330760,
				"bits_per_second":	370644577.73458922,
				"jitter_ms":	0.00547415987064058,
				"lost_packets":	12666,
				"packets":	47036,
				"lost_percent":	26.928310230461776,
				"omitted":	false,
				"sender":	false
			}
		}, {
			"streams":	[{
					"socket":	5,
					"start":	379.001073,
					"end":	380.001076,
					"seconds":	1.0000029802322388,
					"bytes":	45358852,
					"bits_per_second":	362869734.56391859,
					"jitter_ms":	0.0054746000813373,
					"lost_packets":	12716,
					"packets":	46365,
					"lost_percent":	27.425860023724791,
					"omitted":	false,
					"sender":	false
				}],
			"sum":	{
				"start":	379.001073,
				"end":	380.001076,
				"seconds":	1.0000029802322388,
				"bytes":	45358852,
				"bits_per_second":	362869734.56391859,
				"jitter_ms":	0.0054746000813373,
				"lost_packets":	12716,
				"packets":	46365,
				"lost_percent":	27.425860023724791,
				"omitted":	false,
				"sender":	false
			}
		}, {
			"streams":	[{
					"socket":	5,
					"start":	380.001076,
					"end":	381.001081,
					"seconds":	1.0000050067901611,
					"bytes":	44524440,
					"bits_per_second":	356193736.6127041,
					"jitter_ms":	0.00822889646492393,
					"lost_packets":	12305,
					"packets":	45335,
					"lost_percent":	27.142384471159147,
					"omitted":	false,
					"sender":	false
				}],
			"sum":	{
				"start":	380.001076,
				"end":	381.001081,
				"seconds":	1.0000050067901611,
				"bytes":	44524440,
				"bits_per_second":	356193736.6127041,
				"jitter_ms":	0.00822889646492393,
				"lost_packets":	12305,
				"packets":	45335,
				"lost_percent":	27.142384471159147,
				"omitted":	false,
				"sender":	false
			}
		}, {
			"streams":	[{
					"socket":	5,
					"start":	381.001081,
					"end":	382.00187,
					"seconds":	1.0007890462875366,
					"bytes":	45470736,
					"bits_per_second":	363479086.17645526,
					"jitter_ms":	0.0084769238714009,
					"lost_packets":	12633,
					"packets":	46365,
					"lost_percent":	27.246845681009383,
					"omitted":	false,
					"sender":	false
				}],
			"sum":	{
				"start":	381.001081,
				"end":	382.00187,
				"seconds":	1.0007890462875366,
				"bytes":	45470736,
				"bits_per_second":	363479086.17645526,
				"jitter_ms":	0.0084769238714009,
				"lost_packets":	12633,
				"packets":	46365,
				"lost_percent":	27.246845681009383,
				"omitted":	false,
				"sender":	false
			}
		}, {
			"streams":	[{
					"socket":	5,
					"start":	382.00187,
					"end":	383.001063,
					"seconds":	0.999193012714386,
					"bytes":	45408728,
					"bits_per_second":	363563214.89193475,
					"jitter_ms":	0.0086571600352326871,
					"lost_packets":	12678,
					"packets":	46364,
					"lost_percent":	27.3444914157536,
					"omitted":	false,
					"sender":	false
				}],
			"sum":	{
				"start":	382.00187,
				"end":	383.001063,
				"seconds":	0.999193012714386,
				"bytes":	45408728,
				"bits_per_second":	363563214.89193475,
				"jitter_ms":	0.0086571600352326871,
				"lost_packets":	12678,
				"packets":	46364,
				"lost_percent":	27.3444914157536,
				"omitted":	false,
				"sender":	false
			}
		}, {
			"streams":	[{
					"socket":	5,
					"start":	383.001063,
					"end":	384.001065,
					"seconds":	1.0000020265579224,
					"bytes":	45384464,
					"bits_per_second":	363074976.20753056,
					"jitter_ms":	0.05468858998816243,
					"lost_packets":	12849,
					"packets":	46517,
					"lost_percent":	27.622159640561517,
					"omitted":	false,
					"sender":	false
				}],
			"sum":	{
				"start":	383.001063,
				"end":	384.001065,
				"seconds":	1.0000020265579224,
				"bytes":	45384464,
				"bits_per_second":	363074976.20753056,
				"jitter_ms":	0.05468858998816243,
				"lost_packets":	12849,
				"packets":	46517,
				"lost_percent":	27.622159640561517,
				"omitted":	false,
				"sender":	false
			}
		}, {
			"streams":	[{
					"socket":	5,
					"start":	384.001065,
					"end":	385.001068,
					"seconds":	1.0000029802322388,
					"bytes":	45306280,
					"bits_per_second":	362449159.817329,
					"jitter_ms":	0.021945316065821278,
					"lost_packets":	12585,
					"packets":	46195,
					"lost_percent":	27.243208139409028,
					"omitted":	false,
					"sender":	false
				}],
			"sum":	{
				"start":	384.001065,
				"end":	385.001068,
				"seconds":	1.0000029802322388,
				"bytes":	45306280,
				"bits_per_second":	362449159.817329,
				"jitter_ms":	0.021945316065821278,
				"lost_packets":	12585,
				"packets":	46195,
				"lost_percent":	27.243208139409028,
				"omitted":	false,
				"sender":	false
			}
		}, {
			"streams":	[{
					"socket":	5,
					"start":	385.001068,
					"end":	386.00107,
					"seconds":	1.0000020265579224,
					"bytes":	45294148,
					"bits_per_second":	362352449.67177242,
					"jitter_ms":	0.00617209831364662,
					"lost_packets":	12697,
					"packets":	46298,
					"lost_percent":	27.42451077800337,
					"omitted":	false,
					"sender":	false
				}],
			"sum":	{
				"start":	385.001068,
				"end":	386.00107,
				"seconds":	1.0000020265579224,
				"bytes":	45294148,
				"bits_per_second":	362352449.67177242,
				"jitter_ms":	0.00617209831364662,
				"lost_packets":	12697,
				"packets":	46298,
				"lost_percent":	27.42451077800337,
				"omitted":	false,
				"sender":	false
			}
		}, {
			"streams":	[{
					"socket":	5,
					"start":	386.00107,
					"end":	387.001067,
					"seconds":	0.99999701976776123,
					"bytes":	45485564,
					"bits_per_second":	363885596.46358579,
					"jitter_ms":	0.017727175116237864,
					"lost_packets":	12706,
					"packets":	46449,
					"lost_percent":	27.354733148184028,
					"omitted":	false,
					"sender":	false
				}],
			"sum":	{
				"start":	386.00107,
				"end":	387.001067,
				"seconds":	0.99999701976776123,
				"bytes":	45485564,
				"bits_per_second":	363885596.46358579,
				"jitter_ms":	0.017727175116237864,
				"lost_packets":	12706,
				"packets":	46449,
				"lost_percent":	27.354733148184028,
				"omitted":	false,
				"sender":	false
			}
		}, {
			"streams":	[{
					"socket":	5,
					"start":	387.001067,
					"end":	388.001063,
					"seconds":	0.9999960064888,
					"bytes":	45358852,
					"bits_per_second":	362872265.134455,
					"jitter_ms":	0.00519965482706173,
					"lost_packets":	12821,
					"packets":	46470,
					"lost_percent":	27.589842909403917,
					"omitted":	false,
					"sender":	false
				}],
			"sum":	{
				"start":	387.001067,
				"end":	388.001063,
				"seconds":	0.9999960064888,
				"bytes":	45358852,
				"bits_per_second":	362872265.134455,
				"jitter_ms":	0.00519965482706173,
				"lost_packets":	12821,
				"packets":	46470,
				"lost_percent":	27.589842909403917,
				"omitted":	false,
				"sender":	false
			}
		}, {
			"streams":	[{
					"socket":	5,
					"start":	388.001063,
					"end":	389.001197,
					"seconds":	1.0001339912414551,
					"bytes":	45446472,
					"bits_per_second":	363523067.09294266,
					"jitter_ms":	0.00523094686046333,
					"lost_packets":	12651,
					"packets":	46365,
					"lost_percent":	27.285668068586219,
					"omitted":	false,
					"sender":	false
				}],
			"sum":	{
				"start":	388.001063,
				"end":	389.001197,
				"seconds":	1.0001339912414551,
				"bytes":	45446472,
				"bits_per_second":	363523067.09294266,
				"jitter_ms":	0.00523094686046333,
				"lost_packets":	12651,
				"packets":	46365,
				"lost_percent":	27.285668068586219,
				"omitted":	false,
				"sender":	false
			}
		}, {
			"streams":	[{
					"socket":	5,
					"start":	389.001197,
					"end":	390.001069,
					"seconds":	0.99987202882766724,
					"bytes":	45334588,
					"bits_per_second":	362723122.10316777,
					"jitter_ms":	0.015554511331164995,
					"lost_packets":	12988,
					"packets":	46619,
					"lost_percent":	27.859885454428451,
					"omitted":	false,
					"sender":	false
				}],
			"sum":	{
				"start":	389.001197,
				"end":	390.001069,
				"seconds":	0.99987202882766724,
				"bytes":	45334588,
				"bits_per_second":	362723122.10316777,
				"jitter_ms":	0.015554511331164995,
				"lost_packets":	12988,
				"packets":	46619,
				"lost_percent":	27.859885454428451,
				"omitted":	false,
				"sender":	false
			}
		}, {
			"streams":	[{
					"socket":	5,
					"start":	390.001069,
					"end":	391.00107,
					"seconds":	1.0000009536743164,
					"bytes":	46305148,
					"bits_per_second":	370440830.720094,
					"jitter_ms":	0.057441321354445657,
					"lost_packets":	12688,
					"packets":	47039,
					"lost_percent":	26.973362528965328,
					"omitted":	false,
					"sender":	false
				}],
			"sum":	{
				"start":	390.001069,
				"end":	391.00107,
				"seconds":	1.0000009536743164,
				"bytes":	46305148,
				"bits_per_second":	370440830.720094,
				"jitter_ms":	0.057441321354445657,
				"lost_packets":	12688,
				"packets":	47039,
				"lost_percent":	26.973362528965328,
				"omitted":	false,
				"sender":	false
			}
		}, {
			"streams":	[{
					"socket":	5,
					"start":	391.00107,
					"end":	392.001052,
					"seconds":	0.99998199939727783,
					"bytes":	44486696,
					"bits_per_second":	355899974.41404825,
					"jitter_ms":	0.057352058393241145,
					"lost_packets":	12436,
					"packets":	45438,
					"lost_percent":	27.369162375104537,
					"omitted":	false,
					"sender":	false
				}],
			"sum":	{
				"start":	391.00107,
				"end":	392.001052,
				"seconds":	0.99998199939727783,
				"bytes":	44486696,
				"bits_per_second":	355899974.41404825,
				"jitter_ms":	0.057352058393241145,
				"lost_packets":	12436,
				"packets":	45438,
				"lost_percent":	27.369162375104537,
				"omitted":	false,
				"sender":	false
			}
		}, {
			"streams":	[{
					"socket":	5,
					"start":	392.001052,
					"end":	393.001084,
					"seconds":	1.0000319480895996,
					"bytes":	45484216,
					"bits_per_second":	363862103.30092186,
					"jitter_ms":	0.00849715497620227,
					"lost_packets":	12518,
					"packets":	46260,
					"lost_percent":	27.060095114569823,
					"omitted":	false,
					"sender":	false
				}],
			"sum":	{
				"start":	392.001052,
				"end":	393.001084,
				"seconds":	1.0000319480895996,
				"bytes":	45484216,
				"bits_per_second":	363862103.30092186,
				"jitter_ms":	0.00849715497620227,
				"lost_packets":	12518,
				"packets":	46260,
				"lost_percent":	27.060095114569823,
				"omitted":	false,
				"sender":	false
			}
		}, {
			"streams":	[{
					"socket":	5,
					"start":	393.001084,
					"end":	394.001064,
					"seconds":	0.99997997283935547,
					"bytes":	46724376,
					"bits_per_second":	373802494.20260072,
					"jitter_ms":	0.035419486356533476,
					"lost_packets":	13422,
					"packets":	48084,
					"lost_percent":	27.913651110556525,
					"omitted":	false,
					"sender":	false
				}],
			"sum":	{
				"start":	393.001084,
				"end":	394.001064,
				"seconds":	0.99997997283935547,
				"bytes":	46724376,
				"bits_per_second":	373802494.20260072,
				"jitter_ms":	0.035419486356533476,
				"lost_packets":	13422,
				"packets":	48084,
				"lost_percent":	27.913651110556525,
				"omitted":	false,
				"sender":	false
			}
		}, {
			"streams":	[{
					"socket":	5,
					"start":	394.001064,
					"end":	395.001051,
					"seconds":	0.999987006187439,
					"bytes":	45372332,
					"bits_per_second":	362983372.53790551,
					"jitter_ms":	0.0376520676211167,
					"lost_packets":	12350,
					"packets":	46009,
					"lost_percent":	26.842574278945424,
					"omitted":	false,
					"sender":	false
				}],
			"sum":	{
				"start":	394.001064,
				"end":	395.001051,
				"seconds":	0.999987006187439,
				"bytes":	45372332,
				"bits_per_second":	362983372.53790551,
				"jitter_ms":	0.0376520676211167,
				"lost_packets":	12350,
				"packets":	46009,
				"lost_percent":	26.842574278945424,
				"omitted":	false,
				"sender":	false
			}
		}, {
			"streams":	[{
					"socket":	5,
					"start":	395.001051,
					"end":	396.001067,
					"seconds":	1.0000159740448,
					"bytes":	45358852,
					"bits_per_second":	362865019.577921,
					"jitter_ms":	0.039902024433607561,
					"lost_packets":	12716,
					"packets":	46365,
					"lost_percent":	27.425860023724791,
					"omitted":	false,
					"sender":	false
				}],
			"sum":	{
				"start":	395.001051,
				"end":	396.001067,
				"seconds":	1.0000159740448,
				"bytes":	45358852,
				"bits_per_second":	362865019.577921,
				"jitter_ms":	0.039902024433607561,
				"lost_packets":	12716,
				"packets":	46365,
				"lost_percent":	27.425860023724791,
				"omitted":	false,
				"sender":	false
			}
		}, {
			"streams":	[{
					"socket":	5,
					"start":	396.001067,
					"end":	397.001067,
					"seconds":	1,
					"bytes":	44812912,
					"bits_per_second":	358503296,
					"jitter_ms":	0.015788862845767426,
					"lost_packets":	12673,
					"packets":	45917,
					"lost_percent":	27.599799638478125,
					"omitted":	false,
					"sender":	false
				}],
			"sum":	{
				"start":	396.001067,
				"end":	397.001067,
				"seconds":	1,
				"bytes":	44812912,
				"bits_per_second":	358503296,
				"jitter_ms":	0.015788862845767426,
				"lost_packets":	12673,
				"packets":	45917,
				"lost_percent":	27.599799638478125,
				"omitted":	false,
				"sender":	false
			}
		}, {
			"streams":	[{
					"socket":	5,
					"start":	397.001067,
					"end":	398.001061,
					"seconds":	0.99999397993087769,
					"bytes":	46493868,
					"bits_per_second":	371953183.183873,
					"jitter_ms":	0.033271213825785989,
					"lost_packets":	12695,
					"packets":	47186,
					"lost_percent":	26.904166490060611,
					"omitted":	false,
					"sender":	false
				}],
			"sum":	{
				"start":	397.001067,
				"end":	398.001061,
				"seconds":	0.99999397993087769,
				"bytes":	46493868,
				"bits_per_second":	371953183.183873,
				"jitter_ms":	0.033271213825785989,
				"lost_packets":	12695,
				"packets":	47186,
				"lost_percent":	26.904166490060611,
				"omitted":	false,
				"sender":	false
			}
		}, {
			"streams":	[{
					"socket":	5,
					"start":	398.001061,
					"end":	399.001073,
					"seconds":	1.0000120401382446,
					"bytes":	45422208,
					"bits_per_second":	363373288.93536681,
					"jitter_ms":	0.05126914623302517,
					"lost_packets":	12616,
					"packets":	46312,
					"lost_percent":	27.241319744342718,
					"omitted":	false,
					"sender":	false
				}],
			"sum":	{
				"start":	398.001061,
				"end":	399.001073,
				"seconds":	1.0000120401382446,
				"bytes":	45422208,
				"bits_per_second":	363373288.93536681,
				"jitter_ms":	0.05126914623302517,
				"lost_packets":	12616,
				"packets":	46312,
				"lost_percent":	27.241319744342718,
				"omitted":	false,
				"sender":	false
			}
		}, {
			"streams":	[{
					"socket":	5,
					"start":	399.001073,
					"end":	400.000979,
					"seconds":	0.99990600347518921,
					"bytes":	43601060,
					"bits_per_second":	348841269.867078,
					"jitter_ms":	0.022966601529013777,
					"lost_packets":	12156,
					"packets":	44501,
					"lost_percent":	27.316240084492485,
					"omitted":	false,
					"sender":	false
				}],
			"sum":	{
				"start":	399.001073,
				"end":	400.000979,
				"seconds":	0.99990600347518921,
				"bytes":	43601060,
				"bits_per_second":	348841269.867078,
				"jitter_ms":	0.022966601529013777,
				"lost_packets":	12156,
				"packets":	44501,
				"lost_percent":	27.316240084492485,
				"omitted":	false,
				"sender":	false
			}
		}, {
			"streams":	[{
					"socket":	5,
					"start":	400.000979,
					"end":	401.001051,
					"seconds":	1.0000720024108887,
					"bytes":	46470952,
					"bits_per_second":	371740849.7625913,
					"jitter_ms":	0.0056660284059098873,
					"lost_packets":	13147,
					"packets":	47621,
					"lost_percent":	27.607568089708323,
					"omitted":	false,
					"sender":	false
				}],
			"sum":	{
				"start":	400.000979,
				"end":	401.001051,
				"seconds":	1.0000720024108887,
				"bytes":	46470952,
				"bits_per_second":	371740849.7625913,
				"jitter_ms":	0.0056660284059098873,
				"lost_packets":	13147,
				"packets":	47621,
				"lost_percent":	27.607568089708323,
				"omitted":	false,
				"sender":	false
			}
		}, {
			"streams":	[{
					"socket":	5,
					"start":	401.001051,
					"end":	402.001069,
					"seconds":	1.0000180006027222,
					"bytes":	46216180,
					"bits_per_second":	369722784.767034,
					"jitter_ms":	0.0059613639620134827,
					"lost_packets":	12682,
					"packets":	46967,
					"lost_percent":	27.0019375306066,
					"omitted":	false,
					"sender":	false
				}],
			"sum":	{
				"start":	401.001051,
				"end":	402.001069,
				"seconds":	1.0000180006027222,
				"bytes":	46216180,
				"bits_per_second":	369722784.767034,
				"jitter_ms":	0.0059613639620134827,
				"lost_packets":	12682,
				"packets":	46967,
				"lost_percent":	27.0019375306066,
				"omitted":	false,
				"sender":	false
			}
		}, {
			"streams":	[{
					"socket":	5,
					"start":	402.001069,
					"end":	403.001075,
					"seconds":	1.0000059604644775,
					"bytes":	43619932,
					"bits_per_second":	348957376.05195588,
					"jitter_ms":	0.039940380522022742,
					"lost_packets":	12532,
					"packets":	44891,
					"lost_percent":	27.916508877057762,
					"omitted":	false,
					"sender":	false
				}],
			"sum":	{
				"start":	402.001069,
				"end":	403.001075,
				"seconds":	1.0000059604644775,
				"bytes":	43619932,
				"bits_per_second":	348957376.05195588,
				"jitter_ms":	0.039940380522022742,
				"lost_packets":	12532,
				"packets":	44891,
				"lost_percent":	27.916508877057762,
				"omitted":	false,
				"sender":	false
			}
		}, {
			"streams":	[{
					"socket":	5,
					"start":	403.001075,
					"end":	404.000148,
					"seconds":	0.999073028564453,
					"bytes":	45358852,
					"bits_per_second":	363207498.97672784,
					"jitter_ms":	0.011462409945479656,
					"lost_packets":	12367,
					"packets":	46016,
					"lost_percent":	26.875434631432544,
					"omitted":	false,
					"sender":	false
				}],
			"sum":	{
				"start":	403.001075,
				"end":	404.000148,
				"seconds":	0.999073028564453,
				"bytes":	45358852,
				"bits_per_second":	363207498.97672784,
				"jitter_ms":	0.011462409945479656,
				"lost_packets":	12367,
				"packets":	46016,
				"lost_percent":	26.875434631432544,
				"omitted":	false,
				"sender":	false
			}
		}, {
			"streams":	[{
					"socket":	5,
					"start":	404.000148,
					"end":	405.001065,
					"seconds":	1.0009169578552246,
					"bytes":	45617668,
					"bits_per_second":	364607014.73376989,
					"jitter_ms":	0.010938804166035874,
					"lost_packets":	12757,
					"packets":	46598,
					"lost_percent":	27.376711446843213,
					"omitted":	false,
					"sender":	false
				}],
			"sum":	{
				"start":	404.000148,
				"end":	405.001065,
				"seconds":	1.0009169578552246,
				"bytes":	45617668,
				"bits_per_second":	364607014.73376989,
				"jitter_ms":	0.010938804166035874,
				"lost_packets":	12757,
				"packets":	46598,
				"lost_percent":	27.376711446843213,
				"omitted":	false,
				"sender":	false
			}
		}, {
			"streams":	[{
					"socket":	5,
					"start":	405.001065,
					"end":	406.001066,
					"seconds":	1.0000009536743164,
					"bytes":	46461516,
					"bits_per_second":	371691773.527102,
					"jitter_ms":	0.036768738564041538,
					"lost_packets":	13268,
					"packets":	47735,
					"lost_percent":	27.795118885513773,
					"omitted":	false,
					"sender":	false
				}],
			"sum":	{
				"start":	405.001065,
				"end":	406.001066,
				"seconds":	1.0000009536743164,
				"bytes":	46461516,
				"bits_per_second":	371691773.527102,
				"jitter_ms":	0.036768738564041538,
				"lost_packets":	13268,
				"packets":	47735,
				"lost_percent":	27.795118885513773,
				"omitted":	false,
				"sender":	false
			}
		}, {
			"streams":	[{
					"socket":	5,
					"start":	406.001066,
					"end":	407.001064,
					"seconds":	0.99999797344207764,
					"bytes":	44419296,
					"bits_per_second":	355355088.14766914,
					"jitter_ms":	0.074281639936899041,
					"lost_packets":	12399,
					"packets":	45351,
					"lost_percent":	27.340080703843356,
					"omitted":	false,
					"sender":	false
				}],
			"sum":	{
				"start":	406.001066,
				"end":	407.001064,
				"seconds":	0.99999797344207764,
				"bytes":	44419296,
				"bits_per_second":	355355088.14766914,
				"jitter_ms":	0.074281639936899041,
				"lost_packets":	12399,
				"packets":	45351,
				"lost_percent":	27.340080703843356,
				"omitted":	false,
				"sender":	false
			}
		}, {
			"streams":	[{
					"socket":	5,
					"start":	407.001064,
					"end":	408.001064,
					"seconds":	1,
					"bytes":	44868180,
					"bits_per_second":	358945440,
					"jitter_ms":	0.0075457171989662458,
					"lost_packets":	12320,
					"packets":	45605,
					"lost_percent":	27.01458173445894,
					"omitted":	false,
					"sender":	false
				}],
			"sum":	{
				"start":	407.001064,
				"end":	408.001064,
				"seconds":	1,
				"bytes":	44868180,
				"bits_per_second":	358945440,
				"jitter_ms":	0.0075457171989662458,
				"lost_packets":	12320,
				"packets":	45605,
				"lost_percent":	27.01458173445894,
				"omitted":	false,
				"sender":	false
			}
		}, {
			"streams":	[{
					"socket":	5,
					"start":	408.001064,
					"end":	409.001071,
					"seconds":	1.0000070333480835,
					"bytes":	45823912,
					"bits_per_second":	366588717.65394527,
					"jitter_ms":	0.0064082840386754146,
					"lost_packets":	12834,
					"packets":	46828,
					"lost_percent":	27.406679764243616,
					"omitted":	false,
					"sender":	false
				}],
			"sum":	{
				"start":	408.001064,
				"end":	409.001071,
				"seconds":	1.0000070333480835,
				"bytes":	45823912,
				"bits_per_second":	366588717.65394527,
				"jitter_ms":	0.0064082840386754146,
				"lost_packets":	12834,
				"packets":	46828,
				"lost_percent":	27.406679764243616,
				"omitted":	false,
				"sender":	false
			}
		}, {
			"streams":	[{
					"socket":	5,
					"start":	409.001071,
					"end":	410.001074,
					"seconds":	1.0000029802322388,
					"bytes":	46028808,
					"bits_per_second":	368229366.5909704,
					"jitter_ms":	0.016917388268710438,
					"lost_packets":	12801,
					"packets":	46947,
					"lost_percent":	27.2669180139306,
					"omitted":	false,
					"sender":	false
				}],
			"sum":	{
				"start":	409.001071,
				"end":	410.001074,
				"seconds":	1.0000029802322388,
				"bytes":	46028808,
				"bits_per_second":	368229366.5909704,
				"jitter_ms":	0.016917388268710438,
				"lost_packets":	12801,
				"packets":	46947,
				"lost_percent":	27.2669180139306,
				"omitted":	false,
				"sender":	false
			}
		}, {
			"streams":	[{
					"socket":	5,
					"start":	410.001074,
					"end":	411.001055,
					"seconds":	0.99998098611831665,
					"bytes":	44826392,
					"bits_per_second":	358617954.71936053,
					"jitter_ms":	0.0059401608563749,
					"lost_packets":	12530,
					"packets":	45784,
					"lost_percent":	27.367639349991265,
					"omitted":	false,
					"sender":	false
				}],
			"sum":	{
				"start":	410.001074,
				"end":	411.001055,
				"seconds":	0.99998098611831665,
				"bytes":	44826392,
				"bits_per_second":	358617954.71936053,
				"jitter_ms":	0.0059401608563749,
				"lost_packets":	12530,
				"packets":	45784,
				"lost_percent":	27.367639349991265,
				"omitted":	false,
				"sender":	false
			}
		}, {
			"streams":	[{
					"socket":	5,
					"start":	411.001055,
					"end":	412.000094,
					"seconds":	0.99903899431228638,
					"bytes":	46422424,
					"bits_per_second":	371736633.01866245,
					"jitter_ms":	0.18800750575557942,
					"lost_packets":	12917,
					"packets":	47355,
					"lost_percent":	27.276950691584837,
					"omitted":	false,
					"sender":	false
				}],
			"sum":	{
				"start":	411.001055,
				"end":	412.000094,
				"seconds":	0.99903899431228638,
				"bytes":	46422424,
				"bits_per_second":	371736633.01866245,
				"jitter_ms":	0.18800750575557942,
				"lost_packets":	12917,
				"packets":	47355,
				"lost_percent":	27.276950691584837,
				"omitted":	false,
				"sender":	false
			}
		}, {
			"streams":	[{
					"socket":	5,
					"start":	412.000094,
					"end":	413.001049,
					"seconds":	1.0009549856185913,
					"bytes":	43978500,
					"bits_per_second":	351492329.87991953,
					"jitter_ms":	0.0076058189596364886,
					"lost_packets":	12652,
					"packets":	45277,
					"lost_percent":	27.943547496521411,
					"omitted":	false,
					"sender":	false
				}],
			"sum":	{
				"start":	412.000094,
				"end":	413.001049,
				"seconds":	1.0009549856185913,
				"bytes":	43978500,
				"bits_per_second":	351492329.87991953,
				"jitter_ms":	0.0076058189596364886,
				"lost_packets":	12652,
				"packets":	45277,
				"lost_percent":	27.943547496521411,
				"omitted":	false,
				"sender":	false
			}
		}, {
			"streams":	[{
					"socket":	5,
					"start":	413.001049,
					"end":	414.001064,
					"seconds":	1.0000150203704834,
					"bytes":	45813128,
					"bits_per_second":	366499519.041442,
					"jitter_ms":	0.00933392609478423,
					"lost_packets":	12559,
					"packets":	46545,
					"lost_percent":	26.982490063379526,
					"omitted":	false,
					"sender":	false
				}],
			"sum":	{
				"start":	413.001049,
				"end":	414.001064,
				"seconds":	1.0000150203704834,
				"bytes":	45813128,
				"bits_per_second":	366499519.041442,
				"jitter_ms":	0.00933392609478423,
				"lost_packets":	12559,
				"packets":	46545,
				"lost_percent":	26.982490063379526,
				"omitted":	false,
				"sender":	false
			}
		}, {
			"streams":	[{
					"socket":	5,
					"start":	414.001064,
					"end":	415.001063,
					"seconds":	0.99999898672103882,
					"bytes":	44942320,
					"bits_per_second":	359538924.31322771,
					"jitter_ms":	0.0073431565697805942,
					"lost_packets":	12846,
					"packets":	46186,
					"lost_percent":	27.813623175854154,
					"omitted":	false,
					"sender":	false
				}],
			"sum":	{
				"start":	414.001064,
				"end":	415.001063,
				"seconds":	0.99999898672103882,
				"bytes":	44942320,
				"bits_per_second":	359538924.31322771,
				"jitter_ms":	0.0073431565697805942,
				"lost_packets":	12846,
				"packets":	46186,
				"lost_percent":	27.813623175854154,
				"omitted":	false,
				"sender":	false
			}
		}, {
			"streams":	[{
					"socket":	5,
					"start":	415.001063,
					"end":	416.001061,
					"seconds":	0.99999797344207764,
					"bytes":	46256620,
					"bits_per_second":	370053709.93527758,
					"jitter_ms":	0.014064292278077428,
					"lost_packets":	12685,
					"packets":	47000,
					"lost_percent":	26.98936170212766,
					"omitted":	false,
					"sender":	false
				}],
			"sum":	{
				"start":	415.001063,
				"end":	416.001061,
				"seconds":	0.99999797344207764,
				"bytes":	46256620,
				"bits_per_second":	370053709.93527758,
				"jitter_ms":	0.014064292278077428,
				"lost_packets":	12685,
				"packets":	47000,
				"lost_percent":	26.98936170212766,
				"omitted":	false,
				"sender":	false
			}
		}, {
			"streams":	[{
					"socket":	5,
					"start":	416.001061,
					"end":	417.00105,
					"seconds":	0.99998897314071655,
					"bytes":	44939624,
					"bits_per_second":	359520956.38699555,
					"jitter_ms":	0.0061267874431607831,
					"lost_packets":	12488,
					"packets":	45826,
					"lost_percent":	27.250905599441364,
					"omitted":	false,
					"sender":	false
				}],
			"sum":	{
				"start":	416.001061,
				"end":	417.00105,
				"seconds":	0.99998897314071655,
				"bytes":	44939624,
				"bits_per_second":	359520956.38699555,
				"jitter_ms":	0.0061267874431607831,
				"lost_packets":	12488,
				"packets":	45826,
				"lost_percent":	27.250905599441364,
				"omitted":	false,
				"sender":	false
			}
		}, {
			"streams":	[{
					"socket":	5,
					"start":	417.00105,
					"end":	418.001063,
					"seconds":	1.000012993812561,
					"bytes":	45296844,
					"bits_per_second":	362370043.431578,
					"jitter_ms":	0.0062606799672088936,
					"lost_packets":	12762,
					"packets":	46365,
					"lost_percent":	27.525072791976708,
					"omitted":	false,
					"sender":	false
				}],
			"sum":	{
				"start":	417.00105,
				"end":	418.001063,
				"seconds":	1.000012993812561,
				"bytes":	45296844,
				"bits_per_second":	362370043.431578,
				"jitter_ms":	0.0062606799672088936,
				"lost_packets":	12762,
				"packets":	46365,
				"lost_percent":	27.525072791976708,
				"omitted":	false,
				"sender":	false
			}
		}, {
			"streams":	[{
					"socket":	5,
					"start":	418.001063,
					"end":	419.001071,
					"seconds":	1.0000079870224,
					"bytes":	44905924,
					"bits_per_second":	359244522.70595,
					"jitter_ms":	0.0071068278769026256,
					"lost_packets":	12816,
					"packets":	46129,
					"lost_percent":	27.782956491577966,
					"omitted":	false,
					"sender":	false
				}],
			"sum":	{
				"start":	418.001063,
				"end":	419.001071,
				"seconds":	1.0000079870224,
				"bytes":	44905924,
				"bits_per_second":	359244522.70595,
				"jitter_ms":	0.0071068278769026256,
				"lost_packets":	12816,
				"packets":	46129,
				"lost_percent":	27.782956491577966,
				"omitted":	false,
				"sender":	false
			}
		}, {
			"streams":	[{
					"socket":	5,
					"start":	419.001071,
					"end":	420.001065,
					"seconds":	0.99999397993087769,
					"bytes":	46801212,
					"bits_per_second":	374411949.98581916,
					"jitter_ms":	0.0061280656266211242,
					"lost_packets":	12902,
					"packets":	47621,
					"lost_percent":	27.093089183343483,
					"omitted":	false,
					"sender":	false
				}],
			"sum":	{
				"start":	419.001071,
				"end":	420.001065,
				"seconds":	0.99999397993087769,
				"bytes":	46801212,
				"bits_per_second":	374411949.98581916,
				"jitter_ms":	0.0061280656266211242,
				"lost_packets":	12902,
				"packets":	47621,
				"lost_percent":	27.093089183343483,
				"omitted":	false,
				"sender":	false
			}
		}, {
			"streams":	[{
					"socket":	5,
					"start":	420.001065,
					"end":	421.001049,
					"seconds":	0.9999840259552002,
					"bytes":	44320892,
					"bits_per_second":	354572799.9617914,
					"jitter_ms":	0.0057589710565557175,
					"lost_packets":	12375,
					"packets":	45254,
					"lost_percent":	27.345649003403015,
					"omitted":	false,
					"sender":	false
				}],
			"sum":	{
				"start":	420.001065,
				"end":	421.001049,
				"seconds":	0.9999840259552002,
				"bytes":	44320892,
				"bits_per_second":	354572799.9617914,
				"jitter_ms":	0.0057589710565557175,
				"lost_packets":	12375,
				"packets":	45254,
				"lost_percent":	27.345649003403015,
				"omitted":	false,
				"sender":	false
			}
		}, {
			"streams":	[{
					"socket":	5,
					"start":	421.001049,
					"end":	422.001065,
					"seconds":	1.0000159740448,
					"bytes":	45544876,
					"bits_per_second":	364353187.805855,
					"jitter_ms":	0.042269268776043444,
					"lost_packets":	12731,
					"packets":	46518,
					"lost_percent":	27.367900597618128,
					"omitted":	false,
					"sender":	false
				}],
			"sum":	{
				"start":	421.001049,
				"end":	422.001065,
				"seconds":	1.0000159740448,
				"bytes":	45544876,
				"bits_per_second":	364353187.805855,
				"jitter_ms":	0.042269268776043444,
				"lost_packets":	12731,
				"packets":	46518,
				"lost_percent":	27.367900597618128,
				"omitted":	false,
				"sender":	false
			}
		}, {
			"streams":	[{
					"socket":	5,
					"start":	422.001065,
					"end":	423.001072,
					"seconds":	1.0000070333480835,
					"bytes":	46360416,
					"bits_per_second":	370880719.46680254,
					"jitter_ms":	0.026449137380977244,
					"lost_packets":	12902,
					"packets":	47294,
					"lost_percent":	27.280416120438112,
					"omitted":	false,
					"sender":	false
				}],
			"sum":	{
				"start":	422.001065,
				"end":	423.001072,
				"seconds":	1.0000070333480835,
				"bytes":	46360416,
				"bits_per_second":	370880719.46680254,
				"jitter_ms":	0.026449137380977244,
				"lost_packets":	12902,
				"packets":	47294,
				"lost_percent":	27.280416120438112,
				"omitted":	false,
				"sender":	false
			}
		}, {
			"streams":	[{
					"socket":	5,
					"start":	423.001072,
					"end":	424.000834,
					"seconds":	0.999761998653412,
					"bytes":	43866616,
					"bits_per_second":	351016470.392628,
					"jitter_ms":	0.00791494829779697,
					"lost_packets":	12733,
					"packets":	45275,
					"lost_percent":	28.123688569850913,
					"omitted":	false,
					"sender":	false
				}],
			"sum":	{
				"start":	423.001072,
				"end":	424.000834,
				"seconds":	0.999761998653412,
				"bytes":	43866616,
				"bits_per_second":	351016470.392628,
				"jitter_ms":	0.00791494829779697,
				"lost_packets":	12733,
				"packets":	45275,
				"lost_percent":	28.123688569850913,
				"omitted":	false,
				"sender":	false
			}
		}, {
			"streams":	[{
					"socket":	5,
					"start":	424.000834,
					"end":	425.00223,
					"seconds":	1.0013959407806396,
					"bytes":	45799648,
					"bits_per_second":	365886428.21377379,
					"jitter_ms":	0.012342711583932556,
					"lost_packets":	12846,
					"packets":	46822,
					"lost_percent":	27.435820768015034,
					"omitted":	false,
					"sender":	false
				}],
			"sum":	{
				"start":	424.000834,
				"end":	425.00223,
				"seconds":	1.0013959407806396,
				"bytes":	45799648,
				"bits_per_second":	365886428.21377379,
				"jitter_ms":	0.012342711583932556,
				"lost_packets":	12846,
				"packets":	46822,
				"lost_percent":	27.435820768015034,
				"omitted":	false,
				"sender":	false
			}
		}, {
			"streams":	[{
					"socket":	5,
					"start":	425.00223,
					"end":	426.001049,
					"seconds":	0.99881899356842041,
					"bytes":	45322456,
					"bits_per_second":	363008363.21167016,
					"jitter_ms":	0.019680451904461032,
					"lost_packets":	12732,
					"packets":	46354,
					"lost_percent":	27.466885274194244,
					"omitted":	false,
					"sender":	false
				}],
			"sum":	{
				"start":	425.00223,
				"end":	426.001049,
				"seconds":	0.99881899356842041,
				"bytes":	45322456,
				"bits_per_second":	363008363.21167016,
				"jitter_ms":	0.019680451904461032,
				"lost_packets":	12732,
				"packets":	46354,
				"lost_percent":	27.466885274194244,
				"omitted":	false,
				"sender":	false
			}
		}, {
			"streams":	[{
					"socket":	5,
					"start":	426.001049,
					"end":	427.001074,
					"seconds":	1.0000250339508057,
					"bytes":	44942320,
					"bits_per_second":	359529559.554693,
					"jitter_ms":	0.044570766605733475,
					"lost_packets":	12224,
					"packets":	45564,
					"lost_percent":	26.828197699938549,
					"omitted":	false,
					"sender":	false
				}],
			"sum":	{
				"start":	426.001049,
				"end":	427.001074,
				"seconds":	1.0000250339508057,
				"bytes":	44942320,
				"bits_per_second":	359529559.554693,
				"jitter_ms":	0.044570766605733475,
				"lost_packets":	12224,
				"packets":	45564,
				"lost_percent":	26.828197699938549,
				"omitted":	false,
				"sender":	false
			}
		}, {
			"streams":	[{
					"socket":	5,
					"start":	427.001074,
					"end":	428.00035,
					"seconds":	0.99927598237991333,
					"bytes":	45296844,
					"bits_per_second":	362637307.80054837,
					"jitter_ms":	0.0411343886583889,
					"lost_packets":	12764,
					"packets":	46367,
					"lost_percent":	27.5281989345871,
					"omitted":	false,
					"sender":	false
				}],
			"sum":	{
				"start":	427.001074,
				"end":	428.00035,
				"seconds":	0.99927598237991333,
				"bytes":	45296844,
				"bits_per_second":	362637307.80054837,
				"jitter_ms":	0.0411343886583889,
				"lost_packets":	12764,
				"packets":	46367,
				"lost_percent":	27.5281989345871,
				"omitted":	false,
				"sender":	false
			}
		}, {
			"streams":	[{
					"socket":	5,
					"start":	428.00035,
					"end":	429.00107,
					"seconds":	1.0007200241088867,
					"bytes":	45837392,
					"bits_per_second":	366435293.75415,
					"jitter_ms":	0.012069796510071592,
					"lost_packets":	13169,
					"packets":	47173,
					"lost_percent":	27.916392851843217,
					"omitted":	false,
					"sender":	false
				}],
			"sum":	{
				"start":	428.00035,
				"end":	429.00107,
				"seconds":	1.0007200241088867,
				"bytes":	45837392,
				"bits_per_second":	366435293.75415,
				"jitter_ms":	0.012069796510071592,
				"lost_packets":	13169,
				"packets":	47173,
				"lost_percent":	27.916392851843217,
				"omitted":	false,
				"sender":	false
			}
		}, {
			"streams":	[{
					"socket":	5,
					"start":	429.00107,
					"end":	430.001051,
					"seconds":	0.99998098611831665,
					"bytes":	45370984,
					"bits_per_second":	362974773.55939847,
					"jitter_ms":	0.0071172013810645767,
					"lost_packets":	12351,
					"packets":	46009,
					"lost_percent":	26.844747766741289,
					"omitted":	false,
					"sender":	false
				}],
			"sum":	{
				"start":	429.00107,
				"end":	430.001051,
				"seconds":	0.99998098611831665,
				"bytes":	45370984,
				"bits_per_second":	362974773.55939847,
				"jitter_ms":	0.0071172013810645767,
				"lost_packets":	12351,
				"packets":	46009,
				"lost_percent":	26.844747766741289,
				"omitted":	false,
				"sender":	false
			}
		}, {
			"streams":	[{
					"socket":	5,
					"start":	430.001051,
					"end":	431.001063,
					"seconds":	1.0000120401382446,
					"bytes":	46262012,
					"bits_per_second":	370091640.04549068,
					"jitter_ms":	0.010809473161499921,
					"lost_packets":	13056,
					"packets":	47375,
					"lost_percent":	27.558839050131926,
					"omitted":	false,
					"sender":	false
				}],
			"sum":	{
				"start":	430.001051,
				"end":	431.001063,
				"seconds":	1.0000120401382446,
				"bytes":	46262012,
				"bits_per_second":	370091640.04549068,
				"jitter_ms":	0.010809473161499921,
				"lost_packets":	13056,
				"packets":	47375,
				"lost_percent":	27.558839050131926,
				"omitted":	false,
				"sender":	false
			}
		}, {
			"streams":	[{
					"socket":	5,
					"start":	431.001063,
					"end":	432.001069,
					"seconds":	1.0000059604644775,
					"bytes":	43979848,
					"bits_per_second":	351836686.8899259,
					"jitter_ms":	0.0076536623372641119,
					"lost_packets":	12260,
					"packets":	44886,
					"lost_percent":	27.313638996569086,
					"omitted":	false,
					"sender":	false
				}],
			"sum":	{
				"start":	431.001063,
				"end":	432.001069,
				"seconds":	1.0000059604644775,
				"bytes":	43979848,
				"bits_per_second":	351836686.8899259,
				"jitter_ms":	0.0076536623372641119,
				"lost_packets":	12260,
				"packets":	44886,
				"lost_percent":	27.313638996569086,
				"omitted":	false,
				"sender":	false
			}
		}, {
			"streams":	[{
					"socket":	5,
					"start":	432.001069,
					"end":	433.001062,
					"seconds":	0.99999302625656128,
					"bytes":	46356372,
					"bits_per_second":	370853562.23759639,
					"jitter_ms":	0.026376495961649763,
					"lost_packets":	13065,
					"packets":	47454,
					"lost_percent":	27.531925654317867,
					"omitted":	false,
					"sender":	false
				}],
			"sum":	{
				"start":	432.001069,
				"end":	433.001062,
				"seconds":	0.99999302625656128,
				"bytes":	46356372,
				"bits_per_second":	370853562.23759639,
				"jitter_ms":	0.026376495961649763,
				"lost_packets":	13065,
				"packets":	47454,
				"lost_percent":	27.531925654317867,
				"omitted":	false,
				"sender":	false
			}
		}, {
			"streams":	[{
					"socket":	5,
					"start":	433.001062,
					"end":	434.001048,
					"seconds":	0.99998599290847778,
					"bytes":	44459736,
					"bits_per_second":	355682870.08251411,
					"jitter_ms":	0.042407028545891755,
					"lost_packets":	12309,
					"packets":	45291,
					"lost_percent":	27.177584950652449,
					"omitted":	false,
					"sender":	false
				}],
			"sum":	{
				"start":	433.001062,
				"end":	434.001048,
				"seconds":	0.99998599290847778,
				"bytes":	44459736,
				"bits_per_second":	355682870.08251411,
				"jitter_ms":	0.042407028545891755,
				"lost_packets":	12309,
				"packets":	45291,
				"lost_percent":	27.177584950652449,
				"omitted":	false,
				"sender":	false
			}
		}, {
			"streams":	[{
					"socket":	5,
					"start":	434.001048,
					"end":	435.00107,
					"seconds":	1.0000220537185669,
					"bytes":	45334588,
					"bits_per_second":	362668705.80642915,
					"jitter_ms":	0.044415636791530363,
					"lost_packets":	12737,
					"packets":	46368,
					"lost_percent":	27.469375431331954,
					"omitted":	false,
					"sender":	false
				}],
			"sum":	{
				"start":	434.001048,
				"end":	435.00107,
				"seconds":	1.0000220537185669,
				"bytes":	45334588,
				"bits_per_second":	362668705.80642915,
				"jitter_ms":	0.044415636791530363,
				"lost_packets":	12737,
				"packets":	46368,
				"lost_percent":	27.469375431331954,
				"omitted":	false,
				"sender":	false
			}
		}, {
			"streams":	[{
					"socket":	5,
					"start":	435.00107,
					"end":	436.001064,
					"seconds":	0.99999397993087769,
					"bytes":	45786168,
					"bits_per_second":	366291549.1004445,
					"jitter_ms":	0.0066489892754979718,
					"lost_packets":	12850,
					"packets":	46816,
					"lost_percent":	27.44788106630212,
					"omitted":	false,
					"sender":	false
				}],
			"sum":	{
				"start":	435.00107,
				"end":	436.001064,
				"seconds":	0.99999397993087769,
				"bytes":	45786168,
				"bits_per_second":	366291549.1004445,
				"jitter_ms":	0.0066489892754979718,
				"lost_packets":	12850,
				"packets":	46816,
				"lost_percent":	27.44788106630212,
				"omitted":	false,
				"sender":	false
			}
		}, {
			"streams":	[{
					"socket":	5,
					"start":	436.001064,
					"end":	437.001067,
					"seconds":	1.0000029802322388,
					"bytes":	45396596,
					"bits_per_second":	363171685.66403419,
					"jitter_ms":	0.0092235426661422329,
					"lost_packets":	12771,
					"packets":	46448,
					"lost_percent":	27.495263520496039,
					"omitted":	false,
					"sender":	false
				}],
			"sum":	{
				"start":	436.001064,
				"end":	437.001067,
				"seconds":	1.0000029802322388,
				"bytes":	45396596,
				"bits_per_second":	363171685.66403419,
				"jitter_ms":	0.0092235426661422329,
				"lost_packets":	12771,
				"packets":	46448,
				"lost_percent":	27.495263520496039,
				"omitted":	false,
				"sender":	false
			}
		}, {
			"streams":	[{
					"socket":	5,
					"start":	437.001067,
					"end":	438.001091,
					"seconds":	1.0000239610672,
					"bytes":	45753816,
					"bits_per_second":	366021757.7280665,
					"jitter_ms":	0.013443969116282716,
					"lost_packets":	12879,
					"packets":	46821,
					"lost_percent":	27.506887934901005,
					"omitted":	false,
					"sender":	false
				}],
			"sum":	{
				"start":	437.001067,
				"end":	438.001091,
				"seconds":	1.0000239610672,
				"bytes":	45753816,
				"bits_per_second":	366021757.7280665,
				"jitter_ms":	0.013443969116282716,
				"lost_packets":	12879,
				"packets":	46821,
				"lost_percent":	27.506887934901005,
				"omitted":	false,
				"sender":	false
			}
		}, {
			"streams":	[{
					"socket":	5,
					"start":	438.001091,
					"end":	439.001067,
					"seconds":	0.99997597932815552,
					"bytes":	45954668,
					"bits_per_second":	367646175.10812718,
					"jitter_ms":	0.024820979994787547,
					"lost_packets":	12727,
					"packets":	46818,
					"lost_percent":	27.1839890640352,
					"omitted":	false,
					"sender":	false
				}],
			"sum":	{
				"start":	438.001091,
				"end":	439.001067,
				"seconds":	0.99997597932815552,
				"bytes":	45954668,
				"bits_per_second":	367646175.10812718,
				"jitter_ms":	0.024820979994787547,
				"lost_packets":	12727,
				"packets":	46818,
				"lost_percent":	27.1839890640352,
				"omitted":	false,
				"sender":	false
			}
		}, {
			"streams":	[{
					"socket":	5,
					"start":	439.001067,
					"end":	440.001057,
					"seconds":	0.99998998641967773,
					"bytes":	44331676,
					"bits_per_second":	354656959.38594967,
					"jitter_ms":	0.0097060523291683954,
					"lost_packets":	12569,
					"packets":	45456,
					"lost_percent":	27.650915170714537,
					"omitted":	false,
					"sender":	false
				}],
			"sum":	{
				"start":	439.001067,
				"end":	440.001057,
				"seconds":	0.99998998641967773,
				"bytes":	44331676,
				"bits_per_second":	354656959.38594967,
				"jitter_ms":	0.0097060523291683954,
				"lost_packets":	12569,
				"packets":	45456,
				"lost_percent":	27.650915170714537,
				"omitted":	false,
				"sender":	false
			}
		}, {
			"streams":	[{
					"socket":	5,
					"start":	440.001057,
					"end":	441.001246,
					"seconds":	1.000188946723938,
					"bytes":	45470736,
					"bits_per_second":	363697168.61148536,
					"jitter_ms":	0.00620873809345137,
					"lost_packets":	12550,
					"packets":	46282,
					"lost_percent":	27.116373536147961,
					"omitted":	false,
					"sender":	false
				}],
			"sum":	{
				"start":	440.001057,
				"end":	441.001246,
				"seconds":	1.000188946723938,
				"bytes":	45470736,
				"bits_per_second":	363697168.61148536,
				"jitter_ms":	0.00620873809345137,
				"lost_packets":	12550,
				"packets":	46282,
				"lost_percent":	27.116373536147961,
				"omitted":	false,
				"sender":	false
			}
		}, {
			"streams":	[{
					"socket":	5,
					"start":	441.001246,
					"end":	442.001063,
					"seconds":	0.99981701374053955,
					"bytes":	44942320,
					"bits_per_second":	359604362.65720832,
					"jitter_ms":	0.042169851760259773,
					"lost_packets":	12571,
					"packets":	45911,
					"lost_percent":	27.381237611901287,
					"omitted":	false,
					"sender":	false
				}],
			"sum":	{
				"start":	441.001246,
				"end":	442.001063,
				"seconds":	0.99981701374053955,
				"bytes":	44942320,
				"bits_per_second":	359604362.65720832,
				"jitter_ms":	0.042169851760259773,
				"lost_packets":	12571,
				"packets":	45911,
				"lost_percent":	27.381237611901287,
				"omitted":	false,
				"sender":	false
			}
		}, {
			"streams":	[{
					"socket":	5,
					"start":	442.001063,
					"end":	443.001065,
					"seconds":	1.0000020265579224,
					"bytes":	45334588,
					"bits_per_second":	362675969.01614171,
					"jitter_ms":	0.042156684962990632,
					"lost_packets":	12734,
					"packets":	46365,
					"lost_percent":	27.464682411301627,
					"omitted":	false,
					"sender":	false
				}],
			"sum":	{
				"start":	442.001063,
				"end":	443.001065,
				"seconds":	1.0000020265579224,
				"bytes":	45334588,
				"bits_per_second":	362675969.01614171,
				"jitter_ms":	0.042156684962990632,
				"lost_packets":	12734,
				"packets":	46365,
				"lost_percent":	27.464682411301627,
				"omitted":	false,
				"sender":	false
			}
		}, {
			"streams":	[{
					"socket":	5,
					"start":	443.001065,
					"end":	444.001057,
					"seconds":	0.9999920129776,
					"bytes":	45775384,
					"bits_per_second":	366205996.89550018,
					"jitter_ms":	0.0091574269693811931,
					"lost_packets":	12852,
					"packets":	46810,
					"lost_percent":	27.455671864986115,
					"omitted":	false,
					"sender":	false
				}],
			"sum":	{
				"start":	443.001065,
				"end":	444.001057,
				"seconds":	0.9999920129776,
				"bytes":	45775384,
				"bits_per_second":	366205996.89550018,
				"jitter_ms":	0.0091574269693811931,
				"lost_packets":	12852,
				"packets":	46810,
				"lost_percent":	27.455671864986115,
				"omitted":	false,
				"sender":	false
			}
		}, {
			"streams":	[{
					"socket":	5,
					"start":	444.001057,
					"end":	445.001063,
					"seconds":	1.0000059604644775,
					"bytes":	45854916,
					"bits_per_second":	366837141.48024917,
					"jitter_ms":	0.01211554232078256,
					"lost_packets":	13130,
					"packets":	47147,
					"lost_percent":	27.849067809192526,
					"omitted":	false,
					"sender":	false
				}],
			"sum":	{
				"start":	444.001057,
				"end":	445.001063,
				"seconds":	1.0000059604644775,
				"bytes":	45854916,
				"bits_per_second":	366837141.48024917,
				"jitter_ms":	0.01211554232078256,
				"lost_packets":	13130,
				"packets":	47147,
				"lost_percent":	27.849067809192526,
				"omitted":	false,
				"sender":	false
			}
		}, {
			"streams":	[{
					"socket":	5,
					"start":	445.001063,
					"end":	446.001067,
					"seconds":	1.0000040531158447,
					"bytes":	44359984,
					"bits_per_second":	354878433.63659769,
					"jitter_ms":	0.054462725583266584,
					"lost_packets":	12457,
					"packets":	45365,
					"lost_percent":	27.459495205554944,
					"omitted":	false,
					"sender":	false
				}],
			"sum":	{
				"start":	445.001063,
				"end":	446.001067,
				"seconds":	1.0000040531158447,
				"bytes":	44359984,
				"bits_per_second":	354878433.63659769,
				"jitter_ms":	0.054462725583266584,
				"lost_packets":	12457,
				"packets":	45365,
				"lost_percent":	27.459495205554944,
				"omitted":	false,
				"sender":	false
			}
		}, {
			"streams":	[{
					"socket":	5,
					"start":	446.001067,
					"end":	447.001047,
					"seconds":	0.99997997283935547,
					"bytes":	46293016,
					"bits_per_second":	370351545.08988845,
					"jitter_ms":	0.023399261521998355,
					"lost_packets":	12779,
					"packets":	47121,
					"lost_percent":	27.119543303410371,
					"omitted":	false,
					"sender":	false
				}],
			"sum":	{
				"start":	446.001067,
				"end":	447.001047,
				"seconds":	0.99997997283935547,
				"bytes":	46293016,
				"bits_per_second":	370351545.08988845,
				"jitter_ms":	0.023399261521998355,
				"lost_packets":	12779,
				"packets":	47121,
				"lost_percent":	27.119543303410371,
				"omitted":	false,
				"sender":	false
			}
		}, {
			"streams":	[{
					"socket":	5,
					"start":	447.001047,
					"end":	448.001069,
					"seconds":	1.0000220537185669,
					"bytes":	45064988,
					"bits_per_second":	360511953.37084037,
					"jitter_ms":	0.00618251668676406,
					"lost_packets":	12405,
					"packets":	45836,
					"lost_percent":	27.063879919713763,
					"omitted":	false,
					"sender":	false
				}],
			"sum":	{
				"start":	447.001047,
				"end":	448.001069,
				"seconds":	1.0000220537185669,
				"bytes":	45064988,
				"bits_per_second":	360511953.37084037,
				"jitter_ms":	0.00618251668676406,
				"lost_packets":	12405,
				"packets":	45836,
				"lost_percent":	27.063879919713763,
				"omitted":	false,
				"sender":	false
			}
		}, {
			"streams":	[{
					"socket":	5,
					"start":	448.001069,
					"end":	449.001059,
					"seconds":	0.99998998641967773,
					"bytes":	45482868,
					"bits_per_second":	363866587.60730159,
					"jitter_ms":	0.029442759044782368,
					"lost_packets":	12686,
					"packets":	46427,
					"lost_percent":	27.324617140887845,
					"omitted":	false,
					"sender":	false
				}],
			"sum":	{
				"start":	448.001069,
				"end":	449.001059,
				"seconds":	0.99998998641967773,
				"bytes":	45482868,
				"bits_per_second":	363866587.60730159,
				"jitter_ms":	0.029442759044782368,
				"lost_packets":	12686,
				"packets":	46427,
				"lost_percent":	27.324617140887845,
				"omitted":	false,
				"sender":	false
			}
		}, {
			"streams":	[{
					"socket":	5,
					"start":	449.001059,
					"end":	450.001067,
					"seconds":	1.0000079870224,
					"bytes":	45042072,
					"bits_per_second":	360333698.00668257,
					"jitter_ms":	0.0063573835520691164,
					"lost_packets":	12519,
					"packets":	45933,
					"lost_percent":	27.254914767160866,
					"omitted":	false,
					"sender":	false
				}],
			"sum":	{
				"start":	449.001059,
				"end":	450.001067,
				"seconds":	1.0000079870224,
				"bytes":	45042072,
				"bits_per_second":	360333698.00668257,
				"jitter_ms":	0.0063573835520691164,
				"lost_packets":	12519,
				"packets":	45933,
				"lost_percent":	27.254914767160866,
				"omitted":	false,
				"sender":	false
			}
		}, {
			"streams":	[{
					"socket":	5,
					"start":	450.001067,
					"end":	451.001074,
					"seconds":	1.0000070333480835,
					"bytes":	45372332,
					"bits_per_second":	362976103.06272119,
					"jitter_ms":	0.0084908828268399732,
					"lost_packets":	12697,
					"packets":	46356,
					"lost_percent":	27.390197601173526,
					"omitted":	false,
					"sender":	false
				}],
			"sum":	{
				"start":	450.001067,
				"end":	451.001074,
				"seconds":	1.0000070333480835,
				"bytes":	45372332,
				"bits_per_second":	362976103.06272119,
				"jitter_ms":	0.0084908828268399732,
				"lost_packets":	12697,
				"packets":	46356,
				"lost_percent":	27.390197601173526,
				"omitted":	false,
				"sender":	false
			}
		}, {
			"streams":	[{
					"socket":	5,
					"start":	451.001074,
					"end":	452.000086,
					"seconds":	0.999011993408203,
					"bytes":	45787516,
					"bits_per_second":	366662392.86111081,
					"jitter_ms":	0.0061004681157130316,
					"lost_packets":	12777,
					"packets":	46744,
					"lost_percent":	27.333989389012494,
					"omitted":	false,
					"sender":	false
				}],
			"sum":	{
				"start":	451.001074,
				"end":	452.000086,
				"seconds":	0.999011993408203,
				"bytes":	45787516,
				"bits_per_second":	366662392.86111081,
				"jitter_ms":	0.0061004681157130316,
				"lost_packets":	12777,
				"packets":	46744,
				"lost_percent":	27.333989389012494,
				"omitted":	false,
				"sender":	false
			}
		}, {
			"streams":	[{
					"socket":	5,
					"start":	452.000086,
					"end":	453.001069,
					"seconds":	1.0009829998016357,
					"bytes":	45396596,
					"bits_per_second":	362816119.82618064,
					"jitter_ms":	0.021081797679991257,
					"lost_packets":	12755,
					"packets":	46432,
					"lost_percent":	27.47027911784976,
					"omitted":	false,
					"sender":	false
				}],
			"sum":	{
				"start":	452.000086,
				"end":	453.001069,
				"seconds":	1.0009829998016357,
				"bytes":	45396596,
				"bits_per_second":	362816119.82618064,
				"jitter_ms":	0.021081797679991257,
				"lost_packets":	12755,
				"packets":	46432,
				"lost_percent":	27.47027911784976,
				"omitted":	false,
				"sender":	false
			}
		}, {
			"streams":	[{
					"socket":	5,
					"start":	453.001069,
					"end":	454.001064,
					"seconds":	0.999994993209839,
					"bytes":	45889964,
					"bits_per_second":	367121550.100565,
					"jitter_ms":	0.013515506509469017,
					"lost_packets":	12794,
					"packets":	46837,
					"lost_percent":	27.316010846125927,
					"omitted":	false,
					"sender":	false
				}],
			"sum":	{
				"start":	453.001069,
				"end":	454.001064,
				"seconds":	0.999994993209839,
				"bytes":	45889964,
				"bits_per_second":	367121550.100565,
				"jitter_ms":	0.013515506509469017,
				"lost_packets":	12794,
				"packets":	46837,
				"lost_percent":	27.316010846125927,
				"omitted":	false,
				"sender":	false
			}
		}, {
			"streams":	[{
					"socket":	5,
					"start":	454.001064,
					"end":	455.001048,
					"seconds":	0.9999840259552002,
					"bytes":	44498828,
					"bits_per_second":	355996310.70101571,
					"jitter_ms":	0.040919617545252716,
					"lost_packets":	12361,
					"packets":	45372,
					"lost_percent":	27.243674512915454,
					"omitted":	false,
					"sender":	false
				}],
			"sum":	{
				"start":	454.001064,
				"end":	455.001048,
				"seconds":	0.9999840259552002,
				"bytes":	44498828,
				"bits_per_second":	355996310.70101571,
				"jitter_ms":	0.040919617545252716,
				"lost_packets":	12361,
				"packets":	45372,
				"lost_percent":	27.243674512915454,
				"omitted":	false,
				"sender":	false
			}
		}, {
			"streams":	[{
					"socket":	5,
					"start":	455.001048,
					"end":	456.001067,
					"seconds":	1.0000189542770386,
					"bytes":	46332108,
					"bits_per_second":	370649838.60027486,
					"jitter_ms":	0.03060197124545079,
					"lost_packets":	13019,
					"packets":	47390,
					"lost_percent":	27.472040514876557,
					"omitted":	false,
					"sender":	false
				}],
			"sum":	{
				"start":	455.001048,
				"end":	456.001067,
				"seconds":	1.0000189542770386,
				"bytes":	46332108,
				"bits_per_second":	370649838.60027486,
				"jitter_ms":	0.03060197124545079,
				"lost_packets":	13019,
				"packets":	47390,
				"lost_percent":	27.472040514876557,
				"omitted":	false,
				"sender":	false
			}
		}, {
			"streams":	[{
					"socket":	5,
					"start":	456.001067,
					"end":	457.00105,
					"seconds":	0.999983012676239,
					"bytes":	44663284,
					"bits_per_second":	357312341.7804336,
					"jitter_ms":	0.021950036400921438,
					"lost_packets":	12727,
					"packets":	45860,
					"lost_percent":	27.7518534670737,
					"omitted":	false,
					"sender":	false
				}],
			"sum":	{
				"start":	456.001067,
				"end":	457.00105,
				"seconds":	0.999983012676239,
				"bytes":	44663284,
				"bits_per_second":	357312341.7804336,
				"jitter_ms":	0.021950036400921438,
				"lost_packets":	12727,
				"packets":	45860,
				"lost_percent":	27.7518534670737,
				"omitted":	false,
				"sender":	false
			}
		}, {
			"streams":	[{
					"socket":	5,
					"start":	457.00105,
					"end":	458.001521,
					"seconds":	1.0004709959030151,
					"bytes":	46152824,
					"bits_per_second":	369048771.5405916,
					"jitter_ms":	0.020771376168410509,
					"lost_packets":	12592,
					"packets":	46830,
					"lost_percent":	26.888746530002134,
					"omitted":	false,
					"sender":	false
				}],
			"sum":	{
				"start":	457.00105,
				"end":	458.001521,
				"seconds":	1.0004709959030151,
				"bytes":	46152824,
				"bits_per_second":	369048771.5405916,
				"jitter_ms":	0.020771376168410509,
				"lost_packets":	12592,
				"packets":	46830,
				"lost_percent":	26.888746530002134,
				"omitted":	false,
				"sender":	false
			}
		}, {
			"streams":	[{
					"socket":	5,
					"start":	458.001521,
					"end":	459.001062,
					"seconds":	0.99954098463058472,
					"bytes":	44586448,
					"bits_per_second":	356855386.10688168,
					"jitter_ms":	0.0118838363424645,
					"lost_packets":	12373,
					"packets":	45449,
					"lost_percent":	27.223921318400844,
					"omitted":	false,
					"sender":	false
				}],
			"sum":	{
				"start":	458.001521,
				"end":	459.001062,
				"seconds":	0.99954098463058472,
				"bytes":	44586448,
				"bits_per_second":	356855386.10688168,
				"jitter_ms":	0.0118838363424645,
				"lost_packets":	12373,
				"packets":	45449,
				"lost_percent":	27.223921318400844,
				"omitted":	false,
				"sender":	false
			}
		}, {
			"streams":	[{
					"socket":	5,
					"start":	459.001062,
					"end":	460.001065,
					"seconds":	1.0000029802322388,
					"bytes":	46394116,
					"bits_per_second":	371151821.881375,
					"jitter_ms":	0.023452568951579433,
					"lost_packets":	13094,
					"packets":	47511,
					"lost_percent":	27.559933489086738,
					"omitted":	false,
					"sender":	false
				}],
			"sum":	{
				"start":	459.001062,
				"end":	460.001065,
				"seconds":	1.0000029802322388,
				"bytes":	46394116,
				"bits_per_second":	371151821.881375,
				"jitter_ms":	0.023452568951579433,
				"lost_packets":	13094,
				"packets":	47511,
				"lost_percent":	27.559933489086738,
				"omitted":	false,
				"sender":	false
			}
		}, {
			"streams":	[{
					"socket":	5,
					"start":	460.001065,
					"end":	461.001068,
					"seconds":	1.0000029802322388,
					"bytes":	44876268,
					"bits_per_second":	359009074.06958348,
					"jitter_ms":	0.0067659605514776783,
					"lost_packets":	12315,
					"packets":	45606,
					"lost_percent":	27.003025917642415,
					"omitted":	false,
					"sender":	false
				}],
			"sum":	{
				"start":	460.001065,
				"end":	461.001068,
				"seconds":	1.0000029802322388,
				"bytes":	44876268,
				"bits_per_second":	359009074.06958348,
				"jitter_ms":	0.0067659605514776783,
				"lost_packets":	12315,
				"packets":	45606,
				"lost_percent":	27.003025917642415,
				"omitted":	false,
				"sender":	false
			}
		}, {
			"streams":	[{
					"socket":	5,
					"start":	461.001068,
					"end":	462.001072,
					"seconds":	1.0000040531158447,
					"bytes":	44955800,
					"bits_per_second":	359644942.31738579,
					"jitter_ms":	0.0133406050251437,
					"lost_packets":	12625,
					"packets":	45975,
					"lost_percent":	27.460576400217509,
					"omitted":	false,
					"sender":	false
				}],
			"sum":	{
				"start":	461.001068,
				"end":	462.001072,
				"seconds":	1.0000040531158447,
				"bytes":	44955800,
				"bits_per_second":	359644942.31738579,
				"jitter_ms":	0.0133406050251437,
				"lost_packets":	12625,
				"packets":	45975,
				"lost_percent":	27.460576400217509,
				"omitted":	false,
				"sender":	false
			}
		}, {
			"streams":	[{
					"socket":	5,
					"start":	462.001072,
					"end":	463.001072,
					"seconds":	1,
					"bytes":	46255272,
					"bits_per_second":	370042176,
					"jitter_ms":	0.014009203574526036,
					"lost_packets":	12977,
					"packets":	47291,
					"lost_percent":	27.440739252711932,
					"omitted":	false,
					"sender":	false
				}],
			"sum":	{
				"start":	462.001072,
				"end":	463.001072,
				"seconds":	1,
				"bytes":	46255272,
				"bits_per_second":	370042176,
				"jitter_ms":	0.014009203574526036,
				"lost_packets":	12977,
				"packets":	47291,
				"lost_percent":	27.440739252711932,
				"omitted":	false,
				"sender":	false
			}
		}, {
			"streams":	[{
					"socket":	5,
					"start":	463.001072,
					"end":	464.001071,
					"seconds":	0.99999898672103882,
					"bytes":	44940972,
					"bits_per_second":	359528140.30230051,
					"jitter_ms":	0.0060116057882077141,
					"lost_packets":	12488,
					"packets":	45827,
					"lost_percent":	27.250310952058829,
					"omitted":	false,
					"sender":	false
				}],
			"sum":	{
				"start":	463.001072,
				"end":	464.001071,
				"seconds":	0.99999898672103882,
				"bytes":	44940972,
				"bits_per_second":	359528140.30230051,
				"jitter_ms":	0.0060116057882077141,
				"lost_packets":	12488,
				"packets":	45827,
				"lost_percent":	27.250310952058829,
				"omitted":	false,
				"sender":	false
			}
		}, {
			"streams":	[{
					"socket":	5,
					"start":	464.001071,
					"end":	465.001068,
					"seconds":	0.99999701976776123,
					"bytes":	45333240,
					"bits_per_second":	362667000.83188784,
					"jitter_ms":	0.00653339587759911,
					"lost_packets":	12734,
					"packets":	46364,
					"lost_percent":	27.46527478215857,
					"omitted":	false,
					"sender":	false
				}],
			"sum":	{
				"start":	464.001071,
				"end":	465.001068,
				"seconds":	0.99999701976776123,
				"bytes":	45333240,
				"bits_per_second":	362667000.83188784,
				"jitter_ms":	0.00653339587759911,
				"lost_packets":	12734,
				"packets":	46364,
				"lost_percent":	27.46527478215857,
				"omitted":	false,
				"sender":	false
			}
		}, {
			"streams":	[{
					"socket":	5,
					"start":	465.001068,
					"end":	466.001062,
					"seconds":	0.99999397993087769,
					"bytes":	45827956,
					"bits_per_second":	366625855.11298978,
					"jitter_ms":	0.054599185534718125,
					"lost_packets":	12188,
					"packets":	46185,
					"lost_percent":	26.389520407058569,
					"omitted":	false,
					"sender":	false
				}],
			"sum":	{
				"start":	465.001068,
				"end":	466.001062,
				"seconds":	0.99999397993087769,
				"bytes":	45827956,
				"bits_per_second":	366625855.11298978,
				"jitter_ms":	0.054599185534718125,
				"lost_packets":	12188,
				"packets":	46185,
				"lost_percent":	26.389520407058569,
				"omitted":	false,
				"sender":	false
			}
		}, {
			"streams":	[{
					"socket":	5,
					"start":	466.001062,
					"end":	467.001073,
					"seconds":	1.0000109672546387,
					"bytes":	47231224,
					"bits_per_second":	377845648.0705635,
					"jitter_ms":	0.021159279230625789,
					"lost_packets":	13902,
					"packets":	48940,
					"lost_percent":	28.406211687780957,
					"omitted":	false,
					"sender":	false
				}],
			"sum":	{
				"start":	466.001062,
				"end":	467.001073,
				"seconds":	1.0000109672546387,
				"bytes":	47231224,
				"bits_per_second":	377845648.0705635,
				"jitter_ms":	0.021159279230625789,
				"lost_packets":	13902,
				"packets":	48940,
				"lost_percent":	28.406211687780957,
				"omitted":	false,
				"sender":	false
			}
		}, {
			"streams":	[{
					"socket":	5,
					"start":	467.001073,
					"end":	468.001066,
					"seconds":	0.99999302625656128,
					"bytes":	45434340,
					"bits_per_second":	363477254.79712075,
					"jitter_ms":	0.014210984894373486,
					"lost_packets":	12659,
					"packets":	46364,
					"lost_percent":	27.30351134500906,
					"omitted":	false,
					"sender":	false
				}],
			"sum":	{
				"start":	467.001073,
				"end":	468.001066,
				"seconds":	0.99999302625656128,
				"bytes":	45434340,
				"bits_per_second":	363477254.79712075,
				"jitter_ms":	0.014210984894373486,
				"lost_packets":	12659,
				"packets":	46364,
				"lost_percent":	27.30351134500906,
				"omitted":	false,
				"sender":	false
			}
		}, {
			"streams":	[{
					"socket":	5,
					"start":	468.001066,
					"end":	469.001063,
					"seconds":	0.99999701976776123,
					"bytes":	45495000,
					"bits_per_second":	363961084.68855822,
					"jitter_ms":	0.013317354220229678,
					"lost_packets":	12615,
					"packets":	46365,
					"lost_percent":	27.208023293432547,
					"omitted":	false,
					"sender":	false
				}],
			"sum":	{
				"start":	468.001066,
				"end":	469.001063,
				"seconds":	0.99999701976776123,
				"bytes":	45495000,
				"bits_per_second":	363961084.68855822,
				"jitter_ms":	0.013317354220229678,
				"lost_packets":	12615,
				"packets":	46365,
				"lost_percent":	27.208023293432547,
				"omitted":	false,
				"sender":	false
			}
		}, {
			"streams":	[{
					"socket":	5,
					"start":	469.001063,
					"end":	470.001049,
					"seconds":	0.99998599290847778,
					"bytes":	44940972,
					"bits_per_second":	359532812.009003,
					"jitter_ms":	0.0059501423076652581,
					"lost_packets":	12488,
					"packets":	45827,
					"lost_percent":	27.250310952058829,
					"omitted":	false,
					"sender":	false
				}],
			"sum":	{
				"start":	469.001063,
				"end":	470.001049,
				"seconds":	0.99998599290847778,
				"bytes":	44940972,
				"bits_per_second":	359532812.009003,
				"jitter_ms":	0.0059501423076652581,
				"lost_packets":	12488,
				"packets":	45827,
				"lost_percent":	27.250310952058829,
				"omitted":	false,
				"sender":	false
			}
		}, {
			"streams":	[{
					"socket":	5,
					"start":	470.001049,
					"end":	471.001064,
					"seconds":	1.0000150203704834,
					"bytes":	44649804,
					"bits_per_second":	357193066.82780212,
					"jitter_ms":	0.025604512789858064,
					"lost_packets":	12426,
					"packets":	45549,
					"lost_percent":	27.280511097938483,
					"omitted":	false,
					"sender":	false
				}],
			"sum":	{
				"start":	470.001049,
				"end":	471.001064,
				"seconds":	1.0000150203704834,
				"bytes":	44649804,
				"bits_per_second":	357193066.82780212,
				"jitter_ms":	0.025604512789858064,
				"lost_packets":	12426,
				"packets":	45549,
				"lost_percent":	27.280511097938483,
				"omitted":	false,
				"sender":	false
			}
		}, {
			"streams":	[{
					"socket":	5,
					"start":	471.001064,
					"end":	472.001061,
					"seconds":	0.99999701976776123,
					"bytes":	45726856,
					"bits_per_second":	365815938.21645254,
					"jitter_ms":	0.028517927501227114,
					"lost_packets":	12797,
					"packets":	46719,
					"lost_percent":	27.391425330165458,
					"omitted":	false,
					"sender":	false
				}],
			"sum":	{
				"start":	471.001064,
				"end":	472.001061,
				"seconds":	0.99999701976776123,
				"bytes":	45726856,
				"bits_per_second":	365815938.21645254,
				"jitter_ms":	0.028517927501227114,
				"lost_packets":	12797,
				"packets":	46719,
				"lost_percent":	27.391425330165458,
				"omitted":	false,
				"sender":	false
			}
		}, {
			"streams":	[{
					"socket":	5,
					"start":	472.001061,
					"end":	473.001072,
					"seconds":	1.0000109672546387,
					"bytes":	45581272,
					"bits_per_second":	364646176.83252567,
					"jitter_ms":	0.00992601141809418,
					"lost_packets":	13372,
					"packets":	47186,
					"lost_percent":	28.338914084686134,
					"omitted":	false,
					"sender":	false
				}],
			"sum":	{
				"start":	472.001061,
				"end":	473.001072,
				"seconds":	1.0000109672546387,
				"bytes":	45581272,
				"bits_per_second":	364646176.83252567,
				"jitter_ms":	0.00992601141809418,
				"lost_packets":	13372,
				"packets":	47186,
				"lost_percent":	28.338914084686134,
				"omitted":	false,
				"sender":	false
			}
		}, {
			"streams":	[{
					"socket":	5,
					"start":	473.001072,
					"end":	474.001071,
					"seconds":	0.99999898672103882,
					"bytes":	45230792,
					"bits_per_second":	361846702.651651,
					"jitter_ms":	0.0060550846161865545,
					"lost_packets":	12452,
					"packets":	46006,
					"lost_percent":	27.066034865017606,
					"omitted":	false,
					"sender":	false
				}],
			"sum":	{
				"start":	473.001072,
				"end":	474.001071,
				"seconds":	0.99999898672103882,
				"bytes":	45230792,
				"bits_per_second":	361846702.651651,
				"jitter_ms":	0.0060550846161865545,
				"lost_packets":	12452,
				"packets":	46006,
				"lost_percent":	27.066034865017606,
				"omitted":	false,
				"sender":	false
			}
		}, {
			"streams":	[{
					"socket":	5,
					"start":	474.001071,
					"end":	475.00106,
					"seconds":	0.99998897314071655,
					"bytes":	46178436,
					"bits_per_second":	369431561.6698454,
					"jitter_ms":	0.0395446178257892,
					"lost_packets":	12877,
					"packets":	47134,
					"lost_percent":	27.319981329825605,
					"omitted":	false,
					"sender":	false
				}],
			"sum":	{
				"start":	474.001071,
				"end":	475.00106,
				"seconds":	0.99998897314071655,
				"bytes":	46178436,
				"bits_per_second":	369431561.6698454,
				"jitter_ms":	0.0395446178257892,
				"lost_packets":	12877,
				"packets":	47134,
				"lost_percent":	27.319981329825605,
				"omitted":	false,
				"sender":	false
			}
		}, {
			"streams":	[{
					"socket":	5,
					"start":	475.00106,
					"end":	476.001066,
					"seconds":	1.0000059604644775,
					"bytes":	44471868,
					"bits_per_second":	355772823.42872387,
					"jitter_ms":	0.015100128456788034,
					"lost_packets":	12495,
					"packets":	45486,
					"lost_percent":	27.469990766389657,
					"omitted":	false,
					"sender":	false
				}],
			"sum":	{
				"start":	475.00106,
				"end":	476.001066,
				"seconds":	1.0000059604644775,
				"bytes":	44471868,
				"bits_per_second":	355772823.42872387,
				"jitter_ms":	0.015100128456788034,
				"lost_packets":	12495,
				"packets":	45486,
				"lost_percent":	27.469990766389657,
				"omitted":	false,
				"sender":	false
			}
		}, {
			"streams":	[{
					"socket":	5,
					"start":	476.001066,
					"end":	477.00107,
					"seconds":	1.0000040531158447,
					"bytes":	46838956,
					"bits_per_second":	374710129.256438,
					"jitter_ms":	0.048152182083293929,
					"lost_packets":	12708,
					"packets":	47455,
					"lost_percent":	26.779053840480454,
					"omitted":	false,
					"sender":	false
				}],
			"sum":	{
				"start":	476.001066,
				"end":	477.00107,
				"seconds":	1.0000040531158447,
				"bytes":	46838956,
				"bits_per_second":	374710129.256438,
				"jitter_ms":	0.048152182083293929,
				"lost_packets":	12708,
				"packets":	47455,
				"lost_percent":	26.779053840480454,
				"omitted":	false,
				"sender":	false
			}
		}, {
			"streams":	[{
					"socket":	5,
					"start":	477.00107,
					"end":	478.001068,
					"seconds":	0.99999797344207764,
					"bytes":	44295280,
					"bits_per_second":	354362958.13706023,
					"jitter_ms":	0.0058244547913706432,
					"lost_packets":	12525,
					"packets":	45385,
					"lost_percent":	27.597223752341083,
					"omitted":	false,
					"sender":	false
				}],
			"sum":	{
				"start":	477.00107,
				"end":	478.001068,
				"seconds":	0.99999797344207764,
				"bytes":	44295280,
				"bits_per_second":	354362958.13706023,
				"jitter_ms":	0.0058244547913706432,
				"lost_packets":	12525,
				"packets":	45385,
				"lost_percent":	27.597223752341083,
				"omitted":	false,
				"sender":	false
			}
		}, {
			"streams":	[{
					"socket":	5,
					"start":	478.001068,
					"end":	479.001061,
					"seconds":	0.99999302625656128,
					"bytes":	45383116,
					"bits_per_second":	363067459.93931657,
					"jitter_ms":	0.015028038760087053,
					"lost_packets":	13051,
					"packets":	46718,
					"lost_percent":	27.935699302196156,
					"omitted":	false,
					"sender":	false
				}],
			"sum":	{
				"start":	478.001068,
				"end":	479.001061,
				"seconds":	0.99999302625656128,
				"bytes":	45383116,
				"bits_per_second":	363067459.93931657,
				"jitter_ms":	0.015028038760087053,
				"lost_packets":	13051,
				"packets":	46718,
				"lost_percent":	27.935699302196156,
				"omitted":	false,
				"sender":	false
			}
		}, {
			"streams":	[{
					"socket":	5,
					"start":	479.001061,
					"end":	480.001063,
					"seconds":	1.0000020265579224,
					"bytes":	44980064,
					"bits_per_second":	359839782.76383746,
					"jitter_ms":	0.037523947314450072,
					"lost_packets":	12521,
					"packets":	45889,
					"lost_percent":	27.285406088605111,
					"omitted":	false,
					"sender":	false
				}],
			"sum":	{
				"start":	479.001061,
				"end":	480.001063,
				"seconds":	1.0000020265579224,
				"bytes":	44980064,
				"bits_per_second":	359839782.76383746,
				"jitter_ms":	0.037523947314450072,
				"lost_packets":	12521,
				"packets":	45889,
				"lost_percent":	27.285406088605111,
				"omitted":	false,
				"sender":	false
			}
		}, {
			"streams":	[{
					"socket":	5,
					"start":	480.001063,
					"end":	481.001062,
					"seconds":	0.99999898672103882,
					"bytes":	46280884,
					"bits_per_second":	370247447.16394866,
					"jitter_ms":	0.00654655935533517,
					"lost_packets":	13033,
					"packets":	47366,
					"lost_percent":	27.515517459781279,
					"omitted":	false,
					"sender":	false
				}],
			"sum":	{
				"start":	480.001063,
				"end":	481.001062,
				"seconds":	0.99999898672103882,
				"bytes":	46280884,
				"bits_per_second":	370247447.16394866,
				"jitter_ms":	0.00654655935533517,
				"lost_packets":	13033,
				"packets":	47366,
				"lost_percent":	27.515517459781279,
				"omitted":	false,
				"sender":	false
			}
		}, {
			"streams":	[{
					"socket":	5,
					"start":	481.001062,
					"end":	482.001059,
					"seconds":	0.99999701976776123,
					"bytes":	45573184,
					"bits_per_second":	364586558.55261564,
					"jitter_ms":	0.0449023041291038,
					"lost_packets":	12243,
					"packets":	46051,
					"lost_percent":	26.5857418948557,
					"omitted":	false,
					"sender":	false
				}],
			"sum":	{
				"start":	481.001062,
				"end":	482.001059,
				"seconds":	0.99999701976776123,
				"bytes":	45573184,
				"bits_per_second":	364586558.55261564,
				"jitter_ms":	0.0449023041291038,
				"lost_packets":	12243,
				"packets":	46051,
				"lost_percent":	26.5857418948557,
				"omitted":	false,
				"sender":	false
			}
		}, {
			"streams":	[{
					"socket":	5,
					"start":	482.001059,
					"end":	483.001063,
					"seconds":	1.0000040531158447,
					"bytes":	44812912,
					"bits_per_second":	358501842.9505,
					"jitter_ms":	0.026305237403620382,
					"lost_packets":	12527,
					"packets":	45771,
					"lost_percent":	27.368858010530687,
					"omitted":	false,
					"sender":	false
				}],
			"sum":	{
				"start":	482.001059,
				"end":	483.001063,
				"seconds":	1.0000040531158447,
				"bytes":	44812912,
				"bits_per_second":	358501842.9505,
				"jitter_ms":	0.026305237403620382,
				"lost_packets":	12527,
				"packets":	45771,
				"lost_percent":	27.368858010530687,
				"omitted":	false,
				"sender":	false
			}
		}, {
			"streams":	[{
					"socket":	5,
					"start":	483.001063,
					"end":	484.001071,
					"seconds":	1.0000079870224,
					"bytes":	44993544,
					"bits_per_second":	359945477.10741162,
					"jitter_ms":	0.0053449904032484884,
					"lost_packets":	12555,
					"packets":	45933,
					"lost_percent":	27.333289791653058,
					"omitted":	false,
					"sender":	false
				}],
			"sum":	{
				"start":	483.001063,
				"end":	484.001071,
				"seconds":	1.0000079870224,
				"bytes":	44993544,
				"bits_per_second":	359945477.10741162,
				"jitter_ms":	0.0053449904032484884,
				"lost_packets":	12555,
				"packets":	45933,
				"lost_percent":	27.333289791653058,
				"omitted":	false,
				"sender":	false
			}
		}, {
			"streams":	[{
					"socket":	5,
					"start":	484.001071,
					"end":	485.001062,
					"seconds":	0.999990999698639,
					"bytes":	45509828,
					"bits_per_second":	364081900.84682775,
					"jitter_ms":	0.027323411578626253,
					"lost_packets":	12574,
					"packets":	46335,
					"lost_percent":	27.13715333980792,
					"omitted":	false,
					"sender":	false
				}],
			"sum":	{
				"start":	484.001071,
				"end":	485.001062,
				"seconds":	0.999990999698639,
				"bytes":	45509828,
				"bits_per_second":	364081900.84682775,
				"jitter_ms":	0.027323411578626253,
				"lost_packets":	12574,
				"packets":	46335,
				"lost_percent":	27.13715333980792,
				"omitted":	false,
				"sender":	false
			}
		}, {
			"streams":	[{
					"socket":	5,
					"start":	485.001062,
					"end":	486.001062,
					"seconds":	1,
					"bytes":	45810432,
					"bits_per_second":	366483456,
					"jitter_ms":	0.029246559298794959,
					"lost_packets":	12934,
					"packets":	46918,
					"lost_percent":	27.56724498060446,
					"omitted":	false,
					"sender":	false
				}],
			"sum":	{
				"start":	485.001062,
				"end":	486.001062,
				"seconds":	1,
				"bytes":	45810432,
				"bits_per_second":	366483456,
				"jitter_ms":	0.029246559298794959,
				"lost_packets":	12934,
				"packets":	46918,
				"lost_percent":	27.56724498060446,
				"omitted":	false,
				"sender":	false
			}
		}, {
			"streams":	[{
					"socket":	5,
					"start":	486.001062,
					"end":	487.001061,
					"seconds":	0.99999898672103882,
					"bytes":	44980064,
					"bits_per_second":	359840876.61918968,
					"jitter_ms":	0.00818284696784923,
					"lost_packets":	12464,
					"packets":	45832,
					"lost_percent":	27.19497294466748,
					"omitted":	false,
					"sender":	false
				}],
			"sum":	{
				"start":	486.001062,
				"end":	487.001061,
				"seconds":	0.99999898672103882,
				"bytes":	44980064,
				"bits_per_second":	359840876.61918968,
				"jitter_ms":	0.00818284696784923,
				"lost_packets":	12464,
				"packets":	45832,
				"lost_percent":	27.19497294466748,
				"omitted":	false,
				"sender":	false
			}
		}, {
			"streams":	[{
					"socket":	5,
					"start":	487.001061,
					"end":	488.001063,
					"seconds":	1.0000020265579224,
					"bytes":	46256620,
					"bits_per_second":	370052210.067762,
					"jitter_ms":	0.00668619865104655,
					"lost_packets":	13075,
					"packets":	47390,
					"lost_percent":	27.590208904832242,
					"omitted":	false,
					"sender":	false
				}],
			"sum":	{
				"start":	487.001061,
				"end":	488.001063,
				"seconds":	1.0000020265579224,
				"bytes":	46256620,
				"bits_per_second":	370052210.067762,
				"jitter_ms":	0.00668619865104655,
				"lost_packets":	13075,
				"packets":	47390,
				"lost_percent":	27.590208904832242,
				"omitted":	false,
				"sender":	false
			}
		}, {
			"streams":	[{
					"socket":	5,
					"start":	488.001063,
					"end":	489.001297,
					"seconds":	1.0002340078353882,
					"bytes":	44939624,
					"bits_per_second":	359432881.88934171,
					"jitter_ms":	0.0078663709617178834,
					"lost_packets":	12513,
					"packets":	45851,
					"lost_percent":	27.290571634206451,
					"omitted":	false,
					"sender":	false
				}],
			"sum":	{
				"start":	488.001063,
				"end":	489.001297,
				"seconds":	1.0002340078353882,
				"bytes":	44939624,
				"bits_per_second":	359432881.88934171,
				"jitter_ms":	0.0078663709617178834,
				"lost_packets":	12513,
				"packets":	45851,
				"lost_percent":	27.290571634206451,
				"omitted":	false,
				"sender":	false
			}
		}, {
			"streams":	[{
					"socket":	5,
					"start":	489.001297,
					"end":	490.001073,
					"seconds":	0.999776005744934,
					"bytes":	44625540,
					"bits_per_second":	357084304.83285677,
					"jitter_ms":	0.011177941361078097,
					"lost_packets":	12339,
					"packets":	45444,
					"lost_percent":	27.152099287034591,
					"omitted":	false,
					"sender":	false
				}],
			"sum":	{
				"start":	489.001297,
				"end":	490.001073,
				"seconds":	0.999776005744934,
				"bytes":	44625540,
				"bits_per_second":	357084304.83285677,
				"jitter_ms":	0.011177941361078097,
				"lost_packets":	12339,
				"packets":	45444,
				"lost_percent":	27.152099287034591,
				"omitted":	false,
				"sender":	false
			}
		}, {
			"streams":	[{
					"socket":	5,
					"start":	490.001073,
					"end":	491.001124,
					"seconds":	1.0000510215759277,
					"bytes":	44020288,
					"bits_per_second":	352144337.04097015,
					"jitter_ms":	0.023394697465089733,
					"lost_packets":	13265,
					"packets":	45921,
					"lost_percent":	28.8865660591015,
					"omitted":	false,
					"sender":	false
				}],
			"sum":	{
				"start":	490.001073,
				"end":	491.001124,
				"seconds":	1.0000510215759277,
				"bytes":	44020288,
				"bits_per_second":	352144337.04097015,
				"jitter_ms":	0.023394697465089733,
				"lost_packets":	13265,
				"packets":	45921,
				"lost_percent":	28.8865660591015,
				"omitted":	false,
				"sender":	false
			}
		}, {
			"streams":	[{
					"socket":	5,
					"start":	491.001124,
					"end":	492.001065,
					"seconds":	0.99994099140167236,
					"bytes":	45740336,
					"bits_per_second":	365944281.85913855,
					"jitter_ms":	0.023612407467896106,
					"lost_packets":	13545,
					"packets":	47477,
					"lost_percent":	28.529603808159742,
					"omitted":	false,
					"sender":	false
				}],
			"sum":	{
				"start":	491.001124,
				"end":	492.001065,
				"seconds":	0.99994099140167236,
				"bytes":	45740336,
				"bits_per_second":	365944281.85913855,
				"jitter_ms":	0.023612407467896106,
				"lost_packets":	13545,
				"packets":	47477,
				"lost_percent":	28.529603808159742,
				"omitted":	false,
				"sender":	false
			}
		}, {
			"streams":	[{
					"socket":	5,
					"start":	492.001065,
					"end":	493.001066,
					"seconds":	1.0000009536743164,
					"bytes":	45946580,
					"bits_per_second":	367572289.45574814,
					"jitter_ms":	0.039744436308482831,
					"lost_packets":	13014,
					"packets":	47099,
					"lost_percent":	27.631159897237733,
					"omitted":	false,
					"sender":	false
				}],
			"sum":	{
				"start":	492.001065,
				"end":	493.001066,
				"seconds":	1.0000009536743164,
				"bytes":	45946580,
				"bits_per_second":	367572289.45574814,
				"jitter_ms":	0.039744436308482831,
				"lost_packets":	13014,
				"packets":	47099,
				"lost_percent":	27.631159897237733,
				"omitted":	false,
				"sender":	false
			}
		}, {
			"streams":	[{
					"socket":	5,
					"start":	493.001066,
					"end":	494.001067,
					"seconds":	1.0000009536743164,
					"bytes":	44826392,
					"bits_per_second":	358610794.00209618,
					"jitter_ms":	0.041325514100043821,
					"lost_packets":	12416,
					"packets":	45670,
					"lost_percent":	27.186336763739874,
					"omitted":	false,
					"sender":	false
				}],
			"sum":	{
				"start":	493.001066,
				"end":	494.001067,
				"seconds":	1.0000009536743164,
				"bytes":	44826392,
				"bits_per_second":	358610794.00209618,
				"jitter_ms":	0.041325514100043821,
				"lost_packets":	12416,
				"packets":	45670,
				"lost_percent":	27.186336763739874,
				"omitted":	false,
				"sender":	false
			}
		}, {
			"streams":	[{
					"socket":	5,
					"start":	494.001067,
					"end":	495.000398,
					"seconds":	0.999330997467041,
					"bytes":	43873356,
					"bits_per_second":	351221816.284725,
					"jitter_ms":	0.033107262625020083,
					"lost_packets":	12151,
					"packets":	44698,
					"lost_percent":	27.184661506107656,
					"omitted":	false,
					"sender":	false
				}],
			"sum":	{
				"start":	494.001067,
				"end":	495.000398,
				"seconds":	0.999330997467041,
				"bytes":	43873356,
				"bits_per_second":	351221816.284725,
				"jitter_ms":	0.033107262625020083,
				"lost_packets":	12151,
				"packets":	44698,
				"lost_percent":	27.184661506107656,
				"omitted":	false,
				"sender":	false
			}
		}, {
			"streams":	[{
					"socket":	5,
					"start":	495.000398,
					"end":	496.001065,
					"seconds":	1.0006669759750366,
					"bytes":	44621496,
					"bits_per_second":	356734034.96919769,
					"jitter_ms":	0.0071305743249964575,
					"lost_packets":	14497,
					"packets":	47599,
					"lost_percent":	30.45652219584445,
					"omitted":	false,
					"sender":	false
				}],
			"sum":	{
				"start":	495.000398,
				"end":	496.001065,
				"seconds":	1.0006669759750366,
				"bytes":	44621496,
				"bits_per_second":	356734034.96919769,
				"jitter_ms":	0.0071305743249964575,
				"lost_packets":	14497,
				"packets":	47599,
				"lost_percent":	30.45652219584445,
				"omitted":	false,
				"sender":	false
			}
		}, {
			"streams":	[{
					"socket":	5,
					"start":	496.001065,
					"end":	497.001065,
					"seconds":	1,
					"bytes":	45310324,
					"bits_per_second":	362482592,
					"jitter_ms":	0.0064174723271426858,
					"lost_packets":	12848,
					"packets":	46461,
					"lost_percent":	27.65330061772239,
					"omitted":	false,
					"sender":	false
				}],
			"sum":	{
				"start":	496.001065,
				"end":	497.001065,
				"seconds":	1,
				"bytes":	45310324,
				"bits_per_second":	362482592,
				"jitter_ms":	0.0064174723271426858,
				"lost_packets":	12848,
				"packets":	46461,
				"lost_percent":	27.65330061772239,
				"omitted":	false,
				"sender":	false
			}
		}, {
			"streams":	[{
					"socket":	5,
					"start":	497.001065,
					"end":	498.001064,
					"seconds":	0.99999898672103882,
					"bytes":	45738988,
					"bits_per_second":	365912274.77120966,
					"jitter_ms":	0.026195488180564372,
					"lost_packets":	13287,
					"packets":	47218,
					"lost_percent":	28.139692490152061,
					"omitted":	false,
					"sender":	false
				}],
			"sum":	{
				"start":	497.001065,
				"end":	498.001064,
				"seconds":	0.99999898672103882,
				"bytes":	45738988,
				"bits_per_second":	365912274.77120966,
				"jitter_ms":	0.026195488180564372,
				"lost_packets":	13287,
				"packets":	47218,
				"lost_percent":	28.139692490152061,
				"omitted":	false,
				"sender":	false
			}
		}, {
			"streams":	[{
					"socket":	5,
					"start":	498.001064,
					"end":	499.001064,
					"seconds":	1,
					"bytes":	45889964,
					"bits_per_second":	367119712,
					"jitter_ms":	0.00537324573200286,
					"lost_packets":	12863,
					"packets":	46906,
					"lost_percent":	27.422930968319619,
					"omitted":	false,
					"sender":	false
				}],
			"sum":	{
				"start":	498.001064,
				"end":	499.001064,
				"seconds":	1,
				"bytes":	45889964,
				"bits_per_second":	367119712,
				"jitter_ms":	0.00537324573200286,
				"lost_packets":	12863,
				"packets":	46906,
				"lost_percent":	27.422930968319619,
				"omitted":	false,
				"sender":	false
			}
		}, {
			"streams":	[{
					"socket":	5,
					"start":	499.001064,
					"end":	500.001104,
					"seconds":	1.0000400543212891,
					"bytes":	45408728,
					"bits_per_second":	363255274.056543,
					"jitter_ms":	0.0063318632868141515,
					"lost_packets":	12676,
					"packets":	46362,
					"lost_percent":	27.341357145938485,
					"omitted":	false,
					"sender":	false
				}],
			"sum":	{
				"start":	499.001064,
				"end":	500.001104,
				"seconds":	1.0000400543212891,
				"bytes":	45408728,
				"bits_per_second":	363255274.056543,
				"jitter_ms":	0.0063318632868141515,
				"lost_packets":	12676,
				"packets":	46362,
				"lost_percent":	27.341357145938485,
				"omitted":	false,
				"sender":	false
			}
		}, {
			"streams":	[{
					"socket":	5,
					"start":	500.001104,
					"end":	501.001068,
					"seconds":	0.99996399879455566,
					"bytes":	44951756,
					"bits_per_second":	359626995.0053305,
					"jitter_ms":	0.0061724081664060668,
					"lost_packets":	12137,
					"packets":	45484,
					"lost_percent":	26.684108697563978,
					"omitted":	false,
					"sender":	false
				}],
			"sum":	{
				"start":	500.001104,
				"end":	501.001068,
				"seconds":	0.99996399879455566,
				"bytes":	44951756,
				"bits_per_second":	359626995.0053305,
				"jitter_ms":	0.0061724081664060668,
				"lost_packets":	12137,
				"packets":	45484,
				"lost_percent":	26.684108697563978,
				"omitted":	false,
				"sender":	false
			}
		}, {
			"streams":	[{
					"socket":	5,
					"start":	501.001068,
					"end":	502.001061,
					"seconds":	0.99999302625656128,
					"bytes":	45458604,
					"bits_per_second":	363671368.15081751,
					"jitter_ms":	0.017503074424620121,
					"lost_packets":	12642,
					"packets":	46365,
					"lost_percent":	27.2662568747978,
					"omitted":	false,
					"sender":	false
				}],
			"sum":	{
				"start":	501.001068,
				"end":	502.001061,
				"seconds":	0.99999302625656128,
				"bytes":	45458604,
				"bits_per_second":	363671368.15081751,
				"jitter_ms":	0.017503074424620121,
				"lost_packets":	12642,
				"packets":	46365,
				"lost_percent":	27.2662568747978,
				"omitted":	false,
				"sender":	false
			}
		}, {
			"streams":	[{
					"socket":	5,
					"start":	502.001061,
					"end":	503.001066,
					"seconds":	1.0000050067901611,
					"bytes":	45939840,
					"bits_per_second":	367516879.92010158,
					"jitter_ms":	0.013345433293183528,
					"lost_packets":	12825,
					"packets":	46905,
					"lost_percent":	27.342500799488327,
					"omitted":	false,
					"sender":	false
				}],
			"sum":	{
				"start":	502.001061,
				"end":	503.001066,
				"seconds":	1.0000050067901611,
				"bytes":	45939840,
				"bits_per_second":	367516879.92010158,
				"jitter_ms":	0.013345433293183528,
				"lost_packets":	12825,
				"packets":	46905,
				"lost_percent":	27.342500799488327,
				"omitted":	false,
				"sender":	false
			}
		}, {
			"streams":	[{
					"socket":	5,
					"start":	503.001066,
					"end":	504.001069,
					"seconds":	1.0000029802322388,
					"bytes":	44524440,
					"bits_per_second":	356194458.45779163,
					"jitter_ms":	0.0229852619003417,
					"lost_packets":	12400,
					"packets":	45430,
					"lost_percent":	27.294739159145937,
					"omitted":	false,
					"sender":	false
				}],
			"sum":	{
				"start":	503.001066,
				"end":	504.001069,
				"seconds":	1.0000029802322388,
				"bytes":	44524440,
				"bits_per_second":	356194458.45779163,
				"jitter_ms":	0.0229852619003417,
				"lost_packets":	12400,
				"packets":	45430,
				"lost_percent":	27.294739159145937,
				"omitted":	false,
				"sender":	false
			}
		}, {
			"streams":	[{
					"socket":	5,
					"start":	504.001069,
					"end":	505.001066,
					"seconds":	0.99999701976776123,
					"bytes":	45586664,
					"bits_per_second":	364694398.87400484,
					"jitter_ms":	0.014479915818934956,
					"lost_packets":	12832,
					"packets":	46650,
					"lost_percent":	27.5069667738478,
					"omitted":	false,
					"sender":	false
				}],
			"sum":	{
				"start":	504.001069,
				"end":	505.001066,
				"seconds":	0.99999701976776123,
				"bytes":	45586664,
				"bits_per_second":	364694398.87400484,
				"jitter_ms":	0.014479915818934956,
				"lost_packets":	12832,
				"packets":	46650,
				"lost_percent":	27.5069667738478,
				"omitted":	false,
				"sender":	false
			}
		}, {
			"streams":	[{
					"socket":	5,
					"start":	505.001066,
					"end":	506.000215,
					"seconds":	0.99914902448654175,
					"bytes":	45813128,
					"bits_per_second":	366817176.43506211,
					"jitter_ms":	0.0065571128720860183,
					"lost_packets":	12858,
					"packets":	46844,
					"lost_percent":	27.448552642814448,
					"omitted":	false,
					"sender":	false
				}],
			"sum":	{
				"start":	505.001066,
				"end":	506.000215,
				"seconds":	0.99914902448654175,
				"bytes":	45813128,
				"bits_per_second":	366817176.43506211,
				"jitter_ms":	0.0065571128720860183,
				"lost_packets":	12858,
				"packets":	46844,
				"lost_percent":	27.448552642814448,
				"omitted":	false,
				"sender":	false
			}
		}, {
			"streams":	[{
					"socket":	5,
					"start":	506.000215,
					"end":	507.001064,
					"seconds":	1.0008490085601807,
					"bytes":	44676764,
					"bits_per_second":	357110921.77048284,
					"jitter_ms":	0.024744196096662056,
					"lost_packets":	12455,
					"packets":	45598,
					"lost_percent":	27.314794508531076,
					"omitted":	false,
					"sender":	false
				}],
			"sum":	{
				"start":	506.000215,
				"end":	507.001064,
				"seconds":	1.0008490085601807,
				"bytes":	44676764,
				"bits_per_second":	357110921.77048284,
				"jitter_ms":	0.024744196096662056,
				"lost_packets":	12455,
				"packets":	45598,
				"lost_percent":	27.314794508531076,
				"omitted":	false,
				"sender":	false
			}
		}, {
			"streams":	[{
					"socket":	5,
					"start":	507.001064,
					"end":	508.001067,
					"seconds":	1.0000029802322388,
					"bytes":	45503088,
					"bits_per_second":	364023619.12507463,
					"jitter_ms":	0.014034603214725444,
					"lost_packets":	13546,
					"packets":	47302,
					"lost_percent":	28.6372669231745,
					"omitted":	false,
					"sender":	false
				}],
			"sum":	{
				"start":	507.001064,
				"end":	508.001067,
				"seconds":	1.0000029802322388,
				"bytes":	45503088,
				"bits_per_second":	364023619.12507463,
				"jitter_ms":	0.014034603214725444,
				"lost_packets":	13546,
				"packets":	47302,
				"lost_percent":	28.6372669231745,
				"omitted":	false,
				"sender":	false
			}
		}, {
			"streams":	[{
					"socket":	5,
					"start":	508.001067,
					"end":	509.001063,
					"seconds":	0.9999960064888,
					"bytes":	44969280,
					"bits_per_second":	359755676.68832409,
					"jitter_ms":	0.1683607088576658,
					"lost_packets":	12526,
					"packets":	45886,
					"lost_percent":	27.298086562350171,
					"omitted":	false,
					"sender":	false
				}],
			"sum":	{
				"start":	508.001067,
				"end":	509.001063,
				"seconds":	0.9999960064888,
				"bytes":	44969280,
				"bits_per_second":	359755676.68832409,
				"jitter_ms":	0.1683607088576658,
				"lost_packets":	12526,
				"packets":	45886,
				"lost_percent":	27.298086562350171,
				"omitted":	false,
				"sender":	false
			}
		}, {
			"streams":	[{
					"socket":	5,
					"start":	509.001063,
					"end":	510.001062,
					"seconds":	0.99999898672103882,
					"bytes":	45420860,
					"bits_per_second":	363367248.19238776,
					"jitter_ms":	0.0061038558876648453,
					"lost_packets":	12611,
					"packets":	46306,
					"lost_percent":	27.234051742754719,
					"omitted":	false,
					"sender":	false
				}],
			"sum":	{
				"start":	509.001063,
				"end":	510.001062,
				"seconds":	0.99999898672103882,
				"bytes":	45420860,
				"bits_per_second":	363367248.19238776,
				"jitter_ms":	0.0061038558876648453,
				"lost_packets":	12611,
				"packets":	46306,
				"lost_percent":	27.234051742754719,
				"omitted":	false,
				"sender":	false
			}
		}, {
			"streams":	[{
					"socket":	5,
					"start":	510.001062,
					"end":	511.001059,
					"seconds":	0.99999701976776123,
					"bytes":	45194396,
					"bits_per_second":	361556245.521579,
					"jitter_ms":	0.015798251954559025,
					"lost_packets":	12771,
					"packets":	46298,
					"lost_percent":	27.584344896107822,
					"omitted":	false,
					"sender":	false
				}],
			"sum":	{
				"start":	510.001062,
				"end":	511.001059,
				"seconds":	0.99999701976776123,
				"bytes":	45194396,
				"bits_per_second":	361556245.521579,
				"jitter_ms":	0.015798251954559025,
				"lost_packets":	12771,
				"packets":	46298,
				"lost_percent":	27.584344896107822,
				"omitted":	false,
				"sender":	false
			}
		}, {
			"streams":	[{
					"socket":	5,
					"start":	511.001059,
					"end":	512.001051,
					"seconds":	0.9999920129776,
					"bytes":	45294148,
					"bits_per_second":	362356078.146113,
					"jitter_ms":	0.00651995387024496,
					"lost_packets":	12371,
					"packets":	45972,
					"lost_percent":	26.909858174541025,
					"omitted":	false,
					"sender":	false
				}],
			"sum":	{
				"start":	511.001059,
				"end":	512.001051,
				"seconds":	0.9999920129776,
				"bytes":	45294148,
				"bits_per_second":	362356078.146113,
				"jitter_ms":	0.00651995387024496,
				"lost_packets":	12371,
				"packets":	45972,
				"lost_percent":	26.909858174541025,
				"omitted":	false,
				"sender":	false
			}
		}, {
			"streams":	[{
					"socket":	5,
					"start":	512.001051,
					"end":	513.001066,
					"seconds":	1.0000150203704834,
					"bytes":	45799648,
					"bits_per_second":	366391680.66121441,
					"jitter_ms":	0.0077648489814487361,
					"lost_packets":	12848,
					"packets":	46824,
					"lost_percent":	27.438920211857166,
					"omitted":	false,
					"sender":	false
				}],
			"sum":	{
				"start":	512.001051,
				"end":	513.001066,
				"seconds":	1.0000150203704834,
				"bytes":	45799648,
				"bits_per_second":	366391680.66121441,
				"jitter_ms":	0.0077648489814487361,
				"lost_packets":	12848,
				"packets":	46824,
				"lost_percent":	27.438920211857166,
				"omitted":	false,
				"sender":	false
			}
		}, {
			"streams":	[{
					"socket":	5,
					"start":	513.001066,
					"end":	514.000139,
					"seconds":	0.999073028564453,
					"bytes":	45358852,
					"bits_per_second":	363207498.97672784,
					"jitter_ms":	0.0064279461103410639,
					"lost_packets":	12716,
					"packets":	46365,
					"lost_percent":	27.425860023724791,
					"omitted":	false,
					"sender":	false
				}],
			"sum":	{
				"start":	513.001066,
				"end":	514.000139,
				"seconds":	0.999073028564453,
				"bytes":	45358852,
				"bits_per_second":	363207498.97672784,
				"jitter_ms":	0.0064279461103410639,
				"lost_packets":	12716,
				"packets":	46365,
				"lost_percent":	27.425860023724791,
				"omitted":	false,
				"sender":	false
			}
		}, {
			"streams":	[{
					"socket":	5,
					"start":	514.000139,
					"end":	515.00105,
					"seconds":	1.0009109973907471,
					"bytes":	45827956,
					"bits_per_second":	366289958.80327338,
					"jitter_ms":	0.0062558500993315763,
					"lost_packets":	13249,
					"packets":	47246,
					"lost_percent":	28.0425856157135,
					"omitted":	false,
					"sender":	false
				}],
			"sum":	{
				"start":	514.000139,
				"end":	515.00105,
				"seconds":	1.0009109973907471,
				"bytes":	45827956,
				"bits_per_second":	366289958.80327338,
				"jitter_ms":	0.0062558500993315763,
				"lost_packets":	13249,
				"packets":	47246,
				"lost_percent":	28.0425856157135,
				"omitted":	false,
				"sender":	false
			}
		}, {
			"streams":	[{
					"socket":	5,
					"start":	515.00105,
					"end":	516.001074,
					"seconds":	1.0000239610672,
					"bytes":	44536572,
					"bits_per_second":	356284039.054198,
					"jitter_ms":	0.005661075776402273,
					"lost_packets":	11984,
					"packets":	45023,
					"lost_percent":	26.617506607733826,
					"omitted":	false,
					"sender":	false
				}],
			"sum":	{
				"start":	515.00105,
				"end":	516.001074,
				"seconds":	1.0000239610672,
				"bytes":	44536572,
				"bits_per_second":	356284039.054198,
				"jitter_ms":	0.005661075776402273,
				"lost_packets":	11984,
				"packets":	45023,
				"lost_percent":	26.617506607733826,
				"omitted":	false,
				"sender":	false
			}
		}, {
			"streams":	[{
					"socket":	5,
					"start":	516.001074,
					"end":	517.001054,
					"seconds":	0.99997997283935547,
					"bytes":	45586664,
					"bits_per_second":	364700615.91782212,
					"jitter_ms":	0.0094162705352174546,
					"lost_packets":	12813,
					"packets":	46631,
					"lost_percent":	27.477429178014624,
					"omitted":	false,
					"sender":	false
				}],
			"sum":	{
				"start":	516.001074,
				"end":	517.001054,
				"seconds":	0.99997997283935547,
				"bytes":	45586664,
				"bits_per_second":	364700615.91782212,
				"jitter_ms":	0.0094162705352174546,
				"lost_packets":	12813,
				"packets":	46631,
				"lost_percent":	27.477429178014624,
				"omitted":	false,
				"sender":	false
			}
		}, {
			"streams":	[{
					"socket":	5,
					"start":	517.001054,
					"end":	518.00109,
					"seconds":	1.0000360012054443,
					"bytes":	44268320,
					"bits_per_second":	354133810.75592417,
					"jitter_ms":	0.04351251799378502,
					"lost_packets":	12405,
					"packets":	45245,
					"lost_percent":	27.417394187203,
					"omitted":	false,
					"sender":	false
				}],
			"sum":	{
				"start":	517.001054,
				"end":	518.00109,
				"seconds":	1.0000360012054443,
				"bytes":	44268320,
				"bits_per_second":	354133810.75592417,
				"jitter_ms":	0.04351251799378502,
				"lost_packets":	12405,
				"packets":	45245,
				"lost_percent":	27.417394187203,
				"omitted":	false,
				"sender":	false
			}
		}, {
			"streams":	[{
					"socket":	5,
					"start":	518.00109,
					"end":	519.001721,
					"seconds":	1.0006309747695923,
					"bytes":	45422208,
					"bits_per_second":	363148526.44220036,
					"jitter_ms":	0.0059851524748150723,
					"lost_packets":	13984,
					"packets":	47680,
					"lost_percent":	29.328859060402685,
					"omitted":	false,
					"sender":	false
				}],
			"sum":	{
				"start":	518.00109,
				"end":	519.001721,
				"seconds":	1.0006309747695923,
				"bytes":	45422208,
				"bits_per_second":	363148526.44220036,
				"jitter_ms":	0.0059851524748150723,
				"lost_packets":	13984,
				"packets":	47680,
				"lost_percent":	29.328859060402685,
				"omitted":	false,
				"sender":	false
			}
		}, {
			"streams":	[{
					"socket":	5,
					"start":	519.001721,
					"end":	520.001067,
					"seconds":	0.99934601783752441,
					"bytes":	45854916,
					"bits_per_second":	367079391.374171,
					"jitter_ms":	0.01342663849470623,
					"lost_packets":	12888,
					"packets":	46905,
					"lost_percent":	27.476814838503358,
					"omitted":	false,
					"sender":	false
				}],
			"sum":	{
				"start":	519.001721,
				"end":	520.001067,
				"seconds":	0.99934601783752441,
				"bytes":	45854916,
				"bits_per_second":	367079391.374171,
				"jitter_ms":	0.01342663849470623,
				"lost_packets":	12888,
				"packets":	46905,
				"lost_percent":	27.476814838503358,
				"omitted":	false,
				"sender":	false
			}
		}, {
			"streams":	[{
					"socket":	5,
					"start":	520.001067,
					"end":	521.001048,
					"seconds":	0.99998098611831665,
					"bytes":	44976020,
					"bits_per_second":	359815001.479866,
					"jitter_ms":	0.00830753719635426,
					"lost_packets":	12499,
					"packets":	45864,
					"lost_percent":	27.252311180882611,
					"omitted":	false,
					"sender":	false
				}],
			"sum":	{
				"start":	520.001067,
				"end":	521.001048,
				"seconds":	0.99998098611831665,
				"bytes":	44976020,
				"bits_per_second":	359815001.479866,
				"jitter_ms":	0.00830753719635426,
				"lost_packets":	12499,
				"packets":	45864,
				"lost_percent":	27.252311180882611,
				"omitted":	false,
				"sender":	false
			}
		}, {
			"streams":	[{
					"socket":	5,
					"start":	521.001048,
					"end":	522.00106,
					"seconds":	1.0000120401382446,
					"bytes":	46030156,
					"bits_per_second":	368236814.37784815,
					"jitter_ms":	0.023501868517812326,
					"lost_packets":	12940,
					"packets":	47087,
					"lost_percent":	27.481045723872832,
					"omitted":	false,
					"sender":	false
				}],
			"sum":	{
				"start":	521.001048,
				"end":	522.00106,
				"seconds":	1.0000120401382446,
				"bytes":	46030156,
				"bits_per_second":	368236814.37784815,
				"jitter_ms":	0.023501868517812326,
				"lost_packets":	12940,
				"packets":	47087,
				"lost_percent":	27.481045723872832,
				"omitted":	false,
				"sender":	false
			}
		}, {
			"streams":	[{
					"socket":	5,
					"start":	522.00106,
					"end":	523.00105,
					"seconds":	0.99998998641967773,
					"bytes":	45381768,
					"bits_per_second":	363057779.50823671,
					"jitter_ms":	0.031498176589952846,
					"lost_packets":	12462,
					"packets":	46128,
					"lost_percent":	27.016129032258064,
					"omitted":	false,
					"sender":	false
				}],
			"sum":	{
				"start":	522.00106,
				"end":	523.00105,
				"seconds":	0.99998998641967773,
				"bytes":	45381768,
				"bits_per_second":	363057779.50823671,
				"jitter_ms":	0.031498176589952846,
				"lost_packets":	12462,
				"packets":	46128,
				"lost_percent":	27.016129032258064,
				"omitted":	false,
				"sender":	false
			}
		}, {
			"streams":	[{
					"socket":	5,
					"start":	523.00105,
					"end":	524.00108,
					"seconds":	1.0000300407409668,
					"bytes":	44141608,
					"bits_per_second":	353122255.9457795,
					"jitter_ms":	0.012386783700203827,
					"lost_packets":	12246,
					"packets":	44992,
					"lost_percent":	27.21817211948791,
					"omitted":	false,
					"sender":	false
				}],
			"sum":	{
				"start":	523.00105,
				"end":	524.00108,
				"seconds":	1.0000300407409668,
				"bytes":	44141608,
				"bits_per_second":	353122255.9457795,
				"jitter_ms":	0.012386783700203827,
				"lost_packets":	12246,
				"packets":	44992,
				"lost_percent":	27.21817211948791,
				"omitted":	false,
				"sender":	false
			}
		}, {
			"streams":	[{
					"socket":	5,
					"start":	524.00108,
					"end":	525.001075,
					"seconds":	0.999994993209839,
					"bytes":	45806388,
					"bits_per_second":	366452938.75296825,
					"jitter_ms":	0.0064038328484540569,
					"lost_packets":	14113,
					"packets":	48094,
					"lost_percent":	29.344616792115442,
					"omitted":	false,
					"sender":	false
				}],
			"sum":	{
				"start":	524.00108,
				"end":	525.001075,
				"seconds":	0.999994993209839,
				"bytes":	45806388,
				"bits_per_second":	366452938.75296825,
				"jitter_ms":	0.0064038328484540569,
				"lost_packets":	14113,
				"packets":	48094,
				"lost_percent":	29.344616792115442,
				"omitted":	false,
				"sender":	false
			}
		}, {
			"streams":	[{
					"socket":	5,
					"start":	525.001075,
					"end":	526.001054,
					"seconds":	0.999979019165039,
					"bytes":	45027244,
					"bits_per_second":	360225509.83197051,
					"jitter_ms":	0.027970877904777775,
					"lost_packets":	12423,
					"packets":	45826,
					"lost_percent":	27.109064723082966,
					"omitted":	false,
					"sender":	false
				}],
			"sum":	{
				"start":	525.001075,
				"end":	526.001054,
				"seconds":	0.999979019165039,
				"bytes":	45027244,
				"bits_per_second":	360225509.83197051,
				"jitter_ms":	0.027970877904777775,
				"lost_packets":	12423,
				"packets":	45826,
				"lost_percent":	27.109064723082966,
				"omitted":	false,
				"sender":	false
			}
		}, {
			"streams":	[{
					"socket":	5,
					"start":	526.001054,
					"end":	527.0011,
					"seconds":	1.0000460147857666,
					"bytes":	45168784,
					"bits_per_second":	361333645.30972081,
					"jitter_ms":	0.0059453083723302628,
					"lost_packets":	12100,
					"packets":	45608,
					"lost_percent":	26.530433257323278,
					"omitted":	false,
					"sender":	false
				}],
			"sum":	{
				"start":	526.001054,
				"end":	527.0011,
				"seconds":	1.0000460147857666,
				"bytes":	45168784,
				"bits_per_second":	361333645.30972081,
				"jitter_ms":	0.0059453083723302628,
				"lost_packets":	12100,
				"packets":	45608,
				"lost_percent":	26.530433257323278,
				"omitted":	false,
				"sender":	false
			}
		}, {
			"streams":	[{
					"socket":	5,
					"start":	527.0011,
					"end":	528.001051,
					"seconds":	0.99995100498199463,
					"bytes":	45420860,
					"bits_per_second":	363384684.03913736,
					"jitter_ms":	0.0061571787702158522,
					"lost_packets":	12669,
					"packets":	46364,
					"lost_percent":	27.325079803295662,
					"omitted":	false,
					"sender":	false
				}],
			"sum":	{
				"start":	527.0011,
				"end":	528.001051,
				"seconds":	0.99995100498199463,
				"bytes":	45420860,
				"bits_per_second":	363384684.03913736,
				"jitter_ms":	0.0061571787702158522,
				"lost_packets":	12669,
				"packets":	46364,
				"lost_percent":	27.325079803295662,
				"omitted":	false,
				"sender":	false
			}
		}, {
			"streams":	[{
					"socket":	5,
					"start":	528.001051,
					"end":	529.001067,
					"seconds":	1.0000159740448,
					"bytes":	45772688,
					"bits_per_second":	366175654.69368732,
					"jitter_ms":	0.0094772915177357142,
					"lost_packets":	12816,
					"packets":	46772,
					"lost_percent":	27.401009150773966,
					"omitted":	false,
					"sender":	false
				}],
			"sum":	{
				"start":	528.001051,
				"end":	529.001067,
				"seconds":	1.0000159740448,
				"bytes":	45772688,
				"bits_per_second":	366175654.69368732,
				"jitter_ms":	0.0094772915177357142,
				"lost_packets":	12816,
				"packets":	46772,
				"lost_percent":	27.401009150773966,
				"omitted":	false,
				"sender":	false
			}
		}, {
			"streams":	[{
					"socket":	5,
					"start":	529.001067,
					"end":	530.00106,
					"seconds":	0.99999302625656128,
					"bytes":	45520612,
					"bits_per_second":	364167435.61026466,
					"jitter_ms":	0.0089026610699041771,
					"lost_packets":	12597,
					"packets":	46366,
					"lost_percent":	27.168614933356338,
					"omitted":	false,
					"sender":	false
				}],
			"sum":	{
				"start":	529.001067,
				"end":	530.00106,
				"seconds":	0.99999302625656128,
				"bytes":	45520612,
				"bits_per_second":	364167435.61026466,
				"jitter_ms":	0.0089026610699041771,
				"lost_packets":	12597,
				"packets":	46366,
				"lost_percent":	27.168614933356338,
				"omitted":	false,
				"sender":	false
			}
		}, {
			"streams":	[{
					"socket":	5,
					"start":	530.00106,
					"end":	531.000636,
					"seconds":	0.999575972557068,
					"bytes":	44866832,
					"bits_per_second":	359086918.70793,
					"jitter_ms":	0.044863640281926458,
					"lost_packets":	12589,
					"packets":	45873,
					"lost_percent":	27.443158284829856,
					"omitted":	false,
					"sender":	false
				}],
			"sum":	{
				"start":	530.00106,
				"end":	531.000636,
				"seconds":	0.999575972557068,
				"bytes":	44866832,
				"bits_per_second":	359086918.70793,
				"jitter_ms":	0.044863640281926458,
				"lost_packets":	12589,
				"packets":	45873,
				"lost_percent":	27.443158284829856,
				"omitted":	false,
				"sender":	false
			}
		}, {
			"streams":	[{
					"socket":	5,
					"start":	531.000636,
					"end":	532.001073,
					"seconds":	1.0004370212554932,
					"bytes":	45562400,
					"bits_per_second":	364339975.68639916,
					"jitter_ms":	0.006033292125556854,
					"lost_packets":	12649,
					"packets":	46449,
					"lost_percent":	27.232017912118668,
					"omitted":	false,
					"sender":	false
				}],
			"sum":	{
				"start":	531.000636,
				"end":	532.001073,
				"seconds":	1.0004370212554932,
				"bytes":	45562400,
				"bits_per_second":	364339975.68639916,
				"jitter_ms":	0.006033292125556854,
				"lost_packets":	12649,
				"packets":	46449,
				"lost_percent":	27.232017912118668,
				"omitted":	false,
				"sender":	false
			}
		}, {
			"streams":	[{
					"socket":	5,
					"start":	532.001073,
					"end":	533.001086,
					"seconds":	1.000012993812561,
					"bytes":	45722812,
					"bits_per_second":	365777743.15256649,
					"jitter_ms":	0.0086086693540322473,
					"lost_packets":	12901,
					"packets":	46820,
					"lost_percent":	27.5544639043144,
					"omitted":	false,
					"sender":	false
				}],
			"sum":	{
				"start":	532.001073,
				"end":	533.001086,
				"seconds":	1.000012993812561,
				"bytes":	45722812,
				"bits_per_second":	365777743.15256649,
				"jitter_ms":	0.0086086693540322473,
				"lost_packets":	12901,
				"packets":	46820,
				"lost_percent":	27.5544639043144,
				"omitted":	false,
				"sender":	false
			}
		}, {
			"streams":	[{
					"socket":	5,
					"start":	533.001086,
					"end":	534.001086,
					"seconds":	1,
					"bytes":	45408728,
					"bits_per_second":	363269824,
					"jitter_ms":	0.035319624026866066,
					"lost_packets":	12700,
					"packets":	46386,
					"lost_percent":	27.378950545423187,
					"omitted":	false,
					"sender":	false
				}],
			"sum":	{
				"start":	533.001086,
				"end":	534.001086,
				"seconds":	1,
				"bytes":	45408728,
				"bits_per_second":	363269824,
				"jitter_ms":	0.035319624026866066,
				"lost_packets":	12700,
				"packets":	46386,
				"lost_percent":	27.378950545423187,
				"omitted":	false,
				"sender":	false
			}
		}, {
			"streams":	[{
					"socket":	5,
					"start":	534.001086,
					"end":	535.001082,
					"seconds":	0.9999960064888,
					"bytes":	47277056,
					"bits_per_second":	378217958.417653,
					"jitter_ms":	0.0067177704662853086,
					"lost_packets":	13134,
					"packets":	48206,
					"lost_percent":	27.245571090735591,
					"omitted":	false,
					"sender":	false
				}],
			"sum":	{
				"start":	534.001086,
				"end":	535.001082,
				"seconds":	0.9999960064888,
				"bytes":	47277056,
				"bits_per_second":	378217958.417653,
				"jitter_ms":	0.0067177704662853086,
				"lost_packets":	13134,
				"packets":	48206,
				"lost_percent":	27.245571090735591,
				"omitted":	false,
				"sender":	false
			}
		}, {
			"streams":	[{
					"socket":	5,
					"start":	535.001082,
					"end":	536.001094,
					"seconds":	1.0000120401382446,
					"bytes":	43250580,
					"bits_per_second":	346000474.106459,
					"jitter_ms":	0.010991404580052612,
					"lost_packets":	12228,
					"packets":	44313,
					"lost_percent":	27.5946110622165,
					"omitted":	false,
					"sender":	false
				}],
			"sum":	{
				"start":	535.001082,
				"end":	536.001094,
				"seconds":	1.0000120401382446,
				"bytes":	43250580,
				"bits_per_second":	346000474.106459,
				"jitter_ms":	0.010991404580052612,
				"lost_packets":	12228,
				"packets":	44313,
				"lost_percent":	27.5946110622165,
				"omitted":	false,
				"sender":	false
			}
		}, {
			"streams":	[{
					"socket":	5,
					"start":	536.001094,
					"end":	537.001068,
					"seconds":	0.999974012374878,
					"bytes":	45748424,
					"bits_per_second":	365996903.39032114,
					"jitter_ms":	0.00595217781763958,
					"lost_packets":	12580,
					"packets":	46518,
					"lost_percent":	27.043295068575606,
					"omitted":	false,
					"sender":	false
				}],
			"sum":	{
				"start":	536.001094,
				"end":	537.001068,
				"seconds":	0.999974012374878,
				"bytes":	45748424,
				"bits_per_second":	365996903.39032114,
				"jitter_ms":	0.00595217781763958,
				"lost_packets":	12580,
				"packets":	46518,
				"lost_percent":	27.043295068575606,
				"omitted":	false,
				"sender":	false
			}
		}, {
			"streams":	[{
					"socket":	5,
					"start":	537.001068,
					"end":	538.00109,
					"seconds":	1.0000220537185669,
					"bytes":	44969280,
					"bits_per_second":	359746306.25620633,
					"jitter_ms":	0.029624873829059557,
					"lost_packets":	12927,
					"packets":	46287,
					"lost_percent":	27.927927927927929,
					"omitted":	false,
					"sender":	false
				}],
			"sum":	{
				"start":	537.001068,
				"end":	538.00109,
				"seconds":	1.0000220537185669,
				"bytes":	44969280,
				"bits_per_second":	359746306.25620633,
				"jitter_ms":	0.029624873829059557,
				"lost_packets":	12927,
				"packets":	46287,
				"lost_percent":	27.927927927927929,
				"omitted":	false,
				"sender":	false
			}
		}, {
			"streams":	[{
					"socket":	5,
					"start":	538.00109,
					"end":	539.001053,
					"seconds":	0.99996298551559448,
					"bytes":	45360200,
					"bits_per_second":	362895032.37251657,
					"jitter_ms":	0.00624524320963492,
					"lost_packets":	12375,
					"packets":	46025,
					"lost_percent":	26.887561108093429,
					"omitted":	false,
					"sender":	false
				}],
			"sum":	{
				"start":	538.00109,
				"end":	539.001053,
				"seconds":	0.99996298551559448,
				"bytes":	45360200,
				"bits_per_second":	362895032.37251657,
				"jitter_ms":	0.00624524320963492,
				"lost_packets":	12375,
				"packets":	46025,
				"lost_percent":	26.887561108093429,
				"omitted":	false,
				"sender":	false
			}
		}, {
			"streams":	[{
					"socket":	5,
					"start":	539.001053,
					"end":	540.001055,
					"seconds":	1.0000020265579224,
					"bytes":	45759208,
					"bits_per_second":	366072922.13201952,
					"jitter_ms":	0.0061099609173006671,
					"lost_packets":	12836,
					"packets":	46782,
					"lost_percent":	27.437903467145482,
					"omitted":	false,
					"sender":	false
				}],
			"sum":	{
				"start":	539.001053,
				"end":	540.001055,
				"seconds":	1.0000020265579224,
				"bytes":	45759208,
				"bits_per_second":	366072922.13201952,
				"jitter_ms":	0.0061099609173006671,
				"lost_packets":	12836,
				"packets":	46782,
				"lost_percent":	27.437903467145482,
				"omitted":	false,
				"sender":	false
			}
		}, {
			"streams":	[{
					"socket":	5,
					"start":	540.001055,
					"end":	541.00108,
					"seconds":	1.0000250339508057,
					"bytes":	45360200,
					"bits_per_second":	362872515.867289,
					"jitter_ms":	0.0087500314123266035,
					"lost_packets":	12707,
					"packets":	46357,
					"lost_percent":	27.411178462799576,
					"omitted":	false,
					"sender":	false
				}],
			"sum":	{
				"start":	540.001055,
				"end":	541.00108,
				"seconds":	1.0000250339508057,
				"bytes":	45360200,
				"bits_per_second":	362872515.867289,
				"jitter_ms":	0.0087500314123266035,
				"lost_packets":	12707,
				"packets":	46357,
				"lost_percent":	27.411178462799576,
				"omitted":	false,
				"sender":	false
			}
		}, {
			"streams":	[{
					"socket":	5,
					"start":	541.00108,
					"end":	542.001058,
					"seconds":	0.999978005886078,
					"bytes":	45043420,
					"bits_per_second":	360355285.695206,
					"jitter_ms":	0.012544487286418443,
					"lost_packets":	12710,
					"packets":	46125,
					"lost_percent":	27.555555555555557,
					"omitted":	false,
					"sender":	false
				}],
			"sum":	{
				"start":	541.00108,
				"end":	542.001058,
				"seconds":	0.999978005886078,
				"bytes":	45043420,
				"bits_per_second":	360355285.695206,
				"jitter_ms":	0.012544487286418443,
				"lost_packets":	12710,
				"packets":	46125,
				"lost_percent":	27.555555555555557,
				"omitted":	false,
				"sender":	false
			}
		}, {
			"streams":	[{
					"socket":	5,
					"start":	542.001058,
					"end":	543.001085,
					"seconds":	1.0000269412994385,
					"bytes":	46241792,
					"bits_per_second":	369924369.7567848,
					"jitter_ms":	0.00647676743184028,
					"lost_packets":	12772,
					"packets":	47076,
					"lost_percent":	27.130597331973828,
					"omitted":	false,
					"sender":	false
				}],
			"sum":	{
				"start":	542.001058,
				"end":	543.001085,
				"seconds":	1.0000269412994385,
				"bytes":	46241792,
				"bits_per_second":	369924369.7567848,
				"jitter_ms":	0.00647676743184028,
				"lost_packets":	12772,
				"packets":	47076,
				"lost_percent":	27.130597331973828,
				"omitted":	false,
				"sender":	false
			}
		}, {
			"streams":	[{
					"socket":	5,
					"start":	543.001085,
					"end":	544.000162,
					"seconds":	0.999077022075653,
					"bytes":	44928840,
					"bits_per_second":	359762773.0975709,
					"jitter_ms":	0.019621667316901913,
					"lost_packets":	12641,
					"packets":	45971,
					"lost_percent":	27.4977703334711,
					"omitted":	false,
					"sender":	false
				}],
			"sum":	{
				"start":	543.001085,
				"end":	544.000162,
				"seconds":	0.999077022075653,
				"bytes":	44928840,
				"bits_per_second":	359762773.0975709,
				"jitter_ms":	0.019621667316901913,
				"lost_packets":	12641,
				"packets":	45971,
				"lost_percent":	27.4977703334711,
				"omitted":	false,
				"sender":	false
			}
		}, {
			"streams":	[{
					"socket":	5,
					"start":	544.000162,
					"end":	545.001063,
					"seconds":	1.0009009838104248,
					"bytes":	44811564,
					"bits_per_second":	358169806.80268782,
					"jitter_ms":	0.051238566248391453,
					"lost_packets":	12178,
					"packets":	45421,
					"lost_percent":	26.811386803460955,
					"omitted":	false,
					"sender":	false
				}],
			"sum":	{
				"start":	544.000162,
				"end":	545.001063,
				"seconds":	1.0009009838104248,
				"bytes":	44811564,
				"bits_per_second":	358169806.80268782,
				"jitter_ms":	0.051238566248391453,
				"lost_packets":	12178,
				"packets":	45421,
				"lost_percent":	26.811386803460955,
				"omitted":	false,
				"sender":	false
			}
		}, {
			"streams":	[{
					"socket":	5,
					"start":	545.001063,
					"end":	546.001073,
					"seconds":	1.0000100135803223,
					"bytes":	43084776,
					"bits_per_second":	344674756.57164,
					"jitter_ms":	0.022443388344185543,
					"lost_packets":	13490,
					"packets":	45452,
					"lost_percent":	29.679662061075419,
					"omitted":	false,
					"sender":	false
				}],
			"sum":	{
				"start":	545.001063,
				"end":	546.001073,
				"seconds":	1.0000100135803223,
				"bytes":	43084776,
				"bits_per_second":	344674756.57164,
				"jitter_ms":	0.022443388344185543,
				"lost_packets":	13490,
				"packets":	45452,
				"lost_percent":	29.679662061075419,
				"omitted":	false,
				"sender":	false
			}
		}, {
			"streams":	[{
					"socket":	5,
					"start":	546.001073,
					"end":	547.001088,
					"seconds":	1.0000150203704834,
					"bytes":	44930188,
					"bits_per_second":	359436105.13653576,
					"jitter_ms":	0.040018922847757883,
					"lost_packets":	14415,
					"packets":	47746,
					"lost_percent":	30.191010765299712,
					"omitted":	false,
					"sender":	false
				}],
			"sum":	{
				"start":	546.001073,
				"end":	547.001088,
				"seconds":	1.0000150203704834,
				"bytes":	44930188,
				"bits_per_second":	359436105.13653576,
				"jitter_ms":	0.040018922847757883,
				"lost_packets":	14415,
				"packets":	47746,
				"lost_percent":	30.191010765299712,
				"omitted":	false,
				"sender":	false
			}
		}, {
			"streams":	[{
					"socket":	5,
					"start":	547.001088,
					"end":	548.001065,
					"seconds":	0.9999769926071167,
					"bytes":	45593404,
					"bits_per_second":	364755624.07594949,
					"jitter_ms":	0.050835540565426079,
					"lost_packets":	13280,
					"packets":	47103,
					"lost_percent":	28.193533320595293,
					"omitted":	false,
					"sender":	false
				}],
			"sum":	{
				"start":	547.001088,
				"end":	548.001065,
				"seconds":	0.9999769926071167,
				"bytes":	45593404,
				"bits_per_second":	364755624.07594949,
				"jitter_ms":	0.050835540565426079,
				"lost_packets":	13280,
				"packets":	47103,
				"lost_percent":	28.193533320595293,
				"omitted":	false,
				"sender":	false
			}
		}, {
			"streams":	[{
					"socket":	5,
					"start":	548.001065,
					"end":	549.001073,
					"seconds":	1.0000079870224,
					"bytes":	45396596,
					"bits_per_second":	363169867.3541345,
					"jitter_ms":	0.027908305020242167,
					"lost_packets":	12698,
					"packets":	46375,
					"lost_percent":	27.3811320754717,
					"omitted":	false,
					"sender":	false
				}],
			"sum":	{
				"start":	548.001065,
				"end":	549.001073,
				"seconds":	1.0000079870224,
				"bytes":	45396596,
				"bits_per_second":	363169867.3541345,
				"jitter_ms":	0.027908305020242167,
				"lost_packets":	12698,
				"packets":	46375,
				"lost_percent":	27.3811320754717,
				"omitted":	false,
				"sender":	false
			}
		}, {
			"streams":	[{
					"socket":	5,
					"start":	549.001073,
					"end":	550.001065,
					"seconds":	0.9999920129776,
					"bytes":	45840088,
					"bits_per_second":	366723633.02987158,
					"jitter_ms":	0.0080180017955514965,
					"lost_packets":	12522,
					"packets":	46528,
					"lost_percent":	26.912826685006877,
					"omitted":	false,
					"sender":	false
				}],
			"sum":	{
				"start":	549.001073,
				"end":	550.001065,
				"seconds":	0.9999920129776,
				"bytes":	45840088,
				"bits_per_second":	366723633.02987158,
				"jitter_ms":	0.0080180017955514965,
				"lost_packets":	12522,
				"packets":	46528,
				"lost_percent":	26.912826685006877,
				"omitted":	false,
				"sender":	false
			}
		}, {
			"streams":	[{
					"socket":	5,
					"start":	550.001065,
					"end":	551.001237,
					"seconds":	1.0001720190048218,
					"bytes":	44601276,
					"bits_per_second":	356748840.4194997,
					"jitter_ms":	0.0061986510366919424,
					"lost_packets":	12357,
					"packets":	45444,
					"lost_percent":	27.191708476366518,
					"omitted":	false,
					"sender":	false
				}],
			"sum":	{
				"start":	550.001065,
				"end":	551.001237,
				"seconds":	1.0001720190048218,
				"bytes":	44601276,
				"bits_per_second":	356748840.4194997,
				"jitter_ms":	0.0061986510366919424,
				"lost_packets":	12357,
				"packets":	45444,
				"lost_percent":	27.191708476366518,
				"omitted":	false,
				"sender":	false
			}
		}, {
			"streams":	[{
					"socket":	5,
					"start":	551.001237,
					"end":	552.001082,
					"seconds":	0.999845027923584,
					"bytes":	46368504,
					"bits_per_second":	371005527.496958,
					"jitter_ms":	0.033477123399250429,
					"lost_packets":	13139,
					"packets":	47537,
					"lost_percent":	27.639522897953174,
					"omitted":	false,
					"sender":	false
				}],
			"sum":	{
				"start":	551.001237,
				"end":	552.001082,
				"seconds":	0.999845027923584,
				"bytes":	46368504,
				"bits_per_second":	371005527.496958,
				"jitter_ms":	0.033477123399250429,
				"lost_packets":	13139,
				"packets":	47537,
				"lost_percent":	27.639522897953174,
				"omitted":	false,
				"sender":	false
			}
		}, {
			"streams":	[{
					"socket":	5,
					"start":	552.001082,
					"end":	553.001069,
					"seconds":	0.999987006187439,
					"bytes":	44862788,
					"bits_per_second":	358906967.56986344,
					"jitter_ms":	0.00936445526452922,
					"lost_packets":	12319,
					"packets":	45600,
					"lost_percent":	27.015350877192983,
					"omitted":	false,
					"sender":	false
				}],
			"sum":	{
				"start":	552.001082,
				"end":	553.001069,
				"seconds":	0.999987006187439,
				"bytes":	44862788,
				"bits_per_second":	358906967.56986344,
				"jitter_ms":	0.00936445526452922,
				"lost_packets":	12319,
				"packets":	45600,
				"lost_percent":	27.015350877192983,
				"omitted":	false,
				"sender":	false
			}
		}, {
			"streams":	[{
					"socket":	5,
					"start":	553.001069,
					"end":	554.001102,
					"seconds":	1.0000330209732056,
					"bytes":	45019156,
					"bits_per_second":	360141355.78194052,
					"jitter_ms":	0.0425472712968922,
					"lost_packets":	12570,
					"packets":	45967,
					"lost_percent":	27.345704527160791,
					"omitted":	false,
					"sender":	false
				}],
			"sum":	{
				"start":	553.001069,
				"end":	554.001102,
				"seconds":	1.0000330209732056,
				"bytes":	45019156,
				"bits_per_second":	360141355.78194052,
				"jitter_ms":	0.0425472712968922,
				"lost_packets":	12570,
				"packets":	45967,
				"lost_percent":	27.345704527160791,
				"omitted":	false,
				"sender":	false
			}
		}, {
			"streams":	[{
					"socket":	5,
					"start":	554.001102,
					"end":	555.001094,
					"seconds":	0.9999920129776,
					"bytes":	46687980,
					"bits_per_second":	373506823.20736349,
					"jitter_ms":	0.0062198170713162965,
					"lost_packets":	13251,
					"packets":	47886,
					"lost_percent":	27.671970930961031,
					"omitted":	false,
					"sender":	false
				}],
			"sum":	{
				"start":	554.001102,
				"end":	555.001094,
				"seconds":	0.9999920129776,
				"bytes":	46687980,
				"bits_per_second":	373506823.20736349,
				"jitter_ms":	0.0062198170713162965,
				"lost_packets":	13251,
				"packets":	47886,
				"lost_percent":	27.671970930961031,
				"omitted":	false,
				"sender":	false
			}
		}, {
			"streams":	[{
					"socket":	5,
					"start":	555.001094,
					"end":	556.001052,
					"seconds":	0.99995797872543335,
					"bytes":	44381552,
					"bits_per_second":	355067336.38203174,
					"jitter_ms":	0.02618721324941211,
					"lost_packets":	12299,
					"packets":	45223,
					"lost_percent":	27.196338146518364,
					"omitted":	false,
					"sender":	false
				}],
			"sum":	{
				"start":	555.001094,
				"end":	556.001052,
				"seconds":	0.99995797872543335,
				"bytes":	44381552,
				"bits_per_second":	355067336.38203174,
				"jitter_ms":	0.02618721324941211,
				"lost_packets":	12299,
				"packets":	45223,
				"lost_percent":	27.196338146518364,
				"omitted":	false,
				"sender":	false
			}
		}, {
			"streams":	[{
					"socket":	5,
					"start":	556.001052,
					"end":	557.001337,
					"seconds":	1.0002850294113159,
					"bytes":	45396596,
					"bits_per_second":	363069282.57612044,
					"jitter_ms":	0.042332098225773246,
					"lost_packets":	12755,
					"packets":	46432,
					"lost_percent":	27.47027911784976,
					"omitted":	false,
					"sender":	false
				}],
			"sum":	{
				"start":	556.001052,
				"end":	557.001337,
				"seconds":	1.0002850294113159,
				"bytes":	45396596,
				"bits_per_second":	363069282.57612044,
				"jitter_ms":	0.042332098225773246,
				"lost_packets":	12755,
				"packets":	46432,
				"lost_percent":	27.47027911784976,
				"omitted":	false,
				"sender":	false
			}
		}, {
			"streams":	[{
					"socket":	5,
					"start":	557.001337,
					"end":	558.001083,
					"seconds":	0.999746024608612,
					"bytes":	45803692,
					"bits_per_second":	366522623.72681355,
					"jitter_ms":	0.0073839932143324478,
					"lost_packets":	12853,
					"packets":	46832,
					"lost_percent":	27.444909463614621,
					"omitted":	false,
					"sender":	false
				}],
			"sum":	{
				"start":	557.001337,
				"end":	558.001083,
				"seconds":	0.999746024608612,
				"bytes":	45803692,
				"bits_per_second":	366522623.72681355,
				"jitter_ms":	0.0073839932143324478,
				"lost_packets":	12853,
				"packets":	46832,
				"lost_percent":	27.444909463614621,
				"omitted":	false,
				"sender":	false
			}
		}, {
			"streams":	[{
					"socket":	5,
					"start":	558.001083,
					"end":	559.001064,
					"seconds":	0.99998098611831665,
					"bytes":	44687548,
					"bits_per_second":	357507181.59925187,
					"jitter_ms":	0.0423640508865626,
					"lost_packets":	12301,
					"packets":	45452,
					"lost_percent":	27.063715568071814,
					"omitted":	false,
					"sender":	false
				}],
			"sum":	{
				"start":	558.001083,
				"end":	559.001064,
				"seconds":	0.99998098611831665,
				"bytes":	44687548,
				"bits_per_second":	357507181.59925187,
				"jitter_ms":	0.0423640508865626,
				"lost_packets":	12301,
				"packets":	45452,
				"lost_percent":	27.063715568071814,
				"omitted":	false,
				"sender":	false
			}
		}, {
			"streams":	[{
					"socket":	5,
					"start":	559.001064,
					"end":	560.00106,
					"seconds":	0.9999960064888,
					"bytes":	45822564,
					"bits_per_second":	366581975.94922668,
					"jitter_ms":	0.0084776791867760548,
					"lost_packets":	12818,
					"packets":	46811,
					"lost_percent":	27.38245284228066,
					"omitted":	false,
					"sender":	false
				}],
			"sum":	{
				"start":	559.001064,
				"end":	560.00106,
				"seconds":	0.9999960064888,
				"bytes":	45822564,
				"bits_per_second":	366581975.94922668,
				"jitter_ms":	0.0084776791867760548,
				"lost_packets":	12818,
				"packets":	46811,
				"lost_percent":	27.38245284228066,
				"omitted":	false,
				"sender":	false
			}
		}, {
			"streams":	[{
					"socket":	5,
					"start":	560.00106,
					"end":	561.00108,
					"seconds":	1.0000200271606445,
					"bytes":	45941188,
					"bits_per_second":	367522143.57499021,
					"jitter_ms":	0.035475871921305267,
					"lost_packets":	13000,
					"packets":	47081,
					"lost_percent":	27.611987850725345,
					"omitted":	false,
					"sender":	false
				}],
			"sum":	{
				"start":	560.00106,
				"end":	561.00108,
				"seconds":	1.0000200271606445,
				"bytes":	45941188,
				"bits_per_second":	367522143.57499021,
				"jitter_ms":	0.035475871921305267,
				"lost_packets":	13000,
				"packets":	47081,
				"lost_percent":	27.611987850725345,
				"omitted":	false,
				"sender":	false
			}
		}, {
			"streams":	[{
					"socket":	5,
					"start":	561.00108,
					"end":	562.001066,
					"seconds":	0.99998599290847778,
					"bytes":	44500176,
					"bits_per_second":	356006394.61415184,
					"jitter_ms":	0.027766918953010412,
					"lost_packets":	12522,
					"packets":	45534,
					"lost_percent":	27.500329424166559,
					"omitted":	false,
					"sender":	false
				}],
			"sum":	{
				"start":	561.00108,
				"end":	562.001066,
				"seconds":	0.99998599290847778,
				"bytes":	44500176,
				"bits_per_second":	356006394.61415184,
				"jitter_ms":	0.027766918953010412,
				"lost_packets":	12522,
				"packets":	45534,
				"lost_percent":	27.500329424166559,
				"omitted":	false,
				"sender":	false
			}
		}, {
			"streams":	[{
					"socket":	5,
					"start":	562.001066,
					"end":	563.001093,
					"seconds":	1.0000269412994385,
					"bytes":	45358852,
					"bits_per_second":	362861040.05206537,
					"jitter_ms":	0.0060316783075675283,
					"lost_packets":	12376,
					"packets":	46025,
					"lost_percent":	26.889733840304181,
					"omitted":	false,
					"sender":	false
				}],
			"sum":	{
				"start":	562.001066,
				"end":	563.001093,
				"seconds":	1.0000269412994385,
				"bytes":	45358852,
				"bits_per_second":	362861040.05206537,
				"jitter_ms":	0.0060316783075675283,
				"lost_packets":	12376,
				"packets":	46025,
				"lost_percent":	26.889733840304181,
				"omitted":	false,
				"sender":	false
			}
		}, {
			"streams":	[{
					"socket":	5,
					"start":	563.001093,
					"end":	564.001061,
					"seconds":	0.99996799230575562,
					"bytes":	45685068,
					"bits_per_second":	365492242.56394869,
					"jitter_ms":	0.0061610679216974364,
					"lost_packets":	12891,
					"packets":	46782,
					"lost_percent":	27.555470052584326,
					"omitted":	false,
					"sender":	false
				}],
			"sum":	{
				"start":	563.001093,
				"end":	564.001061,
				"seconds":	0.99996799230575562,
				"bytes":	45685068,
				"bits_per_second":	365492242.56394869,
				"jitter_ms":	0.0061610679216974364,
				"lost_packets":	12891,
				"packets":	46782,
				"lost_percent":	27.555470052584326,
				"omitted":	false,
				"sender":	false
			}
		}, {
			"streams":	[{
					"socket":	5,
					"start":	564.001061,
					"end":	565.001052,
					"seconds":	0.999990999698639,
					"bytes":	45434340,
					"bits_per_second":	363477991.41146082,
					"jitter_ms":	0.0086599332150142944,
					"lost_packets":	12651,
					"packets":	46356,
					"lost_percent":	27.2909655707999,
					"omitted":	false,
					"sender":	false
				}],
			"sum":	{
				"start":	564.001061,
				"end":	565.001052,
				"seconds":	0.999990999698639,
				"bytes":	45434340,
				"bits_per_second":	363477991.41146082,
				"jitter_ms":	0.0086599332150142944,
				"lost_packets":	12651,
				"packets":	46356,
				"lost_percent":	27.2909655707999,
				"omitted":	false,
				"sender":	false
			}
		}, {
			"streams":	[{
					"socket":	5,
					"start":	565.001052,
					"end":	566.001071,
					"seconds":	1.0000189542770386,
					"bytes":	45007024,
					"bits_per_second":	360049367.52454036,
					"jitter_ms":	0.024724472799365956,
					"lost_packets":	12680,
					"packets":	46068,
					"lost_percent":	27.524528957193713,
					"omitted":	false,
					"sender":	false
				}],
			"sum":	{
				"start":	565.001052,
				"end":	566.001071,
				"seconds":	1.0000189542770386,
				"bytes":	45007024,
				"bits_per_second":	360049367.52454036,
				"jitter_ms":	0.024724472799365956,
				"lost_packets":	12680,
				"packets":	46068,
				"lost_percent":	27.524528957193713,
				"omitted":	false,
				"sender":	false
			}
		}, {
			"streams":	[{
					"socket":	5,
					"start":	566.001071,
					"end":	567.001073,
					"seconds":	1.0000020265579224,
					"bytes":	46191916,
					"bits_per_second":	369534579.1167711,
					"jitter_ms":	0.034340733085292237,
					"lost_packets":	12934,
					"packets":	47201,
					"lost_percent":	27.401961822842736,
					"omitted":	false,
					"sender":	false
				}],
			"sum":	{
				"start":	566.001071,
				"end":	567.001073,
				"seconds":	1.0000020265579224,
				"bytes":	46191916,
				"bits_per_second":	369534579.1167711,
				"jitter_ms":	0.034340733085292237,
				"lost_packets":	12934,
				"packets":	47201,
				"lost_percent":	27.401961822842736,
				"omitted":	false,
				"sender":	false
			}
		}, {
			"streams":	[{
					"socket":	5,
					"start":	567.001073,
					"end":	568.00107,
					"seconds":	0.99999701976776123,
					"bytes":	45051508,
					"bits_per_second":	360413138.1148535,
					"jitter_ms":	0.0063927274828975925,
					"lost_packets":	12413,
					"packets":	45834,
					"lost_percent":	27.082515163415806,
					"omitted":	false,
					"sender":	false
				}],
			"sum":	{
				"start":	567.001073,
				"end":	568.00107,
				"seconds":	0.99999701976776123,
				"bytes":	45051508,
				"bits_per_second":	360413138.1148535,
				"jitter_ms":	0.0063927274828975925,
				"lost_packets":	12413,
				"packets":	45834,
				"lost_percent":	27.082515163415806,
				"omitted":	false,
				"sender":	false
			}
		}, {
			"streams":	[{
					"socket":	5,
					"start":	568.00107,
					"end":	569.001053,
					"seconds":	0.999983012676239,
					"bytes":	45348068,
					"bits_per_second":	362790706.8431946,
					"jitter_ms":	0.032607162468680888,
					"lost_packets":	12635,
					"packets":	46276,
					"lost_percent":	27.3035698850376,
					"omitted":	false,
					"sender":	false
				}],
			"sum":	{
				"start":	568.00107,
				"end":	569.001053,
				"seconds":	0.999983012676239,
				"bytes":	45348068,
				"bits_per_second":	362790706.8431946,
				"jitter_ms":	0.032607162468680888,
				"lost_packets":	12635,
				"packets":	46276,
				"lost_percent":	27.3035698850376,
				"omitted":	false,
				"sender":	false
			}
		}, {
			"streams":	[{
					"socket":	5,
					"start":	569.001053,
					"end":	570.0011,
					"seconds":	1.000046968460083,
					"bytes":	46012632,
					"bits_per_second":	368083767.67225087,
					"jitter_ms":	0.0077551473068922542,
					"lost_packets":	12825,
					"packets":	46959,
					"lost_percent":	27.311058583019229,
					"omitted":	false,
					"sender":	false
				}],
			"sum":	{
				"start":	569.001053,
				"end":	570.0011,
				"seconds":	1.000046968460083,
				"bytes":	46012632,
				"bits_per_second":	368083767.67225087,
				"jitter_ms":	0.0077551473068922542,
				"lost_packets":	12825,
				"packets":	46959,
				"lost_percent":	27.311058583019229,
				"omitted":	false,
				"sender":	false
			}
		}, {
			"streams":	[{
					"socket":	5,
					"start":	570.0011,
					"end":	571.001091,
					"seconds":	0.999990999698639,
					"bytes":	45396596,
					"bits_per_second":	363176036.69377738,
					"jitter_ms":	0.00776715652532903,
					"lost_packets":	12688,
					"packets":	46365,
					"lost_percent":	27.365469643049714,
					"omitted":	false,
					"sender":	false
				}],
			"sum":	{
				"start":	570.0011,
				"end":	571.001091,
				"seconds":	0.999990999698639,
				"bytes":	45396596,
				"bits_per_second":	363176036.69377738,
				"jitter_ms":	0.00776715652532903,
				"lost_packets":	12688,
				"packets":	46365,
				"lost_percent":	27.365469643049714,
				"omitted":	false,
				"sender":	false
			}
		}, {
			"streams":	[{
					"socket":	5,
					"start":	571.001091,
					"end":	572.001064,
					"seconds":	0.99997299909591675,
					"bytes":	44853352,
					"bits_per_second":	358836504.91005063,
					"jitter_ms":	0.047917887597681723,
					"lost_packets":	12918,
					"packets":	46192,
					"lost_percent":	27.965881537928645,
					"omitted":	false,
					"sender":	false
				}],
			"sum":	{
				"start":	571.001091,
				"end":	572.001064,
				"seconds":	0.99997299909591675,
				"bytes":	44853352,
				"bits_per_second":	358836504.91005063,
				"jitter_ms":	0.047917887597681723,
				"lost_packets":	12918,
				"packets":	46192,
				"lost_percent":	27.965881537928645,
				"omitted":	false,
				"sender":	false
			}
		}, {
			"streams":	[{
					"socket":	5,
					"start":	572.001064,
					"end":	573.001082,
					"seconds":	1.0000180006027222,
					"bytes":	45346720,
					"bits_per_second":	362767229.97121269,
					"jitter_ms":	0.0087102825961597428,
					"lost_packets":	12385,
					"packets":	46025,
					"lost_percent":	26.909288430200977,
					"omitted":	false,
					"sender":	false
				}],
			"sum":	{
				"start":	572.001064,
				"end":	573.001082,
				"seconds":	1.0000180006027222,
				"bytes":	45346720,
				"bits_per_second":	362767229.97121269,
				"jitter_ms":	0.0087102825961597428,
				"lost_packets":	12385,
				"packets":	46025,
				"lost_percent":	26.909288430200977,
				"omitted":	false,
				"sender":	false
			}
		}, {
			"streams":	[{
					"socket":	5,
					"start":	573.001082,
					"end":	574.001049,
					"seconds":	0.99996697902679443,
					"bytes":	45031288,
					"bits_per_second":	360262200.20846,
					"jitter_ms":	0.027935508617349874,
					"lost_packets":	12891,
					"packets":	46297,
					"lost_percent":	27.844136769121111,
					"omitted":	false,
					"sender":	false
				}],
			"sum":	{
				"start":	573.001082,
				"end":	574.001049,
				"seconds":	0.99996697902679443,
				"bytes":	45031288,
				"bits_per_second":	360262200.20846,
				"jitter_ms":	0.027935508617349874,
				"lost_packets":	12891,
				"packets":	46297,
				"lost_percent":	27.844136769121111,
				"omitted":	false,
				"sender":	false
			}
		}, {
			"streams":	[{
					"socket":	5,
					"start":	574.001049,
					"end":	575.001074,
					"seconds":	1.0000250339508057,
					"bytes":	46191916,
					"bits_per_second":	369526077.3023594,
					"jitter_ms":	0.034548254828587088,
					"lost_packets":	12698,
					"packets":	46965,
					"lost_percent":	27.037155328436068,
					"omitted":	false,
					"sender":	false
				}],
			"sum":	{
				"start":	574.001049,
				"end":	575.001074,
				"seconds":	1.0000250339508057,
				"bytes":	46191916,
				"bits_per_second":	369526077.3023594,
				"jitter_ms":	0.034548254828587088,
				"lost_packets":	12698,
				"packets":	46965,
				"lost_percent":	27.037155328436068,
				"omitted":	false,
				"sender":	false
			}
		}, {
			"streams":	[{
					"socket":	5,
					"start":	575.001074,
					"end":	576.001068,
					"seconds":	0.99999397993087769,
					"bytes":	44953104,
					"bits_per_second":	359626996.97938,
					"jitter_ms":	0.0061036790613445942,
					"lost_packets":	12494,
					"packets":	45842,
					"lost_percent":	27.254482788709044,
					"omitted":	false,
					"sender":	false
				}],
			"sum":	{
				"start":	575.001074,
				"end":	576.001068,
				"seconds":	0.99999397993087769,
				"bytes":	44953104,
				"bits_per_second":	359626996.97938,
				"jitter_ms":	0.0061036790613445942,
				"lost_packets":	12494,
				"packets":	45842,
				"lost_percent":	27.254482788709044,
				"omitted":	false,
				"sender":	false
			}
		}, {
			"streams":	[{
					"socket":	5,
					"start":	576.001068,
					"end":	577.001088,
					"seconds":	1.0000200271606445,
					"bytes":	45408728,
					"bits_per_second":	363262548.88257736,
					"jitter_ms":	0.0094537090895276538,
					"lost_packets":	12669,
					"packets":	46355,
					"lost_percent":	27.330385071729047,
					"omitted":	false,
					"sender":	false
				}],
			"sum":	{
				"start":	576.001068,
				"end":	577.001088,
				"seconds":	1.0000200271606445,
				"bytes":	45408728,
				"bits_per_second":	363262548.88257736,
				"jitter_ms":	0.0094537090895276538,
				"lost_packets":	12669,
				"packets":	46355,
				"lost_percent":	27.330385071729047,
				"omitted":	false,
				"sender":	false
			}
		}, {
			"streams":	[{
					"socket":	5,
					"start":	577.001088,
					"end":	578.001053,
					"seconds":	0.999965012073517,
					"bytes":	45094644,
					"bits_per_second":	360769774.58635056,
					"jitter_ms":	0.02218610085073975,
					"lost_packets":	12617,
					"packets":	46070,
					"lost_percent":	27.386585630562188,
					"omitted":	false,
					"sender":	false
				}],
			"sum":	{
				"start":	577.001088,
				"end":	578.001053,
				"seconds":	0.999965012073517,
				"bytes":	45094644,
				"bits_per_second":	360769774.58635056,
				"jitter_ms":	0.02218610085073975,
				"lost_packets":	12617,
				"packets":	46070,
				"lost_percent":	27.386585630562188,
				"omitted":	false,
				"sender":	false
			}
		}, {
			"streams":	[{
					"socket":	5,
					"start":	578.001053,
					"end":	579.001065,
					"seconds":	1.0000120401382446,
					"bytes":	46280884,
					"bits_per_second":	370242614.22774065,
					"jitter_ms":	0.0064087623358170453,
					"lost_packets":	12892,
					"packets":	47225,
					"lost_percent":	27.299100052938062,
					"omitted":	false,
					"sender":	false
				}],
			"sum":	{
				"start":	578.001053,
				"end":	579.001065,
				"seconds":	1.0000120401382446,
				"bytes":	46280884,
				"bits_per_second":	370242614.22774065,
				"jitter_ms":	0.0064087623358170453,
				"lost_packets":	12892,
				"packets":	47225,
				"lost_percent":	27.299100052938062,
				"omitted":	false,
				"sender":	false
			}
		}, {
			"streams":	[{
					"socket":	5,
					"start":	579.001065,
					"end":	580.001075,
					"seconds":	1.0000100135803223,
					"bytes":	44661936,
					"bits_per_second":	357291910.22875845,
					"jitter_ms":	0.00887875657055524,
					"lost_packets":	12576,
					"packets":	45708,
					"lost_percent":	27.513783145182462,
					"omitted":	false,
					"sender":	false
				}],
			"sum":	{
				"start":	579.001065,
				"end":	580.001075,
				"seconds":	1.0000100135803223,
				"bytes":	44661936,
				"bits_per_second":	357291910.22875845,
				"jitter_ms":	0.00887875657055524,
				"lost_packets":	12576,
				"packets":	45708,
				"lost_percent":	27.513783145182462,
				"omitted":	false,
				"sender":	false
			}
		}, {
			"streams":	[{
					"socket":	5,
					"start":	580.001075,
					"end":	581.001078,
					"seconds":	1.0000029802322388,
					"bytes":	45635192,
					"bits_per_second":	365080447.97547919,
					"jitter_ms":	0.0355870908629794,
					"lost_packets":	12671,
					"packets":	46525,
					"lost_percent":	27.23481998925309,
					"omitted":	false,
					"sender":	false
				}],
			"sum":	{
				"start":	580.001075,
				"end":	581.001078,
				"seconds":	1.0000029802322388,
				"bytes":	45635192,
				"bits_per_second":	365080447.97547919,
				"jitter_ms":	0.0355870908629794,
				"lost_packets":	12671,
				"packets":	46525,
				"lost_percent":	27.23481998925309,
				"omitted":	false,
				"sender":	false
			}
		}, {
			"streams":	[{
					"socket":	5,
					"start":	581.001078,
					"end":	582.001056,
					"seconds":	0.999978005886078,
					"bytes":	46829520,
					"bits_per_second":	374644399.97161329,
					"jitter_ms":	0.026724254545439974,
					"lost_packets":	13074,
					"packets":	47814,
					"lost_percent":	27.343455891579872,
					"omitted":	false,
					"sender":	false
				}],
			"sum":	{
				"start":	581.001078,
				"end":	582.001056,
				"seconds":	0.999978005886078,
				"bytes":	46829520,
				"bits_per_second":	374644399.97161329,
				"jitter_ms":	0.026724254545439974,
				"lost_packets":	13074,
				"packets":	47814,
				"lost_percent":	27.343455891579872,
				"omitted":	false,
				"sender":	false
			}
		}, {
			"streams":	[{
					"socket":	5,
					"start":	582.001056,
					"end":	583.00109,
					"seconds":	1.000033974647522,
					"bytes":	44800780,
					"bits_per_second":	358394063.68801224,
					"jitter_ms":	0.014682874471421794,
					"lost_packets":	12716,
					"packets":	45951,
					"lost_percent":	27.672955974842768,
					"omitted":	false,
					"sender":	false
				}],
			"sum":	{
				"start":	582.001056,
				"end":	583.00109,
				"seconds":	1.000033974647522,
				"bytes":	44800780,
				"bits_per_second":	358394063.68801224,
				"jitter_ms":	0.014682874471421794,
				"lost_packets":	12716,
				"packets":	45951,
				"lost_percent":	27.672955974842768,
				"omitted":	false,
				"sender":	false
			}
		}, {
			"streams":	[{
					"socket":	5,
					"start":	583.00109,
					"end":	584.001069,
					"seconds":	0.999979019165039,
					"bytes":	44484000,
					"bits_per_second":	355879466.64835572,
					"jitter_ms":	0.0315177443005877,
					"lost_packets":	12332,
					"packets":	45332,
					"lost_percent":	27.203741286508428,
					"omitted":	false,
					"sender":	false
				}],
			"sum":	{
				"start":	583.00109,
				"end":	584.001069,
				"seconds":	0.999979019165039,
				"bytes":	44484000,
				"bits_per_second":	355879466.64835572,
				"jitter_ms":	0.0315177443005877,
				"lost_packets":	12332,
				"packets":	45332,
				"lost_percent":	27.203741286508428,
				"omitted":	false,
				"sender":	false
			}
		}, {
			"streams":	[{
					"socket":	5,
					"start":	584.001069,
					"end":	585.001054,
					"seconds":	0.9999849796295166,
					"bytes":	45864352,
					"bits_per_second":	366920327.2792536,
					"jitter_ms":	0.015035620141340782,
					"lost_packets":	12910,
					"packets":	46934,
					"lost_percent":	27.506711552392723,
					"omitted":	false,
					"sender":	false
				}],
			"sum":	{
				"start":	584.001069,
				"end":	585.001054,
				"seconds":	0.9999849796295166,
				"bytes":	45864352,
				"bits_per_second":	366920327.2792536,
				"jitter_ms":	0.015035620141340782,
				"lost_packets":	12910,
				"packets":	46934,
				"lost_percent":	27.506711552392723,
				"omitted":	false,
				"sender":	false
			}
		}, {
			"streams":	[{
					"socket":	5,
					"start":	585.001054,
					"end":	586.000178,
					"seconds":	0.999123990535736,
					"bytes":	44524440,
					"bits_per_second":	356507824.228108,
					"jitter_ms":	0.0062201289294176081,
					"lost_packets":	12244,
					"packets":	45274,
					"lost_percent":	27.044219640411715,
					"omitted":	false,
					"sender":	false
				}],
			"sum":	{
				"start":	585.001054,
				"end":	586.000178,
				"seconds":	0.999123990535736,
				"bytes":	44524440,
				"bits_per_second":	356507824.228108,
				"jitter_ms":	0.0062201289294176081,
				"lost_packets":	12244,
				"packets":	45274,
				"lost_percent":	27.044219640411715,
				"omitted":	false,
				"sender":	false
			}
		}, {
			"streams":	[{
					"socket":	5,
					"start":	586.000178,
					"end":	587.001056,
					"seconds":	1.0008779764175415,
					"bytes":	46280884,
					"bits_per_second":	369922288.95397544,
					"jitter_ms":	0.0063383574439411471,
					"lost_packets":	13373,
					"packets":	47706,
					"lost_percent":	28.032113361002811,
					"omitted":	false,
					"sender":	false
				}],
			"sum":	{
				"start":	586.000178,
				"end":	587.001056,
				"seconds":	1.0008779764175415,
				"bytes":	46280884,
				"bits_per_second":	369922288.95397544,
				"jitter_ms":	0.0063383574439411471,
				"lost_packets":	13373,
				"packets":	47706,
				"lost_percent":	28.032113361002811,
				"omitted":	false,
				"sender":	false
			}
		}, {
			"streams":	[{
					"socket":	5,
					"start":	587.001056,
					"end":	588.001084,
					"seconds":	1.0000280141830444,
					"bytes":	44510960,
					"bits_per_second":	356077704.77400041,
					"jitter_ms":	0.012562989317201359,
					"lost_packets":	12079,
					"packets":	45099,
					"lost_percent":	26.783298964500322,
					"omitted":	false,
					"sender":	false
				}],
			"sum":	{
				"start":	587.001056,
				"end":	588.001084,
				"seconds":	1.0000280141830444,
				"bytes":	44510960,
				"bits_per_second":	356077704.77400041,
				"jitter_ms":	0.012562989317201359,
				"lost_packets":	12079,
				"packets":	45099,
				"lost_percent":	26.783298964500322,
				"omitted":	false,
				"sender":	false
			}
		}, {
			"streams":	[{
					"socket":	5,
					"start":	588.001084,
					"end":	589.001084,
					"seconds":	1,
					"bytes":	45825260,
					"bits_per_second":	366602080,
					"jitter_ms":	0.013325138749438029,
					"lost_packets":	12832,
					"packets":	46827,
					"lost_percent":	27.4029939991885,
					"omitted":	false,
					"sender":	false
				}],
			"sum":	{
				"start":	588.001084,
				"end":	589.001084,
				"seconds":	1,
				"bytes":	45825260,
				"bits_per_second":	366602080,
				"jitter_ms":	0.013325138749438029,
				"lost_packets":	12832,
				"packets":	46827,
				"lost_percent":	27.4029939991885,
				"omitted":	false,
				"sender":	false
			}
		}, {
			"streams":	[{
					"socket":	5,
					"start":	589.001084,
					"end":	590.00108,
					"seconds":	0.9999960064888,
					"bytes":	44868180,
					"bits_per_second":	358946873.45835936,
					"jitter_ms":	0.057746936747875115,
					"lost_packets":	12684,
					"packets":	45969,
					"lost_percent":	27.592507994518044,
					"omitted":	false,
					"sender":	false
				}],
			"sum":	{
				"start":	589.001084,
				"end":	590.00108,
				"seconds":	0.9999960064888,
				"bytes":	44868180,
				"bits_per_second":	358946873.45835936,
				"jitter_ms":	0.057746936747875115,
				"lost_packets":	12684,
				"packets":	45969,
				"lost_percent":	27.592507994518044,
				"omitted":	false,
				"sender":	false
			}
		}, {
			"streams":	[{
					"socket":	5,
					"start":	590.00108,
					"end":	591.001077,
					"seconds":	0.99999701976776123,
					"bytes":	46256620,
					"bits_per_second":	370054062.84704816,
					"jitter_ms":	0.0055329701375142083,
					"lost_packets":	12975,
					"packets":	47290,
					"lost_percent":	27.437090293931064,
					"omitted":	false,
					"sender":	false
				}],
			"sum":	{
				"start":	590.00108,
				"end":	591.001077,
				"seconds":	0.99999701976776123,
				"bytes":	46256620,
				"bits_per_second":	370054062.84704816,
				"jitter_ms":	0.0055329701375142083,
				"lost_packets":	12975,
				"packets":	47290,
				"lost_percent":	27.437090293931064,
				"omitted":	false,
				"sender":	false
			}
		}, {
			"streams":	[{
					"socket":	5,
					"start":	591.001077,
					"end":	592.001055,
					"seconds":	0.999978005886078,
					"bytes":	44523092,
					"bits_per_second":	356192570.13996589,
					"jitter_ms":	0.048010101081593183,
					"lost_packets":	12347,
					"packets":	45376,
					"lost_percent":	27.210419605077576,
					"omitted":	false,
					"sender":	false
				}],
			"sum":	{
				"start":	591.001077,
				"end":	592.001055,
				"seconds":	0.999978005886078,
				"bytes":	44523092,
				"bits_per_second":	356192570.13996589,
				"jitter_ms":	0.048010101081593183,
				"lost_packets":	12347,
				"packets":	45376,
				"lost_percent":	27.210419605077576,
				"omitted":	false,
				"sender":	false
			}
		}, {
			"streams":	[{
					"socket":	5,
					"start":	592.001055,
					"end":	593.001068,
					"seconds":	1.000012993812561,
					"bytes":	46282232,
					"bits_per_second":	370253045.00133312,
					"jitter_ms":	0.012901007008713113,
					"lost_packets":	12955,
					"packets":	47289,
					"lost_percent":	27.395377360485526,
					"omitted":	false,
					"sender":	false
				}],
			"sum":	{
				"start":	592.001055,
				"end":	593.001068,
				"seconds":	1.000012993812561,
				"bytes":	46282232,
				"bits_per_second":	370253045.00133312,
				"jitter_ms":	0.012901007008713113,
				"lost_packets":	12955,
				"packets":	47289,
				"lost_percent":	27.395377360485526,
				"omitted":	false,
				"sender":	false
			}
		}, {
			"streams":	[{
					"socket":	5,
					"start":	593.001068,
					"end":	594.001077,
					"seconds":	1.0000089406967163,
					"bytes":	45495000,
					"bits_per_second":	363956745.9731164,
					"jitter_ms":	0.01494476402052285,
					"lost_packets":	12705,
					"packets":	46455,
					"lost_percent":	27.34904746528899,
					"omitted":	false,
					"sender":	false
				}],
			"sum":	{
				"start":	593.001068,
				"end":	594.001077,
				"seconds":	1.0000089406967163,
				"bytes":	45495000,
				"bits_per_second":	363956745.9731164,
				"jitter_ms":	0.01494476402052285,
				"lost_packets":	12705,
				"packets":	46455,
				"lost_percent":	27.34904746528899,
				"omitted":	false,
				"sender":	false
			}
		}, {
			"streams":	[{
					"socket":	5,
					"start":	594.001077,
					"end":	595.001064,
					"seconds":	0.999987006187439,
					"bytes":	44524440,
					"bits_per_second":	356200148.39796251,
					"jitter_ms":	0.015842282309823742,
					"lost_packets":	12407,
					"packets":	45437,
					"lost_percent":	27.305940092875851,
					"omitted":	false,
					"sender":	false
				}],
			"sum":	{
				"start":	594.001077,
				"end":	595.001064,
				"seconds":	0.999987006187439,
				"bytes":	44524440,
				"bits_per_second":	356200148.39796251,
				"jitter_ms":	0.015842282309823742,
				"lost_packets":	12407,
				"packets":	45437,
				"lost_percent":	27.305940092875851,
				"omitted":	false,
				"sender":	false
			}
		}, {
			"streams":	[{
					"socket":	5,
					"start":	595.001064,
					"end":	596.000911,
					"seconds":	0.99984699487686157,
					"bytes":	45321108,
					"bits_per_second":	362624347.38292432,
					"jitter_ms":	0.011936174487645324,
					"lost_packets":	12656,
					"packets":	46277,
					"lost_percent":	27.348358795946151,
					"omitted":	false,
					"sender":	false
				}],
			"sum":	{
				"start":	595.001064,
				"end":	596.000911,
				"seconds":	0.99984699487686157,
				"bytes":	45321108,
				"bits_per_second":	362624347.38292432,
				"jitter_ms":	0.011936174487645324,
				"lost_packets":	12656,
				"packets":	46277,
				"lost_percent":	27.348358795946151,
				"omitted":	false,
				"sender":	false
			}
		}, {
			"streams":	[{
					"socket":	5,
					"start":	596.000911,
					"end":	597.001063,
					"seconds":	1.0001519918441772,
					"bytes":	46206744,
					"bits_per_second":	369597776.15239877,
					"jitter_ms":	0.013236716207291386,
					"lost_packets":	13012,
					"packets":	47290,
					"lost_percent":	27.5153309367731,
					"omitted":	false,
					"sender":	false
				}],
			"sum":	{
				"start":	596.000911,
				"end":	597.001063,
				"seconds":	1.0001519918441772,
				"bytes":	46206744,
				"bits_per_second":	369597776.15239877,
				"jitter_ms":	0.013236716207291386,
				"lost_packets":	13012,
				"packets":	47290,
				"lost_percent":	27.5153309367731,
				"omitted":	false,
				"sender":	false
			}
		}, {
			"streams":	[{
					"socket":	5,
					"start":	597.001063,
					"end":	598.001072,
					"seconds":	1.0000089406967163,
					"bytes":	44510960,
					"bits_per_second":	356084496.35651273,
					"jitter_ms":	0.0059933678603710447,
					"lost_packets":	12761,
					"packets":	45781,
					"lost_percent":	27.874008868307815,
					"omitted":	false,
					"sender":	false
				}],
			"sum":	{
				"start":	597.001063,
				"end":	598.001072,
				"seconds":	1.0000089406967163,
				"bytes":	44510960,
				"bits_per_second":	356084496.35651273,
				"jitter_ms":	0.0059933678603710447,
				"lost_packets":	12761,
				"packets":	45781,
				"lost_percent":	27.874008868307815,
				"omitted":	false,
				"sender":	false
			}
		}, {
			"streams":	[{
					"socket":	5,
					"start":	598.001072,
					"end":	599.001068,
					"seconds":	0.9999960064888,
					"bytes":	45322456,
					"bits_per_second":	362581095.97166765,
					"jitter_ms":	0.0119782899918349,
					"lost_packets":	12402,
					"packets":	46024,
					"lost_percent":	26.946810359812272,
					"omitted":	false,
					"sender":	false
				}],
			"sum":	{
				"start":	598.001072,
				"end":	599.001068,
				"seconds":	0.9999960064888,
				"bytes":	45322456,
				"bits_per_second":	362581095.97166765,
				"jitter_ms":	0.0119782899918349,
				"lost_packets":	12402,
				"packets":	46024,
				"lost_percent":	26.946810359812272,
				"omitted":	false,
				"sender":	false
			}
		}, {
			"streams":	[{
					"socket":	5,
					"start":	599.001068,
					"end":	600.001067,
					"seconds":	0.99999898672103882,
					"bytes":	46268752,
					"bits_per_second":	370150391.06560373,
					"jitter_ms":	0.014927371536230288,
					"lost_packets":	13057,
					"packets":	47381,
					"lost_percent":	27.55745974124649,
					"omitted":	false,
					"sender":	false
				}],
			"sum":	{
				"start":	599.001068,
				"end":	600.001067,
				"seconds":	0.99999898672103882,
				"bytes":	46268752,
				"bits_per_second":	370150391.06560373,
				"jitter_ms":	0.014927371536230288,
				"lost_packets":	13057,
				"packets":	47381,
				"lost_percent":	27.55745974124649,
				"omitted":	false,
				"sender":	false
			}
		}, {
			"streams":	[{
					"socket":	5,
					"start":	600.001067,
					"end":	601.001051,
					"seconds":	0.9999840259552002,
					"bytes":	45333240,
					"bits_per_second":	362671713.33419645,
					"jitter_ms":	0.014007235703426249,
					"lost_packets":	12644,
					"packets":	46274,
					"lost_percent":	27.324199334399445,
					"omitted":	false,
					"sender":	false
				}],
			"sum":	{
				"start":	600.001067,
				"end":	601.001051,
				"seconds":	0.9999840259552002,
				"bytes":	45333240,
				"bits_per_second":	362671713.33419645,
				"jitter_ms":	0.014007235703426249,
				"lost_packets":	12644,
				"packets":	46274,
				"lost_percent":	27.324199334399445,
				"omitted":	false,
				"sender":	false
			}
		}, {
			"streams":	[{
					"socket":	5,
					"start":	601.001051,
					"end":	602.00107,
					"seconds":	1.0000189542770386,
					"bytes":	45396596,
					"bits_per_second":	363165884.45321512,
					"jitter_ms":	0.022110504734129278,
					"lost_packets":	12679,
					"packets":	46356,
					"lost_percent":	27.351367676244713,
					"omitted":	false,
					"sender":	false
				}],
			"sum":	{
				"start":	601.001051,
				"end":	602.00107,
				"seconds":	1.0000189542770386,
				"bytes":	45396596,
				"bits_per_second":	363165884.45321512,
				"jitter_ms":	0.022110504734129278,
				"lost_packets":	12679,
				"packets":	46356,
				"lost_percent":	27.351367676244713,
				"omitted":	false,
				"sender":	false
			}
		}, {
			"streams":	[{
					"socket":	5,
					"start":	602.00107,
					"end":	603.001046,
					"seconds":	0.99997597932815552,
					"bytes":	45193048,
					"bits_per_second":	361553068.74761873,
					"jitter_ms":	0.044701441286372913,
					"lost_packets":	12735,
					"packets":	46261,
					"lost_percent":	27.528587795335163,
					"omitted":	false,
					"sender":	false
				}],
			"sum":	{
				"start":	602.00107,
				"end":	603.001046,
				"seconds":	0.99997597932815552,
				"bytes":	45193048,
				"bits_per_second":	361553068.74761873,
				"jitter_ms":	0.044701441286372913,
				"lost_packets":	12735,
				"packets":	46261,
				"lost_percent":	27.528587795335163,
				"omitted":	false,
				"sender":	false
			}
		}, {
			"streams":	[{
					"socket":	5,
					"start":	603.001046,
					"end":	604.001078,
					"seconds":	1.0000319480895996,
					"bytes":	44802128,
					"bits_per_second":	358405573.62662077,
					"jitter_ms":	0.10214625826512864,
					"lost_packets":	12317,
					"packets":	45553,
					"lost_percent":	27.038833885803349,
					"omitted":	false,
					"sender":	false
				}],
			"sum":	{
				"start":	603.001046,
				"end":	604.001078,
				"seconds":	1.0000319480895996,
				"bytes":	44802128,
				"bits_per_second":	358405573.62662077,
				"jitter_ms":	0.10214625826512864,
				"lost_packets":	12317,
				"packets":	45553,
				"lost_percent":	27.038833885803349,
				"omitted":	false,
				"sender":	false
			}
		}, {
			"streams":	[{
					"socket":	5,
					"start":	604.001078,
					"end":	605.001072,
					"seconds":	0.99999397993087769,
					"bytes":	46280884,
					"bits_per_second":	370249300.92638409,
					"jitter_ms":	0.014239420461552873,
					"lost_packets":	13049,
					"packets":	47382,
					"lost_percent":	27.539994090582923,
					"omitted":	false,
					"sender":	false
				}],
			"sum":	{
				"start":	604.001078,
				"end":	605.001072,
				"seconds":	0.99999397993087769,
				"bytes":	46280884,
				"bits_per_second":	370249300.92638409,
				"jitter_ms":	0.014239420461552873,
				"lost_packets":	13049,
				"packets":	47382,
				"lost_percent":	27.539994090582923,
				"omitted":	false,
				"sender":	false
			}
		}, {
			"streams":	[{
					"socket":	5,
					"start":	605.001072,
					"end":	606.001052,
					"seconds":	0.99997997283935547,
					"bytes":	45346720,
					"bits_per_second":	362781025.473876,
					"jitter_ms":	0.0140875653146868,
					"lost_packets":	12725,
					"packets":	46365,
					"lost_percent":	27.445271217513209,
					"omitted":	false,
					"sender":	false
				}],
			"sum":	{
				"start":	605.001072,
				"end":	606.001052,
				"seconds":	0.99997997283935547,
				"bytes":	45346720,
				"bits_per_second":	362781025.473876,
				"jitter_ms":	0.0140875653146868,
				"lost_packets":	12725,
				"packets":	46365,
				"lost_percent":	27.445271217513209,
				"omitted":	false,
				"sender":	false
			}
		}, {
			"streams":	[{
					"socket":	5,
					"start":	606.001052,
					"end":	607.001066,
					"seconds":	1.0000139474868774,
					"bytes":	44474564,
					"bits_per_second":	355791549.60203081,
					"jitter_ms":	0.01193026129979808,
					"lost_packets":	12355,
					"packets":	45348,
					"lost_percent":	27.244861956425861,
					"omitted":	false,
					"sender":	false
				}],
			"sum":	{
				"start":	606.001052,
				"end":	607.001066,
				"seconds":	1.0000139474868774,
				"bytes":	44474564,
				"bits_per_second":	355791549.60203081,
				"jitter_ms":	0.01193026129979808,
				"lost_packets":	12355,
				"packets":	45348,
				"lost_percent":	27.244861956425861,
				"omitted":	false,
				"sender":	false
			}
		}, {
			"streams":	[{
					"socket":	5,
					"start":	607.001066,
					"end":	608.000757,
					"seconds":	0.99969100952148438,
					"bytes":	45308976,
					"bits_per_second":	362583842.95513672,
					"jitter_ms":	0.01205748793623225,
					"lost_packets":	12753,
					"packets":	46365,
					"lost_percent":	27.50566159818829,
					"omitted":	false,
					"sender":	false
				}],
			"sum":	{
				"start":	607.001066,
				"end":	608.000757,
				"seconds":	0.99969100952148438,
				"bytes":	45308976,
				"bits_per_second":	362583842.95513672,
				"jitter_ms":	0.01205748793623225,
				"lost_packets":	12753,
				"packets":	46365,
				"lost_percent":	27.50566159818829,
				"omitted":	false,
				"sender":	false
			}
		}, {
			"streams":	[{
					"socket":	5,
					"start":	608.000757,
					"end":	609.001073,
					"seconds":	1.0003160238265991,
					"bytes":	45321108,
					"bits_per_second":	362454319.79888976,
					"jitter_ms":	0.01209342233908719,
					"lost_packets":	12744,
					"packets":	46365,
					"lost_percent":	27.486250404399872,
					"omitted":	false,
					"sender":	false
				}],
			"sum":	{
				"start":	608.000757,
				"end":	609.001073,
				"seconds":	1.0003160238265991,
				"bytes":	45321108,
				"bits_per_second":	362454319.79888976,
				"jitter_ms":	0.01209342233908719,
				"lost_packets":	12744,
				"packets":	46365,
				"lost_percent":	27.486250404399872,
				"omitted":	false,
				"sender":	false
			}
		}, {
			"streams":	[{
					"socket":	5,
					"start":	609.001073,
					"end":	610.001074,
					"seconds":	1.0000009536743164,
					"bytes":	45259100,
					"bits_per_second":	362072454.70079929,
					"jitter_ms":	0.011097407805808744,
					"lost_packets":	12931,
					"packets":	46506,
					"lost_percent":	27.805014406743215,
					"omitted":	false,
					"sender":	false
				}],
			"sum":	{
				"start":	609.001073,
				"end":	610.001074,
				"seconds":	1.0000009536743164,
				"bytes":	45259100,
				"bits_per_second":	362072454.70079929,
				"jitter_ms":	0.011097407805808744,
				"lost_packets":	12931,
				"packets":	46506,
				"lost_percent":	27.805014406743215,
				"omitted":	false,
				"sender":	false
			}
		}, {
			"streams":	[{
					"socket":	5,
					"start":	610.001074,
					"end":	611.001048,
					"seconds":	0.999974012374878,
					"bytes":	46268752,
					"bits_per_second":	370159635.56984448,
					"jitter_ms":	0.005876229650740584,
					"lost_packets":	12891,
					"packets":	47215,
					"lost_percent":	27.302763952133855,
					"omitted":	false,
					"sender":	false
				}],
			"sum":	{
				"start":	610.001074,
				"end":	611.001048,
				"seconds":	0.999974012374878,
				"bytes":	46268752,
				"bits_per_second":	370159635.56984448,
				"jitter_ms":	0.005876229650740584,
				"lost_packets":	12891,
				"packets":	47215,
				"lost_percent":	27.302763952133855,
				"omitted":	false,
				"sender":	false
			}
		}, {
			"streams":	[{
					"socket":	5,
					"start":	611.001048,
					"end":	612.001076,
					"seconds":	1.0000280141830444,
					"bytes":	44512308,
					"bits_per_second":	356088488.471904,
					"jitter_ms":	0.058551099448953717,
					"lost_packets":	12353,
					"packets":	45374,
					"lost_percent":	27.2248424207696,
					"omitted":	false,
					"sender":	false
				}],
			"sum":	{
				"start":	611.001048,
				"end":	612.001076,
				"seconds":	1.0000280141830444,
				"bytes":	44512308,
				"bits_per_second":	356088488.471904,
				"jitter_ms":	0.058551099448953717,
				"lost_packets":	12353,
				"packets":	45374,
				"lost_percent":	27.2248424207696,
				"omitted":	false,
				"sender":	false
			}
		}, {
			"streams":	[{
					"socket":	5,
					"start":	612.001076,
					"end":	613.001053,
					"seconds":	0.9999769926071167,
					"bytes":	45383116,
					"bits_per_second":	363073281.36963,
					"jitter_ms":	0.012058916549204147,
					"lost_packets":	12698,
					"packets":	46365,
					"lost_percent":	27.387037636147955,
					"omitted":	false,
					"sender":	false
				}],
			"sum":	{
				"start":	612.001076,
				"end":	613.001053,
				"seconds":	0.9999769926071167,
				"bytes":	45383116,
				"bits_per_second":	363073281.36963,
				"jitter_ms":	0.012058916549204147,
				"lost_packets":	12698,
				"packets":	46365,
				"lost_percent":	27.387037636147955,
				"omitted":	false,
				"sender":	false
			}
		}, {
			"streams":	[{
					"socket":	5,
					"start":	613.001053,
					"end":	614.001063,
					"seconds":	1.0000100135803223,
					"bytes":	46256620,
					"bits_per_second":	370049254.482067,
					"jitter_ms":	0.015729768807434947,
					"lost_packets":	13065,
					"packets":	47380,
					"lost_percent":	27.574926129168425,
					"omitted":	false,
					"sender":	false
				}],
			"sum":	{
				"start":	613.001053,
				"end":	614.001063,
				"seconds":	1.0000100135803223,
				"bytes":	46256620,
				"bits_per_second":	370049254.482067,
				"jitter_ms":	0.015729768807434947,
				"lost_packets":	13065,
				"packets":	47380,
				"lost_percent":	27.574926129168425,
				"omitted":	false,
				"sender":	false
			}
		}, {
			"streams":	[{
					"socket":	5,
					"start":	614.001063,
					"end":	615.001052,
					"seconds":	0.99998897314071655,
					"bytes":	44424688,
					"bits_per_second":	355401422.96148014,
					"jitter_ms":	0.012528552481428694,
					"lost_packets":	12396,
					"packets":	45352,
					"lost_percent":	27.332862938789908,
					"omitted":	false,
					"sender":	false
				}],
			"sum":	{
				"start":	614.001063,
				"end":	615.001052,
				"seconds":	0.99998897314071655,
				"bytes":	44424688,
				"bits_per_second":	355401422.96148014,
				"jitter_ms":	0.012528552481428694,
				"lost_packets":	12396,
				"packets":	45352,
				"lost_percent":	27.332862938789908,
				"omitted":	false,
				"sender":	false
			}
		}, {
			"streams":	[{
					"socket":	5,
					"start":	615.001052,
					"end":	616.001087,
					"seconds":	1.0000350475311279,
					"bytes":	45370984,
					"bits_per_second":	362955151.31803614,
					"jitter_ms":	0.026036286695803889,
					"lost_packets":	13062,
					"packets":	46720,
					"lost_percent":	27.958047945205479,
					"omitted":	false,
					"sender":	false
				}],
			"sum":	{
				"start":	615.001052,
				"end":	616.001087,
				"seconds":	1.0000350475311279,
				"bytes":	45370984,
				"bits_per_second":	362955151.31803614,
				"jitter_ms":	0.026036286695803889,
				"lost_packets":	13062,
				"packets":	46720,
				"lost_percent":	27.958047945205479,
				"omitted":	false,
				"sender":	false
			}
		}, {
			"streams":	[{
					"socket":	5,
					"start":	616.001087,
					"end":	617.001059,
					"seconds":	0.99997198581695557,
					"bytes":	45322456,
					"bits_per_second":	362589805.65718573,
					"jitter_ms":	0.17144379594278475,
					"lost_packets":	12744,
					"packets":	46366,
					"lost_percent":	27.485657593926582,
					"omitted":	false,
					"sender":	false
				}],
			"sum":	{
				"start":	616.001087,
				"end":	617.001059,
				"seconds":	0.99997198581695557,
				"bytes":	45322456,
				"bits_per_second":	362589805.65718573,
				"jitter_ms":	0.17144379594278475,
				"lost_packets":	12744,
				"packets":	46366,
				"lost_percent":	27.485657593926582,
				"omitted":	false,
				"sender":	false
			}
		}, {
			"streams":	[{
					"socket":	5,
					"start":	617.001059,
					"end":	618.001063,
					"seconds":	1.0000040531158447,
					"bytes":	45308976,
					"bits_per_second":	362470338.86572629,
					"jitter_ms":	0.014872633737375461,
					"lost_packets":	12484,
					"packets":	46096,
					"lost_percent":	27.08261020479,
					"omitted":	false,
					"sender":	false
				}],
			"sum":	{
				"start":	617.001059,
				"end":	618.001063,
				"seconds":	1.0000040531158447,
				"bytes":	45308976,
				"bits_per_second":	362470338.86572629,
				"jitter_ms":	0.014872633737375461,
				"lost_packets":	12484,
				"packets":	46096,
				"lost_percent":	27.08261020479,
				"omitted":	false,
				"sender":	false
			}
		}, {
			"streams":	[{
					"socket":	5,
					"start":	618.001063,
					"end":	619.001048,
					"seconds":	0.9999849796295166,
					"bytes":	46243140,
					"bits_per_second":	369950676.796226,
					"jitter_ms":	0.013521295789605784,
					"lost_packets":	12896,
					"packets":	47201,
					"lost_percent":	27.321455053918349,
					"omitted":	false,
					"sender":	false
				}],
			"sum":	{
				"start":	618.001063,
				"end":	619.001048,
				"seconds":	0.9999849796295166,
				"bytes":	46243140,
				"bits_per_second":	369950676.796226,
				"jitter_ms":	0.013521295789605784,
				"lost_packets":	12896,
				"packets":	47201,
				"lost_percent":	27.321455053918349,
				"omitted":	false,
				"sender":	false
			}
		}, {
			"streams":	[{
					"socket":	5,
					"start":	619.001048,
					"end":	620.001067,
					"seconds":	1.0000189542770386,
					"bytes":	44474564,
					"bits_per_second":	355789768.26216489,
					"jitter_ms":	0.0335764060071512,
					"lost_packets":	12429,
					"packets":	45422,
					"lost_percent":	27.363392188807186,
					"omitted":	false,
					"sender":	false
				}],
			"sum":	{
				"start":	619.001048,
				"end":	620.001067,
				"seconds":	1.0000189542770386,
				"bytes":	44474564,
				"bits_per_second":	355789768.26216489,
				"jitter_ms":	0.0335764060071512,
				"lost_packets":	12429,
				"packets":	45422,
				"lost_percent":	27.363392188807186,
				"omitted":	false,
				"sender":	false
			}
		}, {
			"streams":	[{
					"socket":	5,
					"start":	620.001067,
					"end":	621.001058,
					"seconds":	0.999990999698639,
					"bytes":	45334588,
					"bits_per_second":	362679968.22901171,
					"jitter_ms":	0.033380877050812621,
					"lost_packets":	12734,
					"packets":	46365,
					"lost_percent":	27.464682411301627,
					"omitted":	false,
					"sender":	false
				}],
			"sum":	{
				"start":	620.001067,
				"end":	621.001058,
				"seconds":	0.999990999698639,
				"bytes":	45334588,
				"bits_per_second":	362679968.22901171,
				"jitter_ms":	0.033380877050812621,
				"lost_packets":	12734,
				"packets":	46365,
				"lost_percent":	27.464682411301627,
				"omitted":	false,
				"sender":	false
			}
		}, {
			"streams":	[{
					"socket":	5,
					"start":	621.001058,
					"end":	622.001102,
					"seconds":	1.0000439882278442,
					"bytes":	45420860,
					"bits_per_second":	363350896.83796251,
					"jitter_ms":	0.011782544326182578,
					"lost_packets":	12688,
					"packets":	46383,
					"lost_percent":	27.354849837224844,
					"omitted":	false,
					"sender":	false
				}],
			"sum":	{
				"start":	621.001058,
				"end":	622.001102,
				"seconds":	1.0000439882278442,
				"bytes":	45420860,
				"bits_per_second":	363350896.83796251,
				"jitter_ms":	0.011782544326182578,
				"lost_packets":	12688,
				"packets":	46383,
				"lost_percent":	27.354849837224844,
				"omitted":	false,
				"sender":	false
			}
		}, {
			"streams":	[{
					"socket":	5,
					"start":	622.001102,
					"end":	623.001075,
					"seconds":	0.99997299909591675,
					"bytes":	45308976,
					"bits_per_second":	362481595.33078748,
					"jitter_ms":	0.0072045702619940432,
					"lost_packets":	12857,
					"packets":	46469,
					"lost_percent":	27.667907637349632,
					"omitted":	false,
					"sender":	false
				}],
			"sum":	{
				"start":	622.001102,
				"end":	623.001075,
				"seconds":	0.99997299909591675,
				"bytes":	45308976,
				"bits_per_second":	362481595.33078748,
				"jitter_ms":	0.0072045702619940432,
				"lost_packets":	12857,
				"packets":	46469,
				"lost_percent":	27.667907637349632,
				"omitted":	false,
				"sender":	false
			}
		}, {
			"streams":	[{
					"socket":	5,
					"start":	623.001075,
					"end":	624.001072,
					"seconds":	0.99999701976776123,
					"bytes":	46244488,
					"bits_per_second":	369957006.55779791,
					"jitter_ms":	0.029632191002874963,
					"lost_packets":	13237,
					"packets":	47543,
					"lost_percent":	27.84216393580548,
					"omitted":	false,
					"sender":	false
				}],
			"sum":	{
				"start":	623.001075,
				"end":	624.001072,
				"seconds":	0.99999701976776123,
				"bytes":	46244488,
				"bits_per_second":	369957006.55779791,
				"jitter_ms":	0.029632191002874963,
				"lost_packets":	13237,
				"packets":	47543,
				"lost_percent":	27.84216393580548,
				"omitted":	false,
				"sender":	false
			}
		}, {
			"streams":	[{
					"socket":	5,
					"start":	624.001072,
					"end":	625.001125,
					"seconds":	1.00005304813385,
					"bytes":	45383116,
					"bits_per_second":	363045669.10475165,
					"jitter_ms":	0.0072802191026869441,
					"lost_packets":	12447,
					"packets":	46114,
					"lost_percent":	26.991802923190356,
					"omitted":	false,
					"sender":	false
				}],
			"sum":	{
				"start":	624.001072,
				"end":	625.001125,
				"seconds":	1.00005304813385,
				"bytes":	45383116,
				"bits_per_second":	363045669.10475165,
				"jitter_ms":	0.0072802191026869441,
				"lost_packets":	12447,
				"packets":	46114,
				"lost_percent":	26.991802923190356,
				"omitted":	false,
				"sender":	false
			}
		}, {
			"streams":	[{
					"socket":	5,
					"start":	625.001125,
					"end":	626.001077,
					"seconds":	0.99995201826095581,
					"bytes":	44436820,
					"bits_per_second":	355511618.06568521,
					"jitter_ms":	0.047605061791504422,
					"lost_packets":	12716,
					"packets":	45681,
					"lost_percent":	27.836518465007334,
					"omitted":	false,
					"sender":	false
				}],
			"sum":	{
				"start":	625.001125,
				"end":	626.001077,
				"seconds":	0.99995201826095581,
				"bytes":	44436820,
				"bits_per_second":	355511618.06568521,
				"jitter_ms":	0.047605061791504422,
				"lost_packets":	12716,
				"packets":	45681,
				"lost_percent":	27.836518465007334,
				"omitted":	false,
				"sender":	false
			}
		}, {
			"streams":	[{
					"socket":	5,
					"start":	626.001077,
					"end":	627.001074,
					"seconds":	0.99999701976776123,
					"bytes":	45370984,
					"bits_per_second":	362968953.73177761,
					"jitter_ms":	0.011979925190808,
					"lost_packets":	12360,
					"packets":	46018,
					"lost_percent":	26.8590551523317,
					"omitted":	false,
					"sender":	false
				}],
			"sum":	{
				"start":	626.001077,
				"end":	627.001074,
				"seconds":	0.99999701976776123,
				"bytes":	45370984,
				"bits_per_second":	362968953.73177761,
				"jitter_ms":	0.011979925190808,
				"lost_packets":	12360,
				"packets":	46018,
				"lost_percent":	26.8590551523317,
				"omitted":	false,
				"sender":	false
			}
		}, {
			"streams":	[{
					"socket":	5,
					"start":	627.001074,
					"end":	628.001083,
					"seconds":	1.0000089406967163,
					"bytes":	46244488,
					"bits_per_second":	369952596.36603647,
					"jitter_ms":	0.028017336083316535,
					"lost_packets":	13342,
					"packets":	47648,
					"lost_percent":	28.001175285426459,
					"omitted":	false,
					"sender":	false
				}],
			"sum":	{
				"start":	627.001074,
				"end":	628.001083,
				"seconds":	1.0000089406967163,
				"bytes":	46244488,
				"bits_per_second":	369952596.36603647,
				"jitter_ms":	0.028017336083316535,
				"lost_packets":	13342,
				"packets":	47648,
				"lost_percent":	28.001175285426459,
				"omitted":	false,
				"sender":	false
			}
		}, {
			"streams":	[{
					"socket":	5,
					"start":	628.001083,
					"end":	629.000182,
					"seconds":	0.9990990161895752,
					"bytes":	45358852,
					"bits_per_second":	363198051.56443739,
					"jitter_ms":	0.013386036133067552,
					"lost_packets":	12358,
					"packets":	46007,
					"lost_percent":	26.861129828069643,
					"omitted":	false,
					"sender":	false
				}],
			"sum":	{
				"start":	628.001083,
				"end":	629.000182,
				"seconds":	0.9990990161895752,
				"bytes":	45358852,
				"bits_per_second":	363198051.56443739,
				"jitter_ms":	0.013386036133067552,
				"lost_packets":	12358,
				"packets":	46007,
				"lost_percent":	26.861129828069643,
				"omitted":	false,
				"sender":	false
			}
		}, {
			"streams":	[{
					"socket":	5,
					"start":	629.000182,
					"end":	630.001064,
					"seconds":	1.0008820295333862,
					"bytes":	45396596,
					"bits_per_second":	362852721.18364644,
					"jitter_ms":	0.0349679419552473,
					"lost_packets":	12764,
					"packets":	46441,
					"lost_percent":	27.484334962640769,
					"omitted":	false,
					"sender":	false
				}],
			"sum":	{
				"start":	629.000182,
				"end":	630.001064,
				"seconds":	1.0008820295333862,
				"bytes":	45396596,
				"bits_per_second":	362852721.18364644,
				"jitter_ms":	0.0349679419552473,
				"lost_packets":	12764,
				"packets":	46441,
				"lost_percent":	27.484334962640769,
				"omitted":	false,
				"sender":	false
			}
		}, {
			"streams":	[{
					"socket":	5,
					"start":	630.001064,
					"end":	631.001054,
					"seconds":	0.99998998641967773,
					"bytes":	45319760,
					"bits_per_second":	362561710.54081029,
					"jitter_ms":	0.0400912203779088,
					"lost_packets":	12557,
					"packets":	46177,
					"lost_percent":	27.19319141563982,
					"omitted":	false,
					"sender":	false
				}],
			"sum":	{
				"start":	630.001064,
				"end":	631.001054,
				"seconds":	0.99998998641967773,
				"bytes":	45319760,
				"bits_per_second":	362561710.54081029,
				"jitter_ms":	0.0400912203779088,
				"lost_packets":	12557,
				"packets":	46177,
				"lost_percent":	27.19319141563982,
				"omitted":	false,
				"sender":	false
			}
		}, {
			"streams":	[{
					"socket":	5,
					"start":	631.001054,
					"end":	632.001068,
					"seconds":	1.0000139474868774,
					"bytes":	45571836,
					"bits_per_second":	364569603.17024386,
					"jitter_ms":	0.034532081151213444,
					"lost_packets":	12776,
					"packets":	46583,
					"lost_percent":	27.426314320674923,
					"omitted":	false,
					"sender":	false
				}],
			"sum":	{
				"start":	631.001054,
				"end":	632.001068,
				"seconds":	1.0000139474868774,
				"bytes":	45571836,
				"bits_per_second":	364569603.17024386,
				"jitter_ms":	0.034532081151213444,
				"lost_packets":	12776,
				"packets":	46583,
				"lost_percent":	27.426314320674923,
				"omitted":	false,
				"sender":	false
			}
		}, {
			"streams":	[{
					"socket":	5,
					"start":	632.001068,
					"end":	633.001063,
					"seconds":	0.999994993209839,
					"bytes":	45334588,
					"bits_per_second":	362678519.85524487,
					"jitter_ms":	0.013370337717012433,
					"lost_packets":	12628,
					"packets":	46259,
					"lost_percent":	27.298471648760241,
					"omitted":	false,
					"sender":	false
				}],
			"sum":	{
				"start":	632.001068,
				"end":	633.001063,
				"seconds":	0.999994993209839,
				"bytes":	45334588,
				"bits_per_second":	362678519.85524487,
				"jitter_ms":	0.013370337717012433,
				"lost_packets":	12628,
				"packets":	46259,
				"lost_percent":	27.298471648760241,
				"omitted":	false,
				"sender":	false
			}
		}, {
			"streams":	[{
					"socket":	5,
					"start":	633.001063,
					"end":	634.001065,
					"seconds":	1.0000020265579224,
					"bytes":	44498828,
					"bits_per_second":	355989902.56584269,
					"jitter_ms":	0.02746957937851132,
					"lost_packets":	12785,
					"packets":	45796,
					"lost_percent":	27.917285352432526,
					"omitted":	false,
					"sender":	false
				}],
			"sum":	{
				"start":	633.001063,
				"end":	634.001065,
				"seconds":	1.0000020265579224,
				"bytes":	44498828,
				"bits_per_second":	355989902.56584269,
				"jitter_ms":	0.02746957937851132,
				"lost_packets":	12785,
				"packets":	45796,
				"lost_percent":	27.917285352432526,
				"omitted":	false,
				"sender":	false
			}
		}, {
			"streams":	[{
					"socket":	5,
					"start":	634.001065,
					"end":	635.001076,
					"seconds":	1.0000109672546387,
					"bytes":	46181132,
					"bits_per_second":	369445004.202564,
					"jitter_ms":	0.031478903446778186,
					"lost_packets":	13031,
					"packets":	47290,
					"lost_percent":	27.555508564178474,
					"omitted":	false,
					"sender":	false
				}],
			"sum":	{
				"start":	634.001065,
				"end":	635.001076,
				"seconds":	1.0000109672546387,
				"bytes":	46181132,
				"bits_per_second":	369445004.202564,
				"jitter_ms":	0.031478903446778186,
				"lost_packets":	13031,
				"packets":	47290,
				"lost_percent":	27.555508564178474,
				"omitted":	false,
				"sender":	false
			}
		}, {
			"streams":	[{
					"socket":	5,
					"start":	635.001076,
					"end":	636.001076,
					"seconds":	1,
					"bytes":	45346720,
					"bits_per_second":	362773760,
					"jitter_ms":	0.013210464056352665,
					"lost_packets":	12369,
					"packets":	46009,
					"lost_percent":	26.883870547066877,
					"omitted":	false,
					"sender":	false
				}],
			"sum":	{
				"start":	635.001076,
				"end":	636.001076,
				"seconds":	1,
				"bytes":	45346720,
				"bits_per_second":	362773760,
				"jitter_ms":	0.013210464056352665,
				"lost_packets":	12369,
				"packets":	46009,
				"lost_percent":	26.883870547066877,
				"omitted":	false,
				"sender":	false
			}
		}, {
			"streams":	[{
					"socket":	5,
					"start":	636.001076,
					"end":	637.001063,
					"seconds":	0.999987006187439,
					"bytes":	45396596,
					"bits_per_second":	363177487.06019324,
					"jitter_ms":	0.013510486882215966,
					"lost_packets":	12688,
					"packets":	46365,
					"lost_percent":	27.365469643049714,
					"omitted":	false,
					"sender":	false
				}],
			"sum":	{
				"start":	636.001076,
				"end":	637.001063,
				"seconds":	0.999987006187439,
				"bytes":	45396596,
				"bits_per_second":	363177487.06019324,
				"jitter_ms":	0.013510486882215966,
				"lost_packets":	12688,
				"packets":	46365,
				"lost_percent":	27.365469643049714,
				"omitted":	false,
				"sender":	false
			}
		}, {
			"streams":	[{
					"socket":	5,
					"start":	637.001063,
					"end":	638.001101,
					"seconds":	1.0000380277633667,
					"bytes":	45358852,
					"bits_per_second":	362857017.359208,
					"jitter_ms":	0.013254573512285532,
					"lost_packets":	12716,
					"packets":	46365,
					"lost_percent":	27.425860023724791,
					"omitted":	false,
					"sender":	false
				}],
			"sum":	{
				"start":	637.001063,
				"end":	638.001101,
				"seconds":	1.0000380277633667,
				"bytes":	45358852,
				"bits_per_second":	362857017.359208,
				"jitter_ms":	0.013254573512285532,
				"lost_packets":	12716,
				"packets":	46365,
				"lost_percent":	27.425860023724791,
				"omitted":	false,
				"sender":	false
			}
		}, {
			"streams":	[{
					"socket":	5,
					"start":	638.001101,
					"end":	639.001075,
					"seconds":	0.999974012374878,
					"bytes":	45408728,
					"bits_per_second":	363279264.76534736,
					"jitter_ms":	0.02216441418927147,
					"lost_packets":	12670,
					"packets":	46356,
					"lost_percent":	27.331952713780311,
					"omitted":	false,
					"sender":	false
				}],
			"sum":	{
				"start":	638.001101,
				"end":	639.001075,
				"seconds":	0.999974012374878,
				"bytes":	45408728,
				"bits_per_second":	363279264.76534736,
				"jitter_ms":	0.02216441418927147,
				"lost_packets":	12670,
				"packets":	46356,
				"lost_percent":	27.331952713780311,
				"omitted":	false,
				"sender":	false
			}
		}, {
			"streams":	[{
					"socket":	5,
					"start":	639.001075,
					"end":	640.001099,
					"seconds":	1.0000239610672,
					"bytes":	44574316,
					"bits_per_second":	356585983.81927925,
					"jitter_ms":	0.0280940916966171,
					"lost_packets":	12383,
					"packets":	45450,
					"lost_percent":	27.245324532453246,
					"omitted":	false,
					"sender":	false
				}],
			"sum":	{
				"start":	639.001075,
				"end":	640.001099,
				"seconds":	1.0000239610672,
				"bytes":	44574316,
				"bits_per_second":	356585983.81927925,
				"jitter_ms":	0.0280940916966171,
				"lost_packets":	12383,
				"packets":	45450,
				"lost_percent":	27.245324532453246,
				"omitted":	false,
				"sender":	false
			}
		}, {
			"streams":	[{
					"socket":	5,
					"start":	640.001099,
					"end":	641.001069,
					"seconds":	0.999970018863678,
					"bytes":	46255272,
					"bits_per_second":	370053270.61755282,
					"jitter_ms":	0.013251797454398605,
					"lost_packets":	12975,
					"packets":	47289,
					"lost_percent":	27.437670494195267,
					"omitted":	false,
					"sender":	false
				}],
			"sum":	{
				"start":	640.001099,
				"end":	641.001069,
				"seconds":	0.999970018863678,
				"bytes":	46255272,
				"bits_per_second":	370053270.61755282,
				"jitter_ms":	0.013251797454398605,
				"lost_packets":	12975,
				"packets":	47289,
				"lost_percent":	27.437670494195267,
				"omitted":	false,
				"sender":	false
			}
		}, {
			"streams":	[{
					"socket":	5,
					"start":	641.001069,
					"end":	642.001055,
					"seconds":	0.99998599290847778,
					"bytes":	45446472,
					"bits_per_second":	363576868.65447462,
					"jitter_ms":	0.00676785700468829,
					"lost_packets":	12757,
					"packets":	46471,
					"lost_percent":	27.451528910503324,
					"omitted":	false,
					"sender":	false
				}],
			"sum":	{
				"start":	641.001069,
				"end":	642.001055,
				"seconds":	0.99998599290847778,
				"bytes":	45446472,
				"bits_per_second":	363576868.65447462,
				"jitter_ms":	0.00676785700468829,
				"lost_packets":	12757,
				"packets":	46471,
				"lost_percent":	27.451528910503324,
				"omitted":	false,
				"sender":	false
			}
		}, {
			"streams":	[{
					"socket":	5,
					"start":	642.001055,
					"end":	643.001073,
					"seconds":	1.0000180006027222,
					"bytes":	44399076,
					"bits_per_second":	355186214.43406159,
					"jitter_ms":	0.026139819597214117,
					"lost_packets":	12753,
					"packets":	45690,
					"lost_percent":	27.912015758371634,
					"omitted":	false,
					"sender":	false
				}],
			"sum":	{
				"start":	642.001055,
				"end":	643.001073,
				"seconds":	1.0000180006027222,
				"bytes":	44399076,
				"bits_per_second":	355186214.43406159,
				"jitter_ms":	0.026139819597214117,
				"lost_packets":	12753,
				"packets":	45690,
				"lost_percent":	27.912015758371634,
				"omitted":	false,
				"sender":	false
			}
		}, {
			"streams":	[{
					"socket":	5,
					"start":	643.001073,
					"end":	644.001075,
					"seconds":	1.0000020265579224,
					"bytes":	45308976,
					"bits_per_second":	362471073.43137449,
					"jitter_ms":	0.026435172342100095,
					"lost_packets":	12753,
					"packets":	46365,
					"lost_percent":	27.50566159818829,
					"omitted":	false,
					"sender":	false
				}],
			"sum":	{
				"start":	643.001073,
				"end":	644.001075,
				"seconds":	1.0000020265579224,
				"bytes":	45308976,
				"bits_per_second":	362471073.43137449,
				"jitter_ms":	0.026435172342100095,
				"lost_packets":	12753,
				"packets":	46365,
				"lost_percent":	27.50566159818829,
				"omitted":	false,
				"sender":	false
			}
		}, {
			"streams":	[{
					"socket":	5,
					"start":	644.001075,
					"end":	645.001046,
					"seconds":	0.99997097253799438,
					"bytes":	44421992,
					"bits_per_second":	355386251.96092612,
					"jitter_ms":	0.013443837222438908,
					"lost_packets":	12125,
					"packets":	45079,
					"lost_percent":	26.897224871891567,
					"omitted":	false,
					"sender":	false
				}],
			"sum":	{
				"start":	644.001075,
				"end":	645.001046,
				"seconds":	0.99997097253799438,
				"bytes":	44421992,
				"bits_per_second":	355386251.96092612,
				"jitter_ms":	0.013443837222438908,
				"lost_packets":	12125,
				"packets":	45079,
				"lost_percent":	26.897224871891567,
				"omitted":	false,
				"sender":	false
			}
		}, {
			"streams":	[{
					"socket":	5,
					"start":	645.001046,
					"end":	646.001082,
					"seconds":	1.0000360012054443,
					"bytes":	45414120,
					"bits_per_second":	363299880.76635462,
					"jitter_ms":	0.013356923202008281,
					"lost_packets":	14530,
					"packets":	48220,
					"lost_percent":	30.132725010369143,
					"omitted":	false,
					"sender":	false
				}],
			"sum":	{
				"start":	645.001046,
				"end":	646.001082,
				"seconds":	1.0000360012054443,
				"bytes":	45414120,
				"bits_per_second":	363299880.76635462,
				"jitter_ms":	0.013356923202008281,
				"lost_packets":	14530,
				"packets":	48220,
				"lost_percent":	30.132725010369143,
				"omitted":	false,
				"sender":	false
			}
		}, {
			"streams":	[{
					"socket":	5,
					"start":	646.001082,
					"end":	647.001076,
					"seconds":	0.99999397993087769,
					"bytes":	44448952,
					"bits_per_second":	355593756.69899482,
					"jitter_ms":	0.011525069482243938,
					"lost_packets":	12420,
					"packets":	45394,
					"lost_percent":	27.360444111556593,
					"omitted":	false,
					"sender":	false
				}],
			"sum":	{
				"start":	646.001082,
				"end":	647.001076,
				"seconds":	0.99999397993087769,
				"bytes":	44448952,
				"bits_per_second":	355593756.69899482,
				"jitter_ms":	0.011525069482243938,
				"lost_packets":	12420,
				"packets":	45394,
				"lost_percent":	27.360444111556593,
				"omitted":	false,
				"sender":	false
			}
		}, {
			"streams":	[{
					"socket":	5,
					"start":	647.001076,
					"end":	648.001069,
					"seconds":	0.99999302625656128,
					"bytes":	46231008,
					"bits_per_second":	369850643.2434966,
					"jitter_ms":	0.013079664750535246,
					"lost_packets":	13040,
					"packets":	47336,
					"lost_percent":	27.5477437890823,
					"omitted":	false,
					"sender":	false
				}],
			"sum":	{
				"start":	647.001076,
				"end":	648.001069,
				"seconds":	0.99999302625656128,
				"bytes":	46231008,
				"bits_per_second":	369850643.2434966,
				"jitter_ms":	0.013079664750535246,
				"lost_packets":	13040,
				"packets":	47336,
				"lost_percent":	27.5477437890823,
				"omitted":	false,
				"sender":	false
			}
		}, {
			"streams":	[{
					"socket":	5,
					"start":	648.001069,
					"end":	649.001069,
					"seconds":	1,
					"bytes":	45396596,
					"bits_per_second":	363172768,
					"jitter_ms":	0.00767644409789977,
					"lost_packets":	12745,
					"packets":	46422,
					"lost_percent":	27.454655120417044,
					"omitted":	false,
					"sender":	false
				}],
			"sum":	{
				"start":	648.001069,
				"end":	649.001069,
				"seconds":	1,
				"bytes":	45396596,
				"bits_per_second":	363172768,
				"jitter_ms":	0.00767644409789977,
				"lost_packets":	12745,
				"packets":	46422,
				"lost_percent":	27.454655120417044,
				"omitted":	false,
				"sender":	false
			}
		}, {
			"streams":	[{
					"socket":	5,
					"start":	649.001069,
					"end":	650.001545,
					"seconds":	1.0004760026931763,
					"bytes":	45470736,
					"bits_per_second":	363592816.83996463,
					"jitter_ms":	0.044447080115437687,
					"lost_packets":	12576,
					"packets":	46308,
					"lost_percent":	27.157294635916042,
					"omitted":	false,
					"sender":	false
				}],
			"sum":	{
				"start":	649.001069,
				"end":	650.001545,
				"seconds":	1.0004760026931763,
				"bytes":	45470736,
				"bits_per_second":	363592816.83996463,
				"jitter_ms":	0.044447080115437687,
				"lost_packets":	12576,
				"packets":	46308,
				"lost_percent":	27.157294635916042,
				"omitted":	false,
				"sender":	false
			}
		}, {
			"streams":	[{
					"socket":	5,
					"start":	650.001545,
					"end":	651.00107,
					"seconds":	0.999525010585785,
					"bytes":	45446472,
					"bits_per_second":	363744550.81111372,
					"jitter_ms":	0.013280355936471026,
					"lost_packets":	12651,
					"packets":	46365,
					"lost_percent":	27.285668068586219,
					"omitted":	false,
					"sender":	false
				}],
			"sum":	{
				"start":	650.001545,
				"end":	651.00107,
				"seconds":	0.999525010585785,
				"bytes":	45446472,
				"bits_per_second":	363744550.81111372,
				"jitter_ms":	0.013280355936471026,
				"lost_packets":	12651,
				"packets":	46365,
				"lost_percent":	27.285668068586219,
				"omitted":	false,
				"sender":	false
			}
		}, {
			"streams":	[{
					"socket":	5,
					"start":	651.00107,
					"end":	652.001074,
					"seconds":	1.0000040531158447,
					"bytes":	46345588,
					"bits_per_second":	370763201.25379437,
					"jitter_ms":	0.00724258261702886,
					"lost_packets":	13017,
					"packets":	47398,
					"lost_percent":	27.463184100594962,
					"omitted":	false,
					"sender":	false
				}],
			"sum":	{
				"start":	651.00107,
				"end":	652.001074,
				"seconds":	1.0000040531158447,
				"bytes":	46345588,
				"bits_per_second":	370763201.25379437,
				"jitter_ms":	0.00724258261702886,
				"lost_packets":	13017,
				"packets":	47398,
				"lost_percent":	27.463184100594962,
				"omitted":	false,
				"sender":	false
			}
		}, {
			"streams":	[{
					"socket":	5,
					"start":	652.001074,
					"end":	653.000219,
					"seconds":	0.999144971370697,
					"bytes":	43561968,
					"bits_per_second":	348793972.8325001,
					"jitter_ms":	0.02470932000537442,
					"lost_packets":	12448,
					"packets":	44764,
					"lost_percent":	27.808060048253061,
					"omitted":	false,
					"sender":	false
				}],
			"sum":	{
				"start":	652.001074,
				"end":	653.000219,
				"seconds":	0.999144971370697,
				"bytes":	43561968,
				"bits_per_second":	348793972.8325001,
				"jitter_ms":	0.02470932000537442,
				"lost_packets":	12448,
				"packets":	44764,
				"lost_percent":	27.808060048253061,
				"omitted":	false,
				"sender":	false
			}
		}, {
			"streams":	[{
					"socket":	5,
					"start":	653.000219,
					"end":	654.001053,
					"seconds":	1.0008339881896973,
					"bytes":	46163608,
					"bits_per_second":	369001121.42274839,
					"jitter_ms":	0.029138074654552929,
					"lost_packets":	13044,
					"packets":	47290,
					"lost_percent":	27.582998519771621,
					"omitted":	false,
					"sender":	false
				}],
			"sum":	{
				"start":	653.000219,
				"end":	654.001053,
				"seconds":	1.0008339881896973,
				"bytes":	46163608,
				"bits_per_second":	369001121.42274839,
				"jitter_ms":	0.029138074654552929,
				"lost_packets":	13044,
				"packets":	47290,
				"lost_percent":	27.582998519771621,
				"omitted":	false,
				"sender":	false
			}
		}, {
			"streams":	[{
					"socket":	5,
					"start":	654.001053,
					"end":	655.001085,
					"seconds":	1.0000319480895996,
					"bytes":	44436820,
					"bits_per_second":	355483202.9907797,
					"jitter_ms":	0.011711246284542504,
					"lost_packets":	12117,
					"packets":	45082,
					"lost_percent":	26.877689543498512,
					"omitted":	false,
					"sender":	false
				}],
			"sum":	{
				"start":	654.001053,
				"end":	655.001085,
				"seconds":	1.0000319480895996,
				"bytes":	44436820,
				"bits_per_second":	355483202.9907797,
				"jitter_ms":	0.011711246284542504,
				"lost_packets":	12117,
				"packets":	45082,
				"lost_percent":	26.877689543498512,
				"omitted":	false,
				"sender":	false
			}
		}, {
			"streams":	[{
					"socket":	5,
					"start":	655.001085,
					"end":	656.001084,
					"seconds":	0.99999898672103882,
					"bytes":	45334588,
					"bits_per_second":	362677071.49304622,
					"jitter_ms":	0.012821239799920742,
					"lost_packets":	12734,
					"packets":	46365,
					"lost_percent":	27.464682411301627,
					"omitted":	false,
					"sender":	false
				}],
			"sum":	{
				"start":	655.001085,
				"end":	656.001084,
				"seconds":	0.99999898672103882,
				"bytes":	45334588,
				"bits_per_second":	362677071.49304622,
				"jitter_ms":	0.012821239799920742,
				"lost_packets":	12734,
				"packets":	46365,
				"lost_percent":	27.464682411301627,
				"omitted":	false,
				"sender":	false
			}
		}, {
			"streams":	[{
					"socket":	5,
					"start":	656.001084,
					"end":	657.001063,
					"seconds":	0.999979019165039,
					"bytes":	47143604,
					"bits_per_second":	377156745.06342256,
					"jitter_ms":	0.00704674242012271,
					"lost_packets":	13351,
					"packets":	48324,
					"lost_percent":	27.628093700852578,
					"omitted":	false,
					"sender":	false
				}],
			"sum":	{
				"start":	656.001084,
				"end":	657.001063,
				"seconds":	0.999979019165039,
				"bytes":	47143604,
				"bits_per_second":	377156745.06342256,
				"jitter_ms":	0.00704674242012271,
				"lost_packets":	13351,
				"packets":	48324,
				"lost_percent":	27.628093700852578,
				"omitted":	false,
				"sender":	false
			}
		}, {
			"streams":	[{
					"socket":	5,
					"start":	657.001063,
					"end":	658.001068,
					"seconds":	1.0000050067901611,
					"bytes":	42718120,
					"bits_per_second":	341743248.96326345,
					"jitter_ms":	0.022237601423478647,
					"lost_packets":	11778,
					"packets":	43468,
					"lost_percent":	27.095794607527377,
					"omitted":	false,
					"sender":	false
				}],
			"sum":	{
				"start":	657.001063,
				"end":	658.001068,
				"seconds":	1.0000050067901611,
				"bytes":	42718120,
				"bits_per_second":	341743248.96326345,
				"jitter_ms":	0.022237601423478647,
				"lost_packets":	11778,
				"packets":	43468,
				"lost_percent":	27.095794607527377,
				"omitted":	false,
				"sender":	false
			}
		}, {
			"streams":	[{
					"socket":	5,
					"start":	658.001068,
					"end":	659.001072,
					"seconds":	1.0000040531158447,
					"bytes":	46098904,
					"bits_per_second":	368789737.25247258,
					"jitter_ms":	0.0064561370957974019,
					"lost_packets":	14000,
					"packets":	48198,
					"lost_percent":	29.046848416946762,
					"omitted":	false,
					"sender":	false
				}],
			"sum":	{
				"start":	658.001068,
				"end":	659.001072,
				"seconds":	1.0000040531158447,
				"bytes":	46098904,
				"bits_per_second":	368789737.25247258,
				"jitter_ms":	0.0064561370957974019,
				"lost_packets":	14000,
				"packets":	48198,
				"lost_percent":	29.046848416946762,
				"omitted":	false,
				"sender":	false
			}
		}, {
			"streams":	[{
					"socket":	5,
					"start":	659.001072,
					"end":	660.001055,
					"seconds":	0.999983012676239,
					"bytes":	45512524,
					"bits_per_second":	364106377.19291282,
					"jitter_ms":	0.013633337002172426,
					"lost_packets":	12635,
					"packets":	46398,
					"lost_percent":	27.231777231777233,
					"omitted":	false,
					"sender":	false
				}],
			"sum":	{
				"start":	659.001072,
				"end":	660.001055,
				"seconds":	0.999983012676239,
				"bytes":	45512524,
				"bits_per_second":	364106377.19291282,
				"jitter_ms":	0.013633337002172426,
				"lost_packets":	12635,
				"packets":	46398,
				"lost_percent":	27.231777231777233,
				"omitted":	false,
				"sender":	false
			}
		}, {
			"streams":	[{
					"socket":	5,
					"start":	660.001055,
					"end":	661.001064,
					"seconds":	1.0000089406967163,
					"bytes":	43578144,
					"bits_per_second":	348622035.07611579,
					"jitter_ms":	0.029521365075694628,
					"lost_packets":	12537,
					"packets":	44865,
					"lost_percent":	27.943831494483451,
					"omitted":	false,
					"sender":	false
				}],
			"sum":	{
				"start":	660.001055,
				"end":	661.001064,
				"seconds":	1.0000089406967163,
				"bytes":	43578144,
				"bits_per_second":	348622035.07611579,
				"jitter_ms":	0.029521365075694628,
				"lost_packets":	12537,
				"packets":	44865,
				"lost_percent":	27.943831494483451,
				"omitted":	false,
				"sender":	false
			}
		}, {
			"streams":	[{
					"socket":	5,
					"start":	661.001064,
					"end":	662.001066,
					"seconds":	1.0000020265579224,
					"bytes":	43921884,
					"bits_per_second":	351374359.91950721,
					"jitter_ms":	0.00815371514753862,
					"lost_packets":	12508,
					"packets":	45091,
					"lost_percent":	27.7394602027012,
					"omitted":	false,
					"sender":	false
				}],
			"sum":	{
				"start":	661.001064,
				"end":	662.001066,
				"seconds":	1.0000020265579224,
				"bytes":	43921884,
				"bits_per_second":	351374359.91950721,
				"jitter_ms":	0.00815371514753862,
				"lost_packets":	12508,
				"packets":	45091,
				"lost_percent":	27.7394602027012,
				"omitted":	false,
				"sender":	false
			}
		}, {
			"streams":	[{
					"socket":	5,
					"start":	662.001066,
					"end":	663.001052,
					"seconds":	0.99998599290847778,
					"bytes":	43180484,
					"bits_per_second":	345448710.73170745,
					"jitter_ms":	0.011938436828525871,
					"lost_packets":	14324,
					"packets":	46357,
					"lost_percent":	30.89932480531527,
					"omitted":	false,
					"sender":	false
				}],
			"sum":	{
				"start":	662.001066,
				"end":	663.001052,
				"seconds":	0.99998599290847778,
				"bytes":	43180484,
				"bits_per_second":	345448710.73170745,
				"jitter_ms":	0.011938436828525871,
				"lost_packets":	14324,
				"packets":	46357,
				"lost_percent":	30.89932480531527,
				"omitted":	false,
				"sender":	false
			}
		}, {
			"streams":	[{
					"socket":	5,
					"start":	663.001052,
					"end":	664.001077,
					"seconds":	1.0000250339508057,
					"bytes":	45401988,
					"bits_per_second":	363206811.49854869,
					"jitter_ms":	0.033409658442452167,
					"lost_packets":	15680,
					"packets":	49361,
					"lost_percent":	31.765969084905088,
					"omitted":	false,
					"sender":	false
				}],
			"sum":	{
				"start":	663.001052,
				"end":	664.001077,
				"seconds":	1.0000250339508057,
				"bytes":	45401988,
				"bits_per_second":	363206811.49854869,
				"jitter_ms":	0.033409658442452167,
				"lost_packets":	15680,
				"packets":	49361,
				"lost_percent":	31.765969084905088,
				"omitted":	false,
				"sender":	false
			}
		}, {
			"streams":	[{
					"socket":	5,
					"start":	664.001077,
					"end":	665.001068,
					"seconds":	0.999990999698639,
					"bytes":	45563748,
					"bits_per_second":	364513264.72923267,
					"jitter_ms":	0.014674126892688748,
					"lost_packets":	12346,
					"packets":	46147,
					"lost_percent":	26.753635122543177,
					"omitted":	false,
					"sender":	false
				}],
			"sum":	{
				"start":	664.001077,
				"end":	665.001068,
				"seconds":	0.999990999698639,
				"bytes":	45563748,
				"bits_per_second":	364513264.72923267,
				"jitter_ms":	0.014674126892688748,
				"lost_packets":	12346,
				"packets":	46147,
				"lost_percent":	26.753635122543177,
				"omitted":	false,
				"sender":	false
			}
		}, {
			"streams":	[{
					"socket":	5,
					"start":	665.001068,
					"end":	666.001706,
					"seconds":	1.0006380081176758,
					"bytes":	45408728,
					"bits_per_second":	363038202.679664,
					"jitter_ms":	0.0148334549820561,
					"lost_packets":	12679,
					"packets":	46365,
					"lost_percent":	27.3460584492613,
					"omitted":	false,
					"sender":	false
				}],
			"sum":	{
				"start":	665.001068,
				"end":	666.001706,
				"seconds":	1.0006380081176758,
				"bytes":	45408728,
				"bits_per_second":	363038202.679664,
				"jitter_ms":	0.0148334549820561,
				"lost_packets":	12679,
				"packets":	46365,
				"lost_percent":	27.3460584492613,
				"omitted":	false,
				"sender":	false
			}
		}, {
			"streams":	[{
					"socket":	5,
					"start":	666.001706,
					"end":	667.001051,
					"seconds":	0.99934500455856323,
					"bytes":	45422208,
					"bits_per_second":	363615830.7115503,
					"jitter_ms":	0.012707868832322109,
					"lost_packets":	12671,
					"packets":	46367,
					"lost_percent":	27.3276252507171,
					"omitted":	false,
					"sender":	false
				}],
			"sum":	{
				"start":	666.001706,
				"end":	667.001051,
				"seconds":	0.99934500455856323,
				"bytes":	45422208,
				"bits_per_second":	363615830.7115503,
				"jitter_ms":	0.012707868832322109,
				"lost_packets":	12671,
				"packets":	46367,
				"lost_percent":	27.3276252507171,
				"omitted":	false,
				"sender":	false
			}
		}, {
			"streams":	[{
					"socket":	5,
					"start":	667.001051,
					"end":	668.001074,
					"seconds":	1.0000230073928833,
					"bytes":	45432992,
					"bits_per_second":	363455573.83481717,
					"jitter_ms":	0.037352633078188278,
					"lost_packets":	12642,
					"packets":	46346,
					"lost_percent":	27.277434945842145,
					"omitted":	false,
					"sender":	false
				}],
			"sum":	{
				"start":	667.001051,
				"end":	668.001074,
				"seconds":	1.0000230073928833,
				"bytes":	45432992,
				"bits_per_second":	363455573.83481717,
				"jitter_ms":	0.037352633078188278,
				"lost_packets":	12642,
				"packets":	46346,
				"lost_percent":	27.277434945842145,
				"omitted":	false,
				"sender":	false
			}
		}, {
			"streams":	[{
					"socket":	5,
					"start":	668.001074,
					"end":	669.001078,
					"seconds":	1.0000040531158447,
					"bytes":	44548704,
					"bits_per_second":	356388187.51739031,
					"jitter_ms":	0.005785667822996424,
					"lost_packets":	12520,
					"packets":	45568,
					"lost_percent":	27.475421348314608,
					"omitted":	false,
					"sender":	false
				}],
			"sum":	{
				"start":	668.001074,
				"end":	669.001078,
				"seconds":	1.0000040531158447,
				"bytes":	44548704,
				"bits_per_second":	356388187.51739031,
				"jitter_ms":	0.005785667822996424,
				"lost_packets":	12520,
				"packets":	45568,
				"lost_percent":	27.475421348314608,
				"omitted":	false,
				"sender":	false
			}
		}, {
			"streams":	[{
					"socket":	5,
					"start":	669.001078,
					"end":	670.001067,
					"seconds":	0.99998897314071655,
					"bytes":	46268752,
					"bits_per_second":	370154097.63714784,
					"jitter_ms":	0.050098448747164327,
					"lost_packets":	12963,
					"packets":	47287,
					"lost_percent":	27.413454014845517,
					"omitted":	false,
					"sender":	false
				}],
			"sum":	{
				"start":	669.001078,
				"end":	670.001067,
				"seconds":	0.99998897314071655,
				"bytes":	46268752,
				"bits_per_second":	370154097.63714784,
				"jitter_ms":	0.050098448747164327,
				"lost_packets":	12963,
				"packets":	47287,
				"lost_percent":	27.413454014845517,
				"omitted":	false,
				"sender":	false
			}
		}, {
			"streams":	[{
					"socket":	5,
					"start":	670.001067,
					"end":	671.001084,
					"seconds":	1.0000170469284058,
					"bytes":	43549836,
					"bits_per_second":	348392748.97375119,
					"jitter_ms":	0.0576756002053142,
					"lost_packets":	12211,
					"packets":	44518,
					"lost_percent":	27.429354418437487,
					"omitted":	false,
					"sender":	false
				}],
			"sum":	{
				"start":	670.001067,
				"end":	671.001084,
				"seconds":	1.0000170469284058,
				"bytes":	43549836,
				"bits_per_second":	348392748.97375119,
				"jitter_ms":	0.0576756002053142,
				"lost_packets":	12211,
				"packets":	44518,
				"lost_percent":	27.429354418437487,
				"omitted":	false,
				"sender":	false
			}
		}, {
			"streams":	[{
					"socket":	5,
					"start":	671.001084,
					"end":	672.001067,
					"seconds":	0.999983012676239,
					"bytes":	45341328,
					"bits_per_second":	362736785.92722255,
					"jitter_ms":	0.011897185097249883,
					"lost_packets":	13545,
					"packets":	47181,
					"lost_percent":	28.708590322375532,
					"omitted":	false,
					"sender":	false
				}],
			"sum":	{
				"start":	671.001084,
				"end":	672.001067,
				"seconds":	0.999983012676239,
				"bytes":	45341328,
				"bits_per_second":	362736785.92722255,
				"jitter_ms":	0.011897185097249883,
				"lost_packets":	13545,
				"packets":	47181,
				"lost_percent":	28.708590322375532,
				"omitted":	false,
				"sender":	false
			}
		}, {
			"streams":	[{
					"socket":	5,
					"start":	672.001067,
					"end":	673.001046,
					"seconds":	0.999979019165039,
					"bytes":	46231008,
					"bits_per_second":	369855823.88400024,
					"jitter_ms":	0.031438450467203165,
					"lost_packets":	13350,
					"packets":	47646,
					"lost_percent":	28.019141166099988,
					"omitted":	false,
					"sender":	false
				}],
			"sum":	{
				"start":	672.001067,
				"end":	673.001046,
				"seconds":	0.999979019165039,
				"bytes":	46231008,
				"bits_per_second":	369855823.88400024,
				"jitter_ms":	0.031438450467203165,
				"lost_packets":	13350,
				"packets":	47646,
				"lost_percent":	28.019141166099988,
				"omitted":	false,
				"sender":	false
			}
		}, {
			"streams":	[{
					"socket":	5,
					"start":	673.001046,
					"end":	674.001068,
					"seconds":	1.0000220537185669,
					"bytes":	45372332,
					"bits_per_second":	362970651.14741153,
					"jitter_ms":	0.012731534309691046,
					"lost_packets":	12350,
					"packets":	46009,
					"lost_percent":	26.842574278945424,
					"omitted":	false,
					"sender":	false
				}],
			"sum":	{
				"start":	673.001046,
				"end":	674.001068,
				"seconds":	1.0000220537185669,
				"bytes":	45372332,
				"bits_per_second":	362970651.14741153,
				"jitter_ms":	0.012731534309691046,
				"lost_packets":	12350,
				"packets":	46009,
				"lost_percent":	26.842574278945424,
				"omitted":	false,
				"sender":	false
			}
		}, {
			"streams":	[{
					"socket":	5,
					"start":	674.001068,
					"end":	675.00106,
					"seconds":	0.9999920129776,
					"bytes":	45482868,
					"bits_per_second":	363865850.20469612,
					"jitter_ms":	0.013520674125071795,
					"lost_packets":	12624,
					"packets":	46365,
					"lost_percent":	27.227434487220965,
					"omitted":	false,
					"sender":	false
				}],
			"sum":	{
				"start":	674.001068,
				"end":	675.00106,
				"seconds":	0.9999920129776,
				"bytes":	45482868,
				"bits_per_second":	363865850.20469612,
				"jitter_ms":	0.013520674125071795,
				"lost_packets":	12624,
				"packets":	46365,
				"lost_percent":	27.227434487220965,
				"omitted":	false,
				"sender":	false
			}
		}, {
			"streams":	[{
					"socket":	5,
					"start":	675.00106,
					"end":	676.001075,
					"seconds":	1.0000150203704834,
					"bytes":	45383116,
					"bits_per_second":	363059474.71218234,
					"jitter_ms":	0.014201578210960655,
					"lost_packets":	12696,
					"packets":	46363,
					"lost_percent":	27.383905269288011,
					"omitted":	false,
					"sender":	false
				}],
			"sum":	{
				"start":	675.00106,
				"end":	676.001075,
				"seconds":	1.0000150203704834,
				"bytes":	45383116,
				"bits_per_second":	363059474.71218234,
				"jitter_ms":	0.014201578210960655,
				"lost_packets":	12696,
				"packets":	46363,
				"lost_percent":	27.383905269288011,
				"omitted":	false,
				"sender":	false
			}
		}, {
			"streams":	[{
					"socket":	5,
					"start":	676.001075,
					"end":	677.001056,
					"seconds":	0.99998098611831665,
					"bytes":	45472084,
					"bits_per_second":	363783588.9381184,
					"jitter_ms":	0.012721769083592667,
					"lost_packets":	12634,
					"packets":	46367,
					"lost_percent":	27.247827118424741,
					"omitted":	false,
					"sender":	false
				}],
			"sum":	{
				"start":	676.001075,
				"end":	677.001056,
				"seconds":	0.99998098611831665,
				"bytes":	45472084,
				"bits_per_second":	363783588.9381184,
				"jitter_ms":	0.012721769083592667,
				"lost_packets":	12634,
				"packets":	46367,
				"lost_percent":	27.247827118424741,
				"omitted":	false,
				"sender":	false
			}
		}, {
			"streams":	[{
					"socket":	5,
					"start":	677.001056,
					"end":	678.000157,
					"seconds":	0.99910098314285278,
					"bytes":	45331892,
					"bits_per_second":	362981462.4535777,
					"jitter_ms":	0.0079773165333770664,
					"lost_packets":	12793,
					"packets":	46422,
					"lost_percent":	27.558054370772478,
					"omitted":	false,
					"sender":	false
				}],
			"sum":	{
				"start":	677.001056,
				"end":	678.000157,
				"seconds":	0.99910098314285278,
				"bytes":	45331892,
				"bits_per_second":	362981462.4535777,
				"jitter_ms":	0.0079773165333770664,
				"lost_packets":	12793,
				"packets":	46422,
				"lost_percent":	27.558054370772478,
				"omitted":	false,
				"sender":	false
			}
		}, {
			"streams":	[{
					"socket":	5,
					"start":	678.000157,
					"end":	679.001052,
					"seconds":	1.0008950233459473,
					"bytes":	44599928,
					"bits_per_second":	356480365.75028169,
					"jitter_ms":	0.011473251980395676,
					"lost_packets":	12297,
					"packets":	45383,
					"lost_percent":	27.096049181411541,
					"omitted":	false,
					"sender":	false
				}],
			"sum":	{
				"start":	678.000157,
				"end":	679.001052,
				"seconds":	1.0008950233459473,
				"bytes":	44599928,
				"bits_per_second":	356480365.75028169,
				"jitter_ms":	0.011473251980395676,
				"lost_packets":	12297,
				"packets":	45383,
				"lost_percent":	27.096049181411541,
				"omitted":	false,
				"sender":	false
			}
		}, {
			"streams":	[{
					"socket":	5,
					"start":	679.001052,
					"end":	680.001072,
					"seconds":	1.0000200271606445,
					"bytes":	46218876,
					"bits_per_second":	369743603.0854637,
					"jitter_ms":	0.012796726508611567,
					"lost_packets":	13003,
					"packets":	47290,
					"lost_percent":	27.496299429054769,
					"omitted":	false,
					"sender":	false
				}],
			"sum":	{
				"start":	679.001052,
				"end":	680.001072,
				"seconds":	1.0000200271606445,
				"bytes":	46218876,
				"bits_per_second":	369743603.0854637,
				"jitter_ms":	0.012796726508611567,
				"lost_packets":	13003,
				"packets":	47290,
				"lost_percent":	27.496299429054769,
				"omitted":	false,
				"sender":	false
			}
		}, {
			"streams":	[{
					"socket":	5,
					"start":	680.001072,
					"end":	681.001076,
					"seconds":	1.0000040531158447,
					"bytes":	46321324,
					"bits_per_second":	370569090.04054958,
					"jitter_ms":	0.00666928982302169,
					"lost_packets":	13036,
					"packets":	47399,
					"lost_percent":	27.5026899301673,
					"omitted":	false,
					"sender":	false
				}],
			"sum":	{
				"start":	680.001072,
				"end":	681.001076,
				"seconds":	1.0000040531158447,
				"bytes":	46321324,
				"bits_per_second":	370569090.04054958,
				"jitter_ms":	0.00666928982302169,
				"lost_packets":	13036,
				"packets":	47399,
				"lost_percent":	27.5026899301673,
				"omitted":	false,
				"sender":	false
			}
		}, {
			"streams":	[{
					"socket":	5,
					"start":	681.001076,
					"end":	682.000957,
					"seconds":	0.99988102912902832,
					"bytes":	44459736,
					"bits_per_second":	355720208.34300882,
					"jitter_ms":	0.006728886008119158,
					"lost_packets":	12455,
					"packets":	45437,
					"lost_percent":	27.4115808702159,
					"omitted":	false,
					"sender":	false
				}],
			"sum":	{
				"start":	681.001076,
				"end":	682.000957,
				"seconds":	0.99988102912902832,
				"bytes":	44459736,
				"bits_per_second":	355720208.34300882,
				"jitter_ms":	0.006728886008119158,
				"lost_packets":	12455,
				"packets":	45437,
				"lost_percent":	27.4115808702159,
				"omitted":	false,
				"sender":	false
			}
		}, {
			"streams":	[{
					"socket":	5,
					"start":	682.000957,
					"end":	683.001071,
					"seconds":	1.0001139640808105,
					"bytes":	45445124,
					"bits_per_second":	363519563.82705182,
					"jitter_ms":	0.012647053992576394,
					"lost_packets":	12546,
					"packets":	46259,
					"lost_percent":	27.121208845846212,
					"omitted":	false,
					"sender":	false
				}],
			"sum":	{
				"start":	682.000957,
				"end":	683.001071,
				"seconds":	1.0001139640808105,
				"bytes":	45445124,
				"bits_per_second":	363519563.82705182,
				"jitter_ms":	0.012647053992576394,
				"lost_packets":	12546,
				"packets":	46259,
				"lost_percent":	27.121208845846212,
				"omitted":	false,
				"sender":	false
			}
		}, {
			"streams":	[{
					"socket":	5,
					"start":	683.001071,
					"end":	684.000103,
					"seconds":	0.99903202056884766,
					"bytes":	45446472,
					"bits_per_second":	363924046.99199,
					"jitter_ms":	0.012695024833107863,
					"lost_packets":	12651,
					"packets":	46365,
					"lost_percent":	27.285668068586219,
					"omitted":	false,
					"sender":	false
				}],
			"sum":	{
				"start":	683.001071,
				"end":	684.000103,
				"seconds":	0.99903202056884766,
				"bytes":	45446472,
				"bits_per_second":	363924046.99199,
				"jitter_ms":	0.012695024833107863,
				"lost_packets":	12651,
				"packets":	46365,
				"lost_percent":	27.285668068586219,
				"omitted":	false,
				"sender":	false
			}
		}, {
			"streams":	[{
					"socket":	5,
					"start":	684.000103,
					"end":	685.001067,
					"seconds":	1.0009640455245972,
					"bytes":	45358852,
					"bits_per_second":	362521328.935269,
					"jitter_ms":	0.012720173705839718,
					"lost_packets":	12716,
					"packets":	46365,
					"lost_percent":	27.425860023724791,
					"omitted":	false,
					"sender":	false
				}],
			"sum":	{
				"start":	684.000103,
				"end":	685.001067,
				"seconds":	1.0009640455245972,
				"bytes":	45358852,
				"bits_per_second":	362521328.935269,
				"jitter_ms":	0.012720173705839718,
				"lost_packets":	12716,
				"packets":	46365,
				"lost_percent":	27.425860023724791,
				"omitted":	false,
				"sender":	false
			}
		}, {
			"streams":	[{
					"socket":	5,
					"start":	685.001067,
					"end":	686.001072,
					"seconds":	1.0000050067901611,
					"bytes":	45370984,
					"bits_per_second":	362966054.70512849,
					"jitter_ms":	0.013348331094912369,
					"lost_packets":	12706,
					"packets":	46364,
					"lost_percent":	27.404883098956088,
					"omitted":	false,
					"sender":	false
				}],
			"sum":	{
				"start":	685.001067,
				"end":	686.001072,
				"seconds":	1.0000050067901611,
				"bytes":	45370984,
				"bits_per_second":	362966054.70512849,
				"jitter_ms":	0.013348331094912369,
				"lost_packets":	12706,
				"packets":	46364,
				"lost_percent":	27.404883098956088,
				"omitted":	false,
				"sender":	false
			}
		}, {
			"streams":	[{
					"socket":	5,
					"start":	686.001072,
					"end":	687.001069,
					"seconds":	0.99999701976776123,
					"bytes":	45458604,
					"bits_per_second":	363669915.8208074,
					"jitter_ms":	0.013346481977205544,
					"lost_packets":	12642,
					"packets":	46365,
					"lost_percent":	27.2662568747978,
					"omitted":	false,
					"sender":	false
				}],
			"sum":	{
				"start":	686.001072,
				"end":	687.001069,
				"seconds":	0.99999701976776123,
				"bytes":	45458604,
				"bits_per_second":	363669915.8208074,
				"jitter_ms":	0.013346481977205544,
				"lost_packets":	12642,
				"packets":	46365,
				"lost_percent":	27.2662568747978,
				"omitted":	false,
				"sender":	false
			}
		}, {
			"streams":	[{
					"socket":	5,
					"start":	687.001069,
					"end":	688.001069,
					"seconds":	1,
					"bytes":	45358852,
					"bits_per_second":	362870816,
					"jitter_ms":	0.019590135151735914,
					"lost_packets":	12849,
					"packets":	46498,
					"lost_percent":	27.633446599853759,
					"omitted":	false,
					"sender":	false
				}],
			"sum":	{
				"start":	687.001069,
				"end":	688.001069,
				"seconds":	1,
				"bytes":	45358852,
				"bits_per_second":	362870816,
				"jitter_ms":	0.019590135151735914,
				"lost_packets":	12849,
				"packets":	46498,
				"lost_percent":	27.633446599853759,
				"omitted":	false,
				"sender":	false
			}
		}, {
			"streams":	[{
					"socket":	5,
					"start":	688.001069,
					"end":	689.001076,
					"seconds":	1.0000070333480835,
					"bytes":	45218660,
					"bits_per_second":	361746735.70928967,
					"jitter_ms":	0.0378649534540415,
					"lost_packets":	12576,
					"packets":	46121,
					"lost_percent":	27.267405303440949,
					"omitted":	false,
					"sender":	false
				}],
			"sum":	{
				"start":	688.001069,
				"end":	689.001076,
				"seconds":	1.0000070333480835,
				"bytes":	45218660,
				"bits_per_second":	361746735.70928967,
				"jitter_ms":	0.0378649534540415,
				"lost_packets":	12576,
				"packets":	46121,
				"lost_percent":	27.267405303440949,
				"omitted":	false,
				"sender":	false
			}
		}, {
			"streams":	[{
					"socket":	5,
					"start":	689.001076,
					"end":	690.00107,
					"seconds":	0.99999397993087769,
					"bytes":	45662152,
					"bits_per_second":	365299415.12772942,
					"jitter_ms":	0.012560457320328065,
					"lost_packets":	12603,
					"packets":	46477,
					"lost_percent":	27.116638337242076,
					"omitted":	false,
					"sender":	false
				}],
			"sum":	{
				"start":	689.001076,
				"end":	690.00107,
				"seconds":	0.99999397993087769,
				"bytes":	45662152,
				"bits_per_second":	365299415.12772942,
				"jitter_ms":	0.012560457320328065,
				"lost_packets":	12603,
				"packets":	46477,
				"lost_percent":	27.116638337242076,
				"omitted":	false,
				"sender":	false
			}
		}, {
			"streams":	[{
					"socket":	5,
					"start":	690.00107,
					"end":	691.001063,
					"seconds":	0.99999302625656128,
					"bytes":	45470736,
					"bits_per_second":	363768424.82766587,
					"jitter_ms":	0.012631987877232928,
					"lost_packets":	12633,
					"packets":	46365,
					"lost_percent":	27.246845681009383,
					"omitted":	false,
					"sender":	false
				}],
			"sum":	{
				"start":	690.00107,
				"end":	691.001063,
				"seconds":	0.99999302625656128,
				"bytes":	45470736,
				"bits_per_second":	363768424.82766587,
				"jitter_ms":	0.012631987877232928,
				"lost_packets":	12633,
				"packets":	46365,
				"lost_percent":	27.246845681009383,
				"omitted":	false,
				"sender":	false
			}
		}, {
			"streams":	[{
					"socket":	5,
					"start":	691.001063,
					"end":	692.001086,
					"seconds":	1.0000230073928833,
					"bytes":	45383116,
					"bits_per_second":	363056575.01473975,
					"jitter_ms":	0.021518948630099583,
					"lost_packets":	12803,
					"packets":	46470,
					"lost_percent":	27.551108241876481,
					"omitted":	false,
					"sender":	false
				}],
			"sum":	{
				"start":	691.001063,
				"end":	692.001086,
				"seconds":	1.0000230073928833,
				"bytes":	45383116,
				"bits_per_second":	363056575.01473975,
				"jitter_ms":	0.021518948630099583,
				"lost_packets":	12803,
				"packets":	46470,
				"lost_percent":	27.551108241876481,
				"omitted":	false,
				"sender":	false
			}
		}, {
			"streams":	[{
					"socket":	5,
					"start":	692.001086,
					"end":	693.001107,
					"seconds":	1.0000209808349609,
					"bytes":	45077120,
					"bits_per_second":	360609394.11381674,
					"jitter_ms":	0.012794642050404309,
					"lost_packets":	12356,
					"packets":	45796,
					"lost_percent":	26.980522316359508,
					"omitted":	false,
					"sender":	false
				}],
			"sum":	{
				"start":	692.001086,
				"end":	693.001107,
				"seconds":	1.0000209808349609,
				"bytes":	45077120,
				"bits_per_second":	360609394.11381674,
				"jitter_ms":	0.012794642050404309,
				"lost_packets":	12356,
				"packets":	45796,
				"lost_percent":	26.980522316359508,
				"omitted":	false,
				"sender":	false
			}
		}, {
			"streams":	[{
					"socket":	5,
					"start":	693.001107,
					"end":	694.001059,
					"seconds":	0.99995201826095581,
					"bytes":	45989716,
					"bits_per_second":	367935382.17949283,
					"jitter_ms":	0.012772779469782926,
					"lost_packets":	12712,
					"packets":	46829,
					"lost_percent":	27.145572188173993,
					"omitted":	false,
					"sender":	false
				}],
			"sum":	{
				"start":	693.001107,
				"end":	694.001059,
				"seconds":	0.99995201826095581,
				"bytes":	45989716,
				"bits_per_second":	367935382.17949283,
				"jitter_ms":	0.012772779469782926,
				"lost_packets":	12712,
				"packets":	46829,
				"lost_percent":	27.145572188173993,
				"omitted":	false,
				"sender":	false
			}
		}, {
			"streams":	[{
					"socket":	5,
					"start":	694.001059,
					"end":	695.001072,
					"seconds":	1.000012993812561,
					"bytes":	45321108,
					"bits_per_second":	362564152.90935576,
					"jitter_ms":	0.0131138886095815,
					"lost_packets":	12744,
					"packets":	46365,
					"lost_percent":	27.486250404399872,
					"omitted":	false,
					"sender":	false
				}],
			"sum":	{
				"start":	694.001059,
				"end":	695.001072,
				"seconds":	1.000012993812561,
				"bytes":	45321108,
				"bits_per_second":	362564152.90935576,
				"jitter_ms":	0.0131138886095815,
				"lost_packets":	12744,
				"packets":	46365,
				"lost_percent":	27.486250404399872,
				"omitted":	false,
				"sender":	false
			}
		}, {
			"streams":	[{
					"socket":	5,
					"start":	695.001072,
					"end":	696.001073,
					"seconds":	1.0000009536743164,
					"bytes":	46233704,
					"bits_per_second":	369869279.265168,
					"jitter_ms":	0.0376418638455009,
					"lost_packets":	13114,
					"packets":	47412,
					"lost_percent":	27.659664220028684,
					"omitted":	false,
					"sender":	false
				}],
			"sum":	{
				"start":	695.001072,
				"end":	696.001073,
				"seconds":	1.0000009536743164,
				"bytes":	46233704,
				"bits_per_second":	369869279.265168,
				"jitter_ms":	0.0376418638455009,
				"lost_packets":	13114,
				"packets":	47412,
				"lost_percent":	27.659664220028684,
				"omitted":	false,
				"sender":	false
			}
		}, {
			"streams":	[{
					"socket":	5,
					"start":	696.001073,
					"end":	697.001048,
					"seconds":	0.999975025653839,
					"bytes":	44434124,
					"bits_per_second":	355481869.92727351,
					"jitter_ms":	0.012740276862659949,
					"lost_packets":	12355,
					"packets":	45318,
					"lost_percent":	27.262897744825455,
					"omitted":	false,
					"sender":	false
				}],
			"sum":	{
				"start":	696.001073,
				"end":	697.001048,
				"seconds":	0.999975025653839,
				"bytes":	44434124,
				"bits_per_second":	355481869.92727351,
				"jitter_ms":	0.012740276862659949,
				"lost_packets":	12355,
				"packets":	45318,
				"lost_percent":	27.262897744825455,
				"omitted":	false,
				"sender":	false
			}
		}, {
			"streams":	[{
					"socket":	5,
					"start":	697.001048,
					"end":	698.001067,
					"seconds":	1.0000189542770386,
					"bytes":	45346720,
					"bits_per_second":	362766884.01598,
					"jitter_ms":	0.00560466484497234,
					"lost_packets":	12791,
					"packets":	46431,
					"lost_percent":	27.54840516034546,
					"omitted":	false,
					"sender":	false
				}],
			"sum":	{
				"start":	697.001048,
				"end":	698.001067,
				"seconds":	1.0000189542770386,
				"bytes":	45346720,
				"bits_per_second":	362766884.01598,
				"jitter_ms":	0.00560466484497234,
				"lost_packets":	12791,
				"packets":	46431,
				"lost_percent":	27.54840516034546,
				"omitted":	false,
				"sender":	false
			}
		}, {
			"streams":	[{
					"socket":	5,
					"start":	698.001067,
					"end":	699.001064,
					"seconds":	0.99999701976776123,
					"bytes":	45420860,
					"bits_per_second":	363367962.92091763,
					"jitter_ms":	0.01276107619068439,
					"lost_packets":	12604,
					"packets":	46299,
					"lost_percent":	27.223050173869847,
					"omitted":	false,
					"sender":	false
				}],
			"sum":	{
				"start":	698.001067,
				"end":	699.001064,
				"seconds":	0.99999701976776123,
				"bytes":	45420860,
				"bits_per_second":	363367962.92091763,
				"jitter_ms":	0.01276107619068439,
				"lost_packets":	12604,
				"packets":	46299,
				"lost_percent":	27.223050173869847,
				"omitted":	false,
				"sender":	false
			}
		}, {
			"streams":	[{
					"socket":	5,
					"start":	699.001064,
					"end":	700.001052,
					"seconds":	0.9999880194664,
					"bytes":	45358852,
					"bits_per_second":	362875163.43808812,
					"jitter_ms":	0.0376552077609256,
					"lost_packets":	12836,
					"packets":	46485,
					"lost_percent":	27.61320856190169,
					"omitted":	false,
					"sender":	false
				}],
			"sum":	{
				"start":	699.001064,
				"end":	700.001052,
				"seconds":	0.9999880194664,
				"bytes":	45358852,
				"bits_per_second":	362875163.43808812,
				"jitter_ms":	0.0376552077609256,
				"lost_packets":	12836,
				"packets":	46485,
				"lost_percent":	27.61320856190169,
				"omitted":	false,
				"sender":	false
			}
		}, {
			"streams":	[{
					"socket":	5,
					"start":	700.001052,
					"end":	701.00106,
					"seconds":	1.0000079870224,
					"bytes":	45446472,
					"bits_per_second":	363568872.16727412,
					"jitter_ms":	0.0081488756200425328,
					"lost_packets":	12531,
					"packets":	46245,
					"lost_percent":	27.0969834576711,
					"omitted":	false,
					"sender":	false
				}],
			"sum":	{
				"start":	700.001052,
				"end":	701.00106,
				"seconds":	1.0000079870224,
				"bytes":	45446472,
				"bits_per_second":	363568872.16727412,
				"jitter_ms":	0.0081488756200425328,
				"lost_packets":	12531,
				"packets":	46245,
				"lost_percent":	27.0969834576711,
				"omitted":	false,
				"sender":	false
			}
		}, {
			"streams":	[{
					"socket":	5,
					"start":	701.00106,
					"end":	702.001055,
					"seconds":	0.999994993209839,
					"bytes":	45420860,
					"bits_per_second":	363368699.31082857,
					"jitter_ms":	0.012853497331932072,
					"lost_packets":	12670,
					"packets":	46365,
					"lost_percent":	27.326647255472878,
					"omitted":	false,
					"sender":	false
				}],
			"sum":	{
				"start":	701.00106,
				"end":	702.001055,
				"seconds":	0.999994993209839,
				"bytes":	45420860,
				"bits_per_second":	363368699.31082857,
				"jitter_ms":	0.012853497331932072,
				"lost_packets":	12670,
				"packets":	46365,
				"lost_percent":	27.326647255472878,
				"omitted":	false,
				"sender":	false
			}
		}, {
			"streams":	[{
					"socket":	5,
					"start":	702.001055,
					"end":	703.0011,
					"seconds":	1.0000449419021606,
					"bytes":	45408728,
					"bits_per_second":	363253498.696802,
					"jitter_ms":	0.013247988023805434,
					"lost_packets":	13049,
					"packets":	46735,
					"lost_percent":	27.921258157697658,
					"omitted":	false,
					"sender":	false
				}],
			"sum":	{
				"start":	702.001055,
				"end":	703.0011,
				"seconds":	1.0000449419021606,
				"bytes":	45408728,
				"bits_per_second":	363253498.696802,
				"jitter_ms":	0.013247988023805434,
				"lost_packets":	13049,
				"packets":	46735,
				"lost_percent":	27.921258157697658,
				"omitted":	false,
				"sender":	false
			}
		}, {
			"streams":	[{
					"socket":	5,
					"start":	703.0011,
					"end":	704.001079,
					"seconds":	0.999979019165039,
					"bytes":	45484216,
					"bits_per_second":	363881362.53481269,
					"jitter_ms":	0.012609378007026505,
					"lost_packets":	12253,
					"packets":	45995,
					"lost_percent":	26.639852157843244,
					"omitted":	false,
					"sender":	false
				}],
			"sum":	{
				"start":	703.0011,
				"end":	704.001079,
				"seconds":	0.999979019165039,
				"bytes":	45484216,
				"bits_per_second":	363881362.53481269,
				"jitter_ms":	0.012609378007026505,
				"lost_packets":	12253,
				"packets":	45995,
				"lost_percent":	26.639852157843244,
				"omitted":	false,
				"sender":	false
			}
		}, {
			"streams":	[{
					"socket":	5,
					"start":	704.001079,
					"end":	705.001124,
					"seconds":	1.0000449419021606,
					"bytes":	45396596,
					"bits_per_second":	363156447.0584873,
					"jitter_ms":	0.012681458438722175,
					"lost_packets":	12688,
					"packets":	46365,
					"lost_percent":	27.365469643049714,
					"omitted":	false,
					"sender":	false
				}],
			"sum":	{
				"start":	704.001079,
				"end":	705.001124,
				"seconds":	1.0000449419021606,
				"bytes":	45396596,
				"bits_per_second":	363156447.0584873,
				"jitter_ms":	0.012681458438722175,
				"lost_packets":	12688,
				"packets":	46365,
				"lost_percent":	27.365469643049714,
				"omitted":	false,
				"sender":	false
			}
		}, {
			"streams":	[{
					"socket":	5,
					"start":	705.001124,
					"end":	706.001051,
					"seconds":	0.99992698431015,
					"bytes":	45358852,
					"bits_per_second":	362897313.19766778,
					"jitter_ms":	0.01289334585328861,
					"lost_packets":	12716,
					"packets":	46365,
					"lost_percent":	27.425860023724791,
					"omitted":	false,
					"sender":	false
				}],
			"sum":	{
				"start":	705.001124,
				"end":	706.001051,
				"seconds":	0.99992698431015,
				"bytes":	45358852,
				"bits_per_second":	362897313.19766778,
				"jitter_ms":	0.01289334585328861,
				"lost_packets":	12716,
				"packets":	46365,
				"lost_percent":	27.425860023724791,
				"omitted":	false,
				"sender":	false
			}
		}, {
			"streams":	[{
					"socket":	5,
					"start":	706.001051,
					"end":	707.00107,
					"seconds":	1.0000189542770386,
					"bytes":	45420860,
					"bits_per_second":	363359992.77403224,
					"jitter_ms":	0.01268634193307433,
					"lost_packets":	12670,
					"packets":	46365,
					"lost_percent":	27.326647255472878,
					"omitted":	false,
					"sender":	false
				}],
			"sum":	{
				"start":	706.001051,
				"end":	707.00107,
				"seconds":	1.0000189542770386,
				"bytes":	45420860,
				"bits_per_second":	363359992.77403224,
				"jitter_ms":	0.01268634193307433,
				"lost_packets":	12670,
				"packets":	46365,
				"lost_percent":	27.326647255472878,
				"omitted":	false,
				"sender":	false
			}
		}, {
			"streams":	[{
					"socket":	5,
					"start":	707.00107,
					"end":	708.001909,
					"seconds":	1.0008389949798584,
					"bytes":	45294148,
					"bits_per_second":	362049426.34883273,
					"jitter_ms":	0.013074761449672161,
					"lost_packets":	12670,
					"packets":	46271,
					"lost_percent":	27.3821616131054,
					"omitted":	false,
					"sender":	false
				}],
			"sum":	{
				"start":	707.00107,
				"end":	708.001909,
				"seconds":	1.0008389949798584,
				"bytes":	45294148,
				"bits_per_second":	362049426.34883273,
				"jitter_ms":	0.013074761449672161,
				"lost_packets":	12670,
				"packets":	46271,
				"lost_percent":	27.3821616131054,
				"omitted":	false,
				"sender":	false
			}
		}, {
			"streams":	[{
					"socket":	5,
					"start":	708.001909,
					"end":	709.001071,
					"seconds":	0.99916201829910278,
					"bytes":	45573184,
					"bits_per_second":	364891244.185445,
					"jitter_ms":	0.04015167802463035,
					"lost_packets":	12770,
					"packets":	46578,
					"lost_percent":	27.416376830263214,
					"omitted":	false,
					"sender":	false
				}],
			"sum":	{
				"start":	708.001909,
				"end":	709.001071,
				"seconds":	0.99916201829910278,
				"bytes":	45573184,
				"bits_per_second":	364891244.185445,
				"jitter_ms":	0.04015167802463035,
				"lost_packets":	12770,
				"packets":	46578,
				"lost_percent":	27.416376830263214,
				"omitted":	false,
				"sender":	false
			}
		}, {
			"streams":	[{
					"socket":	5,
					"start":	709.001071,
					"end":	710.001055,
					"seconds":	0.9999840259552002,
					"bytes":	46321324,
					"bits_per_second":	370576511.60579813,
					"jitter_ms":	0.03783373018763226,
					"lost_packets":	12930,
					"packets":	47293,
					"lost_percent":	27.340198338020425,
					"omitted":	false,
					"sender":	false
				}],
			"sum":	{
				"start":	709.001071,
				"end":	710.001055,
				"seconds":	0.9999840259552002,
				"bytes":	46321324,
				"bits_per_second":	370576511.60579813,
				"jitter_ms":	0.03783373018763226,
				"lost_packets":	12930,
				"packets":	47293,
				"lost_percent":	27.340198338020425,
				"omitted":	false,
				"sender":	false
			}
		}, {
			"streams":	[{
					"socket":	5,
					"start":	710.001055,
					"end":	711.001071,
					"seconds":	1.0000159740448,
					"bytes":	44546008,
					"bits_per_second":	356362371.45151347,
					"jitter_ms":	0.053645505628959013,
					"lost_packets":	12272,
					"packets":	45318,
					"lost_percent":	27.079747561675273,
					"omitted":	false,
					"sender":	false
				}],
			"sum":	{
				"start":	710.001055,
				"end":	711.001071,
				"seconds":	1.0000159740448,
				"bytes":	44546008,
				"bits_per_second":	356362371.45151347,
				"jitter_ms":	0.053645505628959013,
				"lost_packets":	12272,
				"packets":	45318,
				"lost_percent":	27.079747561675273,
				"omitted":	false,
				"sender":	false
			}
		}, {
			"streams":	[{
					"socket":	5,
					"start":	711.001071,
					"end":	712.001084,
					"seconds":	1.000012993812561,
					"bytes":	45358852,
					"bits_per_second":	362866100.985899,
					"jitter_ms":	0.013247869460024118,
					"lost_packets":	13086,
					"packets":	46735,
					"lost_percent":	28.000427944795121,
					"omitted":	false,
					"sender":	false
				}],
			"sum":	{
				"start":	711.001071,
				"end":	712.001084,
				"seconds":	1.000012993812561,
				"bytes":	45358852,
				"bits_per_second":	362866100.985899,
				"jitter_ms":	0.013247869460024118,
				"lost_packets":	13086,
				"packets":	46735,
				"lost_percent":	28.000427944795121,
				"omitted":	false,
				"sender":	false
			}
		}, {
			"streams":	[{
					"socket":	5,
					"start":	712.001084,
					"end":	713.001071,
					"seconds":	0.999987006187439,
					"bytes":	44474564,
					"bits_per_second":	355801135.21326,
					"jitter_ms":	0.023599857981964085,
					"lost_packets":	12077,
					"packets":	45070,
					"lost_percent":	26.796094963390281,
					"omitted":	false,
					"sender":	false
				}],
			"sum":	{
				"start":	712.001084,
				"end":	713.001071,
				"seconds":	0.999987006187439,
				"bytes":	44474564,
				"bits_per_second":	355801135.21326,
				"jitter_ms":	0.023599857981964085,
				"lost_packets":	12077,
				"packets":	45070,
				"lost_percent":	26.796094963390281,
				"omitted":	false,
				"sender":	false
			}
		}, {
			"streams":	[{
					"socket":	5,
					"start":	713.001071,
					"end":	714.001096,
					"seconds":	1.0000250339508057,
					"bytes":	45221356,
					"bits_per_second":	361761791.67310387,
					"jitter_ms":	0.011526688203139131,
					"lost_packets":	12817,
					"packets":	46364,
					"lost_percent":	27.644292985937366,
					"omitted":	false,
					"sender":	false
				}],
			"sum":	{
				"start":	713.001071,
				"end":	714.001096,
				"seconds":	1.0000250339508057,
				"bytes":	45221356,
				"bits_per_second":	361761791.67310387,
				"jitter_ms":	0.011526688203139131,
				"lost_packets":	12817,
				"packets":	46364,
				"lost_percent":	27.644292985937366,
				"omitted":	false,
				"sender":	false
			}
		}, {
			"streams":	[{
					"socket":	5,
					"start":	714.001096,
					"end":	715.001105,
					"seconds":	1.0000089406967163,
					"bytes":	46082728,
					"bits_per_second":	368658527.93590987,
					"jitter_ms":	0.012613924906621471,
					"lost_packets":	13105,
					"packets":	47291,
					"lost_percent":	27.711403861199805,
					"omitted":	false,
					"sender":	false
				}],
			"sum":	{
				"start":	714.001096,
				"end":	715.001105,
				"seconds":	1.0000089406967163,
				"bytes":	46082728,
				"bits_per_second":	368658527.93590987,
				"jitter_ms":	0.012613924906621471,
				"lost_packets":	13105,
				"packets":	47291,
				"lost_percent":	27.711403861199805,
				"omitted":	false,
				"sender":	false
			}
		}, {
			"streams":	[{
					"socket":	5,
					"start":	715.001105,
					"end":	716.001072,
					"seconds":	0.99996697902679443,
					"bytes":	45358852,
					"bits_per_second":	362882798.743174,
					"jitter_ms":	0.056607307860413424,
					"lost_packets":	12698,
					"packets":	46347,
					"lost_percent":	27.397674067361425,
					"omitted":	false,
					"sender":	false
				}],
			"sum":	{
				"start":	715.001105,
				"end":	716.001072,
				"seconds":	0.99996697902679443,
				"bytes":	45358852,
				"bits_per_second":	362882798.743174,
				"jitter_ms":	0.056607307860413424,
				"lost_packets":	12698,
				"packets":	46347,
				"lost_percent":	27.397674067361425,
				"omitted":	false,
				"sender":	false
			}
		}, {
			"streams":	[{
					"socket":	5,
					"start":	716.001072,
					"end":	717.00107,
					"seconds":	0.99999797344207764,
					"bytes":	44523092,
					"bits_per_second":	356185457.83046138,
					"jitter_ms":	0.027640001400018942,
					"lost_packets":	12552,
					"packets":	45581,
					"lost_percent":	27.537789868585595,
					"omitted":	false,
					"sender":	false
				}],
			"sum":	{
				"start":	716.001072,
				"end":	717.00107,
				"seconds":	0.99999797344207764,
				"bytes":	44523092,
				"bits_per_second":	356185457.83046138,
				"jitter_ms":	0.027640001400018942,
				"lost_packets":	12552,
				"packets":	45581,
				"lost_percent":	27.537789868585595,
				"omitted":	false,
				"sender":	false
			}
		}, {
			"streams":	[{
					"socket":	5,
					"start":	717.00107,
					"end":	718.001055,
					"seconds":	0.9999849796295166,
					"bytes":	46156868,
					"bits_per_second":	369260490.42937112,
					"jitter_ms":	0.012549303411154993,
					"lost_packets":	12926,
					"packets":	47167,
					"lost_percent":	27.404753323298067,
					"omitted":	false,
					"sender":	false
				}],
			"sum":	{
				"start":	717.00107,
				"end":	718.001055,
				"seconds":	0.9999849796295166,
				"bytes":	46156868,
				"bits_per_second":	369260490.42937112,
				"jitter_ms":	0.012549303411154993,
				"lost_packets":	12926,
				"packets":	47167,
				"lost_percent":	27.404753323298067,
				"omitted":	false,
				"sender":	false
			}
		}, {
			"streams":	[{
					"socket":	5,
					"start":	718.001055,
					"end":	719.001078,
					"seconds":	1.0000230073928833,
					"bytes":	45370984,
					"bits_per_second":	362959521.2476939,
					"jitter_ms":	0.0398912504079503,
					"lost_packets":	12826,
					"packets":	46484,
					"lost_percent":	27.592289820153169,
					"omitted":	false,
					"sender":	false
				}],
			"sum":	{
				"start":	718.001055,
				"end":	719.001078,
				"seconds":	1.0000230073928833,
				"bytes":	45370984,
				"bits_per_second":	362959521.2476939,
				"jitter_ms":	0.0398912504079503,
				"lost_packets":	12826,
				"packets":	46484,
				"lost_percent":	27.592289820153169,
				"omitted":	false,
				"sender":	false
			}
		}, {
			"streams":	[{
					"socket":	5,
					"start":	719.001078,
					"end":	720.001181,
					"seconds":	1.0001029968261719,
					"bytes":	45484216,
					"bits_per_second":	363836254.02058959,
					"jitter_ms":	0.039700963180877735,
					"lost_packets":	12623,
					"packets":	46365,
					"lost_percent":	27.225277687911142,
					"omitted":	false,
					"sender":	false
				}],
			"sum":	{
				"start":	719.001078,
				"end":	720.001181,
				"seconds":	1.0001029968261719,
				"bytes":	45484216,
				"bits_per_second":	363836254.02058959,
				"jitter_ms":	0.039700963180877735,
				"lost_packets":	12623,
				"packets":	46365,
				"lost_percent":	27.225277687911142,
				"omitted":	false,
				"sender":	false
			}
		}, {
			"streams":	[{
					"socket":	5,
					"start":	720.001181,
					"end":	721.001073,
					"seconds":	0.999891996383667,
					"bytes":	45420860,
					"bits_per_second":	363406129.17614859,
					"jitter_ms":	0.01413571284084154,
					"lost_packets":	12920,
					"packets":	46615,
					"lost_percent":	27.716400300332509,
					"omitted":	false,
					"sender":	false
				}],
			"sum":	{
				"start":	720.001181,
				"end":	721.001073,
				"seconds":	0.999891996383667,
				"bytes":	45420860,
				"bits_per_second":	363406129.17614859,
				"jitter_ms":	0.01413571284084154,
				"lost_packets":	12920,
				"packets":	46615,
				"lost_percent":	27.716400300332509,
				"omitted":	false,
				"sender":	false
			}
		}, {
			"streams":	[{
					"socket":	5,
					"start":	721.001073,
					"end":	722.001078,
					"seconds":	1.0000050067901611,
					"bytes":	45322456,
					"bits_per_second":	362577832.64887482,
					"jitter_ms":	0.012522962375720778,
					"lost_packets":	12374,
					"packets":	45996,
					"lost_percent":	26.902339333855117,
					"omitted":	false,
					"sender":	false
				}],
			"sum":	{
				"start":	721.001073,
				"end":	722.001078,
				"seconds":	1.0000050067901611,
				"bytes":	45322456,
				"bits_per_second":	362577832.64887482,
				"jitter_ms":	0.012522962375720778,
				"lost_packets":	12374,
				"packets":	45996,
				"lost_percent":	26.902339333855117,
				"omitted":	false,
				"sender":	false
			}
		}, {
			"streams":	[{
					"socket":	5,
					"start":	722.001078,
					"end":	723.001056,
					"seconds":	0.999978005886078,
					"bytes":	45345372,
					"bits_per_second":	362770954.82570809,
					"jitter_ms":	0.00971620310575035,
					"lost_packets":	12731,
					"packets":	46370,
					"lost_percent":	27.455251240025881,
					"omitted":	false,
					"sender":	false
				}],
			"sum":	{
				"start":	722.001078,
				"end":	723.001056,
				"seconds":	0.999978005886078,
				"bytes":	45345372,
				"bits_per_second":	362770954.82570809,
				"jitter_ms":	0.00971620310575035,
				"lost_packets":	12731,
				"packets":	46370,
				"lost_percent":	27.455251240025881,
				"omitted":	false,
				"sender":	false
			}
		}, {
			"streams":	[{
					"socket":	5,
					"start":	723.001056,
					"end":	724.001056,
					"seconds":	1,
					"bytes":	45156652,
					"bits_per_second":	361253216,
					"jitter_ms":	0.039816791218162818,
					"lost_packets":	12748,
					"packets":	46247,
					"lost_percent":	27.565031245269964,
					"omitted":	false,
					"sender":	false
				}],
			"sum":	{
				"start":	723.001056,
				"end":	724.001056,
				"seconds":	1,
				"bytes":	45156652,
				"bits_per_second":	361253216,
				"jitter_ms":	0.039816791218162818,
				"lost_packets":	12748,
				"packets":	46247,
				"lost_percent":	27.565031245269964,
				"omitted":	false,
				"sender":	false
			}
		}, {
			"streams":	[{
					"socket":	5,
					"start":	724.001056,
					"end":	725.001097,
					"seconds":	1.0000410079956055,
					"bytes":	45217312,
					"bits_per_second":	361723662.43764037,
					"jitter_ms":	0.0751204896252623,
					"lost_packets":	12530,
					"packets":	46074,
					"lost_percent":	27.195381343056823,
					"omitted":	false,
					"sender":	false
				}],
			"sum":	{
				"start":	724.001056,
				"end":	725.001097,
				"seconds":	1.0000410079956055,
				"bytes":	45217312,
				"bits_per_second":	361723662.43764037,
				"jitter_ms":	0.0751204896252623,
				"lost_packets":	12530,
				"packets":	46074,
				"lost_percent":	27.195381343056823,
				"omitted":	false,
				"sender":	false
			}
		}, {
			"streams":	[{
					"socket":	5,
					"start":	725.001097,
					"end":	726.001062,
					"seconds":	0.999965012073517,
					"bytes":	46321324,
					"bits_per_second":	370583557.95028144,
					"jitter_ms":	0.037749451242448433,
					"lost_packets":	12989,
					"packets":	47352,
					"lost_percent":	27.430731542490285,
					"omitted":	false,
					"sender":	false
				}],
			"sum":	{
				"start":	725.001097,
				"end":	726.001062,
				"seconds":	0.999965012073517,
				"bytes":	46321324,
				"bits_per_second":	370583557.95028144,
				"jitter_ms":	0.037749451242448433,
				"lost_packets":	12989,
				"packets":	47352,
				"lost_percent":	27.430731542490285,
				"omitted":	false,
				"sender":	false
			}
		}, {
			"streams":	[{
					"socket":	5,
					"start":	726.001062,
					"end":	727.001048,
					"seconds":	0.99998599290847778,
					"bytes":	44889748,
					"bits_per_second":	359123014.26892859,
					"jitter_ms":	0.062299288179434031,
					"lost_packets":	12850,
					"packets":	46151,
					"lost_percent":	27.843383675326645,
					"omitted":	false,
					"sender":	false
				}],
			"sum":	{
				"start":	726.001062,
				"end":	727.001048,
				"seconds":	0.99998599290847778,
				"bytes":	44889748,
				"bits_per_second":	359123014.26892859,
				"jitter_ms":	0.062299288179434031,
				"lost_packets":	12850,
				"packets":	46151,
				"lost_percent":	27.843383675326645,
				"omitted":	false,
				"sender":	false
			}
		}, {
			"streams":	[{
					"socket":	5,
					"start":	727.001048,
					"end":	728.001075,
					"seconds":	1.0000269412994385,
					"bytes":	45358852,
					"bits_per_second":	362861040.05206537,
					"jitter_ms":	0.012677573707341114,
					"lost_packets":	12347,
					"packets":	45996,
					"lost_percent":	26.843638577267587,
					"omitted":	false,
					"sender":	false
				}],
			"sum":	{
				"start":	727.001048,
				"end":	728.001075,
				"seconds":	1.0000269412994385,
				"bytes":	45358852,
				"bits_per_second":	362861040.05206537,
				"jitter_ms":	0.012677573707341114,
				"lost_packets":	12347,
				"packets":	45996,
				"lost_percent":	26.843638577267587,
				"omitted":	false,
				"sender":	false
			}
		}, {
			"streams":	[{
					"socket":	5,
					"start":	728.001075,
					"end":	729.001061,
					"seconds":	0.99998599290847778,
					"bytes":	45364244,
					"bits_per_second":	362919035.44014454,
					"jitter_ms":	0.012660931921559326,
					"lost_packets":	12711,
					"packets":	46364,
					"lost_percent":	27.415667328099389,
					"omitted":	false,
					"sender":	false
				}],
			"sum":	{
				"start":	728.001075,
				"end":	729.001061,
				"seconds":	0.99998599290847778,
				"bytes":	45364244,
				"bits_per_second":	362919035.44014454,
				"jitter_ms":	0.012660931921559326,
				"lost_packets":	12711,
				"packets":	46364,
				"lost_percent":	27.415667328099389,
				"omitted":	false,
				"sender":	false
			}
		}, {
			"streams":	[{
					"socket":	5,
					"start":	729.001061,
					"end":	730.001051,
					"seconds":	0.99998998641967773,
					"bytes":	44899184,
					"bits_per_second":	359197068.84870046,
					"jitter_ms":	0.012705272439918326,
					"lost_packets":	12594,
					"packets":	45902,
					"lost_percent":	27.436712997255022,
					"omitted":	false,
					"sender":	false
				}],
			"sum":	{
				"start":	729.001061,
				"end":	730.001051,
				"seconds":	0.99998998641967773,
				"bytes":	44899184,
				"bits_per_second":	359197068.84870046,
				"jitter_ms":	0.012705272439918326,
				"lost_packets":	12594,
				"packets":	45902,
				"lost_percent":	27.436712997255022,
				"omitted":	false,
				"sender":	false
			}
		}, {
			"streams":	[{
					"socket":	5,
					"start":	730.001051,
					"end":	731.001073,
					"seconds":	1.0000220537185669,
					"bytes":	45470736,
					"bits_per_second":	363757865.78640145,
					"jitter_ms":	0.0543763088410133,
					"lost_packets":	12793,
					"packets":	46525,
					"lost_percent":	27.497044599677594,
					"omitted":	false,
					"sender":	false
				}],
			"sum":	{
				"start":	730.001051,
				"end":	731.001073,
				"seconds":	1.0000220537185669,
				"bytes":	45470736,
				"bits_per_second":	363757865.78640145,
				"jitter_ms":	0.0543763088410133,
				"lost_packets":	12793,
				"packets":	46525,
				"lost_percent":	27.497044599677594,
				"omitted":	false,
				"sender":	false
			}
		}, {
			"streams":	[{
					"socket":	5,
					"start":	731.001073,
					"end":	732.001054,
					"seconds":	0.99998098611831665,
					"bytes":	45915576,
					"bits_per_second":	367331592.39943641,
					"jitter_ms":	0.011919334006008461,
					"lost_packets":	12607,
					"packets":	46669,
					"lost_percent":	27.013649317534124,
					"omitted":	false,
					"sender":	false
				}],
			"sum":	{
				"start":	731.001073,
				"end":	732.001054,
				"seconds":	0.99998098611831665,
				"bytes":	45915576,
				"bits_per_second":	367331592.39943641,
				"jitter_ms":	0.011919334006008461,
				"lost_packets":	12607,
				"packets":	46669,
				"lost_percent":	27.013649317534124,
				"omitted":	false,
				"sender":	false
			}
		}, {
			"streams":	[{
					"socket":	5,
					"start":	732.001054,
					"end":	733.001064,
					"seconds":	1.0000100135803223,
					"bytes":	45457256,
					"bits_per_second":	363654406.51739079,
					"jitter_ms":	0.043916688622757979,
					"lost_packets":	12644,
					"packets":	46366,
					"lost_percent":	27.2699823146271,
					"omitted":	false,
					"sender":	false
				}],
			"sum":	{
				"start":	732.001054,
				"end":	733.001064,
				"seconds":	1.0000100135803223,
				"bytes":	45457256,
				"bits_per_second":	363654406.51739079,
				"jitter_ms":	0.043916688622757979,
				"lost_packets":	12644,
				"packets":	46366,
				"lost_percent":	27.2699823146271,
				"omitted":	false,
				"sender":	false
			}
		}, {
			"streams":	[{
					"socket":	5,
					"start":	733.001064,
					"end":	734.001055,
					"seconds":	0.999990999698639,
					"bytes":	45482868,
					"bits_per_second":	363866218.90562528,
					"jitter_ms":	0.012698948623923137,
					"lost_packets":	12622,
					"packets":	46363,
					"lost_percent":	27.2242952354248,
					"omitted":	false,
					"sender":	false
				}],
			"sum":	{
				"start":	733.001064,
				"end":	734.001055,
				"seconds":	0.999990999698639,
				"bytes":	45482868,
				"bits_per_second":	363866218.90562528,
				"jitter_ms":	0.012698948623923137,
				"lost_packets":	12622,
				"packets":	46363,
				"lost_percent":	27.2242952354248,
				"omitted":	false,
				"sender":	false
			}
		}, {
			"streams":	[{
					"socket":	5,
					"start":	734.001055,
					"end":	735.001084,
					"seconds":	1.0000289678573608,
					"bytes":	45384464,
					"bits_per_second":	363065194.779225,
					"jitter_ms":	0.039919664912629965,
					"lost_packets":	12817,
					"packets":	46485,
					"lost_percent":	27.572335161880176,
					"omitted":	false,
					"sender":	false
				}],
			"sum":	{
				"start":	734.001055,
				"end":	735.001084,
				"seconds":	1.0000289678573608,
				"bytes":	45384464,
				"bits_per_second":	363065194.779225,
				"jitter_ms":	0.039919664912629965,
				"lost_packets":	12817,
				"packets":	46485,
				"lost_percent":	27.572335161880176,
				"omitted":	false,
				"sender":	false
			}
		}, {
			"streams":	[{
					"socket":	5,
					"start":	735.001084,
					"end":	736.00106,
					"seconds":	0.99997597932815552,
					"bytes":	45234836,
					"bits_per_second":	361887380.77801836,
					"jitter_ms":	0.039877372569999125,
					"lost_packets":	12808,
					"packets":	46365,
					"lost_percent":	27.624285560228621,
					"omitted":	false,
					"sender":	false
				}],
			"sum":	{
				"start":	735.001084,
				"end":	736.00106,
				"seconds":	0.99997597932815552,
				"bytes":	45234836,
				"bits_per_second":	361887380.77801836,
				"jitter_ms":	0.039877372569999125,
				"lost_packets":	12808,
				"packets":	46365,
				"lost_percent":	27.624285560228621,
				"omitted":	false,
				"sender":	false
			}
		}, {
			"streams":	[{
					"socket":	5,
					"start":	736.00106,
					"end":	737.001072,
					"seconds":	1.0000120401382446,
					"bytes":	46233704,
					"bits_per_second":	369865178.77211571,
					"jitter_ms":	0.039858943976873361,
					"lost_packets":	12994,
					"packets":	47292,
					"lost_percent":	27.476105895288843,
					"omitted":	false,
					"sender":	false
				}],
			"sum":	{
				"start":	736.00106,
				"end":	737.001072,
				"seconds":	1.0000120401382446,
				"bytes":	46233704,
				"bits_per_second":	369865178.77211571,
				"jitter_ms":	0.039858943976873361,
				"lost_packets":	12994,
				"packets":	47292,
				"lost_percent":	27.476105895288843,
				"omitted":	false,
				"sender":	false
			}
		}, {
			"streams":	[{
					"socket":	5,
					"start":	737.001072,
					"end":	738.001052,
					"seconds":	0.99997997283935547,
					"bytes":	43636108,
					"bits_per_second":	349095855.39877641,
					"jitter_ms":	0.012151274387001669,
					"lost_packets":	12392,
					"packets":	44763,
					"lost_percent":	27.683577955007483,
					"omitted":	false,
					"sender":	false
				}],
			"sum":	{
				"start":	737.001072,
				"end":	738.001052,
				"seconds":	0.99997997283935547,
				"bytes":	43636108,
				"bits_per_second":	349095855.39877641,
				"jitter_ms":	0.012151274387001669,
				"lost_packets":	12392,
				"packets":	44763,
				"lost_percent":	27.683577955007483,
				"omitted":	false,
				"sender":	false
			}
		}, {
			"streams":	[{
					"socket":	5,
					"start":	738.001052,
					"end":	739.001085,
					"seconds":	1.0000330209732056,
					"bytes":	46194612,
					"bits_per_second":	369544693.27458513,
					"jitter_ms":	0.0127154702175543,
					"lost_packets":	12651,
					"packets":	46920,
					"lost_percent":	26.962915601023017,
					"omitted":	false,
					"sender":	false
				}],
			"sum":	{
				"start":	738.001052,
				"end":	739.001085,
				"seconds":	1.0000330209732056,
				"bytes":	46194612,
				"bits_per_second":	369544693.27458513,
				"jitter_ms":	0.0127154702175543,
				"lost_packets":	12651,
				"packets":	46920,
				"lost_percent":	26.962915601023017,
				"omitted":	false,
				"sender":	false
			}
		}, {
			"streams":	[{
					"socket":	5,
					"start":	739.001085,
					"end":	740.001049,
					"seconds":	0.99996399879455566,
					"bytes":	45482868,
					"bits_per_second":	363876043.97621548,
					"jitter_ms":	0.012799201969763875,
					"lost_packets":	12624,
					"packets":	46365,
					"lost_percent":	27.227434487220965,
					"omitted":	false,
					"sender":	false
				}],
			"sum":	{
				"start":	739.001085,
				"end":	740.001049,
				"seconds":	0.99996399879455566,
				"bytes":	45482868,
				"bits_per_second":	363876043.97621548,
				"jitter_ms":	0.012799201969763875,
				"lost_packets":	12624,
				"packets":	46365,
				"lost_percent":	27.227434487220965,
				"omitted":	false,
				"sender":	false
			}
		}, {
			"streams":	[{
					"socket":	5,
					"start":	740.001049,
					"end":	741.001067,
					"seconds":	1.0000180006027222,
					"bytes":	45434340,
					"bits_per_second":	363468177.35373729,
					"jitter_ms":	0.037317275054394847,
					"lost_packets":	12642,
					"packets":	46347,
					"lost_percent":	27.2768463978251,
					"omitted":	false,
					"sender":	false
				}],
			"sum":	{
				"start":	740.001049,
				"end":	741.001067,
				"seconds":	1.0000180006027222,
				"bytes":	45434340,
				"bits_per_second":	363468177.35373729,
				"jitter_ms":	0.037317275054394847,
				"lost_packets":	12642,
				"packets":	46347,
				"lost_percent":	27.2768463978251,
				"omitted":	false,
				"sender":	false
			}
		}, {
			"streams":	[{
					"socket":	5,
					"start":	741.001067,
					"end":	742.001073,
					"seconds":	1.0000059604644775,
					"bytes":	44510960,
					"bits_per_second":	356085557.5646832,
					"jitter_ms":	0.011566866085669448,
					"lost_packets":	12438,
					"packets":	45458,
					"lost_percent":	27.361520524440142,
					"omitted":	false,
					"sender":	false
				}],
			"sum":	{
				"start":	741.001067,
				"end":	742.001073,
				"seconds":	1.0000059604644775,
				"bytes":	44510960,
				"bits_per_second":	356085557.5646832,
				"jitter_ms":	0.011566866085669448,
				"lost_packets":	12438,
				"packets":	45458,
				"lost_percent":	27.361520524440142,
				"omitted":	false,
				"sender":	false
			}
		}, {
			"streams":	[{
					"socket":	5,
					"start":	742.001073,
					"end":	743.00107,
					"seconds":	0.99999701976776123,
					"bytes":	46280884,
					"bits_per_second":	370248175.42554873,
					"jitter_ms":	0.012517060949406522,
					"lost_packets":	12957,
					"packets":	47290,
					"lost_percent":	27.3990272784944,
					"omitted":	false,
					"sender":	false
				}],
			"sum":	{
				"start":	742.001073,
				"end":	743.00107,
				"seconds":	0.99999701976776123,
				"bytes":	46280884,
				"bits_per_second":	370248175.42554873,
				"jitter_ms":	0.012517060949406522,
				"lost_packets":	12957,
				"packets":	47290,
				"lost_percent":	27.3990272784944,
				"omitted":	false,
				"sender":	false
			}
		}, {
			"streams":	[{
					"socket":	5,
					"start":	743.00107,
					"end":	744.001067,
					"seconds":	0.99999701976776123,
					"bytes":	45840088,
					"bits_per_second":	366721796.91612184,
					"jitter_ms":	0.040038455741695532,
					"lost_packets":	12942,
					"packets":	46948,
					"lost_percent":	27.56666950668825,
					"omitted":	false,
					"sender":	false
				}],
			"sum":	{
				"start":	743.00107,
				"end":	744.001067,
				"seconds":	0.99999701976776123,
				"bytes":	45840088,
				"bits_per_second":	366721796.91612184,
				"jitter_ms":	0.040038455741695532,
				"lost_packets":	12942,
				"packets":	46948,
				"lost_percent":	27.56666950668825,
				"omitted":	false,
				"sender":	false
			}
		}, {
			"streams":	[{
					"socket":	5,
					"start":	744.001067,
					"end":	745.00107,
					"seconds":	1.0000029802322388,
					"bytes":	44939624,
					"bits_per_second":	359515920.5590632,
					"jitter_ms":	0.0376617457530105,
					"lost_packets":	12564,
					"packets":	45902,
					"lost_percent":	27.371356367914252,
					"omitted":	false,
					"sender":	false
				}],
			"sum":	{
				"start":	744.001067,
				"end":	745.00107,
				"seconds":	1.0000029802322388,
				"bytes":	44939624,
				"bits_per_second":	359515920.5590632,
				"jitter_ms":	0.0376617457530105,
				"lost_packets":	12564,
				"packets":	45902,
				"lost_percent":	27.371356367914252,
				"omitted":	false,
				"sender":	false
			}
		}, {
			"streams":	[{
					"socket":	5,
					"start":	745.00107,
					"end":	746.001062,
					"seconds":	0.9999920129776,
					"bytes":	44423340,
					"bits_per_second":	355389558.50436449,
					"jitter_ms":	0.012444823251848914,
					"lost_packets":	12734,
					"packets":	45689,
					"lost_percent":	27.871041169646961,
					"omitted":	false,
					"sender":	false
				}],
			"sum":	{
				"start":	745.00107,
				"end":	746.001062,
				"seconds":	0.9999920129776,
				"bytes":	44423340,
				"bits_per_second":	355389558.50436449,
				"jitter_ms":	0.012444823251848914,
				"lost_packets":	12734,
				"packets":	45689,
				"lost_percent":	27.871041169646961,
				"omitted":	false,
				"sender":	false
			}
		}, {
			"streams":	[{
					"socket":	5,
					"start":	746.001062,
					"end":	747.001048,
					"seconds":	0.99998599290847778,
					"bytes":	46132604,
					"bits_per_second":	369066001.54126132,
					"jitter_ms":	0.012606870428646179,
					"lost_packets":	12698,
					"packets":	46921,
					"lost_percent":	27.0625093241832,
					"omitted":	false,
					"sender":	false
				}],
			"sum":	{
				"start":	746.001062,
				"end":	747.001048,
				"seconds":	0.99998599290847778,
				"bytes":	46132604,
				"bits_per_second":	369066001.54126132,
				"jitter_ms":	0.012606870428646179,
				"lost_packets":	12698,
				"packets":	46921,
				"lost_percent":	27.0625093241832,
				"omitted":	false,
				"sender":	false
			}
		}, {
			"streams":	[{
					"socket":	5,
					"start":	747.001048,
					"end":	748.001062,
					"seconds":	1.0000139474868774,
					"bytes":	45370984,
					"bits_per_second":	362962809.58097637,
					"jitter_ms":	0.013430550707283755,
					"lost_packets":	13077,
					"packets":	46735,
					"lost_percent":	27.981170429014657,
					"omitted":	false,
					"sender":	false
				}],
			"sum":	{
				"start":	747.001048,
				"end":	748.001062,
				"seconds":	1.0000139474868774,
				"bytes":	45370984,
				"bits_per_second":	362962809.58097637,
				"jitter_ms":	0.013430550707283755,
				"lost_packets":	13077,
				"packets":	46735,
				"lost_percent":	27.981170429014657,
				"omitted":	false,
				"sender":	false
			}
		}, {
			"streams":	[{
					"socket":	5,
					"start":	748.001062,
					"end":	749.001954,
					"seconds":	1.0008920431137085,
					"bytes":	44939624,
					"bits_per_second":	359196573.17043561,
					"jitter_ms":	0.010600180427023704,
					"lost_packets":	12196,
					"packets":	45534,
					"lost_percent":	26.784380902182985,
					"omitted":	false,
					"sender":	false
				}],
			"sum":	{
				"start":	748.001062,
				"end":	749.001954,
				"seconds":	1.0008920431137085,
				"bytes":	44939624,
				"bits_per_second":	359196573.17043561,
				"jitter_ms":	0.010600180427023704,
				"lost_packets":	12196,
				"packets":	45534,
				"lost_percent":	26.784380902182985,
				"omitted":	false,
				"sender":	false
			}
		}, {
			"streams":	[{
					"socket":	5,
					"start":	749.001954,
					"end":	750.00105,
					"seconds":	0.99909597635269165,
					"bytes":	45840088,
					"bits_per_second":	367052528.16526574,
					"jitter_ms":	0.012544941303771876,
					"lost_packets":	12820,
					"packets":	46826,
					"lost_percent":	27.37795241959595,
					"omitted":	false,
					"sender":	false
				}],
			"sum":	{
				"start":	749.001954,
				"end":	750.00105,
				"seconds":	0.99909597635269165,
				"bytes":	45840088,
				"bits_per_second":	367052528.16526574,
				"jitter_ms":	0.012544941303771876,
				"lost_packets":	12820,
				"packets":	46826,
				"lost_percent":	27.37795241959595,
				"omitted":	false,
				"sender":	false
			}
		}, {
			"streams":	[{
					"socket":	5,
					"start":	750.00105,
					"end":	751.001063,
					"seconds":	1.000012993812561,
					"bytes":	45408728,
					"bits_per_second":	363265103.80133122,
					"jitter_ms":	0.047802799761524122,
					"lost_packets":	12749,
					"packets":	46435,
					"lost_percent":	27.455583073112955,
					"omitted":	false,
					"sender":	false
				}],
			"sum":	{
				"start":	750.00105,
				"end":	751.001063,
				"seconds":	1.000012993812561,
				"bytes":	45408728,
				"bits_per_second":	363265103.80133122,
				"jitter_ms":	0.047802799761524122,
				"lost_packets":	12749,
				"packets":	46435,
				"lost_percent":	27.455583073112955,
				"omitted":	false,
				"sender":	false
			}
		}, {
			"streams":	[{
					"socket":	5,
					"start":	751.001063,
					"end":	752.001067,
					"seconds":	1.0000040531158447,
					"bytes":	45295496,
					"bits_per_second":	362362499.30281252,
					"jitter_ms":	0.014104242012834476,
					"lost_packets":	12599,
					"packets":	46201,
					"lost_percent":	27.2699725114175,
					"omitted":	false,
					"sender":	false
				}],
			"sum":	{
				"start":	751.001063,
				"end":	752.001067,
				"seconds":	1.0000040531158447,
				"bytes":	45295496,
				"bits_per_second":	362362499.30281252,
				"jitter_ms":	0.014104242012834476,
				"lost_packets":	12599,
				"packets":	46201,
				"lost_percent":	27.2699725114175,
				"omitted":	false,
				"sender":	false
			}
		}, {
			"streams":	[{
					"socket":	5,
					"start":	752.001067,
					"end":	753.001064,
					"seconds":	0.99999701976776123,
					"bytes":	44661936,
					"bits_per_second":	357296552.82670552,
					"jitter_ms":	0.01329128793195335,
					"lost_packets":	12402,
					"packets":	45534,
					"lost_percent":	27.236790090921069,
					"omitted":	false,
					"sender":	false
				}],
			"sum":	{
				"start":	752.001067,
				"end":	753.001064,
				"seconds":	0.99999701976776123,
				"bytes":	44661936,
				"bits_per_second":	357296552.82670552,
				"jitter_ms":	0.01329128793195335,
				"lost_packets":	12402,
				"packets":	45534,
				"lost_percent":	27.236790090921069,
				"omitted":	false,
				"sender":	false
			}
		}, {
			"streams":	[{
					"socket":	5,
					"start":	753.001064,
					"end":	754.00107,
					"seconds":	1.0000059604644775,
					"bytes":	45322456,
					"bits_per_second":	362577486.86976916,
					"jitter_ms":	0.03228040388702668,
					"lost_packets":	13113,
					"packets":	46735,
					"lost_percent":	28.058200492136514,
					"omitted":	false,
					"sender":	false
				}],
			"sum":	{
				"start":	753.001064,
				"end":	754.00107,
				"seconds":	1.0000059604644775,
				"bytes":	45322456,
				"bits_per_second":	362577486.86976916,
				"jitter_ms":	0.03228040388702668,
				"lost_packets":	13113,
				"packets":	46735,
				"lost_percent":	28.058200492136514,
				"omitted":	false,
				"sender":	false
			}
		}, {
			"streams":	[{
					"socket":	5,
					"start":	754.00107,
					"end":	755.001062,
					"seconds":	0.9999920129776,
					"bytes":	45699896,
					"bits_per_second":	365602088.0720669,
					"jitter_ms":	0.012671490531937094,
					"lost_packets":	12554,
					"packets":	46456,
					"lost_percent":	27.023420010332359,
					"omitted":	false,
					"sender":	false
				}],
			"sum":	{
				"start":	754.00107,
				"end":	755.001062,
				"seconds":	0.9999920129776,
				"bytes":	45699896,
				"bits_per_second":	365602088.0720669,
				"jitter_ms":	0.012671490531937094,
				"lost_packets":	12554,
				"packets":	46456,
				"lost_percent":	27.023420010332359,
				"omitted":	false,
				"sender":	false
			}
		}, {
			"streams":	[{
					"socket":	5,
					"start":	755.001062,
					"end":	756.001228,
					"seconds":	1.0001660585403442,
					"bytes":	45790212,
					"bits_per_second":	366260875.25367016,
					"jitter_ms":	0.0373461401250223,
					"lost_packets":	12980,
					"packets":	46949,
					"lost_percent":	27.647021235809071,
					"omitted":	false,
					"sender":	false
				}],
			"sum":	{
				"start":	755.001062,
				"end":	756.001228,
				"seconds":	1.0001660585403442,
				"bytes":	45790212,
				"bits_per_second":	366260875.25367016,
				"jitter_ms":	0.0373461401250223,
				"lost_packets":	12980,
				"packets":	46949,
				"lost_percent":	27.647021235809071,
				"omitted":	false,
				"sender":	false
			}
		}, {
			"streams":	[{
					"socket":	5,
					"start":	756.001228,
					"end":	757.001227,
					"seconds":	0.99999898672103882,
					"bytes":	45372332,
					"bits_per_second":	362979023.79900819,
					"jitter_ms":	0.00836965045492651,
					"lost_packets":	12594,
					"packets":	46253,
					"lost_percent":	27.228504097031543,
					"omitted":	false,
					"sender":	false
				}],
			"sum":	{
				"start":	756.001228,
				"end":	757.001227,
				"seconds":	0.99999898672103882,
				"bytes":	45372332,
				"bits_per_second":	362979023.79900819,
				"jitter_ms":	0.00836965045492651,
				"lost_packets":	12594,
				"packets":	46253,
				"lost_percent":	27.228504097031543,
				"omitted":	false,
				"sender":	false
			}
		}, {
			"streams":	[{
					"socket":	5,
					"start":	757.001227,
					"end":	758.001054,
					"seconds":	0.99982702732086182,
					"bytes":	44473216,
					"bits_per_second":	355847279.857361,
					"jitter_ms":	0.0073093484049517763,
					"lost_packets":	12542,
					"packets":	45534,
					"lost_percent":	27.544252646374137,
					"omitted":	false,
					"sender":	false
				}],
			"sum":	{
				"start":	757.001227,
				"end":	758.001054,
				"seconds":	0.99982702732086182,
				"bytes":	44473216,
				"bits_per_second":	355847279.857361,
				"jitter_ms":	0.0073093484049517763,
				"lost_packets":	12542,
				"packets":	45534,
				"lost_percent":	27.544252646374137,
				"omitted":	false,
				"sender":	false
			}
		}, {
			"streams":	[{
					"socket":	5,
					"start":	758.001054,
					"end":	759.001064,
					"seconds":	1.0000100135803223,
					"bytes":	46182480,
					"bits_per_second":	369456140.42126232,
					"jitter_ms":	0.0061822417424733751,
					"lost_packets":	13084,
					"packets":	47344,
					"lost_percent":	27.636025684352823,
					"omitted":	false,
					"sender":	false
				}],
			"sum":	{
				"start":	758.001054,
				"end":	759.001064,
				"seconds":	1.0000100135803223,
				"bytes":	46182480,
				"bits_per_second":	369456140.42126232,
				"jitter_ms":	0.0061822417424733751,
				"lost_packets":	13084,
				"packets":	47344,
				"lost_percent":	27.636025684352823,
				"omitted":	false,
				"sender":	false
			}
		}, {
			"streams":	[{
					"socket":	5,
					"start":	759.001064,
					"end":	760.001068,
					"seconds":	1.0000040531158447,
					"bytes":	45420860,
					"bits_per_second":	363365407.23791051,
					"jitter_ms":	0.057672732774996113,
					"lost_packets":	12488,
					"packets":	46183,
					"lost_percent":	27.0402529069138,
					"omitted":	false,
					"sender":	false
				}],
			"sum":	{
				"start":	759.001064,
				"end":	760.001068,
				"seconds":	1.0000040531158447,
				"bytes":	45420860,
				"bits_per_second":	363365407.23791051,
				"jitter_ms":	0.057672732774996113,
				"lost_packets":	12488,
				"packets":	46183,
				"lost_percent":	27.0402529069138,
				"omitted":	false,
				"sender":	false
			}
		}, {
			"streams":	[{
					"socket":	5,
					"start":	760.001068,
					"end":	761.001063,
					"seconds":	0.999994993209839,
					"bytes":	45458604,
					"bits_per_second":	363670652.82264644,
					"jitter_ms":	0.017546876338373884,
					"lost_packets":	12662,
					"packets":	46385,
					"lost_percent":	27.29761776436348,
					"omitted":	false,
					"sender":	false
				}],
			"sum":	{
				"start":	760.001068,
				"end":	761.001063,
				"seconds":	0.999994993209839,
				"bytes":	45458604,
				"bits_per_second":	363670652.82264644,
				"jitter_ms":	0.017546876338373884,
				"lost_packets":	12662,
				"packets":	46385,
				"lost_percent":	27.29761776436348,
				"omitted":	false,
				"sender":	false
			}
		}, {
			"streams":	[{
					"socket":	5,
					"start":	761.001063,
					"end":	762.00105,
					"seconds":	0.999987006187439,
					"bytes":	44965236,
					"bits_per_second":	359726562.21952271,
					"jitter_ms":	0.00885078361850696,
					"lost_packets":	12557,
					"packets":	45914,
					"lost_percent":	27.348956745219322,
					"omitted":	false,
					"sender":	false
				}],
			"sum":	{
				"start":	761.001063,
				"end":	762.00105,
				"seconds":	0.999987006187439,
				"bytes":	44965236,
				"bits_per_second":	359726562.21952271,
				"jitter_ms":	0.00885078361850696,
				"lost_packets":	12557,
				"packets":	45914,
				"lost_percent":	27.348956745219322,
				"omitted":	false,
				"sender":	false
			}
		}, {
			"streams":	[{
					"socket":	5,
					"start":	762.00105,
					"end":	763.001123,
					"seconds":	1.0000729560852051,
					"bytes":	45383116,
					"bits_per_second":	363038442.13648278,
					"jitter_ms":	0.01324804202448149,
					"lost_packets":	13061,
					"packets":	46728,
					"lost_percent":	27.951121383324772,
					"omitted":	false,
					"sender":	false
				}],
			"sum":	{
				"start":	762.00105,
				"end":	763.001123,
				"seconds":	1.0000729560852051,
				"bytes":	45383116,
				"bits_per_second":	363038442.13648278,
				"jitter_ms":	0.01324804202448149,
				"lost_packets":	13061,
				"packets":	46728,
				"lost_percent":	27.951121383324772,
				"omitted":	false,
				"sender":	false
			}
		}, {
			"streams":	[{
					"socket":	5,
					"start":	763.001123,
					"end":	764.001047,
					"seconds":	0.99992400407791138,
					"bytes":	45790212,
					"bits_per_second":	366349537.07087642,
					"jitter_ms":	0.013394075225882363,
					"lost_packets":	12860,
					"packets":	46829,
					"lost_percent":	27.461615665506418,
					"omitted":	false,
					"sender":	false
				}],
			"sum":	{
				"start":	763.001123,
				"end":	764.001047,
				"seconds":	0.99992400407791138,
				"bytes":	45790212,
				"bits_per_second":	366349537.07087642,
				"jitter_ms":	0.013394075225882363,
				"lost_packets":	12860,
				"packets":	46829,
				"lost_percent":	27.461615665506418,
				"omitted":	false,
				"sender":	false
			}
		}, {
			"streams":	[{
					"socket":	5,
					"start":	764.001047,
					"end":	765.001064,
					"seconds":	1.0000170469284058,
					"bytes":	45358852,
					"bits_per_second":	362864630.27262676,
					"jitter_ms":	0.010362959285378405,
					"lost_packets":	12350,
					"packets":	45999,
					"lost_percent":	26.848409748038,
					"omitted":	false,
					"sender":	false
				}],
			"sum":	{
				"start":	764.001047,
				"end":	765.001064,
				"seconds":	1.0000170469284058,
				"bytes":	45358852,
				"bits_per_second":	362864630.27262676,
				"jitter_ms":	0.010362959285378405,
				"lost_packets":	12350,
				"packets":	45999,
				"lost_percent":	26.848409748038,
				"omitted":	false,
				"sender":	false
			}
		}, {
			"streams":	[{
					"socket":	5,
					"start":	765.001064,
					"end":	766.001078,
					"seconds":	1.0000139474868774,
					"bytes":	3697564,
					"bits_per_second":	29580099.43195134,
					"jitter_ms":	0.071936212338576458,
					"lost_packets":	1137,
					"packets":	3880,
					"lost_percent":	29.304123711340207,
					"omitted":	false,
					"sender":	false
				}],
			"sum":	{
				"start":	765.001064,
				"end":	766.001078,
				"seconds":	1.0000139474868774,
				"bytes":	3697564,
				"bits_per_second":	29580099.43195134,
				"jitter_ms":	0.071936212338576458,
				"lost_packets":	1137,
				"packets":	3880,
				"lost_percent":	29.304123711340207,
				"omitted":	false,
				"sender":	false
			}
		}, {
			"streams":	[{
					"socket":	5,
					"start":	766.001078,
					"end":	767.001061,
					"seconds":	0.999983012676239,
					"bytes":	37346340,
					"bits_per_second":	298775795.40116841,
					"jitter_ms":	0.0212835118483671,
					"lost_packets":	103146,
					"packets":	130851,
					"lost_percent":	78.827062842469672,
					"omitted":	false,
					"sender":	false
				}],
			"sum":	{
				"start":	766.001078,
				"end":	767.001061,
				"seconds":	0.999983012676239,
				"bytes":	37346340,
				"bits_per_second":	298775795.40116841,
				"jitter_ms":	0.0212835118483671,
				"lost_packets":	103146,
				"packets":	130851,
				"lost_percent":	78.827062842469672,
				"omitted":	false,
				"sender":	false
			}
		}, {
			"streams":	[{
					"socket":	5,
					"start":	767.001061,
					"end":	768.001074,
					"seconds":	1.000012993812561,
					"bytes":	42971544,
					"bits_per_second":	343767885.1445359,
					"jitter_ms":	0.048211790269999236,
					"lost_packets":	0,
					"packets":	31878,
					"lost_percent":	0,
					"omitted":	false,
					"sender":	false
				}],
			"sum":	{
				"start":	767.001061,
				"end":	768.001074,
				"seconds":	1.000012993812561,
				"bytes":	42971544,
				"bits_per_second":	343767885.1445359,
				"jitter_ms":	0.048211790269999236,
				"lost_packets":	0,
				"packets":	31878,
				"lost_percent":	0,
				"omitted":	false,
				"sender":	false
			}
		}, {
			"streams":	[{
					"socket":	5,
					"start":	768.001074,
					"end":	769.001069,
					"seconds":	0.999994993209839,
					"bytes":	45241576,
					"bits_per_second":	361934420.12969369,
					"jitter_ms":	0.00595072312474349,
					"lost_packets":	0,
					"packets":	33562,
					"lost_percent":	0,
					"omitted":	false,
					"sender":	false
				}],
			"sum":	{
				"start":	768.001074,
				"end":	769.001069,
				"seconds":	0.999994993209839,
				"bytes":	45241576,
				"bits_per_second":	361934420.12969369,
				"jitter_ms":	0.00595072312474349,
				"lost_packets":	0,
				"packets":	33562,
				"lost_percent":	0,
				"omitted":	false,
				"sender":	false
			}
		}, {
			"streams":	[{
					"socket":	5,
					"start":	769.001069,
					"end":	770.000139,
					"seconds":	0.99906998872756958,
					"bytes":	37804660,
					"bits_per_second":	302718811.90745068,
					"jitter_ms":	0.00824642117001433,
					"lost_packets":	1249,
					"packets":	29294,
					"lost_percent":	4.26367174165358,
					"omitted":	false,
					"sender":	false
				}],
			"sum":	{
				"start":	769.001069,
				"end":	770.000139,
				"seconds":	0.99906998872756958,
				"bytes":	37804660,
				"bits_per_second":	302718811.90745068,
				"jitter_ms":	0.00824642117001433,
				"lost_packets":	1249,
				"packets":	29294,
				"lost_percent":	4.26367174165358,
				"omitted":	false,
				"sender":	false
			}
		}, {
			"streams":	[{
					"socket":	5,
					"start":	770.000139,
					"end":	771.000758,
					"seconds":	1.0006190538406372,
					"bytes":	46755380,
					"bits_per_second":	373811630.47448,
					"jitter_ms":	0.053933719354644673,
					"lost_packets":	13593,
					"packets":	48279,
					"lost_percent":	28.15509849002672,
					"omitted":	false,
					"sender":	false
				}],
			"sum":	{
				"start":	770.000139,
				"end":	771.000758,
				"seconds":	1.0006190538406372,
				"bytes":	46755380,
				"bits_per_second":	373811630.47448,
				"jitter_ms":	0.053933719354644673,
				"lost_packets":	13593,
				"packets":	48279,
				"lost_percent":	28.15509849002672,
				"omitted":	false,
				"sender":	false
			}
		}, {
			"streams":	[{
					"socket":	5,
					"start":	771.000758,
					"end":	772.001058,
					"seconds":	1.0003000497817993,
					"bytes":	47173260,
					"bits_per_second":	377272879.3548708,
					"jitter_ms":	0.00620819833423905,
					"lost_packets":	12567,
					"packets":	47565,
					"lost_percent":	26.42068748029013,
					"omitted":	false,
					"sender":	false
				}],
			"sum":	{
				"start":	771.000758,
				"end":	772.001058,
				"seconds":	1.0003000497817993,
				"bytes":	47173260,
				"bits_per_second":	377272879.3548708,
				"jitter_ms":	0.00620819833423905,
				"lost_packets":	12567,
				"packets":	47565,
				"lost_percent":	26.42068748029013,
				"omitted":	false,
				"sender":	false
			}
		}, {
			"streams":	[{
					"socket":	5,
					"start":	772.001058,
					"end":	773.001098,
					"seconds":	1.0000400543212891,
					"bytes":	45538136,
					"bits_per_second":	364290496.591407,
					"jitter_ms":	0.0376738727463237,
					"lost_packets":	12872,
					"packets":	46654,
					"lost_percent":	27.590345951043854,
					"omitted":	false,
					"sender":	false
				}],
			"sum":	{
				"start":	772.001058,
				"end":	773.001098,
				"seconds":	1.0000400543212891,
				"bytes":	45538136,
				"bits_per_second":	364290496.591407,
				"jitter_ms":	0.0376738727463237,
				"lost_packets":	12872,
				"packets":	46654,
				"lost_percent":	27.590345951043854,
				"omitted":	false,
				"sender":	false
			}
		}, {
			"streams":	[{
					"socket":	5,
					"start":	773.001098,
					"end":	774.001071,
					"seconds":	0.99997299909591675,
					"bytes":	42646676,
					"bits_per_second":	341182620.239204,
					"jitter_ms":	0.05512405776185636,
					"lost_packets":	12133,
					"packets":	43771,
					"lost_percent":	27.719266180804642,
					"omitted":	false,
					"sender":	false
				}],
			"sum":	{
				"start":	773.001098,
				"end":	774.001071,
				"seconds":	0.99997299909591675,
				"bytes":	42646676,
				"bits_per_second":	341182620.239204,
				"jitter_ms":	0.05512405776185636,
				"lost_packets":	12133,
				"packets":	43771,
				"lost_percent":	27.719266180804642,
				"omitted":	false,
				"sender":	false
			}
		}, {
			"streams":	[{
					"socket":	5,
					"start":	774.001071,
					"end":	775.001066,
					"seconds":	0.999994993209839,
					"bytes":	46504652,
					"bits_per_second":	372039078.721599,
					"jitter_ms":	0.00574551058478573,
					"lost_packets":	13148,
					"packets":	47651,
					"lost_percent":	27.592285576378249,
					"omitted":	false,
					"sender":	false
				}],
			"sum":	{
				"start":	774.001071,
				"end":	775.001066,
				"seconds":	0.999994993209839,
				"bytes":	46504652,
				"bits_per_second":	372039078.721599,
				"jitter_ms":	0.00574551058478573,
				"lost_packets":	13148,
				"packets":	47651,
				"lost_percent":	27.592285576378249,
				"omitted":	false,
				"sender":	false
			}
		}, {
			"streams":	[{
					"socket":	5,
					"start":	775.001066,
					"end":	776.001087,
					"seconds":	1.0000209808349609,
					"bytes":	43644196,
					"bits_per_second":	349146242.62030637,
					"jitter_ms":	0.035728905440948776,
					"lost_packets":	12245,
					"packets":	44624,
					"lost_percent":	27.440390821082826,
					"omitted":	false,
					"sender":	false
				}],
			"sum":	{
				"start":	775.001066,
				"end":	776.001087,
				"seconds":	1.0000209808349609,
				"bytes":	43644196,
				"bits_per_second":	349146242.62030637,
				"jitter_ms":	0.035728905440948776,
				"lost_packets":	12245,
				"packets":	44624,
				"lost_percent":	27.440390821082826,
				"omitted":	false,
				"sender":	false
			}
		}, {
			"streams":	[{
					"socket":	5,
					"start":	776.001087,
					"end":	777.001297,
					"seconds":	1.0002100467681885,
					"bytes":	48480820,
					"bits_per_second":	387765111.191578,
					"jitter_ms":	0.012269115898199805,
					"lost_packets":	13701,
					"packets":	49666,
					"lost_percent":	27.586276325856723,
					"omitted":	false,
					"sender":	false
				}],
			"sum":	{
				"start":	776.001087,
				"end":	777.001297,
				"seconds":	1.0002100467681885,
				"bytes":	48480820,
				"bits_per_second":	387765111.191578,
				"jitter_ms":	0.012269115898199805,
				"lost_packets":	13701,
				"packets":	49666,
				"lost_percent":	27.586276325856723,
				"omitted":	false,
				"sender":	false
			}
		}, {
			"streams":	[{
					"socket":	5,
					"start":	777.001297,
					"end":	778.00107,
					"seconds":	0.99977302551269531,
					"bytes":	43955584,
					"bits_per_second":	351724504.48907888,
					"jitter_ms":	0.02798440984681945,
					"lost_packets":	12118,
					"packets":	44727,
					"lost_percent":	27.093254633666465,
					"omitted":	false,
					"sender":	false
				}],
			"sum":	{
				"start":	777.001297,
				"end":	778.00107,
				"seconds":	0.99977302551269531,
				"bytes":	43955584,
				"bits_per_second":	351724504.48907888,
				"jitter_ms":	0.02798440984681945,
				"lost_packets":	12118,
				"packets":	44727,
				"lost_percent":	27.093254633666465,
				"omitted":	false,
				"sender":	false
			}
		}, {
			"streams":	[{
					"socket":	5,
					"start":	778.00107,
					"end":	779.001071,
					"seconds":	1.0000009536743164,
					"bytes":	46759424,
					"bits_per_second":	374075035.25424647,
					"jitter_ms":	0.012139660749433437,
					"lost_packets":	13313,
					"packets":	48003,
					"lost_percent":	27.7336833114597,
					"omitted":	false,
					"sender":	false
				}],
			"sum":	{
				"start":	778.00107,
				"end":	779.001071,
				"seconds":	1.0000009536743164,
				"bytes":	46759424,
				"bits_per_second":	374075035.25424647,
				"jitter_ms":	0.012139660749433437,
				"lost_packets":	13313,
				"packets":	48003,
				"lost_percent":	27.7336833114597,
				"omitted":	false,
				"sender":	false
			}
		}, {
			"streams":	[{
					"socket":	5,
					"start":	779.001071,
					"end":	780.001048,
					"seconds":	0.9999769926071167,
					"bytes":	43405600,
					"bits_per_second":	347252789.38135511,
					"jitter_ms":	0.016367901239434841,
					"lost_packets":	12212,
					"packets":	44412,
					"lost_percent":	27.49707286319013,
					"omitted":	false,
					"sender":	false
				}],
			"sum":	{
				"start":	779.001071,
				"end":	780.001048,
				"seconds":	0.9999769926071167,
				"bytes":	43405600,
				"bits_per_second":	347252789.38135511,
				"jitter_ms":	0.016367901239434841,
				"lost_packets":	12212,
				"packets":	44412,
				"lost_percent":	27.49707286319013,
				"omitted":	false,
				"sender":	false
			}
		}, {
			"streams":	[{
					"socket":	5,
					"start":	780.001048,
					"end":	781.001061,
					"seconds":	1.000012993812561,
					"bytes":	47286492,
					"bits_per_second":	378287020.60936,
					"jitter_ms":	0.0060101165924413584,
					"lost_packets":	12884,
					"packets":	47963,
					"lost_percent":	26.862373079248588,
					"omitted":	false,
					"sender":	false
				}],
			"sum":	{
				"start":	780.001048,
				"end":	781.001061,
				"seconds":	1.000012993812561,
				"bytes":	47286492,
				"bits_per_second":	378287020.60936,
				"jitter_ms":	0.0060101165924413584,
				"lost_packets":	12884,
				"packets":	47963,
				"lost_percent":	26.862373079248588,
				"omitted":	false,
				"sender":	false
			}
		}, {
			"streams":	[{
					"socket":	5,
					"start":	781.001061,
					"end":	782.001082,
					"seconds":	1.0000209808349609,
					"bytes":	44075556,
					"bits_per_second":	352597050.21948165,
					"jitter_ms":	0.03972295046642766,
					"lost_packets":	12472,
					"packets":	45169,
					"lost_percent":	27.611857690008634,
					"omitted":	false,
					"sender":	false
				}],
			"sum":	{
				"start":	781.001061,
				"end":	782.001082,
				"seconds":	1.0000209808349609,
				"bytes":	44075556,
				"bits_per_second":	352597050.21948165,
				"jitter_ms":	0.03972295046642766,
				"lost_packets":	12472,
				"packets":	45169,
				"lost_percent":	27.611857690008634,
				"omitted":	false,
				"sender":	false
			}
		}, {
			"streams":	[{
					"socket":	5,
					"start":	782.001082,
					"end":	783.001053,
					"seconds":	0.99997097253799438,
					"bytes":	45559704,
					"bits_per_second":	364488212.16773021,
					"jitter_ms":	0.010822864380032509,
					"lost_packets":	12683,
					"packets":	46481,
					"lost_percent":	27.286418106323012,
					"omitted":	false,
					"sender":	false
				}],
			"sum":	{
				"start":	782.001082,
				"end":	783.001053,
				"seconds":	0.99997097253799438,
				"bytes":	45559704,
				"bits_per_second":	364488212.16773021,
				"jitter_ms":	0.010822864380032509,
				"lost_packets":	12683,
				"packets":	46481,
				"lost_percent":	27.286418106323012,
				"omitted":	false,
				"sender":	false
			}
		}, {
			"streams":	[{
					"socket":	5,
					"start":	783.001053,
					"end":	784.001068,
					"seconds":	1.0000150203704834,
					"bytes":	45097340,
					"bits_per_second":	360773301.05135769,
					"jitter_ms":	0.016692531851647277,
					"lost_packets":	12623,
					"packets":	46078,
					"lost_percent":	27.394852207127045,
					"omitted":	false,
					"sender":	false
				}],
			"sum":	{
				"start":	783.001053,
				"end":	784.001068,
				"seconds":	1.0000150203704834,
				"bytes":	45097340,
				"bits_per_second":	360773301.05135769,
				"jitter_ms":	0.016692531851647277,
				"lost_packets":	12623,
				"packets":	46078,
				"lost_percent":	27.394852207127045,
				"omitted":	false,
				"sender":	false
			}
		}, {
			"streams":	[{
					"socket":	5,
					"start":	784.001068,
					"end":	785.001073,
					"seconds":	1.0000050067901611,
					"bytes":	45512524,
					"bits_per_second":	364098369.03586823,
					"jitter_ms":	0.035601267345887658,
					"lost_packets":	12726,
					"packets":	46491,
					"lost_percent":	27.373039943214817,
					"omitted":	false,
					"sender":	false
				}],
			"sum":	{
				"start":	784.001068,
				"end":	785.001073,
				"seconds":	1.0000050067901611,
				"bytes":	45512524,
				"bits_per_second":	364098369.03586823,
				"jitter_ms":	0.035601267345887658,
				"lost_packets":	12726,
				"packets":	46491,
				"lost_percent":	27.373039943214817,
				"omitted":	false,
				"sender":	false
			}
		}, {
			"streams":	[{
					"socket":	5,
					"start":	785.001073,
					"end":	786.000903,
					"seconds":	0.99983000755310059,
					"bytes":	46236400,
					"bits_per_second":	369954089.40089768,
					"jitter_ms":	0.00793261343044244,
					"lost_packets":	12925,
					"packets":	47227,
					"lost_percent":	27.3678192559341,
					"omitted":	false,
					"sender":	false
				}],
			"sum":	{
				"start":	785.001073,
				"end":	786.000903,
				"seconds":	0.99983000755310059,
				"bytes":	46236400,
				"bits_per_second":	369954089.40089768,
				"jitter_ms":	0.00793261343044244,
				"lost_packets":	12925,
				"packets":	47227,
				"lost_percent":	27.3678192559341,
				"omitted":	false,
				"sender":	false
			}
		}, {
			"streams":	[{
					"socket":	5,
					"start":	786.000903,
					"end":	787.001087,
					"seconds":	1.0001840591430664,
					"bytes":	43454128,
					"bits_per_second":	347569050.7383647,
					"jitter_ms":	0.00997111919669484,
					"lost_packets":	12177,
					"packets":	44413,
					"lost_percent":	27.417647985950058,
					"omitted":	false,
					"sender":	false
				}],
			"sum":	{
				"start":	786.000903,
				"end":	787.001087,
				"seconds":	1.0001840591430664,
				"bytes":	43454128,
				"bits_per_second":	347569050.7383647,
				"jitter_ms":	0.00997111919669484,
				"lost_packets":	12177,
				"packets":	44413,
				"lost_percent":	27.417647985950058,
				"omitted":	false,
				"sender":	false
			}
		}, {
			"streams":	[{
					"socket":	5,
					"start":	787.001087,
					"end":	788.001045,
					"seconds":	0.99995797872543335,
					"bytes":	45322456,
					"bits_per_second":	362594884.69920641,
					"jitter_ms":	0.0082278058268803744,
					"lost_packets":	12757,
					"packets":	46379,
					"lost_percent":	27.505983311412493,
					"omitted":	false,
					"sender":	false
				}],
			"sum":	{
				"start":	787.001087,
				"end":	788.001045,
				"seconds":	0.99995797872543335,
				"bytes":	45322456,
				"bits_per_second":	362594884.69920641,
				"jitter_ms":	0.0082278058268803744,
				"lost_packets":	12757,
				"packets":	46379,
				"lost_percent":	27.505983311412493,
				"omitted":	false,
				"sender":	false
			}
		}, {
			"streams":	[{
					"socket":	5,
					"start":	788.001045,
					"end":	789.001067,
					"seconds":	1.0000220537185669,
					"bytes":	47643712,
					"bits_per_second":	381141290.417247,
					"jitter_ms":	0.012598666304718325,
					"lost_packets":	13229,
					"packets":	48573,
					"lost_percent":	27.235295328680543,
					"omitted":	false,
					"sender":	false
				}],
			"sum":	{
				"start":	788.001045,
				"end":	789.001067,
				"seconds":	1.0000220537185669,
				"bytes":	47643712,
				"bits_per_second":	381141290.417247,
				"jitter_ms":	0.012598666304718325,
				"lost_packets":	13229,
				"packets":	48573,
				"lost_percent":	27.235295328680543,
				"omitted":	false,
				"sender":	false
			}
		}, {
			"streams":	[{
					"socket":	5,
					"start":	789.001067,
					"end":	790.001063,
					"seconds":	0.9999960064888,
					"bytes":	43973108,
					"bits_per_second":	351786268.8624047,
					"jitter_ms":	0.00996390787483229,
					"lost_packets":	12453,
					"packets":	45074,
					"lost_percent":	27.627900785375161,
					"omitted":	false,
					"sender":	false
				}],
			"sum":	{
				"start":	789.001067,
				"end":	790.001063,
				"seconds":	0.9999960064888,
				"bytes":	43973108,
				"bits_per_second":	351786268.8624047,
				"jitter_ms":	0.00996390787483229,
				"lost_packets":	12453,
				"packets":	45074,
				"lost_percent":	27.627900785375161,
				"omitted":	false,
				"sender":	false
			}
		}, {
			"streams":	[{
					"socket":	5,
					"start":	790.001063,
					"end":	791.001065,
					"seconds":	1.0000020265579224,
					"bytes":	47628884,
					"bits_per_second":	381030299.82002723,
					"jitter_ms":	0.014696757479797191,
					"lost_packets":	13293,
					"packets":	48626,
					"lost_percent":	27.337226997902356,
					"omitted":	false,
					"sender":	false
				}],
			"sum":	{
				"start":	790.001063,
				"end":	791.001065,
				"seconds":	1.0000020265579224,
				"bytes":	47628884,
				"bits_per_second":	381030299.82002723,
				"jitter_ms":	0.014696757479797191,
				"lost_packets":	13293,
				"packets":	48626,
				"lost_percent":	27.337226997902356,
				"omitted":	false,
				"sender":	false
			}
		}, {
			"streams":	[{
					"socket":	5,
					"start":	791.001065,
					"end":	792.001052,
					"seconds":	0.999987006187439,
					"bytes":	43845048,
					"bits_per_second":	350764941.77390641,
					"jitter_ms":	0.041298431690752938,
					"lost_packets":	12431,
					"packets":	44958,
					"lost_percent":	27.650251345700433,
					"omitted":	false,
					"sender":	false
				}],
			"sum":	{
				"start":	791.001065,
				"end":	792.001052,
				"seconds":	0.999987006187439,
				"bytes":	43845048,
				"bits_per_second":	350764941.77390641,
				"jitter_ms":	0.041298431690752938,
				"lost_packets":	12431,
				"packets":	44958,
				"lost_percent":	27.650251345700433,
				"omitted":	false,
				"sender":	false
			}
		}, {
			"streams":	[{
					"socket":	5,
					"start":	792.001052,
					"end":	793.001072,
					"seconds":	1.0000200271606445,
					"bytes":	46160912,
					"bits_per_second":	369279900.37211245,
					"jitter_ms":	0.012138679860662534,
					"lost_packets":	13020,
					"packets":	47266,
					"lost_percent":	27.546227732408074,
					"omitted":	false,
					"sender":	false
				}],
			"sum":	{
				"start":	792.001052,
				"end":	793.001072,
				"seconds":	1.0000200271606445,
				"bytes":	46160912,
				"bits_per_second":	369279900.37211245,
				"jitter_ms":	0.012138679860662534,
				"lost_packets":	13020,
				"packets":	47266,
				"lost_percent":	27.546227732408074,
				"omitted":	false,
				"sender":	false
			}
		}, {
			"streams":	[{
					"socket":	5,
					"start":	793.001072,
					"end":	794.001057,
					"seconds":	0.9999849796295166,
					"bytes":	43024116,
					"bits_per_second":	344198097.9829514,
					"jitter_ms":	0.0077553854391647766,
					"lost_packets":	11813,
					"packets":	43731,
					"lost_percent":	27.012874162493425,
					"omitted":	false,
					"sender":	false
				}],
			"sum":	{
				"start":	793.001072,
				"end":	794.001057,
				"seconds":	0.9999849796295166,
				"bytes":	43024116,
				"bits_per_second":	344198097.9829514,
				"jitter_ms":	0.0077553854391647766,
				"lost_packets":	11813,
				"packets":	43731,
				"lost_percent":	27.012874162493425,
				"omitted":	false,
				"sender":	false
			}
		}, {
			"streams":	[{
					"socket":	5,
					"start":	794.001057,
					"end":	795.001062,
					"seconds":	1.0000050067901611,
					"bytes":	47751552,
					"bits_per_second":	382010503.35357034,
					"jitter_ms":	0.012076911383847014,
					"lost_packets":	13202,
					"packets":	48629,
					"lost_percent":	27.148409385346191,
					"omitted":	false,
					"sender":	false
				}],
			"sum":	{
				"start":	794.001057,
				"end":	795.001062,
				"seconds":	1.0000050067901611,
				"bytes":	47751552,
				"bits_per_second":	382010503.35357034,
				"jitter_ms":	0.012076911383847014,
				"lost_packets":	13202,
				"packets":	48629,
				"lost_percent":	27.148409385346191,
				"omitted":	false,
				"sender":	false
			}
		}, {
			"streams":	[{
					"socket":	5,
					"start":	795.001062,
					"end":	796.001051,
					"seconds":	0.99998897314071655,
					"bytes":	45375028,
					"bits_per_second":	363004226.79652816,
					"jitter_ms":	0.00646110042309932,
					"lost_packets":	12670,
					"packets":	46332,
					"lost_percent":	27.346110679444013,
					"omitted":	false,
					"sender":	false
				}],
			"sum":	{
				"start":	795.001062,
				"end":	796.001051,
				"seconds":	0.99998897314071655,
				"bytes":	45375028,
				"bits_per_second":	363004226.79652816,
				"jitter_ms":	0.00646110042309932,
				"lost_packets":	12670,
				"packets":	46332,
				"lost_percent":	27.346110679444013,
				"omitted":	false,
				"sender":	false
			}
		}, {
			"streams":	[{
					"socket":	5,
					"start":	796.001051,
					"end":	797.001057,
					"seconds":	1.0000059604644775,
					"bytes":	45411424,
					"bits_per_second":	363289226.6274696,
					"jitter_ms":	0.0523139305422336,
					"lost_packets":	12775,
					"packets":	46466,
					"lost_percent":	27.493220849653511,
					"omitted":	false,
					"sender":	false
				}],
			"sum":	{
				"start":	796.001051,
				"end":	797.001057,
				"seconds":	1.0000059604644775,
				"bytes":	45411424,
				"bits_per_second":	363289226.6274696,
				"jitter_ms":	0.0523139305422336,
				"lost_packets":	12775,
				"packets":	46466,
				"lost_percent":	27.493220849653511,
				"omitted":	false,
				"sender":	false
			}
		}, {
			"streams":	[{
					"socket":	5,
					"start":	797.001057,
					"end":	798.001048,
					"seconds":	0.999990999698639,
					"bytes":	43780344,
					"bits_per_second":	350245904.31868935,
					"jitter_ms":	0.031636247280713889,
					"lost_packets":	12364,
					"packets":	44842,
					"lost_percent":	27.572365193345526,
					"omitted":	false,
					"sender":	false
				}],
			"sum":	{
				"start":	797.001057,
				"end":	798.001048,
				"seconds":	0.999990999698639,
				"bytes":	43780344,
				"bits_per_second":	350245904.31868935,
				"jitter_ms":	0.031636247280713889,
				"lost_packets":	12364,
				"packets":	44842,
				"lost_percent":	27.572365193345526,
				"omitted":	false,
				"sender":	false
			}
		}, {
			"streams":	[{
					"socket":	5,
					"start":	798.001048,
					"end":	799.001068,
					"seconds":	1.0000200271606445,
					"bytes":	46950840,
					"bits_per_second":	375599197.81452739,
					"jitter_ms":	0.040046670571395417,
					"lost_packets":	13107,
					"packets":	47937,
					"lost_percent":	27.342136554227423,
					"omitted":	false,
					"sender":	false
				}],
			"sum":	{
				"start":	798.001048,
				"end":	799.001068,
				"seconds":	1.0000200271606445,
				"bytes":	46950840,
				"bits_per_second":	375599197.81452739,
				"jitter_ms":	0.040046670571395417,
				"lost_packets":	13107,
				"packets":	47937,
				"lost_percent":	27.342136554227423,
				"omitted":	false,
				"sender":	false
			}
		}, {
			"streams":	[{
					"socket":	5,
					"start":	799.001068,
					"end":	800.001079,
					"seconds":	1.0000109672546387,
					"bytes":	44109256,
					"bits_per_second":	352870177.98290366,
					"jitter_ms":	0.023096210290647415,
					"lost_packets":	12725,
					"packets":	45447,
					"lost_percent":	27.9996479415583,
					"omitted":	false,
					"sender":	false
				}],
			"sum":	{
				"start":	799.001068,
				"end":	800.001079,
				"seconds":	1.0000109672546387,
				"bytes":	44109256,
				"bits_per_second":	352870177.98290366,
				"jitter_ms":	0.023096210290647415,
				"lost_packets":	12725,
				"packets":	45447,
				"lost_percent":	27.9996479415583,
				"omitted":	false,
				"sender":	false
			}
		}, {
			"streams":	[{
					"socket":	5,
					"start":	800.001079,
					"end":	801.00105,
					"seconds":	0.99997097253799438,
					"bytes":	45082512,
					"bits_per_second":	360670565.35113227,
					"jitter_ms":	0.039860416529690745,
					"lost_packets":	12726,
					"packets":	46170,
					"lost_percent":	27.563352826510719,
					"omitted":	false,
					"sender":	false
				}],
			"sum":	{
				"start":	800.001079,
				"end":	801.00105,
				"seconds":	0.99997097253799438,
				"bytes":	45082512,
				"bits_per_second":	360670565.35113227,
				"jitter_ms":	0.039860416529690745,
				"lost_packets":	12726,
				"packets":	46170,
				"lost_percent":	27.563352826510719,
				"omitted":	false,
				"sender":	false
			}
		}, {
			"streams":	[{
					"socket":	5,
					"start":	801.00105,
					"end":	802.001086,
					"seconds":	1.0000360012054443,
					"bytes":	47868828,
					"bits_per_second":	382936837.81222969,
					"jitter_ms":	0.0377088934423595,
					"lost_packets":	12895,
					"packets":	48406,
					"lost_percent":	26.63925959591786,
					"omitted":	false,
					"sender":	false
				}],
			"sum":	{
				"start":	801.00105,
				"end":	802.001086,
				"seconds":	1.0000360012054443,
				"bytes":	47868828,
				"bits_per_second":	382936837.81222969,
				"jitter_ms":	0.0377088934423595,
				"lost_packets":	12895,
				"packets":	48406,
				"lost_percent":	26.63925959591786,
				"omitted":	false,
				"sender":	false
			}
		}, {
			"streams":	[{
					"socket":	5,
					"start":	802.001086,
					"end":	803.001096,
					"seconds":	1.0000100135803223,
					"bytes":	43268104,
					"bits_per_second":	346141365.88562983,
					"jitter_ms":	0.0097396907550175941,
					"lost_packets":	12342,
					"packets":	44442,
					"lost_percent":	27.771027406507358,
					"omitted":	false,
					"sender":	false
				}],
			"sum":	{
				"start":	802.001086,
				"end":	803.001096,
				"seconds":	1.0000100135803223,
				"bytes":	43268104,
				"bits_per_second":	346141365.88562983,
				"jitter_ms":	0.0097396907550175941,
				"lost_packets":	12342,
				"packets":	44442,
				"lost_percent":	27.771027406507358,
				"omitted":	false,
				"sender":	false
			}
		}, {
			"streams":	[{
					"socket":	5,
					"start":	803.001096,
					"end":	804.00107,
					"seconds":	0.999974012374878,
					"bytes":	46488476,
					"bits_per_second":	371917473.25187123,
					"jitter_ms":	0.0156592424194966,
					"lost_packets":	13024,
					"packets":	47515,
					"lost_percent":	27.410291486898874,
					"omitted":	false,
					"sender":	false
				}],
			"sum":	{
				"start":	803.001096,
				"end":	804.00107,
				"seconds":	0.999974012374878,
				"bytes":	46488476,
				"bits_per_second":	371917473.25187123,
				"jitter_ms":	0.0156592424194966,
				"lost_packets":	13024,
				"packets":	47515,
				"lost_percent":	27.410291486898874,
				"omitted":	false,
				"sender":	false
			}
		}, {
			"streams":	[{
					"socket":	5,
					"start":	804.00107,
					"end":	805.001103,
					"seconds":	1.0000330209732056,
					"bytes":	45536788,
					"bits_per_second":	364282275.04475647,
					"jitter_ms":	0.0059166458653645481,
					"lost_packets":	12325,
					"packets":	46108,
					"lost_percent":	26.730719181053178,
					"omitted":	false,
					"sender":	false
				}],
			"sum":	{
				"start":	804.00107,
				"end":	805.001103,
				"seconds":	1.0000330209732056,
				"bytes":	45536788,
				"bits_per_second":	364282275.04475647,
				"jitter_ms":	0.0059166458653645481,
				"lost_packets":	12325,
				"packets":	46108,
				"lost_percent":	26.730719181053178,
				"omitted":	false,
				"sender":	false
			}
		}, {
			"streams":	[{
					"socket":	5,
					"start":	805.001103,
					"end":	806.001072,
					"seconds":	0.9999690055847168,
					"bytes":	45314368,
					"bits_per_second":	362526180.28698283,
					"jitter_ms":	0.042483459142249123,
					"lost_packets":	12710,
					"packets":	46328,
					"lost_percent":	27.434812640303921,
					"omitted":	false,
					"sender":	false
				}],
			"sum":	{
				"start":	805.001103,
				"end":	806.001072,
				"seconds":	0.9999690055847168,
				"bytes":	45314368,
				"bits_per_second":	362526180.28698283,
				"jitter_ms":	0.042483459142249123,
				"lost_packets":	12710,
				"packets":	46328,
				"lost_percent":	27.434812640303921,
				"omitted":	false,
				"sender":	false
			}
		}, {
			"streams":	[{
					"socket":	5,
					"start":	806.001072,
					"end":	807.001097,
					"seconds":	1.0000250339508057,
					"bytes":	43583536,
					"bits_per_second":	348659559.6737352,
					"jitter_ms":	0.027730436843409166,
					"lost_packets":	12180,
					"packets":	44516,
					"lost_percent":	27.360948872315571,
					"omitted":	false,
					"sender":	false
				}],
			"sum":	{
				"start":	806.001072,
				"end":	807.001097,
				"seconds":	1.0000250339508057,
				"bytes":	43583536,
				"bits_per_second":	348659559.6737352,
				"jitter_ms":	0.027730436843409166,
				"lost_packets":	12180,
				"packets":	44516,
				"lost_percent":	27.360948872315571,
				"omitted":	false,
				"sender":	false
			}
		}, {
			"streams":	[{
					"socket":	5,
					"start":	807.001097,
					"end":	808.001079,
					"seconds":	0.99998199939727783,
					"bytes":	47018240,
					"bits_per_second":	376152690.975153,
					"jitter_ms":	0.013537996996288262,
					"lost_packets":	13259,
					"packets":	48140,
					"lost_percent":	27.542584129621936,
					"omitted":	false,
					"sender":	false
				}],
			"sum":	{
				"start":	807.001097,
				"end":	808.001079,
				"seconds":	0.99998199939727783,
				"bytes":	47018240,
				"bits_per_second":	376152690.975153,
				"jitter_ms":	0.013537996996288262,
				"lost_packets":	13259,
				"packets":	48140,
				"lost_percent":	27.542584129621936,
				"omitted":	false,
				"sender":	false
			}
		}, {
			"streams":	[{
					"socket":	5,
					"start":	808.001079,
					"end":	809.001053,
					"seconds":	0.999974012374878,
					"bytes":	45523308,
					"bits_per_second":	364195928.58726311,
					"jitter_ms":	0.0060223694907097372,
					"lost_packets":	12705,
					"packets":	46476,
					"lost_percent":	27.336689904466823,
					"omitted":	false,
					"sender":	false
				}],
			"sum":	{
				"start":	808.001079,
				"end":	809.001053,
				"seconds":	0.999974012374878,
				"bytes":	45523308,
				"bits_per_second":	364195928.58726311,
				"jitter_ms":	0.0060223694907097372,
				"lost_packets":	12705,
				"packets":	46476,
				"lost_percent":	27.336689904466823,
				"omitted":	false,
				"sender":	false
			}
		}, {
			"streams":	[{
					"socket":	5,
					"start":	809.001053,
					"end":	810.00111,
					"seconds":	1.0000569820404053,
					"bytes":	43137348,
					"bits_per_second":	345079120.687602,
					"jitter_ms":	0.013226337223133593,
					"lost_packets":	12211,
					"packets":	44214,
					"lost_percent":	27.617949065906725,
					"omitted":	false,
					"sender":	false
				}],
			"sum":	{
				"start":	809.001053,
				"end":	810.00111,
				"seconds":	1.0000569820404053,
				"bytes":	43137348,
				"bits_per_second":	345079120.687602,
				"jitter_ms":	0.013226337223133593,
				"lost_packets":	12211,
				"packets":	44214,
				"lost_percent":	27.617949065906725,
				"omitted":	false,
				"sender":	false
			}
		}, {
			"streams":	[{
					"socket":	5,
					"start":	810.00111,
					"end":	811.00111,
					"seconds":	1,
					"bytes":	48635840,
					"bits_per_second":	389086720,
					"jitter_ms":	0.035384246902785736,
					"lost_packets":	13457,
					"packets":	49547,
					"lost_percent":	27.160070236341252,
					"omitted":	false,
					"sender":	false
				}],
			"sum":	{
				"start":	810.00111,
				"end":	811.00111,
				"seconds":	1,
				"bytes":	48635840,
				"bits_per_second":	389086720,
				"jitter_ms":	0.035384246902785736,
				"lost_packets":	13457,
				"packets":	49547,
				"lost_percent":	27.160070236341252,
				"omitted":	false,
				"sender":	false
			}
		}, {
			"streams":	[{
					"socket":	5,
					"start":	811.00111,
					"end":	812.001064,
					"seconds":	0.9999539852142334,
					"bytes":	44126780,
					"bits_per_second":	353030484.622119,
					"jitter_ms":	0.033184072651364215,
					"lost_packets":	12471,
					"packets":	45207,
					"lost_percent":	27.586435728980025,
					"omitted":	false,
					"sender":	false
				}],
			"sum":	{
				"start":	811.00111,
				"end":	812.001064,
				"seconds":	0.9999539852142334,
				"bytes":	44126780,
				"bits_per_second":	353030484.622119,
				"jitter_ms":	0.033184072651364215,
				"lost_packets":	12471,
				"packets":	45207,
				"lost_percent":	27.586435728980025,
				"omitted":	false,
				"sender":	false
			}
		}, {
			"streams":	[{
					"socket":	5,
					"start":	812.001064,
					"end":	813.001064,
					"seconds":	1,
					"bytes":	44653848,
					"bits_per_second":	357230784,
					"jitter_ms":	0.020636427554027826,
					"lost_packets":	12688,
					"packets":	45818,
					"lost_percent":	27.6921733816404,
					"omitted":	false,
					"sender":	false
				}],
			"sum":	{
				"start":	812.001064,
				"end":	813.001064,
				"seconds":	1,
				"bytes":	44653848,
				"bits_per_second":	357230784,
				"jitter_ms":	0.020636427554027826,
				"lost_packets":	12688,
				"packets":	45818,
				"lost_percent":	27.6921733816404,
				"omitted":	false,
				"sender":	false
			}
		}, {
			"streams":	[{
					"socket":	5,
					"start":	813.001064,
					"end":	814.001053,
					"seconds":	0.99998897314071655,
					"bytes":	47201568,
					"bits_per_second":	377616707.92630136,
					"jitter_ms":	0.036800344859222858,
					"lost_packets":	13054,
					"packets":	48071,
					"lost_percent":	27.155665577999208,
					"omitted":	false,
					"sender":	false
				}],
			"sum":	{
				"start":	813.001064,
				"end":	814.001053,
				"seconds":	0.99998897314071655,
				"bytes":	47201568,
				"bits_per_second":	377616707.92630136,
				"jitter_ms":	0.036800344859222858,
				"lost_packets":	13054,
				"packets":	48071,
				"lost_percent":	27.155665577999208,
				"omitted":	false,
				"sender":	false
			}
		}, {
			"streams":	[{
					"socket":	5,
					"start":	814.001053,
					"end":	815.000138,
					"seconds":	0.999085009098053,
					"bytes":	42716772,
					"bits_per_second":	342047146.02665132,
					"jitter_ms":	0.01886656333560242,
					"lost_packets":	12098,
					"packets":	43788,
					"lost_percent":	27.628574038549374,
					"omitted":	false,
					"sender":	false
				}],
			"sum":	{
				"start":	814.001053,
				"end":	815.000138,
				"seconds":	0.999085009098053,
				"bytes":	42716772,
				"bits_per_second":	342047146.02665132,
				"jitter_ms":	0.01886656333560242,
				"lost_packets":	12098,
				"packets":	43788,
				"lost_percent":	27.628574038549374,
				"omitted":	false,
				"sender":	false
			}
		}, {
			"streams":	[{
					"socket":	5,
					"start":	815.000138,
					"end":	816.001061,
					"seconds":	1.0009230375289917,
					"bytes":	46027460,
					"bits_per_second":	367880112.84967,
					"jitter_ms":	0.019486628693010571,
					"lost_packets":	12763,
					"packets":	46911,
					"lost_percent":	27.206838481379634,
					"omitted":	false,
					"sender":	false
				}],
			"sum":	{
				"start":	815.000138,
				"end":	816.001061,
				"seconds":	1.0009230375289917,
				"bytes":	46027460,
				"bits_per_second":	367880112.84967,
				"jitter_ms":	0.019486628693010571,
				"lost_packets":	12763,
				"packets":	46911,
				"lost_percent":	27.206838481379634,
				"omitted":	false,
				"sender":	false
			}
		}, {
			"streams":	[{
					"socket":	5,
					"start":	816.001061,
					"end":	817.001063,
					"seconds":	1.0000020265579224,
					"bytes":	46306496,
					"bits_per_second":	370451217.2591508,
					"jitter_ms":	0.011979178229758792,
					"lost_packets":	12988,
					"packets":	47348,
					"lost_percent":	27.430936892793781,
					"omitted":	false,
					"sender":	false
				}],
			"sum":	{
				"start":	816.001061,
				"end":	817.001063,
				"seconds":	1.0000020265579224,
				"bytes":	46306496,
				"bits_per_second":	370451217.2591508,
				"jitter_ms":	0.011979178229758792,
				"lost_packets":	12988,
				"packets":	47348,
				"lost_percent":	27.430936892793781,
				"omitted":	false,
				"sender":	false
			}
		}, {
			"streams":	[{
					"socket":	5,
					"start":	817.001063,
					"end":	818.000319,
					"seconds":	0.99925601482391357,
					"bytes":	42784172,
					"bits_per_second":	342528211.912054,
					"jitter_ms":	0.016790770059280109,
					"lost_packets":	12172,
					"packets":	43911,
					"lost_percent":	27.719705768486257,
					"omitted":	false,
					"sender":	false
				}],
			"sum":	{
				"start":	817.001063,
				"end":	818.000319,
				"seconds":	0.99925601482391357,
				"bytes":	42784172,
				"bits_per_second":	342528211.912054,
				"jitter_ms":	0.016790770059280109,
				"lost_packets":	12172,
				"packets":	43911,
				"lost_percent":	27.719705768486257,
				"omitted":	false,
				"sender":	false
			}
		}, {
			"streams":	[{
					"socket":	5,
					"start":	818.000319,
					"end":	819.001058,
					"seconds":	1.0007389783859253,
					"bytes":	48009020,
					"bits_per_second":	383788548.55785012,
					"jitter_ms":	0.0058504214123734242,
					"lost_packets":	13219,
					"packets":	48834,
					"lost_percent":	27.069255027235123,
					"omitted":	false,
					"sender":	false
				}],
			"sum":	{
				"start":	818.000319,
				"end":	819.001058,
				"seconds":	1.0007389783859253,
				"bytes":	48009020,
				"bits_per_second":	383788548.55785012,
				"jitter_ms":	0.0058504214123734242,
				"lost_packets":	13219,
				"packets":	48834,
				"lost_percent":	27.069255027235123,
				"omitted":	false,
				"sender":	false
			}
		}, {
			"streams":	[{
					"socket":	5,
					"start":	819.001058,
					"end":	820.001052,
					"seconds":	0.99999397993087769,
					"bytes":	45282016,
					"bits_per_second":	362258308.82005924,
					"jitter_ms":	0.0220414095958516,
					"lost_packets":	12791,
					"packets":	46385,
					"lost_percent":	27.575724911070388,
					"omitted":	false,
					"sender":	false
				}],
			"sum":	{
				"start":	819.001058,
				"end":	820.001052,
				"seconds":	0.99999397993087769,
				"bytes":	45282016,
				"bits_per_second":	362258308.82005924,
				"jitter_ms":	0.0220414095958516,
				"lost_packets":	12791,
				"packets":	46385,
				"lost_percent":	27.575724911070388,
				"omitted":	false,
				"sender":	false
			}
		}, {
			"streams":	[{
					"socket":	5,
					"start":	820.001052,
					"end":	821.002002,
					"seconds":	1.00094997882843,
					"bytes":	45462648,
					"bits_per_second":	363356003.489502,
					"jitter_ms":	0.0353283664798029,
					"lost_packets":	12905,
					"packets":	46635,
					"lost_percent":	27.672349094028089,
					"omitted":	false,
					"sender":	false
				}],
			"sum":	{
				"start":	820.001052,
				"end":	821.002002,
				"seconds":	1.00094997882843,
				"bytes":	45462648,
				"bits_per_second":	363356003.489502,
				"jitter_ms":	0.0353283664798029,
				"lost_packets":	12905,
				"packets":	46635,
				"lost_percent":	27.672349094028089,
				"omitted":	false,
				"sender":	false
			}
		}, {
			"streams":	[{
					"socket":	5,
					"start":	821.002002,
					"end":	822.000968,
					"seconds":	0.99896597862243652,
					"bytes":	45457256,
					"bits_per_second":	364034467.42148376,
					"jitter_ms":	0.005564295215301527,
					"lost_packets":	12444,
					"packets":	46170,
					"lost_percent":	26.952566601689409,
					"omitted":	false,
					"sender":	false
				}],
			"sum":	{
				"start":	821.002002,
				"end":	822.000968,
				"seconds":	0.99896597862243652,
				"bytes":	45457256,
				"bits_per_second":	364034467.42148376,
				"jitter_ms":	0.005564295215301527,
				"lost_packets":	12444,
				"packets":	46170,
				"lost_percent":	26.952566601689409,
				"omitted":	false,
				"sender":	false
			}
		}, {
			"streams":	[{
					"socket":	5,
					"start":	822.000968,
					"end":	823.001051,
					"seconds":	1.0000829696655273,
					"bytes":	44370768,
					"bits_per_second":	354936695.02113074,
					"jitter_ms":	0.01875879353670698,
					"lost_packets":	12306,
					"packets":	45226,
					"lost_percent":	27.210011940034494,
					"omitted":	false,
					"sender":	false
				}],
			"sum":	{
				"start":	822.000968,
				"end":	823.001051,
				"seconds":	1.0000829696655273,
				"bytes":	44370768,
				"bits_per_second":	354936695.02113074,
				"jitter_ms":	0.01875879353670698,
				"lost_packets":	12306,
				"packets":	45226,
				"lost_percent":	27.210011940034494,
				"omitted":	false,
				"sender":	false
			}
		}, {
			"streams":	[{
					"socket":	5,
					"start":	823.001051,
					"end":	824.00106,
					"seconds":	1.0000089406967163,
					"bytes":	46411640,
					"bits_per_second":	371289800.41050065,
					"jitter_ms":	0.0060551307271673061,
					"lost_packets":	12977,
					"packets":	47409,
					"lost_percent":	27.372439832099392,
					"omitted":	false,
					"sender":	false
				}],
			"sum":	{
				"start":	823.001051,
				"end":	824.00106,
				"seconds":	1.0000089406967163,
				"bytes":	46411640,
				"bits_per_second":	371289800.41050065,
				"jitter_ms":	0.0060551307271673061,
				"lost_packets":	12977,
				"packets":	47409,
				"lost_percent":	27.372439832099392,
				"omitted":	false,
				"sender":	false
			}
		}, {
			"streams":	[{
					"socket":	5,
					"start":	824.00106,
					"end":	825.001084,
					"seconds":	1.0000239610672,
					"bytes":	45040724,
					"bits_per_second":	360317158.416354,
					"jitter_ms":	0.050757171333520312,
					"lost_packets":	12679,
					"packets":	46094,
					"lost_percent":	27.506833861240075,
					"omitted":	false,
					"sender":	false
				}],
			"sum":	{
				"start":	824.00106,
				"end":	825.001084,
				"seconds":	1.0000239610672,
				"bytes":	45040724,
				"bits_per_second":	360317158.416354,
				"jitter_ms":	0.050757171333520312,
				"lost_packets":	12679,
				"packets":	46094,
				"lost_percent":	27.506833861240075,
				"omitted":	false,
				"sender":	false
			}
		}, {
			"streams":	[{
					"socket":	5,
					"start":	825.001084,
					"end":	826.000666,
					"seconds":	0.99958199262619019,
					"bytes":	45736292,
					"bits_per_second":	366043344.8172676,
					"jitter_ms":	0.0059343999758510969,
					"lost_packets":	12707,
					"packets":	46637,
					"lost_percent":	27.246606771447563,
					"omitted":	false,
					"sender":	false
				}],
			"sum":	{
				"start":	825.001084,
				"end":	826.000666,
				"seconds":	0.99958199262619019,
				"bytes":	45736292,
				"bits_per_second":	366043344.8172676,
				"jitter_ms":	0.0059343999758510969,
				"lost_packets":	12707,
				"packets":	46637,
				"lost_percent":	27.246606771447563,
				"omitted":	false,
				"sender":	false
			}
		}, {
			"streams":	[{
					"socket":	5,
					"start":	826.000666,
					"end":	827.001059,
					"seconds":	1.0003930330276489,
					"bytes":	42951324,
					"bits_per_second":	343475594.747073,
					"jitter_ms":	0.005776161247998666,
					"lost_packets":	12138,
					"packets":	44001,
					"lost_percent":	27.585736687802552,
					"omitted":	false,
					"sender":	false
				}],
			"sum":	{
				"start":	826.000666,
				"end":	827.001059,
				"seconds":	1.0003930330276489,
				"bytes":	42951324,
				"bits_per_second":	343475594.747073,
				"jitter_ms":	0.005776161247998666,
				"lost_packets":	12138,
				"packets":	44001,
				"lost_percent":	27.585736687802552,
				"omitted":	false,
				"sender":	false
			}
		}, {
			"streams":	[{
					"socket":	5,
					"start":	827.001059,
					"end":	828.001076,
					"seconds":	1.0000170469284058,
					"bytes":	47839172,
					"bits_per_second":	382706852.02369314,
					"jitter_ms":	0.005986423949166023,
					"lost_packets":	13147,
					"packets":	48636,
					"lost_percent":	27.031417057323793,
					"omitted":	false,
					"sender":	false
				}],
			"sum":	{
				"start":	827.001059,
				"end":	828.001076,
				"seconds":	1.0000170469284058,
				"bytes":	47839172,
				"bits_per_second":	382706852.02369314,
				"jitter_ms":	0.005986423949166023,
				"lost_packets":	13147,
				"packets":	48636,
				"lost_percent":	27.031417057323793,
				"omitted":	false,
				"sender":	false
			}
		}, {
			"streams":	[{
					"socket":	5,
					"start":	828.001076,
					"end":	829.001065,
					"seconds":	0.99998897314071655,
					"bytes":	43440648,
					"bits_per_second":	347529016.153558,
					"jitter_ms":	0.029064269599394649,
					"lost_packets":	12485,
					"packets":	44712,
					"lost_percent":	27.923152621220254,
					"omitted":	false,
					"sender":	false
				}],
			"sum":	{
				"start":	828.001076,
				"end":	829.001065,
				"seconds":	0.99998897314071655,
				"bytes":	43440648,
				"bits_per_second":	347529016.153558,
				"jitter_ms":	0.029064269599394649,
				"lost_packets":	12485,
				"packets":	44712,
				"lost_percent":	27.923152621220254,
				"omitted":	false,
				"sender":	false
			}
		}, {
			"streams":	[{
					"socket":	5,
					"start":	829.001065,
					"end":	830.001069,
					"seconds":	1.0000040531158447,
					"bytes":	46132604,
					"bits_per_second":	369059336.159757,
					"jitter_ms":	0.014159038685839613,
					"lost_packets":	12613,
					"packets":	46840,
					"lost_percent":	26.927839453458581,
					"omitted":	false,
					"sender":	false
				}],
			"sum":	{
				"start":	829.001065,
				"end":	830.001069,
				"seconds":	1.0000040531158447,
				"bytes":	46132604,
				"bits_per_second":	369059336.159757,
				"jitter_ms":	0.014159038685839613,
				"lost_packets":	12613,
				"packets":	46840,
				"lost_percent":	26.927839453458581,
				"omitted":	false,
				"sender":	false
			}
		}, {
			"streams":	[{
					"socket":	5,
					"start":	830.001069,
					"end":	831.001046,
					"seconds":	0.9999769926071167,
					"bytes":	47639668,
					"bits_per_second":	381126112.71821338,
					"jitter_ms":	0.037605487808576817,
					"lost_packets":	13323,
					"packets":	48666,
					"lost_percent":	27.376402416471457,
					"omitted":	false,
					"sender":	false
				}],
			"sum":	{
				"start":	830.001069,
				"end":	831.001046,
				"seconds":	0.9999769926071167,
				"bytes":	47639668,
				"bits_per_second":	381126112.71821338,
				"jitter_ms":	0.037605487808576817,
				"lost_packets":	13323,
				"packets":	48666,
				"lost_percent":	27.376402416471457,
				"omitted":	false,
				"sender":	false
			}
		}, {
			"streams":	[{
					"socket":	5,
					"start":	831.001046,
					"end":	832.001067,
					"seconds":	1.0000209808349609,
					"bytes":	44474564,
					"bits_per_second":	355789047.24871874,
					"jitter_ms":	0.012185802902009341,
					"lost_packets":	12696,
					"packets":	45689,
					"lost_percent":	27.787870165685394,
					"omitted":	false,
					"sender":	false
				}],
			"sum":	{
				"start":	831.001046,
				"end":	832.001067,
				"seconds":	1.0000209808349609,
				"bytes":	44474564,
				"bits_per_second":	355789047.24871874,
				"jitter_ms":	0.012185802902009341,
				"lost_packets":	12696,
				"packets":	45689,
				"lost_percent":	27.787870165685394,
				"omitted":	false,
				"sender":	false
			}
		}, {
			"streams":	[{
					"socket":	5,
					"start":	832.001067,
					"end":	833.001071,
					"seconds":	1.0000040531158447,
					"bytes":	43424472,
					"bits_per_second":	347394367.97038281,
					"jitter_ms":	0.020932701368460094,
					"lost_packets":	11868,
					"packets":	44083,
					"lost_percent":	26.921942698999615,
					"omitted":	false,
					"sender":	false
				}],
			"sum":	{
				"start":	832.001067,
				"end":	833.001071,
				"seconds":	1.0000040531158447,
				"bytes":	43424472,
				"bits_per_second":	347394367.97038281,
				"jitter_ms":	0.020932701368460094,
				"lost_packets":	11868,
				"packets":	44083,
				"lost_percent":	26.921942698999615,
				"omitted":	false,
				"sender":	false
			}
		}, {
			"streams":	[{
					"socket":	5,
					"start":	833.001071,
					"end":	834.001517,
					"seconds":	1.0004459619522095,
					"bytes":	47239312,
					"bits_per_second":	377746035.64050639,
					"jitter_ms":	0.0054507360023074635,
					"lost_packets":	13246,
					"packets":	48292,
					"lost_percent":	27.428973743063032,
					"omitted":	false,
					"sender":	false
				}],
			"sum":	{
				"start":	833.001071,
				"end":	834.001517,
				"seconds":	1.0004459619522095,
				"bytes":	47239312,
				"bits_per_second":	377746035.64050639,
				"jitter_ms":	0.0054507360023074635,
				"lost_packets":	13246,
				"packets":	48292,
				"lost_percent":	27.428973743063032,
				"omitted":	false,
				"sender":	false
			}
		}, {
			"streams":	[{
					"socket":	5,
					"start":	834.001517,
					"end":	835.001075,
					"seconds":	0.9995579719543457,
					"bytes":	43951540,
					"bits_per_second":	351767811.23812568,
					"jitter_ms":	0.048057472375971341,
					"lost_packets":	12281,
					"packets":	44888,
					"lost_percent":	27.359205132774907,
					"omitted":	false,
					"sender":	false
				}],
			"sum":	{
				"start":	834.001517,
				"end":	835.001075,
				"seconds":	0.9995579719543457,
				"bytes":	43951540,
				"bits_per_second":	351767811.23812568,
				"jitter_ms":	0.048057472375971341,
				"lost_packets":	12281,
				"packets":	44888,
				"lost_percent":	27.359205132774907,
				"omitted":	false,
				"sender":	false
			}
		}, {
			"streams":	[{
					"socket":	5,
					"start":	835.001075,
					"end":	836.001048,
					"seconds":	0.99997299909591675,
					"bytes":	46798516,
					"bits_per_second":	374398237.09088862,
					"jitter_ms":	0.00593009480633343,
					"lost_packets":	13123,
					"packets":	47842,
					"lost_percent":	27.429873333054637,
					"omitted":	false,
					"sender":	false
				}],
			"sum":	{
				"start":	835.001075,
				"end":	836.001048,
				"seconds":	0.99997299909591675,
				"bytes":	46798516,
				"bits_per_second":	374398237.09088862,
				"jitter_ms":	0.00593009480633343,
				"lost_packets":	13123,
				"packets":	47842,
				"lost_percent":	27.429873333054637,
				"omitted":	false,
				"sender":	false
			}
		}, {
			"streams":	[{
					"socket":	5,
					"start":	836.001048,
					"end":	837.001078,
					"seconds":	1.0000300407409668,
					"bytes":	45396596,
					"bits_per_second":	363161858.34868431,
					"jitter_ms":	0.031554002333963084,
					"lost_packets":	12655,
					"packets":	46332,
					"lost_percent":	27.313735647068981,
					"omitted":	false,
					"sender":	false
				}],
			"sum":	{
				"start":	836.001048,
				"end":	837.001078,
				"seconds":	1.0000300407409668,
				"bytes":	45396596,
				"bits_per_second":	363161858.34868431,
				"jitter_ms":	0.031554002333963084,
				"lost_packets":	12655,
				"packets":	46332,
				"lost_percent":	27.313735647068981,
				"omitted":	false,
				"sender":	false
			}
		}, {
			"streams":	[{
					"socket":	5,
					"start":	837.001078,
					"end":	838.00169,
					"seconds":	1.0006120204925537,
					"bytes":	43634760,
					"bits_per_second":	348864567.73542,
					"jitter_ms":	0.013990084696311179,
					"lost_packets":	12246,
					"packets":	44617,
					"lost_percent":	27.446937266064506,
					"omitted":	false,
					"sender":	false
				}],
			"sum":	{
				"start":	837.001078,
				"end":	838.00169,
				"seconds":	1.0006120204925537,
				"bytes":	43634760,
				"bits_per_second":	348864567.73542,
				"jitter_ms":	0.013990084696311179,
				"lost_packets":	12246,
				"packets":	44617,
				"lost_percent":	27.446937266064506,
				"omitted":	false,
				"sender":	false
			}
		}, {
			"streams":	[{
					"socket":	5,
					"start":	838.00169,
					"end":	839.001067,
					"seconds":	0.99937701225280762,
					"bytes":	45558356,
					"bits_per_second":	364694047.92333025,
					"jitter_ms":	0.030734427763623048,
					"lost_packets":	12792,
					"packets":	46594,
					"lost_percent":	27.454178649611539,
					"omitted":	false,
					"sender":	false
				}],
			"sum":	{
				"start":	838.00169,
				"end":	839.001067,
				"seconds":	0.99937701225280762,
				"bytes":	45558356,
				"bits_per_second":	364694047.92333025,
				"jitter_ms":	0.030734427763623048,
				"lost_packets":	12792,
				"packets":	46594,
				"lost_percent":	27.454178649611539,
				"omitted":	false,
				"sender":	false
			}
		}, {
			"streams":	[{
					"socket":	5,
					"start":	839.001067,
					"end":	840.001066,
					"seconds":	0.99999898672103882,
					"bytes":	45523308,
					"bits_per_second":	364186833.02285582,
					"jitter_ms":	0.014347592233967263,
					"lost_packets":	12827,
					"packets":	46600,
					"lost_percent":	27.525751072961373,
					"omitted":	false,
					"sender":	false
				}],
			"sum":	{
				"start":	839.001067,
				"end":	840.001066,
				"seconds":	0.99999898672103882,
				"bytes":	45523308,
				"bits_per_second":	364186833.02285582,
				"jitter_ms":	0.014347592233967263,
				"lost_packets":	12827,
				"packets":	46600,
				"lost_percent":	27.525751072961373,
				"omitted":	false,
				"sender":	false
			}
		}, {
			"streams":	[{
					"socket":	5,
					"start":	840.001066,
					"end":	841.001048,
					"seconds":	0.99998199939727783,
					"bytes":	47425336,
					"bits_per_second":	379409517.59999532,
					"jitter_ms":	0.018556494814766934,
					"lost_packets":	13033,
					"packets":	48215,
					"lost_percent":	27.031006948045214,
					"omitted":	false,
					"sender":	false
				}],
			"sum":	{
				"start":	840.001066,
				"end":	841.001048,
				"seconds":	0.99998199939727783,
				"bytes":	47425336,
				"bits_per_second":	379409517.59999532,
				"jitter_ms":	0.018556494814766934,
				"lost_packets":	13033,
				"packets":	48215,
				"lost_percent":	27.031006948045214,
				"omitted":	false,
				"sender":	false
			}
		}, {
			"streams":	[{
					"socket":	5,
					"start":	841.001048,
					"end":	842.001083,
					"seconds":	1.0000350475311279,
					"bytes":	44531180,
					"bits_per_second":	356236954.77423865,
					"jitter_ms":	0.0065799626615830921,
					"lost_packets":	12562,
					"packets":	45597,
					"lost_percent":	27.550058117858629,
					"omitted":	false,
					"sender":	false
				}],
			"sum":	{
				"start":	841.001048,
				"end":	842.001083,
				"seconds":	1.0000350475311279,
				"bytes":	44531180,
				"bits_per_second":	356236954.77423865,
				"jitter_ms":	0.0065799626615830921,
				"lost_packets":	12562,
				"packets":	45597,
				"lost_percent":	27.550058117858629,
				"omitted":	false,
				"sender":	false
			}
		}, {
			"streams":	[{
					"socket":	5,
					"start":	842.001083,
					"end":	843.002132,
					"seconds":	1.0010490417480469,
					"bytes":	46143388,
					"bits_per_second":	368760259.09319067,
					"jitter_ms":	0.0071026058044968586,
					"lost_packets":	13060,
					"packets":	47291,
					"lost_percent":	27.616248334778287,
					"omitted":	false,
					"sender":	false
				}],
			"sum":	{
				"start":	842.001083,
				"end":	843.002132,
				"seconds":	1.0010490417480469,
				"bytes":	46143388,
				"bits_per_second":	368760259.09319067,
				"jitter_ms":	0.0071026058044968586,
				"lost_packets":	13060,
				"packets":	47291,
				"lost_percent":	27.616248334778287,
				"omitted":	false,
				"sender":	false
			}
		}, {
			"streams":	[{
					"socket":	5,
					"start":	843.002132,
					"end":	844.001066,
					"seconds":	0.998933970928192,
					"bytes":	45322456,
					"bits_per_second":	362966580.92736328,
					"jitter_ms":	0.006358131059181934,
					"lost_packets":	12744,
					"packets":	46366,
					"lost_percent":	27.485657593926582,
					"omitted":	false,
					"sender":	false
				}],
			"sum":	{
				"start":	843.002132,
				"end":	844.001066,
				"seconds":	0.998933970928192,
				"bytes":	45322456,
				"bits_per_second":	362966580.92736328,
				"jitter_ms":	0.006358131059181934,
				"lost_packets":	12744,
				"packets":	46366,
				"lost_percent":	27.485657593926582,
				"omitted":	false,
				"sender":	false
			}
		}, {
			"streams":	[{
					"socket":	5,
					"start":	844.001066,
					"end":	845.001064,
					"seconds":	0.99999797344207764,
					"bytes":	43623976,
					"bits_per_second":	348992515.25354666,
					"jitter_ms":	0.0061185233080487383,
					"lost_packets":	12473,
					"packets":	44837,
					"lost_percent":	27.81854272141312,
					"omitted":	false,
					"sender":	false
				}],
			"sum":	{
				"start":	844.001066,
				"end":	845.001064,
				"seconds":	0.99999797344207764,
				"bytes":	43623976,
				"bits_per_second":	348992515.25354666,
				"jitter_ms":	0.0061185233080487383,
				"lost_packets":	12473,
				"packets":	44837,
				"lost_percent":	27.81854272141312,
				"omitted":	false,
				"sender":	false
			}
		}, {
			"streams":	[{
					"socket":	5,
					"start":	845.001064,
					"end":	846.001081,
					"seconds":	1.0000170469284058,
					"bytes":	45110820,
					"bits_per_second":	360880408.09752011,
					"jitter_ms":	0.057893030759346688,
					"lost_packets":	12299,
					"packets":	45767,
					"lost_percent":	26.873074485983352,
					"omitted":	false,
					"sender":	false
				}],
			"sum":	{
				"start":	845.001064,
				"end":	846.001081,
				"seconds":	1.0000170469284058,
				"bytes":	45110820,
				"bits_per_second":	360880408.09752011,
				"jitter_ms":	0.057893030759346688,
				"lost_packets":	12299,
				"packets":	45767,
				"lost_percent":	26.873074485983352,
				"omitted":	false,
				"sender":	false
			}
		}, {
			"streams":	[{
					"socket":	5,
					"start":	846.001081,
					"end":	847.001049,
					"seconds":	0.99996799230575562,
					"bytes":	46566660,
					"bits_per_second":	372545204.31299186,
					"jitter_ms":	0.0353655181114921,
					"lost_packets":	12660,
					"packets":	47208,
					"lost_percent":	26.8174885612608,
					"omitted":	false,
					"sender":	false
				}],
			"sum":	{
				"start":	846.001081,
				"end":	847.001049,
				"seconds":	0.99996799230575562,
				"bytes":	46566660,
				"bits_per_second":	372545204.31299186,
				"jitter_ms":	0.0353655181114921,
				"lost_packets":	12660,
				"packets":	47208,
				"lost_percent":	26.8174885612608,
				"omitted":	false,
				"sender":	false
			}
		}, {
			"streams":	[{
					"socket":	5,
					"start":	847.001049,
					"end":	848.001135,
					"seconds":	1.0000859498977661,
					"bytes":	43477044,
					"bits_per_second":	347786459.78933668,
					"jitter_ms":	0.16467087255353469,
					"lost_packets":	12177,
					"packets":	44431,
					"lost_percent":	27.406540478494744,
					"omitted":	false,
					"sender":	false
				}],
			"sum":	{
				"start":	847.001049,
				"end":	848.001135,
				"seconds":	1.0000859498977661,
				"bytes":	43477044,
				"bits_per_second":	347786459.78933668,
				"jitter_ms":	0.16467087255353469,
				"lost_packets":	12177,
				"packets":	44431,
				"lost_percent":	27.406540478494744,
				"omitted":	false,
				"sender":	false
			}
		}, {
			"streams":	[{
					"socket":	5,
					"start":	848.001135,
					"end":	849.001052,
					"seconds":	0.999916970729828,
					"bytes":	48284012,
					"bits_per_second":	386304170.5533455,
					"jitter_ms":	0.050926517187369146,
					"lost_packets":	13353,
					"packets":	49174,
					"lost_percent":	27.154593891080651,
					"omitted":	false,
					"sender":	false
				}],
			"sum":	{
				"start":	848.001135,
				"end":	849.001052,
				"seconds":	0.999916970729828,
				"bytes":	48284012,
				"bits_per_second":	386304170.5533455,
				"jitter_ms":	0.050926517187369146,
				"lost_packets":	13353,
				"packets":	49174,
				"lost_percent":	27.154593891080651,
				"omitted":	false,
				"sender":	false
			}
		}, {
			"streams":	[{
					"socket":	5,
					"start":	849.001052,
					"end":	850.001085,
					"seconds":	1.0000330209732056,
					"bytes":	42788216,
					"bits_per_second":	342294425.1049602,
					"jitter_ms":	0.006456231339069118,
					"lost_packets":	12343,
					"packets":	44085,
					"lost_percent":	27.998185323806283,
					"omitted":	false,
					"sender":	false
				}],
			"sum":	{
				"start":	849.001052,
				"end":	850.001085,
				"seconds":	1.0000330209732056,
				"bytes":	42788216,
				"bits_per_second":	342294425.1049602,
				"jitter_ms":	0.006456231339069118,
				"lost_packets":	12343,
				"packets":	44085,
				"lost_percent":	27.998185323806283,
				"omitted":	false,
				"sender":	false
			}
		}, {
			"streams":	[{
					"socket":	5,
					"start":	850.001085,
					"end":	851.001076,
					"seconds":	0.999990999698639,
					"bytes":	47521044,
					"bits_per_second":	380171773.660532,
					"jitter_ms":	0.01147461192734283,
					"lost_packets":	13047,
					"packets":	48300,
					"lost_percent":	27.012422360248447,
					"omitted":	false,
					"sender":	false
				}],
			"sum":	{
				"start":	850.001085,
				"end":	851.001076,
				"seconds":	0.999990999698639,
				"bytes":	47521044,
				"bits_per_second":	380171773.660532,
				"jitter_ms":	0.01147461192734283,
				"lost_packets":	13047,
				"packets":	48300,
				"lost_percent":	27.012422360248447,
				"omitted":	false,
				"sender":	false
			}
		}, {
			"streams":	[{
					"socket":	5,
					"start":	851.001076,
					"end":	852.001064,
					"seconds":	0.9999880194664,
					"bytes":	45345372,
					"bits_per_second":	362767322.14609188,
					"jitter_ms":	0.029589639242297808,
					"lost_packets":	12712,
					"packets":	46351,
					"lost_percent":	27.425514012642662,
					"omitted":	false,
					"sender":	false
				}],
			"sum":	{
				"start":	851.001076,
				"end":	852.001064,
				"seconds":	0.9999880194664,
				"bytes":	45345372,
				"bits_per_second":	362767322.14609188,
				"jitter_ms":	0.029589639242297808,
				"lost_packets":	12712,
				"packets":	46351,
				"lost_percent":	27.425514012642662,
				"omitted":	false,
				"sender":	false
			}
		}, {
			"streams":	[{
					"socket":	5,
					"start":	852.001064,
					"end":	853.001068,
					"seconds":	1.0000040531158447,
					"bytes":	43997372,
					"bits_per_second":	351977549.39421755,
					"jitter_ms":	0.06807740793967014,
					"lost_packets":	12832,
					"packets":	45473,
					"lost_percent":	28.218943109097708,
					"omitted":	false,
					"sender":	false
				}],
			"sum":	{
				"start":	852.001064,
				"end":	853.001068,
				"seconds":	1.0000040531158447,
				"bytes":	43997372,
				"bits_per_second":	351977549.39421755,
				"jitter_ms":	0.06807740793967014,
				"lost_packets":	12832,
				"packets":	45473,
				"lost_percent":	28.218943109097708,
				"omitted":	false,
				"sender":	false
			}
		}, {
			"streams":	[{
					"socket":	5,
					"start":	853.001068,
					"end":	854.000659,
					"seconds":	0.99959099292755127,
					"bytes":	46613840,
					"bits_per_second":	373063305.530433,
					"jitter_ms":	0.0053805268938261677,
					"lost_packets":	12427,
					"packets":	47009,
					"lost_percent":	26.4353634410432,
					"omitted":	false,
					"sender":	false
				}],
			"sum":	{
				"start":	853.001068,
				"end":	854.000659,
				"seconds":	0.99959099292755127,
				"bytes":	46613840,
				"bits_per_second":	373063305.530433,
				"jitter_ms":	0.0053805268938261677,
				"lost_packets":	12427,
				"packets":	47009,
				"lost_percent":	26.4353634410432,
				"omitted":	false,
				"sender":	false
			}
		}, {
			"streams":	[{
					"socket":	5,
					"start":	854.000659,
					"end":	855.001065,
					"seconds":	1.00040602684021,
					"bytes":	44757644,
					"bits_per_second":	357915828.56706578,
					"jitter_ms":	0.0575948218004489,
					"lost_packets":	12977,
					"packets":	46181,
					"lost_percent":	28.100300989584461,
					"omitted":	false,
					"sender":	false
				}],
			"sum":	{
				"start":	854.000659,
				"end":	855.001065,
				"seconds":	1.00040602684021,
				"bytes":	44757644,
				"bits_per_second":	357915828.56706578,
				"jitter_ms":	0.0575948218004489,
				"lost_packets":	12977,
				"packets":	46181,
				"lost_percent":	28.100300989584461,
				"omitted":	false,
				"sender":	false
			}
		}, {
			"streams":	[{
					"socket":	5,
					"start":	855.001065,
					"end":	856.001072,
					"seconds":	1.0000070333480835,
					"bytes":	46108340,
					"bits_per_second":	368864125.65020877,
					"jitter_ms":	0.0056509686437539218,
					"lost_packets":	12757,
					"packets":	46964,
					"lost_percent":	27.16335916872498,
					"omitted":	false,
					"sender":	false
				}],
			"sum":	{
				"start":	855.001065,
				"end":	856.001072,
				"seconds":	1.0000070333480835,
				"bytes":	46108340,
				"bits_per_second":	368864125.65020877,
				"jitter_ms":	0.0056509686437539218,
				"lost_packets":	12757,
				"packets":	46964,
				"lost_percent":	27.16335916872498,
				"omitted":	false,
				"sender":	false
			}
		}, {
			"streams":	[{
					"socket":	5,
					"start":	856.001072,
					"end":	857.001051,
					"seconds":	0.999979019165039,
					"bytes":	45306280,
					"bits_per_second":	362457844.66821927,
					"jitter_ms":	0.00986563016233481,
					"lost_packets":	12326,
					"packets":	45936,
					"lost_percent":	26.832985022640194,
					"omitted":	false,
					"sender":	false
				}],
			"sum":	{
				"start":	856.001072,
				"end":	857.001051,
				"seconds":	0.999979019165039,
				"bytes":	45306280,
				"bits_per_second":	362457844.66821927,
				"jitter_ms":	0.00986563016233481,
				"lost_packets":	12326,
				"packets":	45936,
				"lost_percent":	26.832985022640194,
				"omitted":	false,
				"sender":	false
			}
		}, {
			"streams":	[{
					"socket":	5,
					"start":	857.001051,
					"end":	858.001071,
					"seconds":	1.0000200271606445,
					"bytes":	45384464,
					"bits_per_second":	363068440.77001172,
					"jitter_ms":	0.0064370572640030524,
					"lost_packets":	12707,
					"packets":	46375,
					"lost_percent":	27.400539083557952,
					"omitted":	false,
					"sender":	false
				}],
			"sum":	{
				"start":	857.001051,
				"end":	858.001071,
				"seconds":	1.0000200271606445,
				"bytes":	45384464,
				"bits_per_second":	363068440.77001172,
				"jitter_ms":	0.0064370572640030524,
				"lost_packets":	12707,
				"packets":	46375,
				"lost_percent":	27.400539083557952,
				"omitted":	false,
				"sender":	false
			}
		}, {
			"streams":	[{
					"socket":	5,
					"start":	858.001071,
					"end":	859.001071,
					"seconds":	1,
					"bytes":	44493436,
					"bits_per_second":	355947488,
					"jitter_ms":	0.023386705301763157,
					"lost_packets":	12636,
					"packets":	45645,
					"lost_percent":	27.683207361156754,
					"omitted":	false,
					"sender":	false
				}],
			"sum":	{
				"start":	858.001071,
				"end":	859.001071,
				"seconds":	1,
				"bytes":	44493436,
				"bits_per_second":	355947488,
				"jitter_ms":	0.023386705301763157,
				"lost_packets":	12636,
				"packets":	45645,
				"lost_percent":	27.683207361156754,
				"omitted":	false,
				"sender":	false
			}
		}, {
			"streams":	[{
					"socket":	5,
					"start":	859.001071,
					"end":	860.001068,
					"seconds":	0.99999701976776123,
					"bytes":	46272796,
					"bits_per_second":	370183471.23271525,
					"jitter_ms":	0.048029021389837841,
					"lost_packets":	12951,
					"packets":	47279,
					"lost_percent":	27.392711351762941,
					"omitted":	false,
					"sender":	false
				}],
			"sum":	{
				"start":	859.001071,
				"end":	860.001068,
				"seconds":	0.99999701976776123,
				"bytes":	46272796,
				"bits_per_second":	370183471.23271525,
				"jitter_ms":	0.048029021389837841,
				"lost_packets":	12951,
				"packets":	47279,
				"lost_percent":	27.392711351762941,
				"omitted":	false,
				"sender":	false
			}
		}, {
			"streams":	[{
					"socket":	5,
					"start":	860.001068,
					"end":	861.001357,
					"seconds":	1.0002889633178711,
					"bytes":	45306280,
					"bits_per_second":	362345535.43186581,
					"jitter_ms":	0.026541232261046387,
					"lost_packets":	12533,
					"packets":	46143,
					"lost_percent":	27.161216219144833,
					"omitted":	false,
					"sender":	false
				}],
			"sum":	{
				"start":	860.001068,
				"end":	861.001357,
				"seconds":	1.0002889633178711,
				"bytes":	45306280,
				"bits_per_second":	362345535.43186581,
				"jitter_ms":	0.026541232261046387,
				"lost_packets":	12533,
				"packets":	46143,
				"lost_percent":	27.161216219144833,
				"omitted":	false,
				"sender":	false
			}
		}, {
			"streams":	[{
					"socket":	5,
					"start":	861.001357,
					"end":	862.001068,
					"seconds":	0.999710977077484,
					"bytes":	45458604,
					"bits_per_second":	363773971.01623833,
					"jitter_ms":	0.00915056309408946,
					"lost_packets":	12662,
					"packets":	46385,
					"lost_percent":	27.29761776436348,
					"omitted":	false,
					"sender":	false
				}],
			"sum":	{
				"start":	861.001357,
				"end":	862.001068,
				"seconds":	0.999710977077484,
				"bytes":	45458604,
				"bits_per_second":	363773971.01623833,
				"jitter_ms":	0.00915056309408946,
				"lost_packets":	12662,
				"packets":	46385,
				"lost_percent":	27.29761776436348,
				"omitted":	false,
				"sender":	false
			}
		}, {
			"streams":	[{
					"socket":	5,
					"start":	862.001068,
					"end":	863.001045,
					"seconds":	0.9999769926071167,
					"bytes":	45473432,
					"bits_per_second":	363795825.99349791,
					"jitter_ms":	0.011293098765108442,
					"lost_packets":	12720,
					"packets":	46454,
					"lost_percent":	27.38192620656994,
					"omitted":	false,
					"sender":	false
				}],
			"sum":	{
				"start":	862.001068,
				"end":	863.001045,
				"seconds":	0.9999769926071167,
				"bytes":	45473432,
				"bits_per_second":	363795825.99349791,
				"jitter_ms":	0.011293098765108442,
				"lost_packets":	12720,
				"packets":	46454,
				"lost_percent":	27.38192620656994,
				"omitted":	false,
				"sender":	false
			}
		}, {
			"streams":	[{
					"socket":	5,
					"start":	863.001045,
					"end":	864.001061,
					"seconds":	1.0000159740448,
					"bytes":	45432992,
					"bits_per_second":	363458130.10354686,
					"jitter_ms":	0.028074236425787026,
					"lost_packets":	12644,
					"packets":	46348,
					"lost_percent":	27.280573056011047,
					"omitted":	false,
					"sender":	false
				}],
			"sum":	{
				"start":	863.001045,
				"end":	864.001061,
				"seconds":	1.0000159740448,
				"bytes":	45432992,
				"bits_per_second":	363458130.10354686,
				"jitter_ms":	0.028074236425787026,
				"lost_packets":	12644,
				"packets":	46348,
				"lost_percent":	27.280573056011047,
				"omitted":	false,
				"sender":	false
			}
		}, {
			"streams":	[{
					"socket":	5,
					"start":	864.001061,
					"end":	865.001051,
					"seconds":	0.99998998641967773,
					"bytes":	45357504,
					"bits_per_second":	362863665.56446117,
					"jitter_ms":	0.006414913902685432,
					"lost_packets":	12653,
					"packets":	46301,
					"lost_percent":	27.327703505323861,
					"omitted":	false,
					"sender":	false
				}],
			"sum":	{
				"start":	864.001061,
				"end":	865.001051,
				"seconds":	0.99998998641967773,
				"bytes":	45357504,
				"bits_per_second":	362863665.56446117,
				"jitter_ms":	0.006414913902685432,
				"lost_packets":	12653,
				"packets":	46301,
				"lost_percent":	27.327703505323861,
				"omitted":	false,
				"sender":	false
			}
		}, {
			"streams":	[{
					"socket":	5,
					"start":	865.001051,
					"end":	866.001091,
					"seconds":	1.0000400543212891,
					"bytes":	45308976,
					"bits_per_second":	362457290.019252,
					"jitter_ms":	0.0060612094103997443,
					"lost_packets":	12754,
					"packets":	46366,
					"lost_percent":	27.507225121856532,
					"omitted":	false,
					"sender":	false
				}],
			"sum":	{
				"start":	865.001051,
				"end":	866.001091,
				"seconds":	1.0000400543212891,
				"bytes":	45308976,
				"bits_per_second":	362457290.019252,
				"jitter_ms":	0.0060612094103997443,
				"lost_packets":	12754,
				"packets":	46366,
				"lost_percent":	27.507225121856532,
				"omitted":	false,
				"sender":	false
			}
		}, {
			"streams":	[{
					"socket":	5,
					"start":	866.001091,
					"end":	867.000264,
					"seconds":	0.99917298555374146,
					"bytes":	45485564,
					"bits_per_second":	364185698.83405656,
					"jitter_ms":	0.034312321531948478,
					"lost_packets":	13285,
					"packets":	47028,
					"lost_percent":	28.249128178957218,
					"omitted":	false,
					"sender":	false
				}],
			"sum":	{
				"start":	866.001091,
				"end":	867.000264,
				"seconds":	0.99917298555374146,
				"bytes":	45485564,
				"bits_per_second":	364185698.83405656,
				"jitter_ms":	0.034312321531948478,
				"lost_packets":	13285,
				"packets":	47028,
				"lost_percent":	28.249128178957218,
				"omitted":	false,
				"sender":	false
			}
		}, {
			"streams":	[{
					"socket":	5,
					"start":	867.000264,
					"end":	868.001094,
					"seconds":	1.0008300542831421,
					"bytes":	42355508,
					"bits_per_second":	338563038.29994553,
					"jitter_ms":	0.029289016423818225,
					"lost_packets":	11931,
					"packets":	43353,
					"lost_percent":	27.520586810601344,
					"omitted":	false,
					"sender":	false
				}],
			"sum":	{
				"start":	867.000264,
				"end":	868.001094,
				"seconds":	1.0008300542831421,
				"bytes":	42355508,
				"bits_per_second":	338563038.29994553,
				"jitter_ms":	0.029289016423818225,
				"lost_packets":	11931,
				"packets":	43353,
				"lost_percent":	27.520586810601344,
				"omitted":	false,
				"sender":	false
			}
		}, {
			"streams":	[{
					"socket":	5,
					"start":	868.001094,
					"end":	869.001072,
					"seconds":	0.999978005886078,
					"bytes":	47170564,
					"bits_per_second":	377372811.98061782,
					"jitter_ms":	0.023151515737769617,
					"lost_packets":	12837,
					"packets":	47853,
					"lost_percent":	26.8259043320168,
					"omitted":	false,
					"sender":	false
				}],
			"sum":	{
				"start":	868.001094,
				"end":	869.001072,
				"seconds":	0.999978005886078,
				"bytes":	47170564,
				"bits_per_second":	377372811.98061782,
				"jitter_ms":	0.023151515737769617,
				"lost_packets":	12837,
				"packets":	47853,
				"lost_percent":	26.8259043320168,
				"omitted":	false,
				"sender":	false
			}
		}, {
			"streams":	[{
					"socket":	5,
					"start":	869.001072,
					"end":	870.001072,
					"seconds":	1,
					"bytes":	47146300,
					"bits_per_second":	377170400,
					"jitter_ms":	0.016687412770709523,
					"lost_packets":	13016,
					"packets":	47993,
					"lost_percent":	27.120621757339613,
					"omitted":	false,
					"sender":	false
				}],
			"sum":	{
				"start":	869.001072,
				"end":	870.001072,
				"seconds":	1,
				"bytes":	47146300,
				"bits_per_second":	377170400,
				"jitter_ms":	0.016687412770709523,
				"lost_packets":	13016,
				"packets":	47993,
				"lost_percent":	27.120621757339613,
				"omitted":	false,
				"sender":	false
			}
		}, {
			"streams":	[{
					"socket":	5,
					"start":	870.001072,
					"end":	871.001045,
					"seconds":	0.99997299909591675,
					"bytes":	45366940,
					"bits_per_second":	362945319.85176879,
					"jitter_ms":	0.012068261639153534,
					"lost_packets":	12673,
					"packets":	46328,
					"lost_percent":	27.354947332067,
					"omitted":	false,
					"sender":	false
				}],
			"sum":	{
				"start":	870.001072,
				"end":	871.001045,
				"seconds":	0.99997299909591675,
				"bytes":	45366940,
				"bits_per_second":	362945319.85176879,
				"jitter_ms":	0.012068261639153534,
				"lost_packets":	12673,
				"packets":	46328,
				"lost_percent":	27.354947332067,
				"omitted":	false,
				"sender":	false
			}
		}, {
			"streams":	[{
					"socket":	5,
					"start":	871.001045,
					"end":	872.001054,
					"seconds":	1.0000089406967163,
					"bytes":	44748208,
					"bits_per_second":	357982463.3873651,
					"jitter_ms":	0.016132065734850518,
					"lost_packets":	12373,
					"packets":	45569,
					"lost_percent":	27.152230683139855,
					"omitted":	false,
					"sender":	false
				}],
			"sum":	{
				"start":	871.001045,
				"end":	872.001054,
				"seconds":	1.0000089406967163,
				"bytes":	44748208,
				"bits_per_second":	357982463.3873651,
				"jitter_ms":	0.016132065734850518,
				"lost_packets":	12373,
				"packets":	45569,
				"lost_percent":	27.152230683139855,
				"omitted":	false,
				"sender":	false
			}
		}, {
			"streams":	[{
					"socket":	5,
					"start":	872.001054,
					"end":	873.001096,
					"seconds":	1.0000419616699219,
					"bytes":	44649804,
					"bits_per_second":	357183443.98622191,
					"jitter_ms":	0.054399814538837563,
					"lost_packets":	12523,
					"packets":	45648,
					"lost_percent":	27.4338415702769,
					"omitted":	false,
					"sender":	false
				}],
			"sum":	{
				"start":	872.001054,
				"end":	873.001096,
				"seconds":	1.0000419616699219,
				"bytes":	44649804,
				"bits_per_second":	357183443.98622191,
				"jitter_ms":	0.054399814538837563,
				"lost_packets":	12523,
				"packets":	45648,
				"lost_percent":	27.4338415702769,
				"omitted":	false,
				"sender":	false
			}
		}, {
			"streams":	[{
					"socket":	5,
					"start":	873.001096,
					"end":	874.001068,
					"seconds":	0.99997198581695557,
					"bytes":	46314584,
					"bits_per_second":	370527052.012658,
					"jitter_ms":	0.013278563931901693,
					"lost_packets":	12855,
					"packets":	47224,
					"lost_percent":	27.2213281382348,
					"omitted":	false,
					"sender":	false
				}],
			"sum":	{
				"start":	873.001096,
				"end":	874.001068,
				"seconds":	0.99997198581695557,
				"bytes":	46314584,
				"bits_per_second":	370527052.012658,
				"jitter_ms":	0.013278563931901693,
				"lost_packets":	12855,
				"packets":	47224,
				"lost_percent":	27.2213281382348,
				"omitted":	false,
				"sender":	false
			}
		}, {
			"streams":	[{
					"socket":	5,
					"start":	874.001068,
					"end":	875.001049,
					"seconds":	0.99998098611831665,
					"bytes":	43475696,
					"bits_per_second":	347812181.25966251,
					"jitter_ms":	0.0062718024841177372,
					"lost_packets":	12046,
					"packets":	44300,
					"lost_percent":	27.191873589164786,
					"omitted":	false,
					"sender":	false
				}],
			"sum":	{
				"start":	874.001068,
				"end":	875.001049,
				"seconds":	0.99998098611831665,
				"bytes":	43475696,
				"bits_per_second":	347812181.25966251,
				"jitter_ms":	0.0062718024841177372,
				"lost_packets":	12046,
				"packets":	44300,
				"lost_percent":	27.191873589164786,
				"omitted":	false,
				"sender":	false
			}
		}, {
			"streams":	[{
					"socket":	5,
					"start":	875.001049,
					"end":	876.001063,
					"seconds":	1.0000139474868774,
					"bytes":	47379504,
					"bits_per_second":	379030745.47365135,
					"jitter_ms":	0.0057344615174991552,
					"lost_packets":	13205,
					"packets":	48356,
					"lost_percent":	27.307883199602944,
					"omitted":	false,
					"sender":	false
				}],
			"sum":	{
				"start":	875.001049,
				"end":	876.001063,
				"seconds":	1.0000139474868774,
				"bytes":	47379504,
				"bits_per_second":	379030745.47365135,
				"jitter_ms":	0.0057344615174991552,
				"lost_packets":	13205,
				"packets":	48356,
				"lost_percent":	27.307883199602944,
				"omitted":	false,
				"sender":	false
			}
		}, {
			"streams":	[{
					"socket":	5,
					"start":	876.001063,
					"end":	877.000233,
					"seconds":	0.99917000532150269,
					"bytes":	43189920,
					"bits_per_second":	345806377.45307648,
					"jitter_ms":	0.0072040201170238379,
					"lost_packets":	12554,
					"packets":	44596,
					"lost_percent":	28.150506771907793,
					"omitted":	false,
					"sender":	false
				}],
			"sum":	{
				"start":	876.001063,
				"end":	877.000233,
				"seconds":	0.99917000532150269,
				"bytes":	43189920,
				"bits_per_second":	345806377.45307648,
				"jitter_ms":	0.0072040201170238379,
				"lost_packets":	12554,
				"packets":	44596,
				"lost_percent":	28.150506771907793,
				"omitted":	false,
				"sender":	false
			}
		}, {
			"streams":	[{
					"socket":	5,
					"start":	877.000233,
					"end":	878.001088,
					"seconds":	1.0008549690246582,
					"bytes":	47240660,
					"bits_per_second":	377602441.60878921,
					"jitter_ms":	0.023233783560602541,
					"lost_packets":	12825,
					"packets":	47873,
					"lost_percent":	26.789630898418732,
					"omitted":	false,
					"sender":	false
				}],
			"sum":	{
				"start":	877.000233,
				"end":	878.001088,
				"seconds":	1.0008549690246582,
				"bytes":	47240660,
				"bits_per_second":	377602441.60878921,
				"jitter_ms":	0.023233783560602541,
				"lost_packets":	12825,
				"packets":	47873,
				"lost_percent":	26.789630898418732,
				"omitted":	false,
				"sender":	false
			}
		}, {
			"streams":	[{
					"socket":	5,
					"start":	878.001088,
					"end":	879.002641,
					"seconds":	1.0015530586242676,
					"bytes":	45687764,
					"bits_per_second":	364935346.01357353,
					"jitter_ms":	0.00983723001978227,
					"lost_packets":	13045,
					"packets":	46938,
					"lost_percent":	27.791980910988965,
					"omitted":	false,
					"sender":	false
				}],
			"sum":	{
				"start":	878.001088,
				"end":	879.002641,
				"seconds":	1.0015530586242676,
				"bytes":	45687764,
				"bits_per_second":	364935346.01357353,
				"jitter_ms":	0.00983723001978227,
				"lost_packets":	13045,
				"packets":	46938,
				"lost_percent":	27.791980910988965,
				"omitted":	false,
				"sender":	false
			}
		}, {
			"streams":	[{
					"socket":	5,
					"start":	879.002641,
					"end":	880.001061,
					"seconds":	0.998420000076294,
					"bytes":	45459952,
					"bits_per_second":	364255139.09197485,
					"jitter_ms":	0.0059214399570383771,
					"lost_packets":	12745,
					"packets":	46469,
					"lost_percent":	27.426886741698766,
					"omitted":	false,
					"sender":	false
				}],
			"sum":	{
				"start":	879.002641,
				"end":	880.001061,
				"seconds":	0.998420000076294,
				"bytes":	45459952,
				"bits_per_second":	364255139.09197485,
				"jitter_ms":	0.0059214399570383771,
				"lost_packets":	12745,
				"packets":	46469,
				"lost_percent":	27.426886741698766,
				"omitted":	false,
				"sender":	false
			}
		}, {
			"streams":	[{
					"socket":	5,
					"start":	880.001061,
					"end":	881.00105,
					"seconds":	0.99998897314071655,
					"bytes":	45282016,
					"bits_per_second":	362260122.5913958,
					"jitter_ms":	0.058001342157880345,
					"lost_packets":	12359,
					"packets":	45951,
					"lost_percent":	26.8960414354421,
					"omitted":	false,
					"sender":	false
				}],
			"sum":	{
				"start":	880.001061,
				"end":	881.00105,
				"seconds":	0.99998897314071655,
				"bytes":	45282016,
				"bits_per_second":	362260122.5913958,
				"jitter_ms":	0.058001342157880345,
				"lost_packets":	12359,
				"packets":	45951,
				"lost_percent":	26.8960414354421,
				"omitted":	false,
				"sender":	false
			}
		}, {
			"streams":	[{
					"socket":	5,
					"start":	881.00105,
					"end":	882.000088,
					"seconds":	0.9990379810333252,
					"bytes":	44442212,
					"bits_per_second":	355880059.36697239,
					"jitter_ms":	0.0055578250914739826,
					"lost_packets":	12744,
					"packets":	45714,
					"lost_percent":	27.877674235463971,
					"omitted":	false,
					"sender":	false
				}],
			"sum":	{
				"start":	881.00105,
				"end":	882.000088,
				"seconds":	0.9990379810333252,
				"bytes":	44442212,
				"bits_per_second":	355880059.36697239,
				"jitter_ms":	0.0055578250914739826,
				"lost_packets":	12744,
				"packets":	45714,
				"lost_percent":	27.877674235463971,
				"omitted":	false,
				"sender":	false
			}
		}, {
			"streams":	[{
					"socket":	5,
					"start":	882.000088,
					"end":	883.001074,
					"seconds":	1.0009859800338745,
					"bytes":	45044768,
					"bits_per_second":	360003188.044457,
					"jitter_ms":	0.011390568752079916,
					"lost_packets":	12282,
					"packets":	45700,
					"lost_percent":	26.875273522975931,
					"omitted":	false,
					"sender":	false
				}],
			"sum":	{
				"start":	882.000088,
				"end":	883.001074,
				"seconds":	1.0009859800338745,
				"bytes":	45044768,
				"bits_per_second":	360003188.044457,
				"jitter_ms":	0.011390568752079916,
				"lost_packets":	12282,
				"packets":	45700,
				"lost_percent":	26.875273522975931,
				"omitted":	false,
				"sender":	false
			}
		}, {
			"streams":	[{
					"socket":	5,
					"start":	883.001074,
					"end":	884.001076,
					"seconds":	1.0000020265579224,
					"bytes":	45809084,
					"bits_per_second":	366471929.32340831,
					"jitter_ms":	0.01491627802892953,
					"lost_packets":	12978,
					"packets":	46963,
					"lost_percent":	27.634520792964675,
					"omitted":	false,
					"sender":	false
				}],
			"sum":	{
				"start":	883.001074,
				"end":	884.001076,
				"seconds":	1.0000020265579224,
				"bytes":	45809084,
				"bits_per_second":	366471929.32340831,
				"jitter_ms":	0.01491627802892953,
				"lost_packets":	12978,
				"packets":	46963,
				"lost_percent":	27.634520792964675,
				"omitted":	false,
				"sender":	false
			}
		}, {
			"streams":	[{
					"socket":	5,
					"start":	884.001076,
					"end":	885.001065,
					"seconds":	0.99998897314071655,
					"bytes":	46253924,
					"bits_per_second":	370035472.32908326,
					"jitter_ms":	0.01086647631789798,
					"lost_packets":	12750,
					"packets":	47066,
					"lost_percent":	27.089618833127947,
					"omitted":	false,
					"sender":	false
				}],
			"sum":	{
				"start":	884.001076,
				"end":	885.001065,
				"seconds":	0.99998897314071655,
				"bytes":	46253924,
				"bits_per_second":	370035472.32908326,
				"jitter_ms":	0.01086647631789798,
				"lost_packets":	12750,
				"packets":	47066,
				"lost_percent":	27.089618833127947,
				"omitted":	false,
				"sender":	false
			}
		}, {
			"streams":	[{
					"socket":	5,
					"start":	885.001065,
					"end":	886.001055,
					"seconds":	0.99998998641967773,
					"bytes":	45408728,
					"bits_per_second":	363273461.66798735,
					"jitter_ms":	0.0072194305560157246,
					"lost_packets":	12688,
					"packets":	46374,
					"lost_percent":	27.360158709621771,
					"omitted":	false,
					"sender":	false
				}],
			"sum":	{
				"start":	885.001065,
				"end":	886.001055,
				"seconds":	0.99998998641967773,
				"bytes":	45408728,
				"bits_per_second":	363273461.66798735,
				"jitter_ms":	0.0072194305560157246,
				"lost_packets":	12688,
				"packets":	46374,
				"lost_percent":	27.360158709621771,
				"omitted":	false,
				"sender":	false
			}
		}, {
			"streams":	[{
					"socket":	5,
					"start":	886.001055,
					"end":	887.001057,
					"seconds":	1.0000020265579224,
					"bytes":	45027244,
					"bits_per_second":	360217221.998935,
					"jitter_ms":	0.011586165812977608,
					"lost_packets":	12535,
					"packets":	45938,
					"lost_percent":	27.2867778309896,
					"omitted":	false,
					"sender":	false
				}],
			"sum":	{
				"start":	886.001055,
				"end":	887.001057,
				"seconds":	1.0000020265579224,
				"bytes":	45027244,
				"bits_per_second":	360217221.998935,
				"jitter_ms":	0.011586165812977608,
				"lost_packets":	12535,
				"packets":	45938,
				"lost_percent":	27.2867778309896,
				"omitted":	false,
				"sender":	false
			}
		}, {
			"streams":	[{
					"socket":	5,
					"start":	887.001057,
					"end":	888.001079,
					"seconds":	1.0000220537185669,
					"bytes":	45817172,
					"bits_per_second":	366529292.666133,
					"jitter_ms":	0.00691212012853353,
					"lost_packets":	13128,
					"packets":	47117,
					"lost_percent":	27.8625549164845,
					"omitted":	false,
					"sender":	false
				}],
			"sum":	{
				"start":	887.001057,
				"end":	888.001079,
				"seconds":	1.0000220537185669,
				"bytes":	45817172,
				"bits_per_second":	366529292.666133,
				"jitter_ms":	0.00691212012853353,
				"lost_packets":	13128,
				"packets":	47117,
				"lost_percent":	27.8625549164845,
				"omitted":	false,
				"sender":	false
			}
		}, {
			"streams":	[{
					"socket":	5,
					"start":	888.001079,
					"end":	889.001072,
					"seconds":	0.99999302625656128,
					"bytes":	45277972,
					"bits_per_second":	362226302.07329744,
					"jitter_ms":	0.029729167781109254,
					"lost_packets":	12747,
					"packets":	46337,
					"lost_percent":	27.509333793728555,
					"omitted":	false,
					"sender":	false
				}],
			"sum":	{
				"start":	888.001079,
				"end":	889.001072,
				"seconds":	0.99999302625656128,
				"bytes":	45277972,
				"bits_per_second":	362226302.07329744,
				"jitter_ms":	0.029729167781109254,
				"lost_packets":	12747,
				"packets":	46337,
				"lost_percent":	27.509333793728555,
				"omitted":	false,
				"sender":	false
			}
		}, {
			"streams":	[{
					"socket":	5,
					"start":	889.001072,
					"end":	890.001065,
					"seconds":	0.99999302625656128,
					"bytes":	45507132,
					"bits_per_second":	364059594.858211,
					"jitter_ms":	0.014103481575315834,
					"lost_packets":	12663,
					"packets":	46425,
					"lost_percent":	27.276252019386106,
					"omitted":	false,
					"sender":	false
				}],
			"sum":	{
				"start":	889.001072,
				"end":	890.001065,
				"seconds":	0.99999302625656128,
				"bytes":	45507132,
				"bits_per_second":	364059594.858211,
				"jitter_ms":	0.014103481575315834,
				"lost_packets":	12663,
				"packets":	46425,
				"lost_percent":	27.276252019386106,
				"omitted":	false,
				"sender":	false
			}
		}, {
			"streams":	[{
					"socket":	5,
					"start":	890.001065,
					"end":	891.00107,
					"seconds":	1.0000050067901611,
					"bytes":	45122952,
					"bits_per_second":	360981808.63983214,
					"jitter_ms":	0.01411376040110689,
					"lost_packets":	12658,
					"packets":	46133,
					"lost_percent":	27.43805952355147,
					"omitted":	false,
					"sender":	false
				}],
			"sum":	{
				"start":	890.001065,
				"end":	891.00107,
				"seconds":	1.0000050067901611,
				"bytes":	45122952,
				"bits_per_second":	360981808.63983214,
				"jitter_ms":	0.01411376040110689,
				"lost_packets":	12658,
				"packets":	46133,
				"lost_percent":	27.43805952355147,
				"omitted":	false,
				"sender":	false
			}
		}, {
			"streams":	[{
					"socket":	5,
					"start":	891.00107,
					"end":	892.001062,
					"seconds":	0.9999920129776,
					"bytes":	45350764,
					"bits_per_second":	362809009.76368785,
					"jitter_ms":	0.010953180279569931,
					"lost_packets":	12630,
					"packets":	46278,
					"lost_percent":	27.291585634642811,
					"omitted":	false,
					"sender":	false
				}],
			"sum":	{
				"start":	891.00107,
				"end":	892.001062,
				"seconds":	0.9999920129776,
				"bytes":	45350764,
				"bits_per_second":	362809009.76368785,
				"jitter_ms":	0.010953180279569931,
				"lost_packets":	12630,
				"packets":	46278,
				"lost_percent":	27.291585634642811,
				"omitted":	false,
				"sender":	false
			}
		}, {
			"streams":	[{
					"socket":	5,
					"start":	892.001062,
					"end":	893.001069,
					"seconds":	1.0000070333480835,
					"bytes":	45717420,
					"bits_per_second":	365736787.64586556,
					"jitter_ms":	0.029754851439060443,
					"lost_packets":	12429,
					"packets":	46346,
					"lost_percent":	26.817848358002848,
					"omitted":	false,
					"sender":	false
				}],
			"sum":	{
				"start":	892.001062,
				"end":	893.001069,
				"seconds":	1.0000070333480835,
				"bytes":	45717420,
				"bits_per_second":	365736787.64586556,
				"jitter_ms":	0.029754851439060443,
				"lost_packets":	12429,
				"packets":	46346,
				"lost_percent":	26.817848358002848,
				"omitted":	false,
				"sender":	false
			}
		}, {
			"streams":	[{
					"socket":	5,
					"start":	893.001069,
					"end":	894.001079,
					"seconds":	1.0000100135803223,
					"bytes":	45624408,
					"bits_per_second":	364991609.127205,
					"jitter_ms":	0.00562815655586347,
					"lost_packets":	12829,
					"packets":	46676,
					"lost_percent":	27.485217242265833,
					"omitted":	false,
					"sender":	false
				}],
			"sum":	{
				"start":	893.001069,
				"end":	894.001079,
				"seconds":	1.0000100135803223,
				"bytes":	45624408,
				"bits_per_second":	364991609.127205,
				"jitter_ms":	0.00562815655586347,
				"lost_packets":	12829,
				"packets":	46676,
				"lost_percent":	27.485217242265833,
				"omitted":	false,
				"sender":	false
			}
		}, {
			"streams":	[{
					"socket":	5,
					"start":	894.001079,
					"end":	895.001047,
					"seconds":	0.99996799230575562,
					"bytes":	45238880,
					"bits_per_second":	361922624.308699,
					"jitter_ms":	0.0068623070539278724,
					"lost_packets":	12705,
					"packets":	46268,
					"lost_percent":	27.459583297311315,
					"omitted":	false,
					"sender":	false
				}],
			"sum":	{
				"start":	894.001079,
				"end":	895.001047,
				"seconds":	0.99996799230575562,
				"bytes":	45238880,
				"bits_per_second":	361922624.308699,
				"jitter_ms":	0.0068623070539278724,
				"lost_packets":	12705,
				"packets":	46268,
				"lost_percent":	27.459583297311315,
				"omitted":	false,
				"sender":	false
			}
		}, {
			"streams":	[{
					"socket":	5,
					"start":	895.001047,
					"end":	896.001227,
					"seconds":	1.0001800060272217,
					"bytes":	44384248,
					"bits_per_second":	355010080.04586726,
					"jitter_ms":	0.05077004920103393,
					"lost_packets":	12427,
					"packets":	45354,
					"lost_percent":	27.400008819508752,
					"omitted":	false,
					"sender":	false
				}],
			"sum":	{
				"start":	895.001047,
				"end":	896.001227,
				"seconds":	1.0001800060272217,
				"bytes":	44384248,
				"bits_per_second":	355010080.04586726,
				"jitter_ms":	0.05077004920103393,
				"lost_packets":	12427,
				"packets":	45354,
				"lost_percent":	27.400008819508752,
				"omitted":	false,
				"sender":	false
			}
		}, {
			"streams":	[{
					"socket":	5,
					"start":	896.001227,
					"end":	897.001055,
					"seconds":	0.99982798099517822,
					"bytes":	46981844,
					"bits_per_second":	375919417.2840544,
					"jitter_ms":	0.018490085779584244,
					"lost_packets":	13056,
					"packets":	47913,
					"lost_percent":	27.249389518502284,
					"omitted":	false,
					"sender":	false
				}],
			"sum":	{
				"start":	896.001227,
				"end":	897.001055,
				"seconds":	0.99982798099517822,
				"bytes":	46981844,
				"bits_per_second":	375919417.2840544,
				"jitter_ms":	0.018490085779584244,
				"lost_packets":	13056,
				"packets":	47913,
				"lost_percent":	27.249389518502284,
				"omitted":	false,
				"sender":	false
			}
		}, {
			"streams":	[{
					"socket":	5,
					"start":	897.001055,
					"end":	898.000788,
					"seconds":	0.99973297119140625,
					"bytes":	43954236,
					"bits_per_second":	351727809.45790881,
					"jitter_ms":	0.048059935187688765,
					"lost_packets":	12349,
					"packets":	44957,
					"lost_percent":	27.468469871210267,
					"omitted":	false,
					"sender":	false
				}],
			"sum":	{
				"start":	897.001055,
				"end":	898.000788,
				"seconds":	0.99973297119140625,
				"bytes":	43954236,
				"bits_per_second":	351727809.45790881,
				"jitter_ms":	0.048059935187688765,
				"lost_packets":	12349,
				"packets":	44957,
				"lost_percent":	27.468469871210267,
				"omitted":	false,
				"sender":	false
			}
		}, {
			"streams":	[{
					"socket":	5,
					"start":	898.000788,
					"end":	899.001044,
					"seconds":	1.0002559423446655,
					"bytes":	45832000,
					"bits_per_second":	366562181.2158739,
					"jitter_ms":	0.006220515613871748,
					"lost_packets":	12912,
					"packets":	46915,
					"lost_percent":	27.522114462325483,
					"omitted":	false,
					"sender":	false
				}],
			"sum":	{
				"start":	898.000788,
				"end":	899.001044,
				"seconds":	1.0002559423446655,
				"bytes":	45832000,
				"bits_per_second":	366562181.2158739,
				"jitter_ms":	0.006220515613871748,
				"lost_packets":	12912,
				"packets":	46915,
				"lost_percent":	27.522114462325483,
				"omitted":	false,
				"sender":	false
			}
		}, {
			"streams":	[{
					"socket":	5,
					"start":	899.001044,
					"end":	900.000966,
					"seconds":	0.999921977519989,
					"bytes":	45854916,
					"bits_per_second":	366867951.94744748,
					"jitter_ms":	0.0061582642973575328,
					"lost_packets":	12857,
					"packets":	46874,
					"lost_percent":	27.4288518155054,
					"omitted":	false,
					"sender":	false
				}],
			"sum":	{
				"start":	899.001044,
				"end":	900.000966,
				"seconds":	0.999921977519989,
				"bytes":	45854916,
				"bits_per_second":	366867951.94744748,
				"jitter_ms":	0.0061582642973575328,
				"lost_packets":	12857,
				"packets":	46874,
				"lost_percent":	27.4288518155054,
				"omitted":	false,
				"sender":	false
			}
		}, {
			"streams":	[{
					"socket":	5,
					"start":	900.000966,
					"end":	901.001073,
					"seconds":	1.0001070499420166,
					"bytes":	44322240,
					"bits_per_second":	354539966.51714176,
					"jitter_ms":	0.014695989021491478,
					"lost_packets":	12352,
					"packets":	45233,
					"lost_percent":	27.3074967391064,
					"omitted":	false,
					"sender":	false
				}],
			"sum":	{
				"start":	900.000966,
				"end":	901.001073,
				"seconds":	1.0001070499420166,
				"bytes":	44322240,
				"bits_per_second":	354539966.51714176,
				"jitter_ms":	0.014695989021491478,
				"lost_packets":	12352,
				"packets":	45233,
				"lost_percent":	27.3074967391064,
				"omitted":	false,
				"sender":	false
			}
		}, {
			"streams":	[{
					"socket":	5,
					"start":	901.001073,
					"end":	902.001065,
					"seconds":	0.9999920129776,
					"bytes":	44723944,
					"bits_per_second":	357794409.71196491,
					"jitter_ms":	0.018476111862627879,
					"lost_packets":	12158,
					"packets":	45341,
					"lost_percent":	26.8145828279041,
					"omitted":	false,
					"sender":	false
				}],
			"sum":	{
				"start":	901.001073,
				"end":	902.001065,
				"seconds":	0.9999920129776,
				"bytes":	44723944,
				"bits_per_second":	357794409.71196491,
				"jitter_ms":	0.018476111862627879,
				"lost_packets":	12158,
				"packets":	45341,
				"lost_percent":	26.8145828279041,
				"omitted":	false,
				"sender":	false
			}
		}, {
			"streams":	[{
					"socket":	5,
					"start":	902.001065,
					"end":	903.001063,
					"seconds":	0.99999797344207764,
					"bytes":	44537920,
					"bits_per_second":	356304082.07086027,
					"jitter_ms":	0.024375719466708339,
					"lost_packets":	12623,
					"packets":	45667,
					"lost_percent":	27.6414040773425,
					"omitted":	false,
					"sender":	false
				}],
			"sum":	{
				"start":	902.001065,
				"end":	903.001063,
				"seconds":	0.99999797344207764,
				"bytes":	44537920,
				"bits_per_second":	356304082.07086027,
				"jitter_ms":	0.024375719466708339,
				"lost_packets":	12623,
				"packets":	45667,
				"lost_percent":	27.6414040773425,
				"omitted":	false,
				"sender":	false
			}
		}, {
			"streams":	[{
					"socket":	5,
					"start":	903.001063,
					"end":	904.001051,
					"seconds":	0.9999880194664,
					"bytes":	48046764,
					"bits_per_second":	384378717.0621348,
					"jitter_ms":	0.00947501215983423,
					"lost_packets":	13239,
					"packets":	48884,
					"lost_percent":	27.082480975370263,
					"omitted":	false,
					"sender":	false
				}],
			"sum":	{
				"start":	903.001063,
				"end":	904.001051,
				"seconds":	0.9999880194664,
				"bytes":	48046764,
				"bits_per_second":	384378717.0621348,
				"jitter_ms":	0.00947501215983423,
				"lost_packets":	13239,
				"packets":	48884,
				"lost_percent":	27.082480975370263,
				"omitted":	false,
				"sender":	false
			}
		}, {
			"streams":	[{
					"socket":	5,
					"start":	904.001051,
					"end":	905.001103,
					"seconds":	1.0000519752502441,
					"bytes":	45257752,
					"bits_per_second":	362043198.71414763,
					"jitter_ms":	0.031523382131974871,
					"lost_packets":	12723,
					"packets":	46297,
					"lost_percent":	27.481262284813273,
					"omitted":	false,
					"sender":	false
				}],
			"sum":	{
				"start":	904.001051,
				"end":	905.001103,
				"seconds":	1.0000519752502441,
				"bytes":	45257752,
				"bits_per_second":	362043198.71414763,
				"jitter_ms":	0.031523382131974871,
				"lost_packets":	12723,
				"packets":	46297,
				"lost_percent":	27.481262284813273,
				"omitted":	false,
				"sender":	false
			}
		}, {
			"streams":	[{
					"socket":	5,
					"start":	905.001103,
					"end":	906.001078,
					"seconds":	0.999975025653839,
					"bytes":	45459952,
					"bits_per_second":	363688698.88746083,
					"jitter_ms":	0.0068106908306417,
					"lost_packets":	12948,
					"packets":	46672,
					"lost_percent":	27.742543709290366,
					"omitted":	false,
					"sender":	false
				}],
			"sum":	{
				"start":	905.001103,
				"end":	906.001078,
				"seconds":	0.999975025653839,
				"bytes":	45459952,
				"bits_per_second":	363688698.88746083,
				"jitter_ms":	0.0068106908306417,
				"lost_packets":	12948,
				"packets":	46672,
				"lost_percent":	27.742543709290366,
				"omitted":	false,
				"sender":	false
			}
		}, {
			"streams":	[{
					"socket":	5,
					"start":	906.001078,
					"end":	907.002191,
					"seconds":	1.0011130571365356,
					"bytes":	45358852,
					"bits_per_second":	362467369.108053,
					"jitter_ms":	0.025043324105726569,
					"lost_packets":	12812,
					"packets":	46461,
					"lost_percent":	27.575816276016443,
					"omitted":	false,
					"sender":	false
				}],
			"sum":	{
				"start":	906.001078,
				"end":	907.002191,
				"seconds":	1.0011130571365356,
				"bytes":	45358852,
				"bits_per_second":	362467369.108053,
				"jitter_ms":	0.025043324105726569,
				"lost_packets":	12812,
				"packets":	46461,
				"lost_percent":	27.575816276016443,
				"omitted":	false,
				"sender":	false
			}
		}, {
			"streams":	[{
					"socket":	5,
					"start":	907.002191,
					"end":	908.001056,
					"seconds":	0.998865008354187,
					"bytes":	45112168,
					"bits_per_second":	361307424.90884173,
					"jitter_ms":	0.0057876281726413755,
					"lost_packets":	12295,
					"packets":	45763,
					"lost_percent":	26.866682691257129,
					"omitted":	false,
					"sender":	false
				}],
			"sum":	{
				"start":	907.002191,
				"end":	908.001056,
				"seconds":	0.998865008354187,
				"bytes":	45112168,
				"bits_per_second":	361307424.90884173,
				"jitter_ms":	0.0057876281726413755,
				"lost_packets":	12295,
				"packets":	45763,
				"lost_percent":	26.866682691257129,
				"omitted":	false,
				"sender":	false
			}
		}, {
			"streams":	[{
					"socket":	5,
					"start":	908.001056,
					"end":	909.001071,
					"seconds":	1.0000150203704834,
					"bytes":	44506916,
					"bits_per_second":	356049979.99738985,
					"jitter_ms":	0.024686151644725172,
					"lost_packets":	12991,
					"packets":	46012,
					"lost_percent":	28.233938972441972,
					"omitted":	false,
					"sender":	false
				}],
			"sum":	{
				"start":	908.001056,
				"end":	909.001071,
				"seconds":	1.0000150203704834,
				"bytes":	44506916,
				"bits_per_second":	356049979.99738985,
				"jitter_ms":	0.024686151644725172,
				"lost_packets":	12991,
				"packets":	46012,
				"lost_percent":	28.233938972441972,
				"omitted":	false,
				"sender":	false
			}
		}, {
			"streams":	[{
					"socket":	5,
					"start":	909.001071,
					"end":	910.001045,
					"seconds":	0.999974012374878,
					"bytes":	46644844,
					"bits_per_second":	373168449.76177979,
					"jitter_ms":	0.014094839596757036,
					"lost_packets":	12651,
					"packets":	47256,
					"lost_percent":	26.771203656678516,
					"omitted":	false,
					"sender":	false
				}],
			"sum":	{
				"start":	909.001071,
				"end":	910.001045,
				"seconds":	0.999974012374878,
				"bytes":	46644844,
				"bits_per_second":	373168449.76177979,
				"jitter_ms":	0.014094839596757036,
				"lost_packets":	12651,
				"packets":	47256,
				"lost_percent":	26.771203656678516,
				"omitted":	false,
				"sender":	false
			}
		}, {
			"streams":	[{
					"socket":	5,
					"start":	910.001045,
					"end":	911.001071,
					"seconds":	1.0000259876251221,
					"bytes":	45447820,
					"bits_per_second":	363573111.59827131,
					"jitter_ms":	0.006915448203766536,
					"lost_packets":	12618,
					"packets":	46333,
					"lost_percent":	27.233289448125525,
					"omitted":	false,
					"sender":	false
				}],
			"sum":	{
				"start":	910.001045,
				"end":	911.001071,
				"seconds":	1.0000259876251221,
				"bytes":	45447820,
				"bits_per_second":	363573111.59827131,
				"jitter_ms":	0.006915448203766536,
				"lost_packets":	12618,
				"packets":	46333,
				"lost_percent":	27.233289448125525,
				"omitted":	false,
				"sender":	false
			}
		}, {
			"streams":	[{
					"socket":	5,
					"start":	911.001071,
					"end":	912.001068,
					"seconds":	0.99999701976776123,
					"bytes":	43200704,
					"bits_per_second":	345606661.988116,
					"jitter_ms":	0.047748297394938653,
					"lost_packets":	11961,
					"packets":	44011,
					"lost_percent":	27.177296584944674,
					"omitted":	false,
					"sender":	false
				}],
			"sum":	{
				"start":	911.001071,
				"end":	912.001068,
				"seconds":	0.99999701976776123,
				"bytes":	43200704,
				"bits_per_second":	345606661.988116,
				"jitter_ms":	0.047748297394938653,
				"lost_packets":	11961,
				"packets":	44011,
				"lost_percent":	27.177296584944674,
				"omitted":	false,
				"sender":	false
			}
		}, {
			"streams":	[{
					"socket":	5,
					"start":	912.001068,
					"end":	913.000334,
					"seconds":	0.999266028404236,
					"bytes":	46642148,
					"bits_per_second":	373411257.25636476,
					"jitter_ms":	0.0076576420380088054,
					"lost_packets":	13186,
					"packets":	47789,
					"lost_percent":	27.592123710477306,
					"omitted":	false,
					"sender":	false
				}],
			"sum":	{
				"start":	912.001068,
				"end":	913.000334,
				"seconds":	0.999266028404236,
				"bytes":	46642148,
				"bits_per_second":	373411257.25636476,
				"jitter_ms":	0.0076576420380088054,
				"lost_packets":	13186,
				"packets":	47789,
				"lost_percent":	27.592123710477306,
				"omitted":	false,
				"sender":	false
			}
		}, {
			"streams":	[{
					"socket":	5,
					"start":	913.000334,
					"end":	914.001046,
					"seconds":	1.0007120370864868,
					"bytes":	46311888,
					"bits_per_second":	370231485.45177323,
					"jitter_ms":	0.0453355443929071,
					"lost_packets":	12808,
					"packets":	47167,
					"lost_percent":	27.154578412873406,
					"omitted":	false,
					"sender":	false
				}],
			"sum":	{
				"start":	913.000334,
				"end":	914.001046,
				"seconds":	1.0007120370864868,
				"bytes":	46311888,
				"bits_per_second":	370231485.45177323,
				"jitter_ms":	0.0453355443929071,
				"lost_packets":	12808,
				"packets":	47167,
				"lost_percent":	27.154578412873406,
				"omitted":	false,
				"sender":	false
			}
		}, {
			"streams":	[{
					"socket":	5,
					"start":	914.001046,
					"end":	915.001063,
					"seconds":	1.0000170469284058,
					"bytes":	44199572,
					"bits_per_second":	353590548.367237,
					"jitter_ms":	0.00665859600820949,
					"lost_packets":	12499,
					"packets":	45288,
					"lost_percent":	27.598922451863629,
					"omitted":	false,
					"sender":	false
				}],
			"sum":	{
				"start":	914.001046,
				"end":	915.001063,
				"seconds":	1.0000170469284058,
				"bytes":	44199572,
				"bits_per_second":	353590548.367237,
				"jitter_ms":	0.00665859600820949,
				"lost_packets":	12499,
				"packets":	45288,
				"lost_percent":	27.598922451863629,
				"omitted":	false,
				"sender":	false
			}
		}, {
			"streams":	[{
					"socket":	5,
					"start":	915.001063,
					"end":	916.001075,
					"seconds":	1.0000120401382446,
					"bytes":	46565312,
					"bits_per_second":	372518010.831651,
					"jitter_ms":	0.014845836626289931,
					"lost_packets":	12686,
					"packets":	47230,
					"lost_percent":	26.8600465805632,
					"omitted":	false,
					"sender":	false
				}],
			"sum":	{
				"start":	915.001063,
				"end":	916.001075,
				"seconds":	1.0000120401382446,
				"bytes":	46565312,
				"bits_per_second":	372518010.831651,
				"jitter_ms":	0.014845836626289931,
				"lost_packets":	12686,
				"packets":	47230,
				"lost_percent":	26.8600465805632,
				"omitted":	false,
				"sender":	false
			}
		}, {
			"streams":	[{
					"socket":	5,
					"start":	916.001075,
					"end":	917.001072,
					"seconds":	0.99999701976776123,
					"bytes":	45384464,
					"bits_per_second":	363076794.05316681,
					"jitter_ms":	0.034716172004578286,
					"lost_packets":	12730,
					"packets":	46398,
					"lost_percent":	27.436527436527438,
					"omitted":	false,
					"sender":	false
				}],
			"sum":	{
				"start":	916.001075,
				"end":	917.001072,
				"seconds":	0.99999701976776123,
				"bytes":	45384464,
				"bits_per_second":	363076794.05316681,
				"jitter_ms":	0.034716172004578286,
				"lost_packets":	12730,
				"packets":	46398,
				"lost_percent":	27.436527436527438,
				"omitted":	false,
				"sender":	false
			}
		}, {
			"streams":	[{
					"socket":	5,
					"start":	917.001072,
					"end":	918.00105,
					"seconds":	0.999978005886078,
					"bytes":	44876268,
					"bits_per_second":	359018040.28367811,
					"jitter_ms":	0.029512232071553873,
					"lost_packets":	12516,
					"packets":	45809,
					"lost_percent":	27.322141937173917,
					"omitted":	false,
					"sender":	false
				}],
			"sum":	{
				"start":	917.001072,
				"end":	918.00105,
				"seconds":	0.999978005886078,
				"bytes":	44876268,
				"bits_per_second":	359018040.28367811,
				"jitter_ms":	0.029512232071553873,
				"lost_packets":	12516,
				"packets":	45809,
				"lost_percent":	27.322141937173917,
				"omitted":	false,
				"sender":	false
			}
		}, {
			"streams":	[{
					"socket":	5,
					"start":	918.00105,
					"end":	919.001065,
					"seconds":	1.0000150203704834,
					"bytes":	44847960,
					"bits_per_second":	358778291.01714754,
					"jitter_ms":	0.013023510599676911,
					"lost_packets":	12689,
					"packets":	45963,
					"lost_percent":	27.606988229662988,
					"omitted":	false,
					"sender":	false
				}],
			"sum":	{
				"start":	918.00105,
				"end":	919.001065,
				"seconds":	1.0000150203704834,
				"bytes":	44847960,
				"bits_per_second":	358778291.01714754,
				"jitter_ms":	0.013023510599676911,
				"lost_packets":	12689,
				"packets":	45963,
				"lost_percent":	27.606988229662988,
				"omitted":	false,
				"sender":	false
			}
		}, {
			"streams":	[{
					"socket":	5,
					"start":	919.001065,
					"end":	920.000841,
					"seconds":	0.999776005744934,
					"bytes":	46578792,
					"bits_per_second":	372713821.75485677,
					"jitter_ms":	0.013459579359887416,
					"lost_packets":	13106,
					"packets":	47662,
					"lost_percent":	27.497796987117621,
					"omitted":	false,
					"sender":	false
				}],
			"sum":	{
				"start":	919.001065,
				"end":	920.000841,
				"seconds":	0.999776005744934,
				"bytes":	46578792,
				"bits_per_second":	372713821.75485677,
				"jitter_ms":	0.013459579359887416,
				"lost_packets":	13106,
				"packets":	47662,
				"lost_percent":	27.497796987117621,
				"omitted":	false,
				"sender":	false
			}
		}, {
			"streams":	[{
					"socket":	5,
					"start":	920.000841,
					"end":	921.001066,
					"seconds":	1.0002249479293823,
					"bytes":	45408728,
					"bits_per_second":	363188125.58317381,
					"jitter_ms":	0.0315762969923433,
					"lost_packets":	12340,
					"packets":	46026,
					"lost_percent":	26.810932950940774,
					"omitted":	false,
					"sender":	false
				}],
			"sum":	{
				"start":	920.000841,
				"end":	921.001066,
				"seconds":	1.0002249479293823,
				"bytes":	45408728,
				"bits_per_second":	363188125.58317381,
				"jitter_ms":	0.0315762969923433,
				"lost_packets":	12340,
				"packets":	46026,
				"lost_percent":	26.810932950940774,
				"omitted":	false,
				"sender":	false
			}
		}, {
			"streams":	[{
					"socket":	5,
					"start":	921.001066,
					"end":	922.001057,
					"seconds":	0.999990999698639,
					"bytes":	45348068,
					"bits_per_second":	362787809.199613,
					"jitter_ms":	0.0062771997542851515,
					"lost_packets":	13127,
					"packets":	46768,
					"lost_percent":	28.068337324666437,
					"omitted":	false,
					"sender":	false
				}],
			"sum":	{
				"start":	921.001066,
				"end":	922.001057,
				"seconds":	0.999990999698639,
				"bytes":	45348068,
				"bits_per_second":	362787809.199613,
				"jitter_ms":	0.0062771997542851515,
				"lost_packets":	13127,
				"packets":	46768,
				"lost_percent":	28.068337324666437,
				"omitted":	false,
				"sender":	false
			}
		}, {
			"streams":	[{
					"socket":	5,
					"start":	922.001057,
					"end":	923.001052,
					"seconds":	0.999994993209839,
					"bytes":	42757212,
					"bits_per_second":	342059408.6196816,
					"jitter_ms":	0.013167619744104547,
					"lost_packets":	11846,
					"packets":	43567,
					"lost_percent":	27.190304588335209,
					"omitted":	false,
					"sender":	false
				}],
			"sum":	{
				"start":	922.001057,
				"end":	923.001052,
				"seconds":	0.999994993209839,
				"bytes":	42757212,
				"bits_per_second":	342059408.6196816,
				"jitter_ms":	0.013167619744104547,
				"lost_packets":	11846,
				"packets":	43567,
				"lost_percent":	27.190304588335209,
				"omitted":	false,
				"sender":	false
			}
		}, {
			"streams":	[{
					"socket":	5,
					"start":	923.001052,
					"end":	924.001069,
					"seconds":	1.0000170469284058,
					"bytes":	47282448,
					"bits_per_second":	378253135.94587225,
					"jitter_ms":	0.027925982660214066,
					"lost_packets":	13212,
					"packets":	48298,
					"lost_percent":	27.35516998633484,
					"omitted":	false,
					"sender":	false
				}],
			"sum":	{
				"start":	923.001052,
				"end":	924.001069,
				"seconds":	1.0000170469284058,
				"bytes":	47282448,
				"bits_per_second":	378253135.94587225,
				"jitter_ms":	0.027925982660214066,
				"lost_packets":	13212,
				"packets":	48298,
				"lost_percent":	27.35516998633484,
				"omitted":	false,
				"sender":	false
			}
		}, {
			"streams":	[{
					"socket":	5,
					"start":	924.001069,
					"end":	925.001058,
					"seconds":	0.99998897314071655,
					"bytes":	46028808,
					"bits_per_second":	368234524.47028464,
					"jitter_ms":	0.010457878676305321,
					"lost_packets":	12652,
					"packets":	46800,
					"lost_percent":	27.034188034188034,
					"omitted":	false,
					"sender":	false
				}],
			"sum":	{
				"start":	924.001069,
				"end":	925.001058,
				"seconds":	0.99998897314071655,
				"bytes":	46028808,
				"bits_per_second":	368234524.47028464,
				"jitter_ms":	0.010457878676305321,
				"lost_packets":	12652,
				"packets":	46800,
				"lost_percent":	27.034188034188034,
				"omitted":	false,
				"sender":	false
			}
		}, {
			"streams":	[{
					"socket":	5,
					"start":	925.001058,
					"end":	926.001062,
					"seconds":	1.0000040531158447,
					"bytes":	45597448,
					"bits_per_second":	364778105.51208073,
					"jitter_ms":	0.0066790977210830823,
					"lost_packets":	12688,
					"packets":	46514,
					"lost_percent":	27.277808831749581,
					"omitted":	false,
					"sender":	false
				}],
			"sum":	{
				"start":	925.001058,
				"end":	926.001062,
				"seconds":	1.0000040531158447,
				"bytes":	45597448,
				"bits_per_second":	364778105.51208073,
				"jitter_ms":	0.0066790977210830823,
				"lost_packets":	12688,
				"packets":	46514,
				"lost_percent":	27.277808831749581,
				"omitted":	false,
				"sender":	false
			}
		}, {
			"streams":	[{
					"socket":	5,
					"start":	926.001062,
					"end":	927.001087,
					"seconds":	1.0000250339508057,
					"bytes":	44271016,
					"bits_per_second":	354159261.99445784,
					"jitter_ms":	0.0579814619715749,
					"lost_packets":	12461,
					"packets":	45305,
					"lost_percent":	27.5046904315197,
					"omitted":	false,
					"sender":	false
				}],
			"sum":	{
				"start":	926.001062,
				"end":	927.001087,
				"seconds":	1.0000250339508057,
				"bytes":	44271016,
				"bits_per_second":	354159261.99445784,
				"jitter_ms":	0.0579814619715749,
				"lost_packets":	12461,
				"packets":	45305,
				"lost_percent":	27.5046904315197,
				"omitted":	false,
				"sender":	false
			}
		}, {
			"streams":	[{
					"socket":	5,
					"start":	927.001087,
					"end":	928.001065,
					"seconds":	0.999978005886078,
					"bytes":	46512740,
					"bits_per_second":	372110104.232024,
					"jitter_ms":	0.035453866621260356,
					"lost_packets":	12793,
					"packets":	47301,
					"lost_percent":	27.045939832138856,
					"omitted":	false,
					"sender":	false
				}],
			"sum":	{
				"start":	927.001087,
				"end":	928.001065,
				"seconds":	0.999978005886078,
				"bytes":	46512740,
				"bits_per_second":	372110104.232024,
				"jitter_ms":	0.035453866621260356,
				"lost_packets":	12793,
				"packets":	47301,
				"lost_percent":	27.045939832138856,
				"omitted":	false,
				"sender":	false
			}
		}, {
			"streams":	[{
					"socket":	5,
					"start":	928.001065,
					"end":	929.00014,
					"seconds":	0.99907499551773071,
					"bytes":	45420860,
					"bits_per_second":	363703307.18936634,
					"jitter_ms":	0.085814630006219347,
					"lost_packets":	12670,
					"packets":	46365,
					"lost_percent":	27.326647255472878,
					"omitted":	false,
					"sender":	false
				}],
			"sum":	{
				"start":	928.001065,
				"end":	929.00014,
				"seconds":	0.99907499551773071,
				"bytes":	45420860,
				"bits_per_second":	363703307.18936634,
				"jitter_ms":	0.085814630006219347,
				"lost_packets":	12670,
				"packets":	46365,
				"lost_percent":	27.326647255472878,
				"omitted":	false,
				"sender":	false
			}
		}, {
			"streams":	[{
					"socket":	5,
					"start":	929.00014,
					"end":	930.00109,
					"seconds":	1.00094997882843,
					"bytes":	45106776,
					"bits_per_second":	360511729.48958415,
					"jitter_ms":	0.027432119384657939,
					"lost_packets":	13045,
					"packets":	46509,
					"lost_percent":	28.0483347309123,
					"omitted":	false,
					"sender":	false
				}],
			"sum":	{
				"start":	929.00014,
				"end":	930.00109,
				"seconds":	1.00094997882843,
				"bytes":	45106776,
				"bits_per_second":	360511729.48958415,
				"jitter_ms":	0.027432119384657939,
				"lost_packets":	13045,
				"packets":	46509,
				"lost_percent":	28.0483347309123,
				"omitted":	false,
				"sender":	false
			}
		}, {
			"streams":	[{
					"socket":	5,
					"start":	930.00109,
					"end":	931.001087,
					"seconds":	0.99999701976776123,
					"bytes":	44423340,
					"bits_per_second":	355387779.13811666,
					"jitter_ms":	0.20142682987004906,
					"lost_packets":	12573,
					"packets":	45540,
					"lost_percent":	27.608695652173914,
					"omitted":	false,
					"sender":	false
				}],
			"sum":	{
				"start":	930.00109,
				"end":	931.001087,
				"seconds":	0.99999701976776123,
				"bytes":	44423340,
				"bits_per_second":	355387779.13811666,
				"jitter_ms":	0.20142682987004906,
				"lost_packets":	12573,
				"packets":	45540,
				"lost_percent":	27.608695652173914,
				"omitted":	false,
				"sender":	false
			}
		}, {
			"streams":	[{
					"socket":	5,
					"start":	931.001087,
					"end":	932.001059,
					"seconds":	0.99997198581695557,
					"bytes":	47232572,
					"bits_per_second":	377871161.75189251,
					"jitter_ms":	0.050769728552679388,
					"lost_packets":	12602,
					"packets":	47643,
					"lost_percent":	26.450895199714545,
					"omitted":	false,
					"sender":	false
				}],
			"sum":	{
				"start":	931.001087,
				"end":	932.001059,
				"seconds":	0.99997198581695557,
				"bytes":	47232572,
				"bits_per_second":	377871161.75189251,
				"jitter_ms":	0.050769728552679388,
				"lost_packets":	12602,
				"packets":	47643,
				"lost_percent":	26.450895199714545,
				"omitted":	false,
				"sender":	false
			}
		}, {
			"streams":	[{
					"socket":	5,
					"start":	932.001059,
					"end":	933.00106,
					"seconds":	1.0000009536743164,
					"bytes":	44826392,
					"bits_per_second":	358610794.00209618,
					"jitter_ms":	0.014019655239975776,
					"lost_packets":	12854,
					"packets":	46108,
					"lost_percent":	27.8780255053353,
					"omitted":	false,
					"sender":	false
				}],
			"sum":	{
				"start":	932.001059,
				"end":	933.00106,
				"seconds":	1.0000009536743164,
				"bytes":	44826392,
				"bits_per_second":	358610794.00209618,
				"jitter_ms":	0.014019655239975776,
				"lost_packets":	12854,
				"packets":	46108,
				"lost_percent":	27.8780255053353,
				"omitted":	false,
				"sender":	false
			}
		}, {
			"streams":	[{
					"socket":	5,
					"start":	933.00106,
					"end":	934.001088,
					"seconds":	1.0000280141830444,
					"bytes":	45535440,
					"bits_per_second":	364273315.18067032,
					"jitter_ms":	0.0062291715758890538,
					"lost_packets":	12649,
					"packets":	46429,
					"lost_percent":	27.243748519244438,
					"omitted":	false,
					"sender":	false
				}],
			"sum":	{
				"start":	933.00106,
				"end":	934.001088,
				"seconds":	1.0000280141830444,
				"bytes":	45535440,
				"bits_per_second":	364273315.18067032,
				"jitter_ms":	0.0062291715758890538,
				"lost_packets":	12649,
				"packets":	46429,
				"lost_percent":	27.243748519244438,
				"omitted":	false,
				"sender":	false
			}
		}, {
			"streams":	[{
					"socket":	5,
					"start":	934.001088,
					"end":	935.001053,
					"seconds":	0.999965012073517,
					"bytes":	45356156,
					"bits_per_second":	362861943.78701276,
					"jitter_ms":	0.0137673607324281,
					"lost_packets":	12380,
					"packets":	46027,
					"lost_percent":	26.897255958459166,
					"omitted":	false,
					"sender":	false
				}],
			"sum":	{
				"start":	934.001088,
				"end":	935.001053,
				"seconds":	0.999965012073517,
				"bytes":	45356156,
				"bits_per_second":	362861943.78701276,
				"jitter_ms":	0.0137673607324281,
				"lost_packets":	12380,
				"packets":	46027,
				"lost_percent":	26.897255958459166,
				"omitted":	false,
				"sender":	false
			}
		}, {
			"streams":	[{
					"socket":	5,
					"start":	935.001053,
					"end":	936.00107,
					"seconds":	1.0000170469284058,
					"bytes":	45194396,
					"bits_per_second":	361549004.70000172,
					"jitter_ms":	0.0072492284772076422,
					"lost_packets":	12708,
					"packets":	46236,
					"lost_percent":	27.485076563716586,
					"omitted":	false,
					"sender":	false
				}],
			"sum":	{
				"start":	935.001053,
				"end":	936.00107,
				"seconds":	1.0000170469284058,
				"bytes":	45194396,
				"bits_per_second":	361549004.70000172,
				"jitter_ms":	0.0072492284772076422,
				"lost_packets":	12708,
				"packets":	46236,
				"lost_percent":	27.485076563716586,
				"omitted":	false,
				"sender":	false
			}
		}, {
			"streams":	[{
					"socket":	5,
					"start":	936.00107,
					"end":	937.000133,
					"seconds":	0.999063014984131,
					"bytes":	44938276,
					"bits_per_second":	359843375.85123235,
					"jitter_ms":	0.054323677049778446,
					"lost_packets":	12707,
					"packets":	46050,
					"lost_percent":	27.593919652551573,
					"omitted":	false,
					"sender":	false
				}],
			"sum":	{
				"start":	936.00107,
				"end":	937.000133,
				"seconds":	0.999063014984131,
				"bytes":	44938276,
				"bits_per_second":	359843375.85123235,
				"jitter_ms":	0.054323677049778446,
				"lost_packets":	12707,
				"packets":	46050,
				"lost_percent":	27.593919652551573,
				"omitted":	false,
				"sender":	false
			}
		}, {
			"streams":	[{
					"socket":	5,
					"start":	937.000133,
					"end":	938.001059,
					"seconds":	1.0009260177612305,
					"bytes":	46043636,
					"bits_per_second":	368008305.77257425,
					"jitter_ms":	0.018724780860514583,
					"lost_packets":	12779,
					"packets":	46939,
					"lost_percent":	27.224695881889261,
					"omitted":	false,
					"sender":	false
				}],
			"sum":	{
				"start":	937.000133,
				"end":	938.001059,
				"seconds":	1.0009260177612305,
				"bytes":	46043636,
				"bits_per_second":	368008305.77257425,
				"jitter_ms":	0.018724780860514583,
				"lost_packets":	12779,
				"packets":	46939,
				"lost_percent":	27.224695881889261,
				"omitted":	false,
				"sender":	false
			}
		}, {
			"streams":	[{
					"socket":	5,
					"start":	938.001059,
					"end":	939.001063,
					"seconds":	1.0000040531158447,
					"bytes":	44211704,
					"bits_per_second":	353692198.44454634,
					"jitter_ms":	0.019717234555798126,
					"lost_packets":	12500,
					"packets":	45298,
					"lost_percent":	27.59503730849044,
					"omitted":	false,
					"sender":	false
				}],
			"sum":	{
				"start":	938.001059,
				"end":	939.001063,
				"seconds":	1.0000040531158447,
				"bytes":	44211704,
				"bits_per_second":	353692198.44454634,
				"jitter_ms":	0.019717234555798126,
				"lost_packets":	12500,
				"packets":	45298,
				"lost_percent":	27.59503730849044,
				"omitted":	false,
				"sender":	false
			}
		}, {
			"streams":	[{
					"socket":	5,
					"start":	939.001063,
					"end":	940.00107,
					"seconds":	1.0000070333480835,
					"bytes":	46553180,
					"bits_per_second":	372422820.62066835,
					"jitter_ms":	0.033142141611290941,
					"lost_packets":	12702,
					"packets":	47237,
					"lost_percent":	26.889937972352183,
					"omitted":	false,
					"sender":	false
				}],
			"sum":	{
				"start":	939.001063,
				"end":	940.00107,
				"seconds":	1.0000070333480835,
				"bytes":	46553180,
				"bits_per_second":	372422820.62066835,
				"jitter_ms":	0.033142141611290941,
				"lost_packets":	12702,
				"packets":	47237,
				"lost_percent":	26.889937972352183,
				"omitted":	false,
				"sender":	false
			}
		}, {
			"streams":	[{
					"socket":	5,
					"start":	940.00107,
					"end":	941.001074,
					"seconds":	1.0000040531158447,
					"bytes":	45710680,
					"bits_per_second":	365683957.84055632,
					"jitter_ms":	0.013249519310363719,
					"lost_packets":	13026,
					"packets":	46938,
					"lost_percent":	27.751501981337082,
					"omitted":	false,
					"sender":	false
				}],
			"sum":	{
				"start":	940.00107,
				"end":	941.001074,
				"seconds":	1.0000040531158447,
				"bytes":	45710680,
				"bits_per_second":	365683957.84055632,
				"jitter_ms":	0.013249519310363719,
				"lost_packets":	13026,
				"packets":	46938,
				"lost_percent":	27.751501981337082,
				"omitted":	false,
				"sender":	false
			}
		}, {
			"streams":	[{
					"socket":	5,
					"start":	941.001074,
					"end":	942.001385,
					"seconds":	1.000311017036438,
					"bytes":	44191484,
					"bits_per_second":	353421951.751954,
					"jitter_ms":	0.0053606161504355784,
					"lost_packets":	12255,
					"packets":	45041,
					"lost_percent":	27.208543327190782,
					"omitted":	false,
					"sender":	false
				}],
			"sum":	{
				"start":	941.001074,
				"end":	942.001385,
				"seconds":	1.000311017036438,
				"bytes":	44191484,
				"bits_per_second":	353421951.751954,
				"jitter_ms":	0.0053606161504355784,
				"lost_packets":	12255,
				"packets":	45041,
				"lost_percent":	27.208543327190782,
				"omitted":	false,
				"sender":	false
			}
		}, {
			"streams":	[{
					"socket":	5,
					"start":	942.001385,
					"end":	943.001056,
					"seconds":	0.99967098236084,
					"bytes":	45846828,
					"bits_per_second":	366895339.03826922,
					"jitter_ms":	0.007569583501177226,
					"lost_packets":	12997,
					"packets":	47010,
					"lost_percent":	27.647309083173791,
					"omitted":	false,
					"sender":	false
				}],
			"sum":	{
				"start":	942.001385,
				"end":	943.001056,
				"seconds":	0.99967098236084,
				"bytes":	45846828,
				"bits_per_second":	366895339.03826922,
				"jitter_ms":	0.007569583501177226,
				"lost_packets":	12997,
				"packets":	47010,
				"lost_percent":	27.647309083173791,
				"omitted":	false,
				"sender":	false
			}
		}, {
			"streams":	[{
					"socket":	5,
					"start":	943.001056,
					"end":	944.001048,
					"seconds":	0.9999920129776,
					"bytes":	45674284,
					"bits_per_second":	365397190.43554485,
					"jitter_ms":	0.014198412887404857,
					"lost_packets":	12927,
					"packets":	46810,
					"lost_percent":	27.6158940397351,
					"omitted":	false,
					"sender":	false
				}],
			"sum":	{
				"start":	943.001056,
				"end":	944.001048,
				"seconds":	0.9999920129776,
				"bytes":	45674284,
				"bits_per_second":	365397190.43554485,
				"jitter_ms":	0.014198412887404857,
				"lost_packets":	12927,
				"packets":	46810,
				"lost_percent":	27.6158940397351,
				"omitted":	false,
				"sender":	false
			}
		}, {
			"streams":	[{
					"socket":	5,
					"start":	944.001048,
					"end":	945.000087,
					"seconds":	0.99903899431228638,
					"bytes":	44490740,
					"bits_per_second":	356268295.8586722,
					"jitter_ms":	0.035379677094225966,
					"lost_packets":	12322,
					"packets":	45329,
					"lost_percent":	27.1834807738975,
					"omitted":	false,
					"sender":	false
				}],
			"sum":	{
				"start":	944.001048,
				"end":	945.000087,
				"seconds":	0.99903899431228638,
				"bytes":	44490740,
				"bits_per_second":	356268295.8586722,
				"jitter_ms":	0.035379677094225966,
				"lost_packets":	12322,
				"packets":	45329,
				"lost_percent":	27.1834807738975,
				"omitted":	false,
				"sender":	false
			}
		}, {
			"streams":	[{
					"socket":	5,
					"start":	945.000087,
					"end":	946.001074,
					"seconds":	1.0009870529174805,
					"bytes":	45875136,
					"bits_per_second":	366639195.71220958,
					"jitter_ms":	0.011572966767270624,
					"lost_packets":	12582,
					"packets":	46617,
					"lost_percent":	26.990153806551259,
					"omitted":	false,
					"sender":	false
				}],
			"sum":	{
				"start":	945.000087,
				"end":	946.001074,
				"seconds":	1.0009870529174805,
				"bytes":	45875136,
				"bits_per_second":	366639195.71220958,
				"jitter_ms":	0.011572966767270624,
				"lost_packets":	12582,
				"packets":	46617,
				"lost_percent":	26.990153806551259,
				"omitted":	false,
				"sender":	false
			}
		}, {
			"streams":	[{
					"socket":	5,
					"start":	946.001074,
					"end":	947.001078,
					"seconds":	1.0000040531158447,
					"bytes":	44160480,
					"bits_per_second":	353282408.105474,
					"jitter_ms":	0.03755915056232606,
					"lost_packets":	12515,
					"packets":	45277,
					"lost_percent":	27.640965611679221,
					"omitted":	false,
					"sender":	false
				}],
			"sum":	{
				"start":	946.001074,
				"end":	947.001078,
				"seconds":	1.0000040531158447,
				"bytes":	44160480,
				"bits_per_second":	353282408.105474,
				"jitter_ms":	0.03755915056232606,
				"lost_packets":	12515,
				"packets":	45277,
				"lost_percent":	27.640965611679221,
				"omitted":	false,
				"sender":	false
			}
		}, {
			"streams":	[{
					"socket":	5,
					"start":	947.001078,
					"end":	948.001064,
					"seconds":	0.99998599290847778,
					"bytes":	46984540,
					"bits_per_second":	375881585.00776273,
					"jitter_ms":	0.0514454196443632,
					"lost_packets":	13033,
					"packets":	47890,
					"lost_percent":	27.214449780747547,
					"omitted":	false,
					"sender":	false
				}],
			"sum":	{
				"start":	947.001078,
				"end":	948.001064,
				"seconds":	0.99998599290847778,
				"bytes":	46984540,
				"bits_per_second":	375881585.00776273,
				"jitter_ms":	0.0514454196443632,
				"lost_packets":	13033,
				"packets":	47890,
				"lost_percent":	27.214449780747547,
				"omitted":	false,
				"sender":	false
			}
		}, {
			"streams":	[{
					"socket":	5,
					"start":	948.001064,
					"end":	949.001049,
					"seconds":	0.9999849796295166,
					"bytes":	44122736,
					"bits_per_second":	352987189.99836969,
					"jitter_ms":	0.016371977078702259,
					"lost_packets":	12678,
					"packets":	45411,
					"lost_percent":	27.918345775252693,
					"omitted":	false,
					"sender":	false
				}],
			"sum":	{
				"start":	948.001064,
				"end":	949.001049,
				"seconds":	0.9999849796295166,
				"bytes":	44122736,
				"bits_per_second":	352987189.99836969,
				"jitter_ms":	0.016371977078702259,
				"lost_packets":	12678,
				"packets":	45411,
				"lost_percent":	27.918345775252693,
				"omitted":	false,
				"sender":	false
			}
		}, {
			"streams":	[{
					"socket":	5,
					"start":	949.001049,
					"end":	950.00108,
					"seconds":	1.0000309944152832,
					"bytes":	46453428,
					"bits_per_second":	371615905.98228413,
					"jitter_ms":	0.0053954265519890379,
					"lost_packets":	12666,
					"packets":	47131,
					"lost_percent":	26.874031953491333,
					"omitted":	false,
					"sender":	false
				}],
			"sum":	{
				"start":	949.001049,
				"end":	950.00108,
				"seconds":	1.0000309944152832,
				"bytes":	46453428,
				"bits_per_second":	371615905.98228413,
				"jitter_ms":	0.0053954265519890379,
				"lost_packets":	12666,
				"packets":	47131,
				"lost_percent":	26.874031953491333,
				"omitted":	false,
				"sender":	false
			}
		}, {
			"streams":	[{
					"socket":	5,
					"start":	950.00108,
					"end":	951.001053,
					"seconds":	0.99997299909591675,
					"bytes":	45889964,
					"bits_per_second":	367129624.83178622,
					"jitter_ms":	0.029404055314529238,
					"lost_packets":	12579,
					"packets":	46625,
					"lost_percent":	26.979088471849867,
					"omitted":	false,
					"sender":	false
				}],
			"sum":	{
				"start":	950.00108,
				"end":	951.001053,
				"seconds":	0.99997299909591675,
				"bytes":	45889964,
				"bits_per_second":	367129624.83178622,
				"jitter_ms":	0.029404055314529238,
				"lost_packets":	12579,
				"packets":	46625,
				"lost_percent":	26.979088471849867,
				"omitted":	false,
				"sender":	false
			}
		}, {
			"streams":	[{
					"socket":	5,
					"start":	951.001053,
					"end":	952.001067,
					"seconds":	1.0000139474868774,
					"bytes":	45290104,
					"bits_per_second":	362315778.60543239,
					"jitter_ms":	0.035515852572281272,
					"lost_packets":	12653,
					"packets":	46253,
					"lost_percent":	27.356063390482781,
					"omitted":	false,
					"sender":	false
				}],
			"sum":	{
				"start":	951.001053,
				"end":	952.001067,
				"seconds":	1.0000139474868774,
				"bytes":	45290104,
				"bits_per_second":	362315778.60543239,
				"jitter_ms":	0.035515852572281272,
				"lost_packets":	12653,
				"packets":	46253,
				"lost_percent":	27.356063390482781,
				"omitted":	false,
				"sender":	false
			}
		}, {
			"streams":	[{
					"socket":	5,
					"start":	952.001067,
					"end":	953.001049,
					"seconds":	0.99998199939727783,
					"bytes":	45482868,
					"bits_per_second":	363869493.87020189,
					"jitter_ms":	0.010974745744790735,
					"lost_packets":	12691,
					"packets":	46434,
					"lost_percent":	27.331265882758323,
					"omitted":	false,
					"sender":	false
				}],
			"sum":	{
				"start":	952.001067,
				"end":	953.001049,
				"seconds":	0.99998199939727783,
				"bytes":	45482868,
				"bits_per_second":	363869493.87020189,
				"jitter_ms":	0.010974745744790735,
				"lost_packets":	12691,
				"packets":	46434,
				"lost_percent":	27.331265882758323,
				"omitted":	false,
				"sender":	false
			}
		}, {
			"streams":	[{
					"socket":	5,
					"start":	953.001049,
					"end":	954.001071,
					"seconds":	1.0000220537185669,
					"bytes":	43014680,
					"bits_per_second":	344109851.0981878,
					"jitter_ms":	0.011905913442386496,
					"lost_packets":	12502,
					"packets":	44414,
					"lost_percent":	28.148781915612194,
					"omitted":	false,
					"sender":	false
				}],
			"sum":	{
				"start":	953.001049,
				"end":	954.001071,
				"seconds":	1.0000220537185669,
				"bytes":	43014680,
				"bits_per_second":	344109851.0981878,
				"jitter_ms":	0.011905913442386496,
				"lost_packets":	12502,
				"packets":	44414,
				"lost_percent":	28.148781915612194,
				"omitted":	false,
				"sender":	false
			}
		}, {
			"streams":	[{
					"socket":	5,
					"start":	954.001071,
					"end":	955.001063,
					"seconds":	0.9999920129776,
					"bytes":	48052156,
					"bits_per_second":	384420318.37369382,
					"jitter_ms":	0.0071972652217004553,
					"lost_packets":	13230,
					"packets":	48879,
					"lost_percent":	27.066838519609647,
					"omitted":	false,
					"sender":	false
				}],
			"sum":	{
				"start":	954.001071,
				"end":	955.001063,
				"seconds":	0.9999920129776,
				"bytes":	48052156,
				"bits_per_second":	384420318.37369382,
				"jitter_ms":	0.0071972652217004553,
				"lost_packets":	13230,
				"packets":	48879,
				"lost_percent":	27.066838519609647,
				"omitted":	false,
				"sender":	false
			}
		}, {
			"streams":	[{
					"socket":	5,
					"start":	955.001063,
					"end":	956.00105,
					"seconds":	0.999987006187439,
					"bytes":	45078468,
					"bits_per_second":	360632429.99019873,
					"jitter_ms":	0.0334908529458027,
					"lost_packets":	12339,
					"packets":	45780,
					"lost_percent":	26.952817824377458,
					"omitted":	false,
					"sender":	false
				}],
			"sum":	{
				"start":	955.001063,
				"end":	956.00105,
				"seconds":	0.999987006187439,
				"bytes":	45078468,
				"bits_per_second":	360632429.99019873,
				"jitter_ms":	0.0334908529458027,
				"lost_packets":	12339,
				"packets":	45780,
				"lost_percent":	26.952817824377458,
				"omitted":	false,
				"sender":	false
			}
		}, {
			"streams":	[{
					"socket":	5,
					"start":	956.00105,
					"end":	957.001068,
					"seconds":	1.0000180006027222,
					"bytes":	45135084,
					"bits_per_second":	361074172.44726855,
					"jitter_ms":	0.014261294597708595,
					"lost_packets":	12989,
					"packets":	46473,
					"lost_percent":	27.949562111333464,
					"omitted":	false,
					"sender":	false
				}],
			"sum":	{
				"start":	956.00105,
				"end":	957.001068,
				"seconds":	1.0000180006027222,
				"bytes":	45135084,
				"bits_per_second":	361074172.44726855,
				"jitter_ms":	0.014261294597708595,
				"lost_packets":	12989,
				"packets":	46473,
				"lost_percent":	27.949562111333464,
				"omitted":	false,
				"sender":	false
			}
		}, {
			"streams":	[{
					"socket":	5,
					"start":	957.001068,
					"end":	958.001048,
					"seconds":	0.99997997283935547,
					"bytes":	45767296,
					"bits_per_second":	366145700.85877043,
					"jitter_ms":	0.015806104095437905,
					"lost_packets":	12706,
					"packets":	46660,
					"lost_percent":	27.231033004714959,
					"omitted":	false,
					"sender":	false
				}],
			"sum":	{
				"start":	957.001068,
				"end":	958.001048,
				"seconds":	0.99997997283935547,
				"bytes":	45767296,
				"bits_per_second":	366145700.85877043,
				"jitter_ms":	0.015806104095437905,
				"lost_packets":	12706,
				"packets":	46660,
				"lost_percent":	27.231033004714959,
				"omitted":	false,
				"sender":	false
			}
		}, {
			"streams":	[{
					"socket":	5,
					"start":	958.001048,
					"end":	959.001069,
					"seconds":	1.0000209808349609,
					"bytes":	45333240,
					"bits_per_second":	362658311.125827,
					"jitter_ms":	0.015114392123248204,
					"lost_packets":	12308,
					"packets":	45938,
					"lost_percent":	26.792633549566808,
					"omitted":	false,
					"sender":	false
				}],
			"sum":	{
				"start":	958.001048,
				"end":	959.001069,
				"seconds":	1.0000209808349609,
				"bytes":	45333240,
				"bits_per_second":	362658311.125827,
				"jitter_ms":	0.015114392123248204,
				"lost_packets":	12308,
				"packets":	45938,
				"lost_percent":	26.792633549566808,
				"omitted":	false,
				"sender":	false
			}
		}, {
			"streams":	[{
					"socket":	5,
					"start":	959.001069,
					"end":	960.001082,
					"seconds":	1.000012993812561,
					"bytes":	45445124,
					"bits_per_second":	363556268.017998,
					"jitter_ms":	0.019617763793088917,
					"lost_packets":	12639,
					"packets":	46352,
					"lost_percent":	27.267431826026925,
					"omitted":	false,
					"sender":	false
				}],
			"sum":	{
				"start":	959.001069,
				"end":	960.001082,
				"seconds":	1.000012993812561,
				"bytes":	45445124,
				"bits_per_second":	363556268.017998,
				"jitter_ms":	0.019617763793088917,
				"lost_packets":	12639,
				"packets":	46352,
				"lost_percent":	27.267431826026925,
				"omitted":	false,
				"sender":	false
			}
		}, {
			"streams":	[{
					"socket":	5,
					"start":	960.001082,
					"end":	961.001068,
					"seconds":	0.99998599290847778,
					"bytes":	45585316,
					"bits_per_second":	364687636.21309745,
					"jitter_ms":	0.13718646286063393,
					"lost_packets":	12659,
					"packets":	46476,
					"lost_percent":	27.237714088992167,
					"omitted":	false,
					"sender":	false
				}],
			"sum":	{
				"start":	960.001082,
				"end":	961.001068,
				"seconds":	0.99998599290847778,
				"bytes":	45585316,
				"bits_per_second":	364687636.21309745,
				"jitter_ms":	0.13718646286063393,
				"lost_packets":	12659,
				"packets":	46476,
				"lost_percent":	27.237714088992167,
				"omitted":	false,
				"sender":	false
			}
		}, {
			"streams":	[{
					"socket":	5,
					"start":	961.001068,
					"end":	962.001066,
					"seconds":	0.99999797344207764,
					"bytes":	43870660,
					"bits_per_second":	350965991.25291,
					"jitter_ms":	0.057752705908271328,
					"lost_packets":	12577,
					"packets":	45123,
					"lost_percent":	27.872703499324071,
					"omitted":	false,
					"sender":	false
				}],
			"sum":	{
				"start":	961.001068,
				"end":	962.001066,
				"seconds":	0.99999797344207764,
				"bytes":	43870660,
				"bits_per_second":	350965991.25291,
				"jitter_ms":	0.057752705908271328,
				"lost_packets":	12577,
				"packets":	45123,
				"lost_percent":	27.872703499324071,
				"omitted":	false,
				"sender":	false
			}
		}, {
			"streams":	[{
					"socket":	5,
					"start":	962.001066,
					"end":	963.00108,
					"seconds":	1.0000139474868774,
					"bytes":	46492520,
					"bits_per_second":	371934972.44185263,
					"jitter_ms":	0.0351304882471863,
					"lost_packets":	13085,
					"packets":	47579,
					"lost_percent":	27.501628869879568,
					"omitted":	false,
					"sender":	false
				}],
			"sum":	{
				"start":	962.001066,
				"end":	963.00108,
				"seconds":	1.0000139474868774,
				"bytes":	46492520,
				"bits_per_second":	371934972.44185263,
				"jitter_ms":	0.0351304882471863,
				"lost_packets":	13085,
				"packets":	47579,
				"lost_percent":	27.501628869879568,
				"omitted":	false,
				"sender":	false
			}
		}, {
			"streams":	[{
					"socket":	5,
					"start":	963.00108,
					"end":	964.001193,
					"seconds":	1.0001130104064941,
					"bytes":	43956932,
					"bits_per_second":	351615719.76457965,
					"jitter_ms":	0.037330692598518046,
					"lost_packets":	12129,
					"packets":	44742,
					"lost_percent":	27.108756872737025,
					"omitted":	false,
					"sender":	false
				}],
			"sum":	{
				"start":	963.00108,
				"end":	964.001193,
				"seconds":	1.0001130104064941,
				"bytes":	43956932,
				"bits_per_second":	351615719.76457965,
				"jitter_ms":	0.037330692598518046,
				"lost_packets":	12129,
				"packets":	44742,
				"lost_percent":	27.108756872737025,
				"omitted":	false,
				"sender":	false
			}
		}, {
			"streams":	[{
					"socket":	5,
					"start":	964.001193,
					"end":	965.001086,
					"seconds":	0.99989300966262817,
					"bytes":	47398376,
					"bits_per_second":	379227581.68690538,
					"jitter_ms":	0.012043430657797251,
					"lost_packets":	12842,
					"packets":	48007,
					"lost_percent":	26.750265586268668,
					"omitted":	false,
					"sender":	false
				}],
			"sum":	{
				"start":	964.001193,
				"end":	965.001086,
				"seconds":	0.99989300966262817,
				"bytes":	47398376,
				"bits_per_second":	379227581.68690538,
				"jitter_ms":	0.012043430657797251,
				"lost_packets":	12842,
				"packets":	48007,
				"lost_percent":	26.750265586268668,
				"omitted":	false,
				"sender":	false
			}
		}, {
			"streams":	[{
					"socket":	5,
					"start":	965.001086,
					"end":	966.001071,
					"seconds":	0.9999849796295166,
					"bytes":	45244272,
					"bits_per_second":	361959612.76748377,
					"jitter_ms":	0.023357815415695673,
					"lost_packets":	13067,
					"packets":	46631,
					"lost_percent":	28.022131200274494,
					"omitted":	false,
					"sender":	false
				}],
			"sum":	{
				"start":	965.001086,
				"end":	966.001071,
				"seconds":	0.9999849796295166,
				"bytes":	45244272,
				"bits_per_second":	361959612.76748377,
				"jitter_ms":	0.023357815415695673,
				"lost_packets":	13067,
				"packets":	46631,
				"lost_percent":	28.022131200274494,
				"omitted":	false,
				"sender":	false
			}
		}, {
			"streams":	[{
					"socket":	5,
					"start":	966.001071,
					"end":	967.001072,
					"seconds":	1.0000009536743164,
					"bytes":	45978932,
					"bits_per_second":	367831105.20892221,
					"jitter_ms":	0.0263973783122139,
					"lost_packets":	12532,
					"packets":	46641,
					"lost_percent":	26.869063699320339,
					"omitted":	false,
					"sender":	false
				}],
			"sum":	{
				"start":	966.001071,
				"end":	967.001072,
				"seconds":	1.0000009536743164,
				"bytes":	45978932,
				"bits_per_second":	367831105.20892221,
				"jitter_ms":	0.0263973783122139,
				"lost_packets":	12532,
				"packets":	46641,
				"lost_percent":	26.869063699320339,
				"omitted":	false,
				"sender":	false
			}
		}, {
			"streams":	[{
					"socket":	5,
					"start":	967.001072,
					"end":	968.001067,
					"seconds":	0.999994993209839,
					"bytes":	44990848,
					"bits_per_second":	359928586.08690351,
					"jitter_ms":	0.013317492990599217,
					"lost_packets":	12628,
					"packets":	46006,
					"lost_percent":	27.4485936616963,
					"omitted":	false,
					"sender":	false
				}],
			"sum":	{
				"start":	967.001072,
				"end":	968.001067,
				"seconds":	0.999994993209839,
				"bytes":	44990848,
				"bits_per_second":	359928586.08690351,
				"jitter_ms":	0.013317492990599217,
				"lost_packets":	12628,
				"packets":	46006,
				"lost_percent":	27.4485936616963,
				"omitted":	false,
				"sender":	false
			}
		}, {
			"streams":	[{
					"socket":	5,
					"start":	968.001067,
					"end":	969.001067,
					"seconds":	1,
					"bytes":	45438384,
					"bits_per_second":	363507072,
					"jitter_ms":	0.00648728074954877,
					"lost_packets":	12622,
					"packets":	46333,
					"lost_percent":	27.24192260375974,
					"omitted":	false,
					"sender":	false
				}],
			"sum":	{
				"start":	968.001067,
				"end":	969.001067,
				"seconds":	1,
				"bytes":	45438384,
				"bits_per_second":	363507072,
				"jitter_ms":	0.00648728074954877,
				"lost_packets":	12622,
				"packets":	46333,
				"lost_percent":	27.24192260375974,
				"omitted":	false,
				"sender":	false
			}
		}, {
			"streams":	[{
					"socket":	5,
					"start":	969.001067,
					"end":	970.001044,
					"seconds":	0.9999769926071167,
					"bytes":	44231924,
					"bits_per_second":	353863533.47734177,
					"jitter_ms":	0.016279770924114447,
					"lost_packets":	12349,
					"packets":	45162,
					"lost_percent":	27.343784597670609,
					"omitted":	false,
					"sender":	false
				}],
			"sum":	{
				"start":	969.001067,
				"end":	970.001044,
				"seconds":	0.9999769926071167,
				"bytes":	44231924,
				"bits_per_second":	353863533.47734177,
				"jitter_ms":	0.016279770924114447,
				"lost_packets":	12349,
				"packets":	45162,
				"lost_percent":	27.343784597670609,
				"omitted":	false,
				"sender":	false
			}
		}, {
			"streams":	[{
					"socket":	5,
					"start":	970.001044,
					"end":	971.000732,
					"seconds":	0.99968802928924561,
					"bytes":	46646192,
					"bits_per_second":	373285990.29570723,
					"jitter_ms":	0.030977988187595416,
					"lost_packets":	12750,
					"packets":	47354,
					"lost_percent":	26.924863791865523,
					"omitted":	false,
					"sender":	false
				}],
			"sum":	{
				"start":	970.001044,
				"end":	971.000732,
				"seconds":	0.99968802928924561,
				"bytes":	46646192,
				"bits_per_second":	373285990.29570723,
				"jitter_ms":	0.030977988187595416,
				"lost_packets":	12750,
				"packets":	47354,
				"lost_percent":	26.924863791865523,
				"omitted":	false,
				"sender":	false
			}
		}, {
			"streams":	[{
					"socket":	5,
					"start":	971.000732,
					"end":	972.001062,
					"seconds":	1.0003299713134766,
					"bytes":	45991064,
					"bits_per_second":	367807146.19286466,
					"jitter_ms":	0.016983765018349663,
					"lost_packets":	12999,
					"packets":	47117,
					"lost_percent":	27.588768385083942,
					"omitted":	false,
					"sender":	false
				}],
			"sum":	{
				"start":	971.000732,
				"end":	972.001062,
				"seconds":	1.0003299713134766,
				"bytes":	45991064,
				"bits_per_second":	367807146.19286466,
				"jitter_ms":	0.016983765018349663,
				"lost_packets":	12999,
				"packets":	47117,
				"lost_percent":	27.588768385083942,
				"omitted":	false,
				"sender":	false
			}
		}, {
			"streams":	[{
					"socket":	5,
					"start":	972.001062,
					"end":	973.001064,
					"seconds":	1.0000020265579224,
					"bytes":	44903228,
					"bits_per_second":	359225096.00953579,
					"jitter_ms":	0.14707729916739262,
					"lost_packets":	12714,
					"packets":	46025,
					"lost_percent":	27.624117327539381,
					"omitted":	false,
					"sender":	false
				}],
			"sum":	{
				"start":	972.001062,
				"end":	973.001064,
				"seconds":	1.0000020265579224,
				"bytes":	44903228,
				"bits_per_second":	359225096.00953579,
				"jitter_ms":	0.14707729916739262,
				"lost_packets":	12714,
				"packets":	46025,
				"lost_percent":	27.624117327539381,
				"omitted":	false,
				"sender":	false
			}
		}, {
			"streams":	[{
					"socket":	5,
					"start":	973.001064,
					"end":	974.001065,
					"seconds":	1.0000009536743164,
					"bytes":	43339548,
					"bits_per_second":	346716053.34580481,
					"jitter_ms":	0.0450694576336631,
					"lost_packets":	11847,
					"packets":	43999,
					"lost_percent":	26.92561194572604,
					"omitted":	false,
					"sender":	false
				}],
			"sum":	{
				"start":	973.001064,
				"end":	974.001065,
				"seconds":	1.0000009536743164,
				"bytes":	43339548,
				"bits_per_second":	346716053.34580481,
				"jitter_ms":	0.0450694576336631,
				"lost_packets":	11847,
				"packets":	43999,
				"lost_percent":	26.92561194572604,
				"omitted":	false,
				"sender":	false
			}
		}, {
			"streams":	[{
					"socket":	5,
					"start":	974.001065,
					"end":	975.000177,
					"seconds":	0.99911201000213623,
					"bytes":	47273012,
					"bits_per_second":	378520218.16772217,
					"jitter_ms":	0.0133140526058954,
					"lost_packets":	13587,
					"packets":	48658,
					"lost_percent":	27.92346582268075,
					"omitted":	false,
					"sender":	false
				}],
			"sum":	{
				"start":	974.001065,
				"end":	975.000177,
				"seconds":	0.99911201000213623,
				"bytes":	47273012,
				"bits_per_second":	378520218.16772217,
				"jitter_ms":	0.0133140526058954,
				"lost_packets":	13587,
				"packets":	48658,
				"lost_percent":	27.92346582268075,
				"omitted":	false,
				"sender":	false
			}
		}, {
			"streams":	[{
					"socket":	5,
					"start":	975.000177,
					"end":	976.001047,
					"seconds":	1.0008699893951416,
					"bytes":	45420860,
					"bits_per_second":	363051029.45447934,
					"jitter_ms":	0.031513833812094688,
					"lost_packets":	12330,
					"packets":	46025,
					"lost_percent":	26.789788158609451,
					"omitted":	false,
					"sender":	false
				}],
			"sum":	{
				"start":	975.000177,
				"end":	976.001047,
				"seconds":	1.0008699893951416,
				"bytes":	45420860,
				"bits_per_second":	363051029.45447934,
				"jitter_ms":	0.031513833812094688,
				"lost_packets":	12330,
				"packets":	46025,
				"lost_percent":	26.789788158609451,
				"omitted":	false,
				"sender":	false
			}
		}, {
			"streams":	[{
					"socket":	5,
					"start":	976.001047,
					"end":	977.001083,
					"seconds":	1.0000360012054443,
					"bytes":	44532528,
					"bits_per_second":	356247398.66421169,
					"jitter_ms":	0.042283157644546716,
					"lost_packets":	12535,
					"packets":	45573,
					"lost_percent":	27.505321133127072,
					"omitted":	false,
					"sender":	false
				}],
			"sum":	{
				"start":	976.001047,
				"end":	977.001083,
				"seconds":	1.0000360012054443,
				"bytes":	44532528,
				"bits_per_second":	356247398.66421169,
				"jitter_ms":	0.042283157644546716,
				"lost_packets":	12535,
				"packets":	45573,
				"lost_percent":	27.505321133127072,
				"omitted":	false,
				"sender":	false
			}
		}, {
			"streams":	[{
					"socket":	5,
					"start":	977.001083,
					"end":	978.00106,
					"seconds":	0.9999769926071167,
					"bytes":	46368504,
					"bits_per_second":	370956566.74347371,
					"jitter_ms":	0.0074883026205091758,
					"lost_packets":	12830,
					"packets":	47230,
					"lost_percent":	27.164937539699345,
					"omitted":	false,
					"sender":	false
				}],
			"sum":	{
				"start":	977.001083,
				"end":	978.00106,
				"seconds":	0.9999769926071167,
				"bytes":	46368504,
				"bits_per_second":	370956566.74347371,
				"jitter_ms":	0.0074883026205091758,
				"lost_packets":	12830,
				"packets":	47230,
				"lost_percent":	27.164937539699345,
				"omitted":	false,
				"sender":	false
			}
		}, {
			"streams":	[{
					"socket":	5,
					"start":	978.00106,
					"end":	979.001061,
					"seconds":	1.0000009536743164,
					"bytes":	45331892,
					"bits_per_second":	362654790.145441,
					"jitter_ms":	0.016722091775160344,
					"lost_packets":	12627,
					"packets":	46256,
					"lost_percent":	27.298080249048773,
					"omitted":	false,
					"sender":	false
				}],
			"sum":	{
				"start":	978.00106,
				"end":	979.001061,
				"seconds":	1.0000009536743164,
				"bytes":	45331892,
				"bits_per_second":	362654790.145441,
				"jitter_ms":	0.016722091775160344,
				"lost_packets":	12627,
				"packets":	46256,
				"lost_percent":	27.298080249048773,
				"omitted":	false,
				"sender":	false
			}
		}, {
			"streams":	[{
					"socket":	5,
					"start":	979.001061,
					"end":	980.001048,
					"seconds":	0.999987006187439,
					"bytes":	45420860,
					"bits_per_second":	363371601.582481,
					"jitter_ms":	0.051223566551007287,
					"lost_packets":	12698,
					"packets":	46393,
					"lost_percent":	27.370508481883043,
					"omitted":	false,
					"sender":	false
				}],
			"sum":	{
				"start":	979.001061,
				"end":	980.001048,
				"seconds":	0.999987006187439,
				"bytes":	45420860,
				"bits_per_second":	363371601.582481,
				"jitter_ms":	0.051223566551007287,
				"lost_packets":	12698,
				"packets":	46393,
				"lost_percent":	27.370508481883043,
				"omitted":	false,
				"sender":	false
			}
		}, {
			"streams":	[{
					"socket":	5,
					"start":	980.001048,
					"end":	981.00111,
					"seconds":	1.0000619888305664,
					"bytes":	45434340,
					"bits_per_second":	363452190.02377361,
					"jitter_ms":	0.031548521297083625,
					"lost_packets":	12668,
					"packets":	46373,
					"lost_percent":	27.317620166907467,
					"omitted":	false,
					"sender":	false
				}],
			"sum":	{
				"start":	980.001048,
				"end":	981.00111,
				"seconds":	1.0000619888305664,
				"bytes":	45434340,
				"bits_per_second":	363452190.02377361,
				"jitter_ms":	0.031548521297083625,
				"lost_packets":	12668,
				"packets":	46373,
				"lost_percent":	27.317620166907467,
				"omitted":	false,
				"sender":	false
			}
		}, {
			"streams":	[{
					"socket":	5,
					"start":	981.00111,
					"end":	982.001073,
					"seconds":	0.99996298551559448,
					"bytes":	45621712,
					"bits_per_second":	364987205.81323779,
					"jitter_ms":	0.01152950023246237,
					"lost_packets":	12585,
					"packets":	46429,
					"lost_percent":	27.105903637812574,
					"omitted":	false,
					"sender":	false
				}],
			"sum":	{
				"start":	981.00111,
				"end":	982.001073,
				"seconds":	0.99996298551559448,
				"bytes":	45621712,
				"bits_per_second":	364987205.81323779,
				"jitter_ms":	0.01152950023246237,
				"lost_packets":	12585,
				"packets":	46429,
				"lost_percent":	27.105903637812574,
				"omitted":	false,
				"sender":	false
			}
		}, {
			"streams":	[{
					"socket":	5,
					"start":	982.001073,
					"end":	983.001075,
					"seconds":	1.0000020265579224,
					"bytes":	45172828,
					"bits_per_second":	361381891.63866448,
					"jitter_ms":	0.010694183203000116,
					"lost_packets":	13039,
					"packets":	46552,
					"lost_percent":	28.009537721257949,
					"omitted":	false,
					"sender":	false
				}],
			"sum":	{
				"start":	982.001073,
				"end":	983.001075,
				"seconds":	1.0000020265579224,
				"bytes":	45172828,
				"bits_per_second":	361381891.63866448,
				"jitter_ms":	0.010694183203000116,
				"lost_packets":	13039,
				"packets":	46552,
				"lost_percent":	28.009537721257949,
				"omitted":	false,
				"sender":	false
			}
		}, {
			"streams":	[{
					"socket":	5,
					"start":	983.001075,
					"end":	984.001051,
					"seconds":	0.99997597932815552,
					"bytes":	46057116,
					"bits_per_second":	368465778.79555839,
					"jitter_ms":	0.016122838310441777,
					"lost_packets":	12697,
					"packets":	46867,
					"lost_percent":	27.091556959054344,
					"omitted":	false,
					"sender":	false
				}],
			"sum":	{
				"start":	983.001075,
				"end":	984.001051,
				"seconds":	0.99997597932815552,
				"bytes":	46057116,
				"bits_per_second":	368465778.79555839,
				"jitter_ms":	0.016122838310441777,
				"lost_packets":	12697,
				"packets":	46867,
				"lost_percent":	27.091556959054344,
				"omitted":	false,
				"sender":	false
			}
		}, {
			"streams":	[{
					"socket":	5,
					"start":	984.001051,
					"end":	985.00109,
					"seconds":	1.0000389814376831,
					"bytes":	44982760,
					"bits_per_second":	359848052.605562,
					"jitter_ms":	0.00657838096034276,
					"lost_packets":	12689,
					"packets":	46059,
					"lost_percent":	27.549447447838642,
					"omitted":	false,
					"sender":	false
				}],
			"sum":	{
				"start":	984.001051,
				"end":	985.00109,
				"seconds":	1.0000389814376831,
				"bytes":	44982760,
				"bits_per_second":	359848052.605562,
				"jitter_ms":	0.00657838096034276,
				"lost_packets":	12689,
				"packets":	46059,
				"lost_percent":	27.549447447838642,
				"omitted":	false,
				"sender":	false
			}
		}, {
			"streams":	[{
					"socket":	5,
					"start":	985.00109,
					"end":	986.000541,
					"seconds":	0.999450981616974,
					"bytes":	45202484,
					"bits_per_second":	361818517.01716167,
					"jitter_ms":	0.037955718009528669,
					"lost_packets":	12660,
					"packets":	46193,
					"lost_percent":	27.406749940467169,
					"omitted":	false,
					"sender":	false
				}],
			"sum":	{
				"start":	985.00109,
				"end":	986.000541,
				"seconds":	0.999450981616974,
				"bytes":	45202484,
				"bits_per_second":	361818517.01716167,
				"jitter_ms":	0.037955718009528669,
				"lost_packets":	12660,
				"packets":	46193,
				"lost_percent":	27.406749940467169,
				"omitted":	false,
				"sender":	false
			}
		}, {
			"streams":	[{
					"socket":	5,
					"start":	986.000541,
					"end":	987.000148,
					"seconds":	0.999607026576996,
					"bytes":	45408728,
					"bits_per_second":	363412635.50733829,
					"jitter_ms":	0.0069555898524448325,
					"lost_packets":	12479,
					"packets":	46165,
					"lost_percent":	27.031300768980831,
					"omitted":	false,
					"sender":	false
				}],
			"sum":	{
				"start":	986.000541,
				"end":	987.000148,
				"seconds":	0.999607026576996,
				"bytes":	45408728,
				"bits_per_second":	363412635.50733829,
				"jitter_ms":	0.0069555898524448325,
				"lost_packets":	12479,
				"packets":	46165,
				"lost_percent":	27.031300768980831,
				"omitted":	false,
				"sender":	false
			}
		}, {
			"streams":	[{
					"socket":	5,
					"start":	987.000148,
					"end":	988.000091,
					"seconds":	0.99994301795959473,
					"bytes":	45396596,
					"bits_per_second":	363193463.50461233,
					"jitter_ms":	0.0067222932754407343,
					"lost_packets":	12689,
					"packets":	46366,
					"lost_percent":	27.367036190311868,
					"omitted":	false,
					"sender":	false
				}],
			"sum":	{
				"start":	987.000148,
				"end":	988.000091,
				"seconds":	0.99994301795959473,
				"bytes":	45396596,
				"bits_per_second":	363193463.50461233,
				"jitter_ms":	0.0067222932754407343,
				"lost_packets":	12689,
				"packets":	46366,
				"lost_percent":	27.367036190311868,
				"omitted":	false,
				"sender":	false
			}
		}, {
			"streams":	[{
					"socket":	5,
					"start":	988.000091,
					"end":	989.001061,
					"seconds":	1.0009700059890747,
					"bytes":	45420860,
					"bits_per_second":	363014753.514968,
					"jitter_ms":	0.00726818719840377,
					"lost_packets":	12668,
					"packets":	46363,
					"lost_percent":	27.32351228350193,
					"omitted":	false,
					"sender":	false
				}],
			"sum":	{
				"start":	988.000091,
				"end":	989.001061,
				"seconds":	1.0009700059890747,
				"bytes":	45420860,
				"bits_per_second":	363014753.514968,
				"jitter_ms":	0.00726818719840377,
				"lost_packets":	12668,
				"packets":	46363,
				"lost_percent":	27.32351228350193,
				"omitted":	false,
				"sender":	false
			}
		}, {
			"streams":	[{
					"socket":	5,
					"start":	989.001061,
					"end":	990.001053,
					"seconds":	0.9999920129776,
					"bytes":	45446472,
					"bits_per_second":	363574679.87911224,
					"jitter_ms":	0.0278306956981779,
					"lost_packets":	12625,
					"packets":	46339,
					"lost_percent":	27.244869332527678,
					"omitted":	false,
					"sender":	false
				}],
			"sum":	{
				"start":	989.001061,
				"end":	990.001053,
				"seconds":	0.9999920129776,
				"bytes":	45446472,
				"bits_per_second":	363574679.87911224,
				"jitter_ms":	0.0278306956981779,
				"lost_packets":	12625,
				"packets":	46339,
				"lost_percent":	27.244869332527678,
				"omitted":	false,
				"sender":	false
			}
		}, {
			"streams":	[{
					"socket":	5,
					"start":	990.001053,
					"end":	991.001062,
					"seconds":	1.0000089406967163,
					"bytes":	45306280,
					"bits_per_second":	362446999.471302,
					"jitter_ms":	0.0359505126665668,
					"lost_packets":	12660,
					"packets":	46270,
					"lost_percent":	27.3611411281608,
					"omitted":	false,
					"sender":	false
				}],
			"sum":	{
				"start":	990.001053,
				"end":	991.001062,
				"seconds":	1.0000089406967163,
				"bytes":	45306280,
				"bits_per_second":	362446999.471302,
				"jitter_ms":	0.0359505126665668,
				"lost_packets":	12660,
				"packets":	46270,
				"lost_percent":	27.3611411281608,
				"omitted":	false,
				"sender":	false
			}
		}, {
			"streams":	[{
					"socket":	5,
					"start":	991.001062,
					"end":	992.001056,
					"seconds":	0.99999397993087769,
					"bytes":	45585316,
					"bits_per_second":	364684723.42724288,
					"jitter_ms":	0.057575846366924,
					"lost_packets":	12585,
					"packets":	46402,
					"lost_percent":	27.121675789836644,
					"omitted":	false,
					"sender":	false
				}],
			"sum":	{
				"start":	991.001062,
				"end":	992.001056,
				"seconds":	0.99999397993087769,
				"bytes":	45585316,
				"bits_per_second":	364684723.42724288,
				"jitter_ms":	0.057575846366924,
				"lost_packets":	12585,
				"packets":	46402,
				"lost_percent":	27.121675789836644,
				"omitted":	false,
				"sender":	false
			}
		}, {
			"streams":	[{
					"socket":	5,
					"start":	992.001056,
					"end":	993.001057,
					"seconds":	1.0000009536743164,
					"bytes":	45308976,
					"bits_per_second":	362471462.320276,
					"jitter_ms":	0.0375266329330688,
					"lost_packets":	13177,
					"packets":	46789,
					"lost_percent":	28.162602321058369,
					"omitted":	false,
					"sender":	false
				}],
			"sum":	{
				"start":	992.001056,
				"end":	993.001057,
				"seconds":	1.0000009536743164,
				"bytes":	45308976,
				"bits_per_second":	362471462.320276,
				"jitter_ms":	0.0375266329330688,
				"lost_packets":	13177,
				"packets":	46789,
				"lost_percent":	28.162602321058369,
				"omitted":	false,
				"sender":	false
			}
		}, {
			"streams":	[{
					"socket":	5,
					"start":	993.001057,
					"end":	994.001054,
					"seconds":	0.99999701976776123,
					"bytes":	45458604,
					"bits_per_second":	363669915.8208074,
					"jitter_ms":	0.037676939670082225,
					"lost_packets":	12642,
					"packets":	46365,
					"lost_percent":	27.2662568747978,
					"omitted":	false,
					"sender":	false
				}],
			"sum":	{
				"start":	993.001057,
				"end":	994.001054,
				"seconds":	0.99999701976776123,
				"bytes":	45458604,
				"bits_per_second":	363669915.8208074,
				"jitter_ms":	0.037676939670082225,
				"lost_packets":	12642,
				"packets":	46365,
				"lost_percent":	27.2662568747978,
				"omitted":	false,
				"sender":	false
			}
		}, {
			"streams":	[{
					"socket":	5,
					"start":	994.001054,
					"end":	995.001098,
					"seconds":	1.0000439882278442,
					"bytes":	45346720,
					"bits_per_second":	362757802.92711258,
					"jitter_ms":	0.0067057908629048046,
					"lost_packets":	12387,
					"packets":	46027,
					"lost_percent":	26.912464423056033,
					"omitted":	false,
					"sender":	false
				}],
			"sum":	{
				"start":	994.001054,
				"end":	995.001098,
				"seconds":	1.0000439882278442,
				"bytes":	45346720,
				"bits_per_second":	362757802.92711258,
				"jitter_ms":	0.0067057908629048046,
				"lost_packets":	12387,
				"packets":	46027,
				"lost_percent":	26.912464423056033,
				"omitted":	false,
				"sender":	false
			}
		}, {
			"streams":	[{
					"socket":	5,
					"start":	995.001098,
					"end":	996.001074,
					"seconds":	0.99997597932815552,
					"bytes":	45283364,
					"bits_per_second":	362275614.10364366,
					"jitter_ms":	0.0084338711784321153,
					"lost_packets":	12951,
					"packets":	46545,
					"lost_percent":	27.824685787947146,
					"omitted":	false,
					"sender":	false
				}],
			"sum":	{
				"start":	995.001098,
				"end":	996.001074,
				"seconds":	0.99997597932815552,
				"bytes":	45283364,
				"bits_per_second":	362275614.10364366,
				"jitter_ms":	0.0084338711784321153,
				"lost_packets":	12951,
				"packets":	46545,
				"lost_percent":	27.824685787947146,
				"omitted":	false,
				"sender":	false
			}
		}, {
			"streams":	[{
					"socket":	5,
					"start":	996.001074,
					"end":	997.000859,
					"seconds":	0.999785006046295,
					"bytes":	45717420,
					"bits_per_second":	365818008.66001827,
					"jitter_ms":	0.0072037872271336354,
					"lost_packets":	12266,
					"packets":	46183,
					"lost_percent":	26.559556546781284,
					"omitted":	false,
					"sender":	false
				}],
			"sum":	{
				"start":	996.001074,
				"end":	997.000859,
				"seconds":	0.999785006046295,
				"bytes":	45717420,
				"bits_per_second":	365818008.66001827,
				"jitter_ms":	0.0072037872271336354,
				"lost_packets":	12266,
				"packets":	46183,
				"lost_percent":	26.559556546781284,
				"omitted":	false,
				"sender":	false
			}
		}, {
			"streams":	[{
					"socket":	5,
					"start":	997.000859,
					"end":	998.00109,
					"seconds":	1.0002310276031494,
					"bytes":	45458604,
					"bits_per_second":	363584833.86729014,
					"jitter_ms":	0.00702659660015222,
					"lost_packets":	12643,
					"packets":	46366,
					"lost_percent":	27.2678255618341,
					"omitted":	false,
					"sender":	false
				}],
			"sum":	{
				"start":	997.000859,
				"end":	998.00109,
				"seconds":	1.0002310276031494,
				"bytes":	45458604,
				"bits_per_second":	363584833.86729014,
				"jitter_ms":	0.00702659660015222,
				"lost_packets":	12643,
				"packets":	46366,
				"lost_percent":	27.2678255618341,
				"omitted":	false,
				"sender":	false
			}
		}, {
			"streams":	[{
					"socket":	5,
					"start":	998.00109,
					"end":	999.000476,
					"seconds":	0.9993860125541687,
					"bytes":	45038028,
					"bits_per_second":	360525582.18136036,
					"jitter_ms":	0.03989972877738443,
					"lost_packets":	12688,
					"packets":	46101,
					"lost_percent":	27.52217956226546,
					"omitted":	false,
					"sender":	false
				}],
			"sum":	{
				"start":	998.00109,
				"end":	999.000476,
				"seconds":	0.9993860125541687,
				"bytes":	45038028,
				"bits_per_second":	360525582.18136036,
				"jitter_ms":	0.03989972877738443,
				"lost_packets":	12688,
				"packets":	46101,
				"lost_percent":	27.52217956226546,
				"omitted":	false,
				"sender":	false
			}
		}, {
			"streams":	[{
					"socket":	5,
					"start":	999.000476,
					"end":	1000.001065,
					"seconds":	1.0005890130996704,
					"bytes":	43989284,
					"bits_per_second":	351707111.90384138,
					"jitter_ms":	0.38478660158882055,
					"lost_packets":	12651,
					"packets":	45286,
					"lost_percent":	27.9357858940953,
					"omitted":	false,
					"sender":	false
				}],
			"sum":	{
				"start":	999.000476,
				"end":	1000.001065,
				"seconds":	1.0005890130996704,
				"bytes":	43989284,
				"bits_per_second":	351707111.90384138,
				"jitter_ms":	0.38478660158882055,
				"lost_packets":	12651,
				"packets":	45286,
				"lost_percent":	27.9357858940953,
				"omitted":	false,
				"sender":	false
			}
		}, {
			"streams":	[{
					"socket":	5,
					"start":	1000.001065,
					"end":	1001.001069,
					"seconds":	1.0000040531158447,
					"bytes":	45416816,
					"bits_per_second":	363333055.36903638,
					"jitter_ms":	0.033216846111128566,
					"lost_packets":	12506,
					"packets":	46200,
					"lost_percent":	27.069264069264069,
					"omitted":	false,
					"sender":	false
				}],
			"sum":	{
				"start":	1000.001065,
				"end":	1001.001069,
				"seconds":	1.0000040531158447,
				"bytes":	45416816,
				"bits_per_second":	363333055.36903638,
				"jitter_ms":	0.033216846111128566,
				"lost_packets":	12506,
				"packets":	46200,
				"lost_percent":	27.069264069264069,
				"omitted":	false,
				"sender":	false
			}
		}, {
			"streams":	[{
					"socket":	5,
					"start":	1001.001069,
					"end":	1002.00108,
					"seconds":	1.0000109672546387,
					"bytes":	45767296,
					"bits_per_second":	366134352.511324,
					"jitter_ms":	0.0066958384521610056,
					"lost_packets":	13922,
					"packets":	47874,
					"lost_percent":	29.080502987007563,
					"omitted":	false,
					"sender":	false
				}],
			"sum":	{
				"start":	1001.001069,
				"end":	1002.00108,
				"seconds":	1.0000109672546387,
				"bytes":	45767296,
				"bits_per_second":	366134352.511324,
				"jitter_ms":	0.0066958384521610056,
				"lost_packets":	13922,
				"packets":	47874,
				"lost_percent":	29.080502987007563,
				"omitted":	false,
				"sender":	false
			}
		}, {
			"streams":	[{
					"socket":	5,
					"start":	1002.00108,
					"end":	1003.001116,
					"seconds":	1.0000360012054443,
					"bytes":	45013764,
					"bits_per_second":	360097148.06859249,
					"jitter_ms":	0.031138947951056015,
					"lost_packets":	12895,
					"packets":	46289,
					"lost_percent":	27.857590356240145,
					"omitted":	false,
					"sender":	false
				}],
			"sum":	{
				"start":	1002.00108,
				"end":	1003.001116,
				"seconds":	1.0000360012054443,
				"bytes":	45013764,
				"bits_per_second":	360097148.06859249,
				"jitter_ms":	0.031138947951056015,
				"lost_packets":	12895,
				"packets":	46289,
				"lost_percent":	27.857590356240145,
				"omitted":	false,
				"sender":	false
			}
		}, {
			"streams":	[{
					"socket":	5,
					"start":	1003.001116,
					"end":	1004.001053,
					"seconds":	0.99993699789047241,
					"bytes":	45651368,
					"bits_per_second":	365233954.50960523,
					"jitter_ms":	0.00794221753992804,
					"lost_packets":	12847,
					"packets":	46715,
					"lost_percent":	27.500802740019267,
					"omitted":	false,
					"sender":	false
				}],
			"sum":	{
				"start":	1003.001116,
				"end":	1004.001053,
				"seconds":	0.99993699789047241,
				"bytes":	45651368,
				"bits_per_second":	365233954.50960523,
				"jitter_ms":	0.00794221753992804,
				"lost_packets":	12847,
				"packets":	46715,
				"lost_percent":	27.500802740019267,
				"omitted":	false,
				"sender":	false
			}
		}, {
			"streams":	[{
					"socket":	5,
					"start":	1004.001053,
					"end":	1005.001074,
					"seconds":	1.0000209808349609,
					"bytes":	45434340,
					"bits_per_second":	363467094.15688378,
					"jitter_ms":	0.037398388409151183,
					"lost_packets":	12724,
					"packets":	46429,
					"lost_percent":	27.4052854896724,
					"omitted":	false,
					"sender":	false
				}],
			"sum":	{
				"start":	1004.001053,
				"end":	1005.001074,
				"seconds":	1.0000209808349609,
				"bytes":	45434340,
				"bits_per_second":	363467094.15688378,
				"jitter_ms":	0.037398388409151183,
				"lost_packets":	12724,
				"packets":	46429,
				"lost_percent":	27.4052854896724,
				"omitted":	false,
				"sender":	false
			}
		}, {
			"streams":	[{
					"socket":	5,
					"start":	1005.001074,
					"end":	1006.00105,
					"seconds":	0.99997597932815552,
					"bytes":	46357720,
					"bits_per_second":	370870668.5626263,
					"jitter_ms":	0.024751171572111121,
					"lost_packets":	12724,
					"packets":	47114,
					"lost_percent":	27.0068344865645,
					"omitted":	false,
					"sender":	false
				}],
			"sum":	{
				"start":	1005.001074,
				"end":	1006.00105,
				"seconds":	0.99997597932815552,
				"bytes":	46357720,
				"bits_per_second":	370870668.5626263,
				"jitter_ms":	0.024751171572111121,
				"lost_packets":	12724,
				"packets":	47114,
				"lost_percent":	27.0068344865645,
				"omitted":	false,
				"sender":	false
			}
		}, {
			"streams":	[{
					"socket":	5,
					"start":	1006.00105,
					"end":	1007.001075,
					"seconds":	1.0000250339508057,
					"bytes":	43113084,
					"bits_per_second":	344896037.88955438,
					"jitter_ms":	0.005761415993602457,
					"lost_packets":	12276,
					"packets":	44261,
					"lost_percent":	27.7354781862136,
					"omitted":	false,
					"sender":	false
				}],
			"sum":	{
				"start":	1006.00105,
				"end":	1007.001075,
				"seconds":	1.0000250339508057,
				"bytes":	43113084,
				"bits_per_second":	344896037.88955438,
				"jitter_ms":	0.005761415993602457,
				"lost_packets":	12276,
				"packets":	44261,
				"lost_percent":	27.7354781862136,
				"omitted":	false,
				"sender":	false
			}
		}, {
			"streams":	[{
					"socket":	5,
					"start":	1007.001075,
					"end":	1008.001058,
					"seconds":	0.999983012676239,
					"bytes":	46749988,
					"bits_per_second":	374006257.36538249,
					"jitter_ms":	0.00701891936385769,
					"lost_packets":	12698,
					"packets":	47381,
					"lost_percent":	26.799772060530593,
					"omitted":	false,
					"sender":	false
				}],
			"sum":	{
				"start":	1007.001075,
				"end":	1008.001058,
				"seconds":	0.999983012676239,
				"bytes":	46749988,
				"bits_per_second":	374006257.36538249,
				"jitter_ms":	0.00701891936385769,
				"lost_packets":	12698,
				"packets":	47381,
				"lost_percent":	26.799772060530593,
				"omitted":	false,
				"sender":	false
			}
		}, {
			"streams":	[{
					"socket":	5,
					"start":	1008.001058,
					"end":	1009.001053,
					"seconds":	0.999994993209839,
					"bytes":	45408728,
					"bits_per_second":	363271642.8248871,
					"jitter_ms":	0.017620225038810191,
					"lost_packets":	12660,
					"packets":	46346,
					"lost_percent":	27.316273249039831,
					"omitted":	false,
					"sender":	false
				}],
			"sum":	{
				"start":	1008.001058,
				"end":	1009.001053,
				"seconds":	0.999994993209839,
				"bytes":	45408728,
				"bits_per_second":	363271642.8248871,
				"jitter_ms":	0.017620225038810191,
				"lost_packets":	12660,
				"packets":	46346,
				"lost_percent":	27.316273249039831,
				"omitted":	false,
				"sender":	false
			}
		}, {
			"streams":	[{
					"socket":	5,
					"start":	1009.001053,
					"end":	1010.001063,
					"seconds":	1.0000100135803223,
					"bytes":	45321108,
					"bits_per_second":	362565233.423913,
					"jitter_ms":	0.011058082305115697,
					"lost_packets":	12706,
					"packets":	46327,
					"lost_percent":	27.426770565760787,
					"omitted":	false,
					"sender":	false
				}],
			"sum":	{
				"start":	1009.001053,
				"end":	1010.001063,
				"seconds":	1.0000100135803223,
				"bytes":	45321108,
				"bits_per_second":	362565233.423913,
				"jitter_ms":	0.011058082305115697,
				"lost_packets":	12706,
				"packets":	46327,
				"lost_percent":	27.426770565760787,
				"omitted":	false,
				"sender":	false
			}
		}, {
			"streams":	[{
					"socket":	5,
					"start":	1010.001063,
					"end":	1011.001075,
					"seconds":	1.0000120401382446,
					"bytes":	45133736,
					"bits_per_second":	361065540.72097433,
					"jitter_ms":	0.010069538179957017,
					"lost_packets":	12744,
					"packets":	46227,
					"lost_percent":	27.568304237783114,
					"omitted":	false,
					"sender":	false
				}],
			"sum":	{
				"start":	1010.001063,
				"end":	1011.001075,
				"seconds":	1.0000120401382446,
				"bytes":	45133736,
				"bits_per_second":	361065540.72097433,
				"jitter_ms":	0.010069538179957017,
				"lost_packets":	12744,
				"packets":	46227,
				"lost_percent":	27.568304237783114,
				"omitted":	false,
				"sender":	false
			}
		}, {
			"streams":	[{
					"socket":	5,
					"start":	1011.001075,
					"end":	1012.001049,
					"seconds":	0.999974012374878,
					"bytes":	45616320,
					"bits_per_second":	364940043.92505354,
					"jitter_ms":	0.038174197161864855,
					"lost_packets":	12716,
					"packets":	46559,
					"lost_percent":	27.31158315255912,
					"omitted":	false,
					"sender":	false
				}],
			"sum":	{
				"start":	1011.001075,
				"end":	1012.001049,
				"seconds":	0.999974012374878,
				"bytes":	45616320,
				"bits_per_second":	364940043.92505354,
				"jitter_ms":	0.038174197161864855,
				"lost_packets":	12716,
				"packets":	46559,
				"lost_percent":	27.31158315255912,
				"omitted":	false,
				"sender":	false
			}
		}, {
			"streams":	[{
					"socket":	5,
					"start":	1012.001049,
					"end":	1013.001097,
					"seconds":	1.000048041343689,
					"bytes":	45126996,
					"bits_per_second":	360998625.14097834,
					"jitter_ms":	0.015647598105131659,
					"lost_packets":	13056,
					"packets":	46535,
					"lost_percent":	28.056301708391533,
					"omitted":	false,
					"sender":	false
				}],
			"sum":	{
				"start":	1012.001049,
				"end":	1013.001097,
				"seconds":	1.000048041343689,
				"bytes":	45126996,
				"bits_per_second":	360998625.14097834,
				"jitter_ms":	0.015647598105131659,
				"lost_packets":	13056,
				"packets":	46535,
				"lost_percent":	28.056301708391533,
				"omitted":	false,
				"sender":	false
			}
		}, {
			"streams":	[{
					"socket":	5,
					"start":	1013.001097,
					"end":	1014.001058,
					"seconds":	0.999961018562317,
					"bytes":	45650020,
					"bits_per_second":	365214396.58224136,
					"jitter_ms":	0.0067806068834000283,
					"lost_packets":	12330,
					"packets":	46196,
					"lost_percent":	26.690622564724219,
					"omitted":	false,
					"sender":	false
				}],
			"sum":	{
				"start":	1013.001097,
				"end":	1014.001058,
				"seconds":	0.999961018562317,
				"bytes":	45650020,
				"bits_per_second":	365214396.58224136,
				"jitter_ms":	0.0067806068834000283,
				"lost_packets":	12330,
				"packets":	46196,
				"lost_percent":	26.690622564724219,
				"omitted":	false,
				"sender":	false
			}
		}, {
			"streams":	[{
					"socket":	5,
					"start":	1014.001058,
					"end":	1015.001051,
					"seconds":	0.99999302625656128,
					"bytes":	45482868,
					"bits_per_second":	363865481.50451422,
					"jitter_ms":	0.00724481473506395,
					"lost_packets":	12623,
					"packets":	46364,
					"lost_percent":	27.225864895177292,
					"omitted":	false,
					"sender":	false
				}],
			"sum":	{
				"start":	1014.001058,
				"end":	1015.001051,
				"seconds":	0.99999302625656128,
				"bytes":	45482868,
				"bits_per_second":	363865481.50451422,
				"jitter_ms":	0.00724481473506395,
				"lost_packets":	12623,
				"packets":	46364,
				"lost_percent":	27.225864895177292,
				"omitted":	false,
				"sender":	false
			}
		}, {
			"streams":	[{
					"socket":	5,
					"start":	1015.001051,
					"end":	1016.001069,
					"seconds":	1.0000180006027222,
					"bytes":	45458604,
					"bits_per_second":	363662285.85966718,
					"jitter_ms":	0.0314486955819227,
					"lost_packets":	12985,
					"packets":	46708,
					"lost_percent":	27.800376809111931,
					"omitted":	false,
					"sender":	false
				}],
			"sum":	{
				"start":	1015.001051,
				"end":	1016.001069,
				"seconds":	1.0000180006027222,
				"bytes":	45458604,
				"bits_per_second":	363662285.85966718,
				"jitter_ms":	0.0314486955819227,
				"lost_packets":	12985,
				"packets":	46708,
				"lost_percent":	27.800376809111931,
				"omitted":	false,
				"sender":	false
			}
		}, {
			"streams":	[{
					"socket":	5,
					"start":	1016.001069,
					"end":	1017.00108,
					"seconds":	1.0000109672546387,
					"bytes":	45458604,
					"bits_per_second":	363664843.59505719,
					"jitter_ms":	0.040013635819592774,
					"lost_packets":	12313,
					"packets":	46036,
					"lost_percent":	26.74645929272743,
					"omitted":	false,
					"sender":	false
				}],
			"sum":	{
				"start":	1016.001069,
				"end":	1017.00108,
				"seconds":	1.0000109672546387,
				"bytes":	45458604,
				"bits_per_second":	363664843.59505719,
				"jitter_ms":	0.040013635819592774,
				"lost_packets":	12313,
				"packets":	46036,
				"lost_percent":	26.74645929272743,
				"omitted":	false,
				"sender":	false
			}
		}, {
			"streams":	[{
					"socket":	5,
					"start":	1017.00108,
					"end":	1018.001047,
					"seconds":	0.99996697902679443,
					"bytes":	45432992,
					"bits_per_second":	363475938.32922041,
					"jitter_ms":	0.0059232670612968056,
					"lost_packets":	12653,
					"packets":	46357,
					"lost_percent":	27.294691200897383,
					"omitted":	false,
					"sender":	false
				}],
			"sum":	{
				"start":	1017.00108,
				"end":	1018.001047,
				"seconds":	0.99996697902679443,
				"bytes":	45432992,
				"bits_per_second":	363475938.32922041,
				"jitter_ms":	0.0059232670612968056,
				"lost_packets":	12653,
				"packets":	46357,
				"lost_percent":	27.294691200897383,
				"omitted":	false,
				"sender":	false
			}
		}, {
			"streams":	[{
					"socket":	5,
					"start":	1018.001047,
					"end":	1019.001075,
					"seconds":	1.0000280141830444,
					"bytes":	45132388,
					"bits_per_second":	361048989.5075199,
					"jitter_ms":	0.005389273825351283,
					"lost_packets":	12837,
					"packets":	46319,
					"lost_percent":	27.714328893110817,
					"omitted":	false,
					"sender":	false
				}],
			"sum":	{
				"start":	1018.001047,
				"end":	1019.001075,
				"seconds":	1.0000280141830444,
				"bytes":	45132388,
				"bits_per_second":	361048989.5075199,
				"jitter_ms":	0.005389273825351283,
				"lost_packets":	12837,
				"packets":	46319,
				"lost_percent":	27.714328893110817,
				"omitted":	false,
				"sender":	false
			}
		}, {
			"streams":	[{
					"socket":	5,
					"start":	1019.001075,
					"end":	1020.00105,
					"seconds":	0.999975025653839,
					"bytes":	46162260,
					"bits_per_second":	369307303.20843,
					"jitter_ms":	0.020772211060208216,
					"lost_packets":	12647,
					"packets":	46894,
					"lost_percent":	26.969335096174351,
					"omitted":	false,
					"sender":	false
				}],
			"sum":	{
				"start":	1019.001075,
				"end":	1020.00105,
				"seconds":	0.999975025653839,
				"bytes":	46162260,
				"bits_per_second":	369307303.20843,
				"jitter_ms":	0.020772211060208216,
				"lost_packets":	12647,
				"packets":	46894,
				"lost_percent":	26.969335096174351,
				"omitted":	false,
				"sender":	false
			}
		}, {
			"streams":	[{
					"socket":	5,
					"start":	1020.00105,
					"end":	1021.001065,
					"seconds":	1.0000150203704834,
					"bytes":	44915360,
					"bits_per_second":	359317482.91828543,
					"jitter_ms":	0.0133454168032447,
					"lost_packets":	12543,
					"packets":	45863,
					"lost_percent":	27.348843294158691,
					"omitted":	false,
					"sender":	false
				}],
			"sum":	{
				"start":	1020.00105,
				"end":	1021.001065,
				"seconds":	1.0000150203704834,
				"bytes":	44915360,
				"bits_per_second":	359317482.91828543,
				"jitter_ms":	0.0133454168032447,
				"lost_packets":	12543,
				"packets":	45863,
				"lost_percent":	27.348843294158691,
				"omitted":	false,
				"sender":	false
			}
		}, {
			"streams":	[{
					"socket":	5,
					"start":	1021.001065,
					"end":	1022.001073,
					"seconds":	1.0000079870224,
					"bytes":	45458604,
					"bits_per_second":	363665927.39209181,
					"jitter_ms":	0.0070879185386687133,
					"lost_packets":	12655,
					"packets":	46378,
					"lost_percent":	27.286644529733927,
					"omitted":	false,
					"sender":	false
				}],
			"sum":	{
				"start":	1021.001065,
				"end":	1022.001073,
				"seconds":	1.0000079870224,
				"bytes":	45458604,
				"bits_per_second":	363665927.39209181,
				"jitter_ms":	0.0070879185386687133,
				"lost_packets":	12655,
				"packets":	46378,
				"lost_percent":	27.286644529733927,
				"omitted":	false,
				"sender":	false
			}
		}, {
			"streams":	[{
					"socket":	5,
					"start":	1022.001073,
					"end":	1023.00105,
					"seconds":	0.9999769926071167,
					"bytes":	43361116,
					"bits_per_second":	346896909.19347984,
					"jitter_ms":	0.027917097882376042,
					"lost_packets":	12361,
					"packets":	44530,
					"lost_percent":	27.758814282506176,
					"omitted":	false,
					"sender":	false
				}],
			"sum":	{
				"start":	1022.001073,
				"end":	1023.00105,
				"seconds":	0.9999769926071167,
				"bytes":	43361116,
				"bits_per_second":	346896909.19347984,
				"jitter_ms":	0.027917097882376042,
				"lost_packets":	12361,
				"packets":	44530,
				"lost_percent":	27.758814282506176,
				"omitted":	false,
				"sender":	false
			}
		}, {
			"streams":	[{
					"socket":	5,
					"start":	1023.00105,
					"end":	1024.001062,
					"seconds":	1.0000120401382446,
					"bytes":	48838040,
					"bits_per_second":	390699615.92261219,
					"jitter_ms":	0.042287631967814474,
					"lost_packets":	13464,
					"packets":	49697,
					"lost_percent":	27.092178602330119,
					"omitted":	false,
					"sender":	false
				}],
			"sum":	{
				"start":	1023.00105,
				"end":	1024.001062,
				"seconds":	1.0000120401382446,
				"bytes":	48838040,
				"bits_per_second":	390699615.92261219,
				"jitter_ms":	0.042287631967814474,
				"lost_packets":	13464,
				"packets":	49697,
				"lost_percent":	27.092178602330119,
				"omitted":	false,
				"sender":	false
			}
		}, {
			"streams":	[{
					"socket":	5,
					"start":	1024.001062,
					"end":	1025.001069,
					"seconds":	1.0000070333480835,
					"bytes":	44095776,
					"bits_per_second":	352763726.88991755,
					"jitter_ms":	0.037407631678456073,
					"lost_packets":	12357,
					"packets":	45069,
					"lost_percent":	27.417959129335021,
					"omitted":	false,
					"sender":	false
				}],
			"sum":	{
				"start":	1024.001062,
				"end":	1025.001069,
				"seconds":	1.0000070333480835,
				"bytes":	44095776,
				"bits_per_second":	352763726.88991755,
				"jitter_ms":	0.037407631678456073,
				"lost_packets":	12357,
				"packets":	45069,
				"lost_percent":	27.417959129335021,
				"omitted":	false,
				"sender":	false
			}
		}, {
			"streams":	[{
					"socket":	5,
					"start":	1025.001069,
					"end":	1026.001058,
					"seconds":	0.99998897314071655,
					"bytes":	45445124,
					"bits_per_second":	363565000.98010617,
					"jitter_ms":	0.039691552697539663,
					"lost_packets":	12790,
					"packets":	46503,
					"lost_percent":	27.50360191815582,
					"omitted":	false,
					"sender":	false
				}],
			"sum":	{
				"start":	1025.001069,
				"end":	1026.001058,
				"seconds":	0.99998897314071655,
				"bytes":	45445124,
				"bits_per_second":	363565000.98010617,
				"jitter_ms":	0.039691552697539663,
				"lost_packets":	12790,
				"packets":	46503,
				"lost_percent":	27.50360191815582,
				"omitted":	false,
				"sender":	false
			}
		}, {
			"streams":	[{
					"socket":	5,
					"start":	1026.001058,
					"end":	1027.001069,
					"seconds":	1.0000109672546387,
					"bytes":	44257536,
					"bits_per_second":	354056404.97325021,
					"jitter_ms":	0.048110665144709519,
					"lost_packets":	12601,
					"packets":	45434,
					"lost_percent":	27.734736100717523,
					"omitted":	false,
					"sender":	false
				}],
			"sum":	{
				"start":	1026.001058,
				"end":	1027.001069,
				"seconds":	1.0000109672546387,
				"bytes":	44257536,
				"bits_per_second":	354056404.97325021,
				"jitter_ms":	0.048110665144709519,
				"lost_packets":	12601,
				"packets":	45434,
				"lost_percent":	27.734736100717523,
				"omitted":	false,
				"sender":	false
			}
		}, {
			"streams":	[{
					"socket":	5,
					"start":	1027.001069,
					"end":	1028.00106,
					"seconds":	0.999990999698639,
					"bytes":	46961624,
					"bits_per_second":	375696373.38058066,
					"jitter_ms":	0.0164377121225651,
					"lost_packets":	12609,
					"packets":	47450,
					"lost_percent":	26.573234984193888,
					"omitted":	false,
					"sender":	false
				}],
			"sum":	{
				"start":	1027.001069,
				"end":	1028.00106,
				"seconds":	0.999990999698639,
				"bytes":	46961624,
				"bits_per_second":	375696373.38058066,
				"jitter_ms":	0.0164377121225651,
				"lost_packets":	12609,
				"packets":	47450,
				"lost_percent":	26.573234984193888,
				"omitted":	false,
				"sender":	false
			}
		}, {
			"streams":	[{
					"socket":	5,
					"start":	1028.00106,
					"end":	1029.001069,
					"seconds":	1.0000089406967163,
					"bytes":	44965236,
					"bits_per_second":	359718671.86445165,
					"jitter_ms":	0.040048752620072126,
					"lost_packets":	12529,
					"packets":	45886,
					"lost_percent":	27.304624504206075,
					"omitted":	false,
					"sender":	false
				}],
			"sum":	{
				"start":	1028.00106,
				"end":	1029.001069,
				"seconds":	1.0000089406967163,
				"bytes":	44965236,
				"bits_per_second":	359718671.86445165,
				"jitter_ms":	0.040048752620072126,
				"lost_packets":	12529,
				"packets":	45886,
				"lost_percent":	27.304624504206075,
				"omitted":	false,
				"sender":	false
			}
		}, {
			"streams":	[{
					"socket":	5,
					"start":	1029.001069,
					"end":	1030.00112,
					"seconds":	1.0000510215759277,
					"bytes":	45321108,
					"bits_per_second":	362550366.108968,
					"jitter_ms":	0.021370809931486923,
					"lost_packets":	12801,
					"packets":	46422,
					"lost_percent":	27.57528757916505,
					"omitted":	false,
					"sender":	false
				}],
			"sum":	{
				"start":	1029.001069,
				"end":	1030.00112,
				"seconds":	1.0000510215759277,
				"bytes":	45321108,
				"bits_per_second":	362550366.108968,
				"jitter_ms":	0.021370809931486923,
				"lost_packets":	12801,
				"packets":	46422,
				"lost_percent":	27.57528757916505,
				"omitted":	false,
				"sender":	false
			}
		}, {
			"streams":	[{
					"socket":	5,
					"start":	1030.00112,
					"end":	1031.001079,
					"seconds":	0.99995899200439453,
					"bytes":	45446472,
					"bits_per_second":	363586685.96122,
					"jitter_ms":	0.01788977013753593,
					"lost_packets":	12610,
					"packets":	46324,
					"lost_percent":	27.221310767636645,
					"omitted":	false,
					"sender":	false
				}],
			"sum":	{
				"start":	1030.00112,
				"end":	1031.001079,
				"seconds":	0.99995899200439453,
				"bytes":	45446472,
				"bits_per_second":	363586685.96122,
				"jitter_ms":	0.01788977013753593,
				"lost_packets":	12610,
				"packets":	46324,
				"lost_percent":	27.221310767636645,
				"omitted":	false,
				"sender":	false
			}
		}, {
			"streams":	[{
					"socket":	5,
					"start":	1031.001079,
					"end":	1032.001064,
					"seconds":	0.9999849796295166,
					"bytes":	45445124,
					"bits_per_second":	363566452.902818,
					"jitter_ms":	0.01419326394844735,
					"lost_packets":	12608,
					"packets":	46321,
					"lost_percent":	27.218756071760108,
					"omitted":	false,
					"sender":	false
				}],
			"sum":	{
				"start":	1031.001079,
				"end":	1032.001064,
				"seconds":	0.9999849796295166,
				"bytes":	45445124,
				"bits_per_second":	363566452.902818,
				"jitter_ms":	0.01419326394844735,
				"lost_packets":	12608,
				"packets":	46321,
				"lost_percent":	27.218756071760108,
				"omitted":	false,
				"sender":	false
			}
		}, {
			"streams":	[{
					"socket":	5,
					"start":	1032.001064,
					"end":	1033.001104,
					"seconds":	1.0000400543212891,
					"bytes":	44787300,
					"bits_per_second":	358284049.17558157,
					"jitter_ms":	0.0262397317362597,
					"lost_packets":	12572,
					"packets":	45797,
					"lost_percent":	27.451579797803351,
					"omitted":	false,
					"sender":	false
				}],
			"sum":	{
				"start":	1032.001064,
				"end":	1033.001104,
				"seconds":	1.0000400543212891,
				"bytes":	44787300,
				"bits_per_second":	358284049.17558157,
				"jitter_ms":	0.0262397317362597,
				"lost_packets":	12572,
				"packets":	45797,
				"lost_percent":	27.451579797803351,
				"omitted":	false,
				"sender":	false
			}
		}, {
			"streams":	[{
					"socket":	5,
					"start":	1033.001104,
					"end":	1034.001073,
					"seconds":	0.9999690055847168,
					"bytes":	46549136,
					"bits_per_second":	372404630.46377,
					"jitter_ms":	0.007254496213018085,
					"lost_packets":	12987,
					"packets":	47519,
					"lost_percent":	27.330120583345611,
					"omitted":	false,
					"sender":	false
				}],
			"sum":	{
				"start":	1033.001104,
				"end":	1034.001073,
				"seconds":	0.9999690055847168,
				"bytes":	46549136,
				"bits_per_second":	372404630.46377,
				"jitter_ms":	0.007254496213018085,
				"lost_packets":	12987,
				"packets":	47519,
				"lost_percent":	27.330120583345611,
				"omitted":	false,
				"sender":	false
			}
		}, {
			"streams":	[{
					"socket":	5,
					"start":	1034.001073,
					"end":	1035.001079,
					"seconds":	1.0000059604644775,
					"bytes":	45508480,
					"bits_per_second":	364065669.99950647,
					"jitter_ms":	0.012681361022501957,
					"lost_packets":	12531,
					"packets":	46291,
					"lost_percent":	27.07005681449958,
					"omitted":	false,
					"sender":	false
				}],
			"sum":	{
				"start":	1034.001073,
				"end":	1035.001079,
				"seconds":	1.0000059604644775,
				"bytes":	45508480,
				"bits_per_second":	364065669.99950647,
				"jitter_ms":	0.012681361022501957,
				"lost_packets":	12531,
				"packets":	46291,
				"lost_percent":	27.07005681449958,
				"omitted":	false,
				"sender":	false
			}
		}, {
			"streams":	[{
					"socket":	5,
					"start":	1035.001079,
					"end":	1036.00106,
					"seconds":	0.99998098611831665,
					"bytes":	45384464,
					"bits_per_second":	363082615.60989451,
					"jitter_ms":	0.011496438600629384,
					"lost_packets":	13023,
					"packets":	46691,
					"lost_percent":	27.891884945706881,
					"omitted":	false,
					"sender":	false
				}],
			"sum":	{
				"start":	1035.001079,
				"end":	1036.00106,
				"seconds":	0.99998098611831665,
				"bytes":	45384464,
				"bits_per_second":	363082615.60989451,
				"jitter_ms":	0.011496438600629384,
				"lost_packets":	13023,
				"packets":	46691,
				"lost_percent":	27.891884945706881,
				"omitted":	false,
				"sender":	false
			}
		}, {
			"streams":	[{
					"socket":	5,
					"start":	1036.00106,
					"end":	1037.00109,
					"seconds":	1.0000300407409668,
					"bytes":	43912448,
					"bits_per_second":	351289031.01721472,
					"jitter_ms":	0.03116148896887181,
					"lost_packets":	12239,
					"packets":	44817,
					"lost_percent":	27.3088337014972,
					"omitted":	false,
					"sender":	false
				}],
			"sum":	{
				"start":	1036.00106,
				"end":	1037.00109,
				"seconds":	1.0000300407409668,
				"bytes":	43912448,
				"bits_per_second":	351289031.01721472,
				"jitter_ms":	0.03116148896887181,
				"lost_packets":	12239,
				"packets":	44817,
				"lost_percent":	27.3088337014972,
				"omitted":	false,
				"sender":	false
			}
		}, {
			"streams":	[{
					"socket":	5,
					"start":	1037.00109,
					"end":	1038.001083,
					"seconds":	0.99999302625656128,
					"bytes":	45748424,
					"bits_per_second":	365989944.31997281,
					"jitter_ms":	0.0058274280063354772,
					"lost_packets":	12634,
					"packets":	46583,
					"lost_percent":	27.121482085739434,
					"omitted":	false,
					"sender":	false
				}],
			"sum":	{
				"start":	1037.00109,
				"end":	1038.001083,
				"seconds":	0.99999302625656128,
				"bytes":	45748424,
				"bits_per_second":	365989944.31997281,
				"jitter_ms":	0.0058274280063354772,
				"lost_packets":	12634,
				"packets":	46583,
				"lost_percent":	27.121482085739434,
				"omitted":	false,
				"sender":	false
			}
		}, {
			"streams":	[{
					"socket":	5,
					"start":	1038.001083,
					"end":	1039.001056,
					"seconds":	0.99997299909591675,
					"bytes":	46319976,
					"bits_per_second":	370569813.71999639,
					"jitter_ms":	0.012194452131795519,
					"lost_packets":	13005,
					"packets":	47370,
					"lost_percent":	27.454084863837871,
					"omitted":	false,
					"sender":	false
				}],
			"sum":	{
				"start":	1038.001083,
				"end":	1039.001056,
				"seconds":	0.99997299909591675,
				"bytes":	46319976,
				"bits_per_second":	370569813.71999639,
				"jitter_ms":	0.012194452131795519,
				"lost_packets":	13005,
				"packets":	47370,
				"lost_percent":	27.454084863837871,
				"omitted":	false,
				"sender":	false
			}
		}, {
			"streams":	[{
					"socket":	5,
					"start":	1039.001056,
					"end":	1040.001051,
					"seconds":	0.999994993209839,
					"bytes":	44900532,
					"bits_per_second":	359206054.46933931,
					"jitter_ms":	0.048032574037108526,
					"lost_packets":	12706,
					"packets":	46016,
					"lost_percent":	27.612134909596662,
					"omitted":	false,
					"sender":	false
				}],
			"sum":	{
				"start":	1039.001056,
				"end":	1040.001051,
				"seconds":	0.999994993209839,
				"bytes":	44900532,
				"bits_per_second":	359206054.46933931,
				"jitter_ms":	0.048032574037108526,
				"lost_packets":	12706,
				"packets":	46016,
				"lost_percent":	27.612134909596662,
				"omitted":	false,
				"sender":	false
			}
		}, {
			"streams":	[{
					"socket":	5,
					"start":	1040.001051,
					"end":	1041.001774,
					"seconds":	1.0007230043411255,
					"bytes":	45891312,
					"bits_per_second":	366865250.831041,
					"jitter_ms":	0.0067224439181879057,
					"lost_packets":	12812,
					"packets":	46864,
					"lost_percent":	27.338682144076476,
					"omitted":	false,
					"sender":	false
				}],
			"sum":	{
				"start":	1040.001051,
				"end":	1041.001774,
				"seconds":	1.0007230043411255,
				"bytes":	45891312,
				"bits_per_second":	366865250.831041,
				"jitter_ms":	0.0067224439181879057,
				"lost_packets":	12812,
				"packets":	46864,
				"lost_percent":	27.338682144076476,
				"omitted":	false,
				"sender":	false
			}
		}, {
			"streams":	[{
					"socket":	5,
					"start":	1041.001774,
					"end":	1042.00105,
					"seconds":	0.99927598237991333,
					"bytes":	43698116,
					"bits_per_second":	349838217.03331184,
					"jitter_ms":	0.023697911473015493,
					"lost_packets":	12023,
					"packets":	44440,
					"lost_percent":	27.054455445544555,
					"omitted":	false,
					"sender":	false
				}],
			"sum":	{
				"start":	1041.001774,
				"end":	1042.00105,
				"seconds":	0.99927598237991333,
				"bytes":	43698116,
				"bits_per_second":	349838217.03331184,
				"jitter_ms":	0.023697911473015493,
				"lost_packets":	12023,
				"packets":	44440,
				"lost_percent":	27.054455445544555,
				"omitted":	false,
				"sender":	false
			}
		}, {
			"streams":	[{
					"socket":	5,
					"start":	1042.00105,
					"end":	1043.001068,
					"seconds":	1.0000180006027222,
					"bytes":	45966800,
					"bits_per_second":	367727780.6783101,
					"jitter_ms":	0.011500848899289378,
					"lost_packets":	14040,
					"packets":	48140,
					"lost_percent":	29.164935604486914,
					"omitted":	false,
					"sender":	false
				}],
			"sum":	{
				"start":	1042.00105,
				"end":	1043.001068,
				"seconds":	1.0000180006027222,
				"bytes":	45966800,
				"bits_per_second":	367727780.6783101,
				"jitter_ms":	0.011500848899289378,
				"lost_packets":	14040,
				"packets":	48140,
				"lost_percent":	29.164935604486914,
				"omitted":	false,
				"sender":	false
			}
		}, {
			"streams":	[{
					"socket":	5,
					"start":	1043.001068,
					"end":	1044.001393,
					"seconds":	1.0003249645233154,
					"bytes":	43691376,
					"bits_per_second":	349417459.72176343,
					"jitter_ms":	0.008563621351429674,
					"lost_packets":	12799,
					"packets":	45212,
					"lost_percent":	28.308856055914358,
					"omitted":	false,
					"sender":	false
				}],
			"sum":	{
				"start":	1043.001068,
				"end":	1044.001393,
				"seconds":	1.0003249645233154,
				"bytes":	43691376,
				"bits_per_second":	349417459.72176343,
				"jitter_ms":	0.008563621351429674,
				"lost_packets":	12799,
				"packets":	45212,
				"lost_percent":	28.308856055914358,
				"omitted":	false,
				"sender":	false
			}
		}, {
			"streams":	[{
					"socket":	5,
					"start":	1044.001393,
					"end":	1045.001073,
					"seconds":	0.999679982662201,
					"bytes":	45645976,
					"bits_per_second":	365284705.43897331,
					"jitter_ms":	0.057734664361582443,
					"lost_packets":	12325,
					"packets":	46192,
					"lost_percent":	26.682109456182889,
					"omitted":	false,
					"sender":	false
				}],
			"sum":	{
				"start":	1044.001393,
				"end":	1045.001073,
				"seconds":	0.999679982662201,
				"bytes":	45645976,
				"bits_per_second":	365284705.43897331,
				"jitter_ms":	0.057734664361582443,
				"lost_packets":	12325,
				"packets":	46192,
				"lost_percent":	26.682109456182889,
				"omitted":	false,
				"sender":	false
			}
		}, {
			"streams":	[{
					"socket":	5,
					"start":	1045.001073,
					"end":	1046.001068,
					"seconds":	0.999994993209839,
					"bytes":	45610928,
					"bits_per_second":	364889250.92391145,
					"jitter_ms":	0.00581578387416565,
					"lost_packets":	12662,
					"packets":	46501,
					"lost_percent":	27.229521945764606,
					"omitted":	false,
					"sender":	false
				}],
			"sum":	{
				"start":	1045.001073,
				"end":	1046.001068,
				"seconds":	0.999994993209839,
				"bytes":	45610928,
				"bits_per_second":	364889250.92391145,
				"jitter_ms":	0.00581578387416565,
				"lost_packets":	12662,
				"packets":	46501,
				"lost_percent":	27.229521945764606,
				"omitted":	false,
				"sender":	false
			}
		}, {
			"streams":	[{
					"socket":	5,
					"start":	1046.001068,
					"end":	1047.00106,
					"seconds":	0.9999920129776,
					"bytes":	46379288,
					"bits_per_second":	371037267.4829666,
					"jitter_ms":	0.013274586820187265,
					"lost_packets":	12911,
					"packets":	47321,
					"lost_percent":	27.283869740707086,
					"omitted":	false,
					"sender":	false
				}],
			"sum":	{
				"start":	1046.001068,
				"end":	1047.00106,
				"seconds":	0.9999920129776,
				"bytes":	46379288,
				"bits_per_second":	371037267.4829666,
				"jitter_ms":	0.013274586820187265,
				"lost_packets":	12911,
				"packets":	47321,
				"lost_percent":	27.283869740707086,
				"omitted":	false,
				"sender":	false
			}
		}, {
			"streams":	[{
					"socket":	5,
					"start":	1047.00106,
					"end":	1048.001046,
					"seconds":	0.99998599290847778,
					"bytes":	44738772,
					"bits_per_second":	357915189.3508144,
					"jitter_ms":	0.0057832347450527434,
					"lost_packets":	12539,
					"packets":	45735,
					"lost_percent":	27.416639335301191,
					"omitted":	false,
					"sender":	false
				}],
			"sum":	{
				"start":	1047.00106,
				"end":	1048.001046,
				"seconds":	0.99998599290847778,
				"bytes":	44738772,
				"bits_per_second":	357915189.3508144,
				"jitter_ms":	0.0057832347450527434,
				"lost_packets":	12539,
				"packets":	45735,
				"lost_percent":	27.416639335301191,
				"omitted":	false,
				"sender":	false
			}
		}, {
			"streams":	[{
					"socket":	5,
					"start":	1048.001046,
					"end":	1049.001077,
					"seconds":	1.0000309944152832,
					"bytes":	44221140,
					"bits_per_second":	353758155.47281945,
					"jitter_ms":	0.008394653530914337,
					"lost_packets":	12343,
					"packets":	45149,
					"lost_percent":	27.338368513145362,
					"omitted":	false,
					"sender":	false
				}],
			"sum":	{
				"start":	1048.001046,
				"end":	1049.001077,
				"seconds":	1.0000309944152832,
				"bytes":	44221140,
				"bits_per_second":	353758155.47281945,
				"jitter_ms":	0.008394653530914337,
				"lost_packets":	12343,
				"packets":	45149,
				"lost_percent":	27.338368513145362,
				"omitted":	false,
				"sender":	false
			}
		}, {
			"streams":	[{
					"socket":	5,
					"start":	1049.001077,
					"end":	1050.00107,
					"seconds":	0.99999302625656128,
					"bytes":	47088336,
					"bits_per_second":	376709315.07411432,
					"jitter_ms":	0.0055968894181112434,
					"lost_packets":	13481,
					"packets":	48416,
					"lost_percent":	27.844101123595507,
					"omitted":	false,
					"sender":	false
				}],
			"sum":	{
				"start":	1049.001077,
				"end":	1050.00107,
				"seconds":	0.99999302625656128,
				"bytes":	47088336,
				"bits_per_second":	376709315.07411432,
				"jitter_ms":	0.0055968894181112434,
				"lost_packets":	13481,
				"packets":	48416,
				"lost_percent":	27.844101123595507,
				"omitted":	false,
				"sender":	false
			}
		}, {
			"streams":	[{
					"socket":	5,
					"start":	1050.00107,
					"end":	1051.001044,
					"seconds":	0.999974012374878,
					"bytes":	45624408,
					"bits_per_second":	365004749.60660052,
					"jitter_ms":	0.036797520244444278,
					"lost_packets":	12539,
					"packets":	46385,
					"lost_percent":	27.032445833782472,
					"omitted":	false,
					"sender":	false
				}],
			"sum":	{
				"start":	1050.00107,
				"end":	1051.001044,
				"seconds":	0.999974012374878,
				"bytes":	45624408,
				"bits_per_second":	365004749.60660052,
				"jitter_ms":	0.036797520244444278,
				"lost_packets":	12539,
				"packets":	46385,
				"lost_percent":	27.032445833782472,
				"omitted":	false,
				"sender":	false
			}
		}, {
			"streams":	[{
					"socket":	5,
					"start":	1051.001044,
					"end":	1052.001209,
					"seconds":	1.0001649856567383,
					"bytes":	45384464,
					"bits_per_second":	363015819.59659749,
					"jitter_ms":	0.035340502707286968,
					"lost_packets":	12779,
					"packets":	46447,
					"lost_percent":	27.513079423859452,
					"omitted":	false,
					"sender":	false
				}],
			"sum":	{
				"start":	1051.001044,
				"end":	1052.001209,
				"seconds":	1.0001649856567383,
				"bytes":	45384464,
				"bits_per_second":	363015819.59659749,
				"jitter_ms":	0.035340502707286968,
				"lost_packets":	12779,
				"packets":	46447,
				"lost_percent":	27.513079423859452,
				"omitted":	false,
				"sender":	false
			}
		}, {
			"streams":	[{
					"socket":	5,
					"start":	1052.001209,
					"end":	1053.000545,
					"seconds":	0.999336004257202,
					"bytes":	45358852,
					"bits_per_second":	363111920.76955014,
					"jitter_ms":	0.012625611574996655,
					"lost_packets":	12644,
					"packets":	46293,
					"lost_percent":	27.312984684509537,
					"omitted":	false,
					"sender":	false
				}],
			"sum":	{
				"start":	1052.001209,
				"end":	1053.000545,
				"seconds":	0.999336004257202,
				"bytes":	45358852,
				"bits_per_second":	363111920.76955014,
				"jitter_ms":	0.012625611574996655,
				"lost_packets":	12644,
				"packets":	46293,
				"lost_percent":	27.312984684509537,
				"omitted":	false,
				"sender":	false
			}
		}, {
			"streams":	[{
					"socket":	5,
					"start":	1053.000545,
					"end":	1054.000248,
					"seconds":	0.99970299005508423,
					"bytes":	42683072,
					"bits_per_second":	341566024.50612366,
					"jitter_ms":	0.013969596205301454,
					"lost_packets":	12191,
					"packets":	43857,
					"lost_percent":	27.797158948400483,
					"omitted":	false,
					"sender":	false
				}],
			"sum":	{
				"start":	1053.000545,
				"end":	1054.000248,
				"seconds":	0.99970299005508423,
				"bytes":	42683072,
				"bits_per_second":	341566024.50612366,
				"jitter_ms":	0.013969596205301454,
				"lost_packets":	12191,
				"packets":	43857,
				"lost_percent":	27.797158948400483,
				"omitted":	false,
				"sender":	false
			}
		}, {
			"streams":	[{
					"socket":	5,
					"start":	1054.000248,
					"end":	1055.001044,
					"seconds":	1.0007959604263306,
					"bytes":	48228744,
					"bits_per_second":	385523090.87622589,
					"jitter_ms":	0.012247863766735326,
					"lost_packets":	13091,
					"packets":	48871,
					"lost_percent":	26.786847005381514,
					"omitted":	false,
					"sender":	false
				}],
			"sum":	{
				"start":	1054.000248,
				"end":	1055.001044,
				"seconds":	1.0007959604263306,
				"bytes":	48228744,
				"bits_per_second":	385523090.87622589,
				"jitter_ms":	0.012247863766735326,
				"lost_packets":	13091,
				"packets":	48871,
				"lost_percent":	26.786847005381514,
				"omitted":	false,
				"sender":	false
			}
		}, {
			"streams":	[{
					"socket":	5,
					"start":	1055.001044,
					"end":	1056.001069,
					"seconds":	1.0000250339508057,
					"bytes":	44102516,
					"bits_per_second":	352811295.73937875,
					"jitter_ms":	0.014828115181413203,
					"lost_packets":	12761,
					"packets":	45480,
					"lost_percent":	28.0584872471416,
					"omitted":	false,
					"sender":	false
				}],
			"sum":	{
				"start":	1055.001044,
				"end":	1056.001069,
				"seconds":	1.0000250339508057,
				"bytes":	44102516,
				"bits_per_second":	352811295.73937875,
				"jitter_ms":	0.014828115181413203,
				"lost_packets":	12761,
				"packets":	45480,
				"lost_percent":	28.0584872471416,
				"omitted":	false,
				"sender":	false
			}
		}, {
			"streams":	[{
					"socket":	5,
					"start":	1056.001069,
					"end":	1057.001068,
					"seconds":	0.99999898672103882,
					"bytes":	46659672,
					"bits_per_second":	373277754.234495,
					"jitter_ms":	0.011487836701551549,
					"lost_packets":	12960,
					"packets":	47576,
					"lost_percent":	27.240625525475028,
					"omitted":	false,
					"sender":	false
				}],
			"sum":	{
				"start":	1056.001069,
				"end":	1057.001068,
				"seconds":	0.99999898672103882,
				"bytes":	46659672,
				"bits_per_second":	373277754.234495,
				"jitter_ms":	0.011487836701551549,
				"lost_packets":	12960,
				"packets":	47576,
				"lost_percent":	27.240625525475028,
				"omitted":	false,
				"sender":	false
			}
		}, {
			"streams":	[{
					"socket":	5,
					"start":	1057.001068,
					"end":	1058.001071,
					"seconds":	1.0000029802322388,
					"bytes":	44696984,
					"bits_per_second":	357574806.34403437,
					"jitter_ms":	0.031540092364575688,
					"lost_packets":	12353,
					"packets":	45512,
					"lost_percent":	27.142292142731588,
					"omitted":	false,
					"sender":	false
				}],
			"sum":	{
				"start":	1057.001068,
				"end":	1058.001071,
				"seconds":	1.0000029802322388,
				"bytes":	44696984,
				"bits_per_second":	357574806.34403437,
				"jitter_ms":	0.031540092364575688,
				"lost_packets":	12353,
				"packets":	45512,
				"lost_percent":	27.142292142731588,
				"omitted":	false,
				"sender":	false
			}
		}, {
			"streams":	[{
					"socket":	5,
					"start":	1058.001071,
					"end":	1059.001062,
					"seconds":	0.999990999698639,
					"bytes":	46111036,
					"bits_per_second":	368891608.13564277,
					"jitter_ms":	0.057407517983142912,
					"lost_packets":	12936,
					"packets":	47144,
					"lost_percent":	27.439334804004751,
					"omitted":	false,
					"sender":	false
				}],
			"sum":	{
				"start":	1058.001071,
				"end":	1059.001062,
				"seconds":	0.999990999698639,
				"bytes":	46111036,
				"bits_per_second":	368891608.13564277,
				"jitter_ms":	0.057407517983142912,
				"lost_packets":	12936,
				"packets":	47144,
				"lost_percent":	27.439334804004751,
				"omitted":	false,
				"sender":	false
			}
		}, {
			"streams":	[{
					"socket":	5,
					"start":	1059.001062,
					"end":	1060.00109,
					"seconds":	1.0000280141830444,
					"bytes":	44250796,
					"bits_per_second":	353996451.0786224,
					"jitter_ms":	0.020776661010322009,
					"lost_packets":	12440,
					"packets":	45268,
					"lost_percent":	27.480781125740037,
					"omitted":	false,
					"sender":	false
				}],
			"sum":	{
				"start":	1059.001062,
				"end":	1060.00109,
				"seconds":	1.0000280141830444,
				"bytes":	44250796,
				"bits_per_second":	353996451.0786224,
				"jitter_ms":	0.020776661010322009,
				"lost_packets":	12440,
				"packets":	45268,
				"lost_percent":	27.480781125740037,
				"omitted":	false,
				"sender":	false
			}
		}, {
			"streams":	[{
					"socket":	5,
					"start":	1060.00109,
					"end":	1061.001046,
					"seconds":	0.99995601177215576,
					"bytes":	46767512,
					"bits_per_second":	374156554.483768,
					"jitter_ms":	0.01086090664529323,
					"lost_packets":	12839,
					"packets":	47536,
					"lost_percent":	27.009003702457086,
					"omitted":	false,
					"sender":	false
				}],
			"sum":	{
				"start":	1060.00109,
				"end":	1061.001046,
				"seconds":	0.99995601177215576,
				"bytes":	46767512,
				"bits_per_second":	374156554.483768,
				"jitter_ms":	0.01086090664529323,
				"lost_packets":	12839,
				"packets":	47536,
				"lost_percent":	27.009003702457086,
				"omitted":	false,
				"sender":	false
			}
		}, {
			"streams":	[{
					"socket":	5,
					"start":	1061.001046,
					"end":	1062.001071,
					"seconds":	1.0000250339508057,
					"bytes":	43801912,
					"bits_per_second":	350406523.94031769,
					"jitter_ms":	0.011311428324744034,
					"lost_packets":	12343,
					"packets":	44839,
					"lost_percent":	27.5273757220277,
					"omitted":	false,
					"sender":	false
				}],
			"sum":	{
				"start":	1061.001046,
				"end":	1062.001071,
				"seconds":	1.0000250339508057,
				"bytes":	43801912,
				"bits_per_second":	350406523.94031769,
				"jitter_ms":	0.011311428324744034,
				"lost_packets":	12343,
				"packets":	44839,
				"lost_percent":	27.5273757220277,
				"omitted":	false,
				"sender":	false
			}
		}, {
			"streams":	[{
					"socket":	5,
					"start":	1062.001071,
					"end":	1063.001047,
					"seconds":	0.99997597932815552,
					"bytes":	47132820,
					"bits_per_second":	377071617.51358616,
					"jitter_ms":	0.084676050069266456,
					"lost_packets":	12923,
					"packets":	47891,
					"lost_percent":	26.984193272222338,
					"omitted":	false,
					"sender":	false
				}],
			"sum":	{
				"start":	1062.001071,
				"end":	1063.001047,
				"seconds":	0.99997597932815552,
				"bytes":	47132820,
				"bits_per_second":	377071617.51358616,
				"jitter_ms":	0.084676050069266456,
				"lost_packets":	12923,
				"packets":	47891,
				"lost_percent":	26.984193272222338,
				"omitted":	false,
				"sender":	false
			}
		}, {
			"streams":	[{
					"socket":	5,
					"start":	1063.001047,
					"end":	1064.001064,
					"seconds":	1.0000170469284058,
					"bytes":	45128344,
					"bits_per_second":	361020597.7077179,
					"jitter_ms":	0.014063028151138,
					"lost_packets":	12418,
					"packets":	45897,
					"lost_percent":	27.056234612284026,
					"omitted":	false,
					"sender":	false
				}],
			"sum":	{
				"start":	1063.001047,
				"end":	1064.001064,
				"seconds":	1.0000170469284058,
				"bytes":	45128344,
				"bits_per_second":	361020597.7077179,
				"jitter_ms":	0.014063028151138,
				"lost_packets":	12418,
				"packets":	45897,
				"lost_percent":	27.056234612284026,
				"omitted":	false,
				"sender":	false
			}
		}, {
			"streams":	[{
					"socket":	5,
					"start":	1064.001064,
					"end":	1065.00106,
					"seconds":	0.9999960064888,
					"bytes":	43059164,
					"bits_per_second":	344474687.66352326,
					"jitter_ms":	0.007779999221906155,
					"lost_packets":	12298,
					"packets":	44244,
					"lost_percent":	27.795859325558268,
					"omitted":	false,
					"sender":	false
				}],
			"sum":	{
				"start":	1064.001064,
				"end":	1065.00106,
				"seconds":	0.9999960064888,
				"bytes":	43059164,
				"bits_per_second":	344474687.66352326,
				"jitter_ms":	0.007779999221906155,
				"lost_packets":	12298,
				"packets":	44244,
				"lost_percent":	27.795859325558268,
				"omitted":	false,
				"sender":	false
			}
		}, {
			"streams":	[{
					"socket":	5,
					"start":	1065.00106,
					"end":	1066.001067,
					"seconds":	1.0000070333480835,
					"bytes":	47012848,
					"bits_per_second":	376100138.75680989,
					"jitter_ms":	0.099793796257305348,
					"lost_packets":	13069,
					"packets":	47948,
					"lost_percent":	27.256611328939684,
					"omitted":	false,
					"sender":	false
				}],
			"sum":	{
				"start":	1065.00106,
				"end":	1066.001067,
				"seconds":	1.0000070333480835,
				"bytes":	47012848,
				"bits_per_second":	376100138.75680989,
				"jitter_ms":	0.099793796257305348,
				"lost_packets":	13069,
				"packets":	47948,
				"lost_percent":	27.256611328939684,
				"omitted":	false,
				"sender":	false
			}
		}, {
			"streams":	[{
					"socket":	5,
					"start":	1066.001067,
					"end":	1067.001046,
					"seconds":	0.999979019165039,
					"bytes":	46375244,
					"bits_per_second":	371009736.09404188,
					"jitter_ms":	0.012504440361926395,
					"lost_packets":	12644,
					"packets":	47047,
					"lost_percent":	26.8752524071673,
					"omitted":	false,
					"sender":	false
				}],
			"sum":	{
				"start":	1066.001067,
				"end":	1067.001046,
				"seconds":	0.999979019165039,
				"bytes":	46375244,
				"bits_per_second":	371009736.09404188,
				"jitter_ms":	0.012504440361926395,
				"lost_packets":	12644,
				"packets":	47047,
				"lost_percent":	26.8752524071673,
				"omitted":	false,
				"sender":	false
			}
		}, {
			"streams":	[{
					"socket":	5,
					"start":	1067.001046,
					"end":	1068.001063,
					"seconds":	1.0000170469284058,
					"bytes":	45218660,
					"bits_per_second":	361743113.39104474,
					"jitter_ms":	0.055736287115534848,
					"lost_packets":	12793,
					"packets":	46338,
					"lost_percent":	27.608010703957873,
					"omitted":	false,
					"sender":	false
				}],
			"sum":	{
				"start":	1067.001046,
				"end":	1068.001063,
				"seconds":	1.0000170469284058,
				"bytes":	45218660,
				"bits_per_second":	361743113.39104474,
				"jitter_ms":	0.055736287115534848,
				"lost_packets":	12793,
				"packets":	46338,
				"lost_percent":	27.608010703957873,
				"omitted":	false,
				"sender":	false
			}
		}, {
			"streams":	[{
					"socket":	5,
					"start":	1068.001063,
					"end":	1069.001082,
					"seconds":	1.0000189542770386,
					"bytes":	44873572,
					"bits_per_second":	358981771.76004624,
					"jitter_ms":	0.022142984064156587,
					"lost_packets":	12255,
					"packets":	45544,
					"lost_percent":	26.908044967503951,
					"omitted":	false,
					"sender":	false
				}],
			"sum":	{
				"start":	1068.001063,
				"end":	1069.001082,
				"seconds":	1.0000189542770386,
				"bytes":	44873572,
				"bits_per_second":	358981771.76004624,
				"jitter_ms":	0.022142984064156587,
				"lost_packets":	12255,
				"packets":	45544,
				"lost_percent":	26.908044967503951,
				"omitted":	false,
				"sender":	false
			}
		}, {
			"streams":	[{
					"socket":	5,
					"start":	1069.001082,
					"end":	1070.001067,
					"seconds":	0.9999849796295166,
					"bytes":	46221572,
					"bits_per_second":	369778130.20451236,
					"jitter_ms":	0.012066954671205728,
					"lost_packets":	12922,
					"packets":	47211,
					"lost_percent":	27.370739869945563,
					"omitted":	false,
					"sender":	false
				}],
			"sum":	{
				"start":	1069.001082,
				"end":	1070.001067,
				"seconds":	0.9999849796295166,
				"bytes":	46221572,
				"bits_per_second":	369778130.20451236,
				"jitter_ms":	0.012066954671205728,
				"lost_packets":	12922,
				"packets":	47211,
				"lost_percent":	27.370739869945563,
				"omitted":	false,
				"sender":	false
			}
		}, {
			"streams":	[{
					"socket":	5,
					"start":	1070.001067,
					"end":	1071.001072,
					"seconds":	1.0000050067901611,
					"bytes":	43685984,
					"bits_per_second":	349486122.196322,
					"jitter_ms":	0.0852597883808824,
					"lost_packets":	12724,
					"packets":	45134,
					"lost_percent":	28.191607214073649,
					"omitted":	false,
					"sender":	false
				}],
			"sum":	{
				"start":	1070.001067,
				"end":	1071.001072,
				"seconds":	1.0000050067901611,
				"bytes":	43685984,
				"bits_per_second":	349486122.196322,
				"jitter_ms":	0.0852597883808824,
				"lost_packets":	12724,
				"packets":	45134,
				"lost_percent":	28.191607214073649,
				"omitted":	false,
				"sender":	false
			}
		}, {
			"streams":	[{
					"socket":	5,
					"start":	1071.001072,
					"end":	1072.001055,
					"seconds":	0.999983012676239,
					"bytes":	47163824,
					"bits_per_second":	377317001.60606682,
					"jitter_ms":	0.010902632982583751,
					"lost_packets":	12932,
					"packets":	47922,
					"lost_percent":	26.985518133633821,
					"omitted":	false,
					"sender":	false
				}],
			"sum":	{
				"start":	1071.001072,
				"end":	1072.001055,
				"seconds":	0.999983012676239,
				"bytes":	47163824,
				"bits_per_second":	377317001.60606682,
				"jitter_ms":	0.010902632982583751,
				"lost_packets":	12932,
				"packets":	47922,
				"lost_percent":	26.985518133633821,
				"omitted":	false,
				"sender":	false
			}
		}, {
			"streams":	[{
					"socket":	5,
					"start":	1072.001055,
					"end":	1073.001173,
					"seconds":	1.0001180171966553,
					"bytes":	44687548,
					"bits_per_second":	357458197.785576,
					"jitter_ms":	0.00941918031426321,
					"lost_packets":	12660,
					"packets":	45812,
					"lost_percent":	27.634680869641141,
					"omitted":	false,
					"sender":	false
				}],
			"sum":	{
				"start":	1072.001055,
				"end":	1073.001173,
				"seconds":	1.0001180171966553,
				"bytes":	44687548,
				"bits_per_second":	357458197.785576,
				"jitter_ms":	0.00941918031426321,
				"lost_packets":	12660,
				"packets":	45812,
				"lost_percent":	27.634680869641141,
				"omitted":	false,
				"sender":	false
			}
		}, {
			"streams":	[{
					"socket":	5,
					"start":	1073.001173,
					"end":	1074.002804,
					"seconds":	1.0016310214996338,
					"bytes":	46112384,
					"bits_per_second":	368298369.44116139,
					"jitter_ms":	0.012071937935851994,
					"lost_packets":	12382,
					"packets":	46592,
					"lost_percent":	26.575377747252748,
					"omitted":	false,
					"sender":	false
				}],
			"sum":	{
				"start":	1073.001173,
				"end":	1074.002804,
				"seconds":	1.0016310214996338,
				"bytes":	46112384,
				"bits_per_second":	368298369.44116139,
				"jitter_ms":	0.012071937935851994,
				"lost_packets":	12382,
				"packets":	46592,
				"lost_percent":	26.575377747252748,
				"omitted":	false,
				"sender":	false
			}
		}, {
			"streams":	[{
					"socket":	5,
					"start":	1074.002804,
					"end":	1075.001063,
					"seconds":	0.99825900793075562,
					"bytes":	43580840,
					"bits_per_second":	349254769.78434032,
					"jitter_ms":	0.028751389618322375,
					"lost_packets":	12472,
					"packets":	44802,
					"lost_percent":	27.838042944511407,
					"omitted":	false,
					"sender":	false
				}],
			"sum":	{
				"start":	1074.002804,
				"end":	1075.001063,
				"seconds":	0.99825900793075562,
				"bytes":	43580840,
				"bits_per_second":	349254769.78434032,
				"jitter_ms":	0.028751389618322375,
				"lost_packets":	12472,
				"packets":	44802,
				"lost_percent":	27.838042944511407,
				"omitted":	false,
				"sender":	false
			}
		}, {
			"streams":	[{
					"socket":	5,
					"start":	1075.001063,
					"end":	1076.001051,
					"seconds":	0.9999880194664,
					"bytes":	46412988,
					"bits_per_second":	371308352.4721927,
					"jitter_ms":	0.017644933259501477,
					"lost_packets":	13351,
					"packets":	47784,
					"lost_percent":	27.940314749707014,
					"omitted":	false,
					"sender":	false
				}],
			"sum":	{
				"start":	1075.001063,
				"end":	1076.001051,
				"seconds":	0.9999880194664,
				"bytes":	46412988,
				"bits_per_second":	371308352.4721927,
				"jitter_ms":	0.017644933259501477,
				"lost_packets":	13351,
				"packets":	47784,
				"lost_percent":	27.940314749707014,
				"omitted":	false,
				"sender":	false
			}
		}, {
			"streams":	[{
					"socket":	5,
					"start":	1076.001051,
					"end":	1077.00144,
					"seconds":	1.0003889799118042,
					"bytes":	45733596,
					"bits_per_second":	365726507.7352767,
					"jitter_ms":	0.013567208006575222,
					"lost_packets":	12391,
					"packets":	46323,
					"lost_percent":	26.74913110118084,
					"omitted":	false,
					"sender":	false
				}],
			"sum":	{
				"start":	1076.001051,
				"end":	1077.00144,
				"seconds":	1.0003889799118042,
				"bytes":	45733596,
				"bits_per_second":	365726507.7352767,
				"jitter_ms":	0.013567208006575222,
				"lost_packets":	12391,
				"packets":	46323,
				"lost_percent":	26.74913110118084,
				"omitted":	false,
				"sender":	false
			}
		}, {
			"streams":	[{
					"socket":	5,
					"start":	1077.00144,
					"end":	1078.001053,
					"seconds":	0.99961298704147339,
					"bytes":	45557008,
					"bits_per_second":	364597167.82859176,
					"jitter_ms":	0.021046664430978884,
					"lost_packets":	12649,
					"packets":	46448,
					"lost_percent":	27.232604202549087,
					"omitted":	false,
					"sender":	false
				}],
			"sum":	{
				"start":	1077.00144,
				"end":	1078.001053,
				"seconds":	0.99961298704147339,
				"bytes":	45557008,
				"bits_per_second":	364597167.82859176,
				"jitter_ms":	0.021046664430978884,
				"lost_packets":	12649,
				"packets":	46448,
				"lost_percent":	27.232604202549087,
				"omitted":	false,
				"sender":	false
			}
		}, {
			"streams":	[{
					"socket":	5,
					"start":	1078.001053,
					"end":	1079.001065,
					"seconds":	1.0000120401382446,
					"bytes":	44229228,
					"bits_per_second":	353829563.84313631,
					"jitter_ms":	0.00611683732856163,
					"lost_packets":	12372,
					"packets":	45185,
					"lost_percent":	27.380767953967023,
					"omitted":	false,
					"sender":	false
				}],
			"sum":	{
				"start":	1078.001053,
				"end":	1079.001065,
				"seconds":	1.0000120401382446,
				"bytes":	44229228,
				"bits_per_second":	353829563.84313631,
				"jitter_ms":	0.00611683732856163,
				"lost_packets":	12372,
				"packets":	45185,
				"lost_percent":	27.380767953967023,
				"omitted":	false,
				"sender":	false
			}
		}, {
			"streams":	[{
					"socket":	5,
					"start":	1079.001065,
					"end":	1080.001048,
					"seconds":	0.999983012676239,
					"bytes":	46821432,
					"bits_per_second":	374577819.07468629,
					"jitter_ms":	0.150474863555941,
					"lost_packets":	12903,
					"packets":	47639,
					"lost_percent":	27.084951405361153,
					"omitted":	false,
					"sender":	false
				}],
			"sum":	{
				"start":	1079.001065,
				"end":	1080.001048,
				"seconds":	0.999983012676239,
				"bytes":	46821432,
				"bits_per_second":	374577819.07468629,
				"jitter_ms":	0.150474863555941,
				"lost_packets":	12903,
				"packets":	47639,
				"lost_percent":	27.084951405361153,
				"omitted":	false,
				"sender":	false
			}
		}, {
			"streams":	[{
					"socket":	5,
					"start":	1080.001048,
					"end":	1081.001066,
					"seconds":	1.0000180006027222,
					"bytes":	45383116,
					"bits_per_second":	363058392.73010755,
					"jitter_ms":	0.037456561629479163,
					"lost_packets":	12780,
					"packets":	46447,
					"lost_percent":	27.515232415441254,
					"omitted":	false,
					"sender":	false
				}],
			"sum":	{
				"start":	1080.001048,
				"end":	1081.001066,
				"seconds":	1.0000180006027222,
				"bytes":	45383116,
				"bits_per_second":	363058392.73010755,
				"jitter_ms":	0.037456561629479163,
				"lost_packets":	12780,
				"packets":	46447,
				"lost_percent":	27.515232415441254,
				"omitted":	false,
				"sender":	false
			}
		}, {
			"streams":	[{
					"socket":	5,
					"start":	1081.001066,
					"end":	1082.001051,
					"seconds":	0.9999849796295166,
					"bytes":	43024116,
					"bits_per_second":	344198097.9829514,
					"jitter_ms":	0.00738248488301237,
					"lost_packets":	12482,
					"packets":	44401,
					"lost_percent":	28.111979459922075,
					"omitted":	false,
					"sender":	false
				}],
			"sum":	{
				"start":	1081.001066,
				"end":	1082.001051,
				"seconds":	0.9999849796295166,
				"bytes":	43024116,
				"bits_per_second":	344198097.9829514,
				"jitter_ms":	0.00738248488301237,
				"lost_packets":	12482,
				"packets":	44401,
				"lost_percent":	28.111979459922075,
				"omitted":	false,
				"sender":	false
			}
		}, {
			"streams":	[{
					"socket":	5,
					"start":	1082.001051,
					"end":	1083.001074,
					"seconds":	1.0000230073928833,
					"bytes":	46252576,
					"bits_per_second":	370012094.986359,
					"jitter_ms":	0.031269515452574843,
					"lost_packets":	12996,
					"packets":	47312,
					"lost_percent":	27.468718295569833,
					"omitted":	false,
					"sender":	false
				}],
			"sum":	{
				"start":	1082.001051,
				"end":	1083.001074,
				"seconds":	1.0000230073928833,
				"bytes":	46252576,
				"bits_per_second":	370012094.986359,
				"jitter_ms":	0.031269515452574843,
				"lost_packets":	12996,
				"packets":	47312,
				"lost_percent":	27.468718295569833,
				"omitted":	false,
				"sender":	false
			}
		}, {
			"streams":	[{
					"socket":	5,
					"start":	1083.001074,
					"end":	1084.001343,
					"seconds":	1.0002690553665161,
					"bytes":	44004112,
					"bits_per_second":	351938205.13722581,
					"jitter_ms":	0.14668630238070088,
					"lost_packets":	12473,
					"packets":	45119,
					"lost_percent":	27.644672975908154,
					"omitted":	false,
					"sender":	false
				}],
			"sum":	{
				"start":	1083.001074,
				"end":	1084.001343,
				"seconds":	1.0002690553665161,
				"bytes":	44004112,
				"bits_per_second":	351938205.13722581,
				"jitter_ms":	0.14668630238070088,
				"lost_packets":	12473,
				"packets":	45119,
				"lost_percent":	27.644672975908154,
				"omitted":	false,
				"sender":	false
			}
		}, {
			"streams":	[{
					"socket":	5,
					"start":	1084.001343,
					"end":	1085.001209,
					"seconds":	0.999866008758545,
					"bytes":	47091032,
					"bits_per_second":	376778741.05126733,
					"jitter_ms":	0.00546205011902827,
					"lost_packets":	12940,
					"packets":	47878,
					"lost_percent":	27.027027027027028,
					"omitted":	false,
					"sender":	false
				}],
			"sum":	{
				"start":	1084.001343,
				"end":	1085.001209,
				"seconds":	0.999866008758545,
				"bytes":	47091032,
				"bits_per_second":	376778741.05126733,
				"jitter_ms":	0.00546205011902827,
				"lost_packets":	12940,
				"packets":	47878,
				"lost_percent":	27.027027027027028,
				"omitted":	false,
				"sender":	false
			}
		}, {
			"streams":	[{
					"socket":	5,
					"start":	1085.001209,
					"end":	1086.001079,
					"seconds":	0.999870002269745,
					"bytes":	46259316,
					"bits_per_second":	370122643.1035195,
					"jitter_ms":	0.0060135858628472668,
					"lost_packets":	12968,
					"packets":	47289,
					"lost_percent":	27.422867897396859,
					"omitted":	false,
					"sender":	false
				}],
			"sum":	{
				"start":	1085.001209,
				"end":	1086.001079,
				"seconds":	0.999870002269745,
				"bytes":	46259316,
				"bits_per_second":	370122643.1035195,
				"jitter_ms":	0.0060135858628472668,
				"lost_packets":	12968,
				"packets":	47289,
				"lost_percent":	27.422867897396859,
				"omitted":	false,
				"sender":	false
			}
		}, {
			"streams":	[{
					"socket":	5,
					"start":	1086.001079,
					"end":	1087.001052,
					"seconds":	0.99997299909591675,
					"bytes":	45523308,
					"bits_per_second":	364196297.62929976,
					"jitter_ms":	0.012117861261392946,
					"lost_packets":	12345,
					"packets":	46118,
					"lost_percent":	26.768290038596643,
					"omitted":	false,
					"sender":	false
				}],
			"sum":	{
				"start":	1086.001079,
				"end":	1087.001052,
				"seconds":	0.99997299909591675,
				"bytes":	45523308,
				"bits_per_second":	364196297.62929976,
				"jitter_ms":	0.012117861261392946,
				"lost_packets":	12345,
				"packets":	46118,
				"lost_percent":	26.768290038596643,
				"omitted":	false,
				"sender":	false
			}
		}, {
			"streams":	[{
					"socket":	5,
					"start":	1087.001052,
					"end":	1088.001066,
					"seconds":	1.0000139474868774,
					"bytes":	44136216,
					"bits_per_second":	353084803.35433859,
					"jitter_ms":	0.017723460497874533,
					"lost_packets":	12733,
					"packets":	45477,
					"lost_percent":	27.9987686083075,
					"omitted":	false,
					"sender":	false
				}],
			"sum":	{
				"start":	1087.001052,
				"end":	1088.001066,
				"seconds":	1.0000139474868774,
				"bytes":	44136216,
				"bits_per_second":	353084803.35433859,
				"jitter_ms":	0.017723460497874533,
				"lost_packets":	12733,
				"packets":	45477,
				"lost_percent":	27.9987686083075,
				"omitted":	false,
				"sender":	false
			}
		}, {
			"streams":	[{
					"socket":	5,
					"start":	1088.001066,
					"end":	1089.001278,
					"seconds":	1.0002119541168213,
					"bytes":	45807736,
					"bits_per_second":	366384231.35382617,
					"jitter_ms":	0.011516898480022204,
					"lost_packets":	12672,
					"packets":	46658,
					"lost_percent":	27.15932958978096,
					"omitted":	false,
					"sender":	false
				}],
			"sum":	{
				"start":	1088.001066,
				"end":	1089.001278,
				"seconds":	1.0002119541168213,
				"bytes":	45807736,
				"bits_per_second":	366384231.35382617,
				"jitter_ms":	0.011516898480022204,
				"lost_packets":	12672,
				"packets":	46658,
				"lost_percent":	27.15932958978096,
				"omitted":	false,
				"sender":	false
			}
		}, {
			"streams":	[{
					"socket":	5,
					"start":	1089.001278,
					"end":	1090.001052,
					"seconds":	0.99977397918701172,
					"bytes":	46186524,
					"bits_per_second":	369575723.80555528,
					"jitter_ms":	0.012159491567912137,
					"lost_packets":	12697,
					"packets":	46961,
					"lost_percent":	27.03732884734141,
					"omitted":	false,
					"sender":	false
				}],
			"sum":	{
				"start":	1089.001278,
				"end":	1090.001052,
				"seconds":	0.99977397918701172,
				"bytes":	46186524,
				"bits_per_second":	369575723.80555528,
				"jitter_ms":	0.012159491567912137,
				"lost_packets":	12697,
				"packets":	46961,
				"lost_percent":	27.03732884734141,
				"omitted":	false,
				"sender":	false
			}
		}, {
			"streams":	[{
					"socket":	5,
					"start":	1090.001052,
					"end":	1091.001067,
					"seconds":	1.0000150203704834,
					"bytes":	45346720,
					"bits_per_second":	362768311.08556783,
					"jitter_ms":	0.0558499177612471,
					"lost_packets":	12798,
					"packets":	46438,
					"lost_percent":	27.559326413712906,
					"omitted":	false,
					"sender":	false
				}],
			"sum":	{
				"start":	1090.001052,
				"end":	1091.001067,
				"seconds":	1.0000150203704834,
				"bytes":	45346720,
				"bits_per_second":	362768311.08556783,
				"jitter_ms":	0.0558499177612471,
				"lost_packets":	12798,
				"packets":	46438,
				"lost_percent":	27.559326413712906,
				"omitted":	false,
				"sender":	false
			}
		}, {
			"streams":	[{
					"socket":	5,
					"start":	1091.001067,
					"end":	1092.001069,
					"seconds":	1.0000020265579224,
					"bytes":	44819652,
					"bits_per_second":	358556489.36450589,
					"jitter_ms":	0.0059736142574587717,
					"lost_packets":	12597,
					"packets":	45847,
					"lost_percent":	27.476170741815167,
					"omitted":	false,
					"sender":	false
				}],
			"sum":	{
				"start":	1091.001067,
				"end":	1092.001069,
				"seconds":	1.0000020265579224,
				"bytes":	44819652,
				"bits_per_second":	358556489.36450589,
				"jitter_ms":	0.0059736142574587717,
				"lost_packets":	12597,
				"packets":	45847,
				"lost_percent":	27.476170741815167,
				"omitted":	false,
				"sender":	false
			}
		}, {
			"streams":	[{
					"socket":	5,
					"start":	1092.001069,
					"end":	1093.001057,
					"seconds":	0.9999880194664,
					"bytes":	46046332,
					"bits_per_second":	368375069.32989544,
					"jitter_ms":	0.011682515212185185,
					"lost_packets":	12641,
					"packets":	46809,
					"lost_percent":	27.005490397145849,
					"omitted":	false,
					"sender":	false
				}],
			"sum":	{
				"start":	1092.001069,
				"end":	1093.001057,
				"seconds":	0.9999880194664,
				"bytes":	46046332,
				"bits_per_second":	368375069.32989544,
				"jitter_ms":	0.011682515212185185,
				"lost_packets":	12641,
				"packets":	46809,
				"lost_percent":	27.005490397145849,
				"omitted":	false,
				"sender":	false
			}
		}, {
			"streams":	[{
					"socket":	5,
					"start":	1093.001057,
					"end":	1094.001067,
					"seconds":	1.0000100135803223,
					"bytes":	45408728,
					"bits_per_second":	363266186.404864,
					"jitter_ms":	0.010924016639752456,
					"lost_packets":	12820,
					"packets":	46506,
					"lost_percent":	27.566335526598717,
					"omitted":	false,
					"sender":	false
				}],
			"sum":	{
				"start":	1093.001057,
				"end":	1094.001067,
				"seconds":	1.0000100135803223,
				"bytes":	45408728,
				"bits_per_second":	363266186.404864,
				"jitter_ms":	0.010924016639752456,
				"lost_packets":	12820,
				"packets":	46506,
				"lost_percent":	27.566335526598717,
				"omitted":	false,
				"sender":	false
			}
		}, {
			"streams":	[{
					"socket":	5,
					"start":	1094.001067,
					"end":	1095.001051,
					"seconds":	0.9999840259552002,
					"bytes":	45155304,
					"bits_per_second":	361248202.594972,
					"jitter_ms":	0.013563989328379659,
					"lost_packets":	12538,
					"packets":	46036,
					"lost_percent":	27.235207229125031,
					"omitted":	false,
					"sender":	false
				}],
			"sum":	{
				"start":	1094.001067,
				"end":	1095.001051,
				"seconds":	0.9999840259552002,
				"bytes":	45155304,
				"bits_per_second":	361248202.594972,
				"jitter_ms":	0.013563989328379659,
				"lost_packets":	12538,
				"packets":	46036,
				"lost_percent":	27.235207229125031,
				"omitted":	false,
				"sender":	false
			}
		}, {
			"streams":	[{
					"socket":	5,
					"start":	1095.001051,
					"end":	1096.001058,
					"seconds":	1.0000070333480835,
					"bytes":	45143172,
					"bits_per_second":	361142835.95672685,
					"jitter_ms":	0.0062780868512177243,
					"lost_packets":	12706,
					"packets":	46196,
					"lost_percent":	27.504545848125378,
					"omitted":	false,
					"sender":	false
				}],
			"sum":	{
				"start":	1095.001051,
				"end":	1096.001058,
				"seconds":	1.0000070333480835,
				"bytes":	45143172,
				"bits_per_second":	361142835.95672685,
				"jitter_ms":	0.0062780868512177243,
				"lost_packets":	12706,
				"packets":	46196,
				"lost_percent":	27.504545848125378,
				"omitted":	false,
				"sender":	false
			}
		}, {
			"streams":	[{
					"socket":	5,
					"start":	1096.001058,
					"end":	1097.001052,
					"seconds":	0.99999397993087769,
					"bytes":	45898052,
					"bits_per_second":	367186626.48887223,
					"jitter_ms":	0.035479790415164782,
					"lost_packets":	12744,
					"packets":	46795,
					"lost_percent":	27.233678811838871,
					"omitted":	false,
					"sender":	false
				}],
			"sum":	{
				"start":	1096.001058,
				"end":	1097.001052,
				"seconds":	0.99999397993087769,
				"bytes":	45898052,
				"bits_per_second":	367186626.48887223,
				"jitter_ms":	0.035479790415164782,
				"lost_packets":	12744,
				"packets":	46795,
				"lost_percent":	27.233678811838871,
				"omitted":	false,
				"sender":	false
			}
		}, {
			"streams":	[{
					"socket":	5,
					"start":	1097.001052,
					"end":	1098.001075,
					"seconds":	1.0000230073928833,
					"bytes":	46256620,
					"bits_per_second":	370044446.242041,
					"jitter_ms":	0.035531468232821738,
					"lost_packets":	12977,
					"packets":	47292,
					"lost_percent":	27.440159012095069,
					"omitted":	false,
					"sender":	false
				}],
			"sum":	{
				"start":	1097.001052,
				"end":	1098.001075,
				"seconds":	1.0000230073928833,
				"bytes":	46256620,
				"bits_per_second":	370044446.242041,
				"jitter_ms":	0.035531468232821738,
				"lost_packets":	12977,
				"packets":	47292,
				"lost_percent":	27.440159012095069,
				"omitted":	false,
				"sender":	false
			}
		}, {
			"streams":	[{
					"socket":	5,
					"start":	1098.001075,
					"end":	1099.001066,
					"seconds":	0.999990999698639,
					"bytes":	41786652,
					"bits_per_second":	334296224.76676679,
					"jitter_ms":	0.014767128430088313,
					"lost_packets":	11950,
					"packets":	42950,
					"lost_percent":	27.823050058207219,
					"omitted":	false,
					"sender":	false
				}],
			"sum":	{
				"start":	1098.001075,
				"end":	1099.001066,
				"seconds":	0.999990999698639,
				"bytes":	41786652,
				"bits_per_second":	334296224.76676679,
				"jitter_ms":	0.014767128430088313,
				"lost_packets":	11950,
				"packets":	42950,
				"lost_percent":	27.823050058207219,
				"omitted":	false,
				"sender":	false
			}
		}, {
			"streams":	[{
					"socket":	5,
					"start":	1099.001066,
					"end":	1100.001084,
					"seconds":	1.0000180006027222,
					"bytes":	47880960,
					"bits_per_second":	383040785.03500217,
					"jitter_ms":	0.015070391949891761,
					"lost_packets":	13482,
					"packets":	49007,
					"lost_percent":	27.510355663476645,
					"omitted":	false,
					"sender":	false
				}],
			"sum":	{
				"start":	1099.001066,
				"end":	1100.001084,
				"seconds":	1.0000180006027222,
				"bytes":	47880960,
				"bits_per_second":	383040785.03500217,
				"jitter_ms":	0.015070391949891761,
				"lost_packets":	13482,
				"packets":	49007,
				"lost_percent":	27.510355663476645,
				"omitted":	false,
				"sender":	false
			}
		}, {
			"streams":	[{
					"socket":	5,
					"start":	1100.001084,
					"end":	1101.001082,
					"seconds":	0.99999797344207764,
					"bytes":	45046116,
					"bits_per_second":	360369658.309986,
					"jitter_ms":	0.0246099163985885,
					"lost_packets":	12380,
					"packets":	45800,
					"lost_percent":	27.030567685589521,
					"omitted":	false,
					"sender":	false
				}],
			"sum":	{
				"start":	1100.001084,
				"end":	1101.001082,
				"seconds":	0.99999797344207764,
				"bytes":	45046116,
				"bits_per_second":	360369658.309986,
				"jitter_ms":	0.0246099163985885,
				"lost_packets":	12380,
				"packets":	45800,
				"lost_percent":	27.030567685589521,
				"omitted":	false,
				"sender":	false
			}
		}, {
			"streams":	[{
					"socket":	5,
					"start":	1101.001082,
					"end":	1102.001073,
					"seconds":	0.999990999698639,
					"bytes":	44632280,
					"bits_per_second":	357061453.66068739,
					"jitter_ms":	0.013362204248732735,
					"lost_packets":	12427,
					"packets":	45542,
					"lost_percent":	27.286900004391551,
					"omitted":	false,
					"sender":	false
				}],
			"sum":	{
				"start":	1101.001082,
				"end":	1102.001073,
				"seconds":	0.999990999698639,
				"bytes":	44632280,
				"bits_per_second":	357061453.66068739,
				"jitter_ms":	0.013362204248732735,
				"lost_packets":	12427,
				"packets":	45542,
				"lost_percent":	27.286900004391551,
				"omitted":	false,
				"sender":	false
			}
		}, {
			"streams":	[{
					"socket":	5,
					"start":	1102.001073,
					"end":	1103.001051,
					"seconds":	0.999978005886078,
					"bytes":	46592272,
					"bits_per_second":	372746374.22621876,
					"jitter_ms":	0.013035023487559414,
					"lost_packets":	12959,
					"packets":	47525,
					"lost_percent":	27.267753813782221,
					"omitted":	false,
					"sender":	false
				}],
			"sum":	{
				"start":	1102.001073,
				"end":	1103.001051,
				"seconds":	0.999978005886078,
				"bytes":	46592272,
				"bits_per_second":	372746374.22621876,
				"jitter_ms":	0.013035023487559414,
				"lost_packets":	12959,
				"packets":	47525,
				"lost_percent":	27.267753813782221,
				"omitted":	false,
				"sender":	false
			}
		}, {
			"streams":	[{
					"socket":	5,
					"start":	1103.001051,
					"end":	1104.001062,
					"seconds":	1.0000109672546387,
					"bytes":	45052856,
					"bits_per_second":	360418895.1941998,
					"jitter_ms":	0.045322956354467675,
					"lost_packets":	12734,
					"packets":	46157,
					"lost_percent":	27.588448122711615,
					"omitted":	false,
					"sender":	false
				}],
			"sum":	{
				"start":	1103.001051,
				"end":	1104.001062,
				"seconds":	1.0000109672546387,
				"bytes":	45052856,
				"bits_per_second":	360418895.1941998,
				"jitter_ms":	0.045322956354467675,
				"lost_packets":	12734,
				"packets":	46157,
				"lost_percent":	27.588448122711615,
				"omitted":	false,
				"sender":	false
			}
		}, {
			"streams":	[{
					"socket":	5,
					"start":	1104.001062,
					"end":	1105.001054,
					"seconds":	0.9999920129776,
					"bytes":	45166088,
					"bits_per_second":	361331589.96350282,
					"jitter_ms":	0.00892761419589559,
					"lost_packets":	12564,
					"packets":	46073,
					"lost_percent":	27.269767542812492,
					"omitted":	false,
					"sender":	false
				}],
			"sum":	{
				"start":	1104.001062,
				"end":	1105.001054,
				"seconds":	0.9999920129776,
				"bytes":	45166088,
				"bits_per_second":	361331589.96350282,
				"jitter_ms":	0.00892761419589559,
				"lost_packets":	12564,
				"packets":	46073,
				"lost_percent":	27.269767542812492,
				"omitted":	false,
				"sender":	false
			}
		}, {
			"streams":	[{
					"socket":	5,
					"start":	1105.001054,
					"end":	1106.00107,
					"seconds":	1.0000159740448,
					"bytes":	43719684,
					"bits_per_second":	349751885.04771942,
					"jitter_ms":	0.031442283296089564,
					"lost_packets":	12328,
					"packets":	44763,
					"lost_percent":	27.5406027299332,
					"omitted":	false,
					"sender":	false
				}],
			"sum":	{
				"start":	1105.001054,
				"end":	1106.00107,
				"seconds":	1.0000159740448,
				"bytes":	43719684,
				"bits_per_second":	349751885.04771942,
				"jitter_ms":	0.031442283296089564,
				"lost_packets":	12328,
				"packets":	44763,
				"lost_percent":	27.5406027299332,
				"omitted":	false,
				"sender":	false
			}
		}, {
			"streams":	[{
					"socket":	5,
					"start":	1106.00107,
					"end":	1107.001113,
					"seconds":	1.0000430345535278,
					"bytes":	46197308,
					"bits_per_second":	369562560.040228,
					"jitter_ms":	0.021947778326958087,
					"lost_packets":	12979,
					"packets":	47253,
					"lost_percent":	27.4670391297907,
					"omitted":	false,
					"sender":	false
				}],
			"sum":	{
				"start":	1106.00107,
				"end":	1107.001113,
				"seconds":	1.0000430345535278,
				"bytes":	46197308,
				"bits_per_second":	369562560.040228,
				"jitter_ms":	0.021947778326958087,
				"lost_packets":	12979,
				"packets":	47253,
				"lost_percent":	27.4670391297907,
				"omitted":	false,
				"sender":	false
			}
		}, {
			"streams":	[{
					"socket":	5,
					"start":	1107.001113,
					"end":	1108.001608,
					"seconds":	1.0004949569702148,
					"bytes":	46452080,
					"bits_per_second":	371432796.748283,
					"jitter_ms":	0.017557424745485488,
					"lost_packets":	12786,
					"packets":	47248,
					"lost_percent":	27.061462919065356,
					"omitted":	false,
					"sender":	false
				}],
			"sum":	{
				"start":	1107.001113,
				"end":	1108.001608,
				"seconds":	1.0004949569702148,
				"bytes":	46452080,
				"bits_per_second":	371432796.748283,
				"jitter_ms":	0.017557424745485488,
				"lost_packets":	12786,
				"packets":	47248,
				"lost_percent":	27.061462919065356,
				"omitted":	false,
				"sender":	false
			}
		}, {
			"streams":	[{
					"socket":	5,
					"start":	1108.001608,
					"end":	1109.00105,
					"seconds":	0.99944198131561279,
					"bytes":	45236184,
					"bits_per_second":	362091525.83687526,
					"jitter_ms":	0.037294363803552388,
					"lost_packets":	12980,
					"packets":	46538,
					"lost_percent":	27.8911856977094,
					"omitted":	false,
					"sender":	false
				}],
			"sum":	{
				"start":	1108.001608,
				"end":	1109.00105,
				"seconds":	0.99944198131561279,
				"bytes":	45236184,
				"bits_per_second":	362091525.83687526,
				"jitter_ms":	0.037294363803552388,
				"lost_packets":	12980,
				"packets":	46538,
				"lost_percent":	27.8911856977094,
				"omitted":	false,
				"sender":	false
			}
		}, {
			"streams":	[{
					"socket":	5,
					"start":	1109.00105,
					"end":	1110.001069,
					"seconds":	1.0000189542770386,
					"bytes":	44957148,
					"bits_per_second":	359650367.08730519,
					"jitter_ms":	0.018587543768537364,
					"lost_packets":	12003,
					"packets":	45356,
					"lost_percent":	26.463973895405239,
					"omitted":	false,
					"sender":	false
				}],
			"sum":	{
				"start":	1109.00105,
				"end":	1110.001069,
				"seconds":	1.0000189542770386,
				"bytes":	44957148,
				"bits_per_second":	359650367.08730519,
				"jitter_ms":	0.018587543768537364,
				"lost_packets":	12003,
				"packets":	45356,
				"lost_percent":	26.463973895405239,
				"omitted":	false,
				"sender":	false
			}
		}, {
			"streams":	[{
					"socket":	5,
					"start":	1110.001069,
					"end":	1111.001054,
					"seconds":	0.9999849796295166,
					"bytes":	45978932,
					"bits_per_second":	367836981.04773283,
					"jitter_ms":	0.03763073588601315,
					"lost_packets":	13264,
					"packets":	47375,
					"lost_percent":	27.997889182058046,
					"omitted":	false,
					"sender":	false
				}],
			"sum":	{
				"start":	1110.001069,
				"end":	1111.001054,
				"seconds":	0.9999849796295166,
				"bytes":	45978932,
				"bits_per_second":	367836981.04773283,
				"jitter_ms":	0.03763073588601315,
				"lost_packets":	13264,
				"packets":	47375,
				"lost_percent":	27.997889182058046,
				"omitted":	false,
				"sender":	false
			}
		}, {
			"streams":	[{
					"socket":	5,
					"start":	1111.001054,
					"end":	1112.001075,
					"seconds":	1.0000209808349609,
					"bytes":	45232140,
					"bits_per_second":	361849528.09477037,
					"jitter_ms":	0.038662840052969487,
					"lost_packets":	12485,
					"packets":	46040,
					"lost_percent":	27.117723718505648,
					"omitted":	false,
					"sender":	false
				}],
			"sum":	{
				"start":	1111.001054,
				"end":	1112.001075,
				"seconds":	1.0000209808349609,
				"bytes":	45232140,
				"bits_per_second":	361849528.09477037,
				"jitter_ms":	0.038662840052969487,
				"lost_packets":	12485,
				"packets":	46040,
				"lost_percent":	27.117723718505648,
				"omitted":	false,
				"sender":	false
			}
		}, {
			"streams":	[{
					"socket":	5,
					"start":	1112.001075,
					"end":	1113.001064,
					"seconds":	0.99998897314071655,
					"bytes":	45319760,
					"bits_per_second":	362562077.92101473,
					"jitter_ms":	0.035682664897770569,
					"lost_packets":	13069,
					"packets":	46689,
					"lost_percent":	27.991604018077062,
					"omitted":	false,
					"sender":	false
				}],
			"sum":	{
				"start":	1112.001075,
				"end":	1113.001064,
				"seconds":	0.99998897314071655,
				"bytes":	45319760,
				"bits_per_second":	362562077.92101473,
				"jitter_ms":	0.035682664897770569,
				"lost_packets":	13069,
				"packets":	46689,
				"lost_percent":	27.991604018077062,
				"omitted":	false,
				"sender":	false
			}
		}, {
			"streams":	[{
					"socket":	5,
					"start":	1113.001064,
					"end":	1114.001117,
					"seconds":	1.00005304813385,
					"bytes":	45408728,
					"bits_per_second":	363250554.23597777,
					"jitter_ms":	0.035346973803614457,
					"lost_packets":	12679,
					"packets":	46365,
					"lost_percent":	27.3460584492613,
					"omitted":	false,
					"sender":	false
				}],
			"sum":	{
				"start":	1113.001064,
				"end":	1114.001117,
				"seconds":	1.00005304813385,
				"bytes":	45408728,
				"bits_per_second":	363250554.23597777,
				"jitter_ms":	0.035346973803614457,
				"lost_packets":	12679,
				"packets":	46365,
				"lost_percent":	27.3460584492613,
				"omitted":	false,
				"sender":	false
			}
		}, {
			"streams":	[{
					"socket":	5,
					"start":	1114.001117,
					"end":	1115.001073,
					"seconds":	0.99995601177215576,
					"bytes":	45462648,
					"bits_per_second":	363717183.27432871,
					"jitter_ms":	0.0373628756574262,
					"lost_packets":	12545,
					"packets":	46272,
					"lost_percent":	27.111428077455049,
					"omitted":	false,
					"sender":	false
				}],
			"sum":	{
				"start":	1114.001117,
				"end":	1115.001073,
				"seconds":	0.99995601177215576,
				"bytes":	45462648,
				"bits_per_second":	363717183.27432871,
				"jitter_ms":	0.0373628756574262,
				"lost_packets":	12545,
				"packets":	46272,
				"lost_percent":	27.111428077455049,
				"omitted":	false,
				"sender":	false
			}
		}, {
			"streams":	[{
					"socket":	5,
					"start":	1115.001073,
					"end":	1116.001111,
					"seconds":	1.0000380277633667,
					"bytes":	45604188,
					"bits_per_second":	364819630.72541124,
					"jitter_ms":	0.019691445191908019,
					"lost_packets":	13004,
					"packets":	46839,
					"lost_percent":	27.763188795661733,
					"omitted":	false,
					"sender":	false
				}],
			"sum":	{
				"start":	1115.001073,
				"end":	1116.001111,
				"seconds":	1.0000380277633667,
				"bytes":	45604188,
				"bits_per_second":	364819630.72541124,
				"jitter_ms":	0.019691445191908019,
				"lost_packets":	13004,
				"packets":	46839,
				"lost_percent":	27.763188795661733,
				"omitted":	false,
				"sender":	false
			}
		}, {
			"streams":	[{
					"socket":	5,
					"start":	1116.001111,
					"end":	1117.001092,
					"seconds":	0.99998098611831665,
					"bytes":	3665212,
					"bits_per_second":	29322253.5298593,
					"jitter_ms":	0.0066390842565740016,
					"lost_packets":	1107,
					"packets":	3829,
					"lost_percent":	28.9109428049099,
					"omitted":	false,
					"sender":	false
				}],
			"sum":	{
				"start":	1116.001111,
				"end":	1117.001092,
				"seconds":	0.99998098611831665,
				"bytes":	3665212,
				"bits_per_second":	29322253.5298593,
				"jitter_ms":	0.0066390842565740016,
				"lost_packets":	1107,
				"packets":	3829,
				"lost_percent":	28.9109428049099,
				"omitted":	false,
				"sender":	false
			}
		}, {
			"streams":	[{
					"socket":	5,
					"start":	1117.001092,
					"end":	1118.001084,
					"seconds":	0.9999920129776,
					"bytes":	0,
					"bits_per_second":	0,
					"jitter_ms":	0.0066390842565740016,
					"lost_packets":	0,
					"packets":	0,
					"lost_percent":	0,
					"omitted":	false,
					"sender":	false
				}],
			"sum":	{
				"start":	1117.001092,
				"end":	1118.001084,
				"seconds":	0.9999920129776,
				"bytes":	0,
				"bits_per_second":	0,
				"jitter_ms":	0.0066390842565740016,
				"lost_packets":	0,
				"packets":	0,
				"lost_percent":	0,
				"omitted":	false,
				"sender":	false
			}
		}, {
			"streams":	[{
					"socket":	5,
					"start":	1118.001084,
					"end":	1119.001104,
					"seconds":	1.0000200271606445,
					"bytes":	0,
					"bits_per_second":	0,
					"jitter_ms":	0.0066390842565740016,
					"lost_packets":	0,
					"packets":	0,
					"lost_percent":	0,
					"omitted":	false,
					"sender":	false
				}],
			"sum":	{
				"start":	1118.001084,
				"end":	1119.001104,
				"seconds":	1.0000200271606445,
				"bytes":	0,
				"bits_per_second":	0,
				"jitter_ms":	0.0066390842565740016,
				"lost_packets":	0,
				"packets":	0,
				"lost_percent":	0,
				"omitted":	false,
				"sender":	false
			}
		}, {
			"streams":	[{
					"socket":	5,
					"start":	1119.001104,
					"end":	1120.001793,
					"seconds":	1.0006890296936035,
					"bytes":	0,
					"bits_per_second":	0,
					"jitter_ms":	0.0066390842565740016,
					"lost_packets":	0,
					"packets":	0,
					"lost_percent":	0,
					"omitted":	false,
					"sender":	false
				}],
			"sum":	{
				"start":	1119.001104,
				"end":	1120.001793,
				"seconds":	1.0006890296936035,
				"bytes":	0,
				"bits_per_second":	0,
				"jitter_ms":	0.0066390842565740016,
				"lost_packets":	0,
				"packets":	0,
				"lost_percent":	0,
				"omitted":	false,
				"sender":	false
			}
		}, {
			"streams":	[{
					"socket":	5,
					"start":	1120.001793,
					"end":	1121.001889,
					"seconds":	1.0000959634780884,
					"bytes":	0,
					"bits_per_second":	0,
					"jitter_ms":	0.0066390842565740016,
					"lost_packets":	0,
					"packets":	0,
					"lost_percent":	0,
					"omitted":	false,
					"sender":	false
				}],
			"sum":	{
				"start":	1120.001793,
				"end":	1121.001889,
				"seconds":	1.0000959634780884,
				"bytes":	0,
				"bits_per_second":	0,
				"jitter_ms":	0.0066390842565740016,
				"lost_packets":	0,
				"packets":	0,
				"lost_percent":	0,
				"omitted":	false,
				"sender":	false
			}
		}, {
			"streams":	[{
					"socket":	5,
					"start":	1121.001889,
					"end":	1122.001881,
					"seconds":	0.9999920129776,
					"bytes":	0,
					"bits_per_second":	0,
					"jitter_ms":	0.0066390842565740016,
					"lost_packets":	0,
					"packets":	0,
					"lost_percent":	0,
					"omitted":	false,
					"sender":	false
				}],
			"sum":	{
				"start":	1121.001889,
				"end":	1122.001881,
				"seconds":	0.9999920129776,
				"bytes":	0,
				"bits_per_second":	0,
				"jitter_ms":	0.0066390842565740016,
				"lost_packets":	0,
				"packets":	0,
				"lost_percent":	0,
				"omitted":	false,
				"sender":	false
			}
		}, {
			"streams":	[{
					"socket":	5,
					"start":	1122.001881,
					"end":	1123.001887,
					"seconds":	1.0000059604644775,
					"bytes":	0,
					"bits_per_second":	0,
					"jitter_ms":	0.0066390842565740016,
					"lost_packets":	0,
					"packets":	0,
					"lost_percent":	0,
					"omitted":	false,
					"sender":	false
				}],
			"sum":	{
				"start":	1122.001881,
				"end":	1123.001887,
				"seconds":	1.0000059604644775,
				"bytes":	0,
				"bits_per_second":	0,
				"jitter_ms":	0.0066390842565740016,
				"lost_packets":	0,
				"packets":	0,
				"lost_percent":	0,
				"omitted":	false,
				"sender":	false
			}
		}, {
			"streams":	[{
					"socket":	5,
					"start":	1123.001887,
					"end":	1124.001876,
					"seconds":	0.99998897314071655,
					"bytes":	0,
					"bits_per_second":	0,
					"jitter_ms":	0.0066390842565740016,
					"lost_packets":	0,
					"packets":	0,
					"lost_percent":	0,
					"omitted":	false,
					"sender":	false
				}],
			"sum":	{
				"start":	1123.001887,
				"end":	1124.001876,
				"seconds":	0.99998897314071655,
				"bytes":	0,
				"bits_per_second":	0,
				"jitter_ms":	0.0066390842565740016,
				"lost_packets":	0,
				"packets":	0,
				"lost_percent":	0,
				"omitted":	false,
				"sender":	false
			}
		}, {
			"streams":	[{
					"socket":	5,
					"start":	1124.001876,
					"end":	1125.001797,
					"seconds":	0.99992102384567261,
					"bytes":	0,
					"bits_per_second":	0,
					"jitter_ms":	0.0066390842565740016,
					"lost_packets":	0,
					"packets":	0,
					"lost_percent":	0,
					"omitted":	false,
					"sender":	false
				}],
			"sum":	{
				"start":	1124.001876,
				"end":	1125.001797,
				"seconds":	0.99992102384567261,
				"bytes":	0,
				"bits_per_second":	0,
				"jitter_ms":	0.0066390842565740016,
				"lost_packets":	0,
				"packets":	0,
				"lost_percent":	0,
				"omitted":	false,
				"sender":	false
			}
		}, {
			"streams":	[{
					"socket":	5,
					"start":	1125.001797,
					"end":	1126.001823,
					"seconds":	1.0000259876251221,
					"bytes":	0,
					"bits_per_second":	0,
					"jitter_ms":	0.0066390842565740016,
					"lost_packets":	0,
					"packets":	0,
					"lost_percent":	0,
					"omitted":	false,
					"sender":	false
				}],
			"sum":	{
				"start":	1125.001797,
				"end":	1126.001823,
				"seconds":	1.0000259876251221,
				"bytes":	0,
				"bits_per_second":	0,
				"jitter_ms":	0.0066390842565740016,
				"lost_packets":	0,
				"packets":	0,
				"lost_percent":	0,
				"omitted":	false,
				"sender":	false
			}
		}, {
			"streams":	[{
					"socket":	5,
					"start":	1126.001823,
					"end":	1127.001078,
					"seconds":	0.99925500154495239,
					"bytes":	0,
					"bits_per_second":	0,
					"jitter_ms":	0.0066390842565740016,
					"lost_packets":	0,
					"packets":	0,
					"lost_percent":	0,
					"omitted":	false,
					"sender":	false
				}],
			"sum":	{
				"start":	1126.001823,
				"end":	1127.001078,
				"seconds":	0.99925500154495239,
				"bytes":	0,
				"bits_per_second":	0,
				"jitter_ms":	0.0066390842565740016,
				"lost_packets":	0,
				"packets":	0,
				"lost_percent":	0,
				"omitted":	false,
				"sender":	false
			}
		}, {
			"streams":	[{
					"socket":	5,
					"start":	1127.001078,
					"end":	1128.00187,
					"seconds":	1.0007920265197754,
					"bytes":	0,
					"bits_per_second":	0,
					"jitter_ms":	0.0066390842565740016,
					"lost_packets":	0,
					"packets":	0,
					"lost_percent":	0,
					"omitted":	false,
					"sender":	false
				}],
			"sum":	{
				"start":	1127.001078,
				"end":	1128.00187,
				"seconds":	1.0007920265197754,
				"bytes":	0,
				"bits_per_second":	0,
				"jitter_ms":	0.0066390842565740016,
				"lost_packets":	0,
				"packets":	0,
				"lost_percent":	0,
				"omitted":	false,
				"sender":	false
			}
		}, {
			"streams":	[{
					"socket":	5,
					"start":	1128.00187,
					"end":	1129.001141,
					"seconds":	0.9992709755897522,
					"bytes":	0,
					"bits_per_second":	0,
					"jitter_ms":	0.0066390842565740016,
					"lost_packets":	0,
					"packets":	0,
					"lost_percent":	0,
					"omitted":	false,
					"sender":	false
				}],
			"sum":	{
				"start":	1128.00187,
				"end":	1129.001141,
				"seconds":	0.9992709755897522,
				"bytes":	0,
				"bits_per_second":	0,
				"jitter_ms":	0.0066390842565740016,
				"lost_packets":	0,
				"packets":	0,
				"lost_percent":	0,
				"omitted":	false,
				"sender":	false
			}
		}, {
			"streams":	[{
					"socket":	5,
					"start":	1129.001141,
					"end":	1130.001805,
					"seconds":	1.0006639957427979,
					"bytes":	0,
					"bits_per_second":	0,
					"jitter_ms":	0.0066390842565740016,
					"lost_packets":	0,
					"packets":	0,
					"lost_percent":	0,
					"omitted":	false,
					"sender":	false
				}],
			"sum":	{
				"start":	1129.001141,
				"end":	1130.001805,
				"seconds":	1.0006639957427979,
				"bytes":	0,
				"bits_per_second":	0,
				"jitter_ms":	0.0066390842565740016,
				"lost_packets":	0,
				"packets":	0,
				"lost_percent":	0,
				"omitted":	false,
				"sender":	false
			}
		}, {
			"streams":	[{
					"socket":	5,
					"start":	1130.001805,
					"end":	1131.001886,
					"seconds":	1.000080943107605,
					"bytes":	0,
					"bits_per_second":	0,
					"jitter_ms":	0.0066390842565740016,
					"lost_packets":	0,
					"packets":	0,
					"lost_percent":	0,
					"omitted":	false,
					"sender":	false
				}],
			"sum":	{
				"start":	1130.001805,
				"end":	1131.001886,
				"seconds":	1.000080943107605,
				"bytes":	0,
				"bits_per_second":	0,
				"jitter_ms":	0.0066390842565740016,
				"lost_packets":	0,
				"packets":	0,
				"lost_percent":	0,
				"omitted":	false,
				"sender":	false
			}
		}, {
			"streams":	[{
					"socket":	5,
					"start":	1131.001886,
					"end":	1132.001102,
					"seconds":	0.99921602010726929,
					"bytes":	0,
					"bits_per_second":	0,
					"jitter_ms":	0.0066390842565740016,
					"lost_packets":	0,
					"packets":	0,
					"lost_percent":	0,
					"omitted":	false,
					"sender":	false
				}],
			"sum":	{
				"start":	1131.001886,
				"end":	1132.001102,
				"seconds":	0.99921602010726929,
				"bytes":	0,
				"bits_per_second":	0,
				"jitter_ms":	0.0066390842565740016,
				"lost_packets":	0,
				"packets":	0,
				"lost_percent":	0,
				"omitted":	false,
				"sender":	false
			}
		}, {
			"streams":	[{
					"socket":	5,
					"start":	1132.001102,
					"end":	1133.00188,
					"seconds":	1.0007779598236084,
					"bytes":	0,
					"bits_per_second":	0,
					"jitter_ms":	0.0066390842565740016,
					"lost_packets":	0,
					"packets":	0,
					"lost_percent":	0,
					"omitted":	false,
					"sender":	false
				}],
			"sum":	{
				"start":	1132.001102,
				"end":	1133.00188,
				"seconds":	1.0007779598236084,
				"bytes":	0,
				"bits_per_second":	0,
				"jitter_ms":	0.0066390842565740016,
				"lost_packets":	0,
				"packets":	0,
				"lost_percent":	0,
				"omitted":	false,
				"sender":	false
			}
		}, {
			"streams":	[{
					"socket":	5,
					"start":	1133.00188,
					"end":	1134.001095,
					"seconds":	0.999215006828308,
					"bytes":	0,
					"bits_per_second":	0,
					"jitter_ms":	0.0066390842565740016,
					"lost_packets":	0,
					"packets":	0,
					"lost_percent":	0,
					"omitted":	false,
					"sender":	false
				}],
			"sum":	{
				"start":	1133.00188,
				"end":	1134.001095,
				"seconds":	0.999215006828308,
				"bytes":	0,
				"bits_per_second":	0,
				"jitter_ms":	0.0066390842565740016,
				"lost_packets":	0,
				"packets":	0,
				"lost_percent":	0,
				"omitted":	false,
				"sender":	false
			}
		}, {
			"streams":	[{
					"socket":	5,
					"start":	1134.001095,
					"end":	1135.00182,
					"seconds":	1.0007250308990479,
					"bytes":	0,
					"bits_per_second":	0,
					"jitter_ms":	0.0066390842565740016,
					"lost_packets":	0,
					"packets":	0,
					"lost_percent":	0,
					"omitted":	false,
					"sender":	false
				}],
			"sum":	{
				"start":	1134.001095,
				"end":	1135.00182,
				"seconds":	1.0007250308990479,
				"bytes":	0,
				"bits_per_second":	0,
				"jitter_ms":	0.0066390842565740016,
				"lost_packets":	0,
				"packets":	0,
				"lost_percent":	0,
				"omitted":	false,
				"sender":	false
			}
		}, {
			"streams":	[{
					"socket":	5,
					"start":	1135.00182,
					"end":	1136.001783,
					"seconds":	0.99996298551559448,
					"bytes":	0,
					"bits_per_second":	0,
					"jitter_ms":	0.0066390842565740016,
					"lost_packets":	0,
					"packets":	0,
					"lost_percent":	0,
					"omitted":	false,
					"sender":	false
				}],
			"sum":	{
				"start":	1135.00182,
				"end":	1136.001783,
				"seconds":	0.99996298551559448,
				"bytes":	0,
				"bits_per_second":	0,
				"jitter_ms":	0.0066390842565740016,
				"lost_packets":	0,
				"packets":	0,
				"lost_percent":	0,
				"omitted":	false,
				"sender":	false
			}
		}, {
			"streams":	[{
					"socket":	5,
					"start":	1136.001783,
					"end":	1137.001895,
					"seconds":	1.0001120567321777,
					"bytes":	0,
					"bits_per_second":	0,
					"jitter_ms":	0.0066390842565740016,
					"lost_packets":	0,
					"packets":	0,
					"lost_percent":	0,
					"omitted":	false,
					"sender":	false
				}],
			"sum":	{
				"start":	1136.001783,
				"end":	1137.001895,
				"seconds":	1.0001120567321777,
				"bytes":	0,
				"bits_per_second":	0,
				"jitter_ms":	0.0066390842565740016,
				"lost_packets":	0,
				"packets":	0,
				"lost_percent":	0,
				"omitted":	false,
				"sender":	false
			}
		}, {
			"streams":	[{
					"socket":	5,
					"start":	1137.001895,
					"end":	1138.001934,
					"seconds":	1.0000389814376831,
					"bytes":	0,
					"bits_per_second":	0,
					"jitter_ms":	0.0066390842565740016,
					"lost_packets":	0,
					"packets":	0,
					"lost_percent":	0,
					"omitted":	false,
					"sender":	false
				}],
			"sum":	{
				"start":	1137.001895,
				"end":	1138.001934,
				"seconds":	1.0000389814376831,
				"bytes":	0,
				"bits_per_second":	0,
				"jitter_ms":	0.0066390842565740016,
				"lost_packets":	0,
				"packets":	0,
				"lost_percent":	0,
				"omitted":	false,
				"sender":	false
			}
		}, {
			"streams":	[{
					"socket":	5,
					"start":	1138.001934,
					"end":	1139.0011,
					"seconds":	0.99916601181030273,
					"bytes":	0,
					"bits_per_second":	0,
					"jitter_ms":	0.0066390842565740016,
					"lost_packets":	0,
					"packets":	0,
					"lost_percent":	0,
					"omitted":	false,
					"sender":	false
				}],
			"sum":	{
				"start":	1138.001934,
				"end":	1139.0011,
				"seconds":	0.99916601181030273,
				"bytes":	0,
				"bits_per_second":	0,
				"jitter_ms":	0.0066390842565740016,
				"lost_packets":	0,
				"packets":	0,
				"lost_percent":	0,
				"omitted":	false,
				"sender":	false
			}
		}, {
			"streams":	[{
					"socket":	5,
					"start":	1139.0011,
					"end":	1140.001839,
					"seconds":	1.0007389783859253,
					"bytes":	0,
					"bits_per_second":	0,
					"jitter_ms":	0.0066390842565740016,
					"lost_packets":	0,
					"packets":	0,
					"lost_percent":	0,
					"omitted":	false,
					"sender":	false
				}],
			"sum":	{
				"start":	1139.0011,
				"end":	1140.001839,
				"seconds":	1.0007389783859253,
				"bytes":	0,
				"bits_per_second":	0,
				"jitter_ms":	0.0066390842565740016,
				"lost_packets":	0,
				"packets":	0,
				"lost_percent":	0,
				"omitted":	false,
				"sender":	false
			}
		}, {
			"streams":	[{
					"socket":	5,
					"start":	1140.001839,
					"end":	1141.001829,
					"seconds":	0.99998998641967773,
					"bytes":	0,
					"bits_per_second":	0,
					"jitter_ms":	0.0066390842565740016,
					"lost_packets":	0,
					"packets":	0,
					"lost_percent":	0,
					"omitted":	false,
					"sender":	false
				}],
			"sum":	{
				"start":	1140.001839,
				"end":	1141.001829,
				"seconds":	0.99998998641967773,
				"bytes":	0,
				"bits_per_second":	0,
				"jitter_ms":	0.0066390842565740016,
				"lost_packets":	0,
				"packets":	0,
				"lost_percent":	0,
				"omitted":	false,
				"sender":	false
			}
		}, {
			"streams":	[{
					"socket":	5,
					"start":	1141.001829,
					"end":	1142.001978,
					"seconds":	1.0001490116119385,
					"bytes":	0,
					"bits_per_second":	0,
					"jitter_ms":	0.0066390842565740016,
					"lost_packets":	0,
					"packets":	0,
					"lost_percent":	0,
					"omitted":	false,
					"sender":	false
				}],
			"sum":	{
				"start":	1141.001829,
				"end":	1142.001978,
				"seconds":	1.0001490116119385,
				"bytes":	0,
				"bits_per_second":	0,
				"jitter_ms":	0.0066390842565740016,
				"lost_packets":	0,
				"packets":	0,
				"lost_percent":	0,
				"omitted":	false,
				"sender":	false
			}
		}, {
			"streams":	[{
					"socket":	5,
					"start":	1142.001978,
					"end":	1143.001944,
					"seconds":	0.999966025352478,
					"bytes":	0,
					"bits_per_second":	0,
					"jitter_ms":	0.0066390842565740016,
					"lost_packets":	0,
					"packets":	0,
					"lost_percent":	0,
					"omitted":	false,
					"sender":	false
				}],
			"sum":	{
				"start":	1142.001978,
				"end":	1143.001944,
				"seconds":	0.999966025352478,
				"bytes":	0,
				"bits_per_second":	0,
				"jitter_ms":	0.0066390842565740016,
				"lost_packets":	0,
				"packets":	0,
				"lost_percent":	0,
				"omitted":	false,
				"sender":	false
			}
		}, {
			"streams":	[{
					"socket":	5,
					"start":	1143.001944,
					"end":	1144.001818,
					"seconds":	0.99987399578094482,
					"bytes":	0,
					"bits_per_second":	0,
					"jitter_ms":	0.0066390842565740016,
					"lost_packets":	0,
					"packets":	0,
					"lost_percent":	0,
					"omitted":	false,
					"sender":	false
				}],
			"sum":	{
				"start":	1143.001944,
				"end":	1144.001818,
				"seconds":	0.99987399578094482,
				"bytes":	0,
				"bits_per_second":	0,
				"jitter_ms":	0.0066390842565740016,
				"lost_packets":	0,
				"packets":	0,
				"lost_percent":	0,
				"omitted":	false,
				"sender":	false
			}
		}, {
			"streams":	[{
					"socket":	5,
					"start":	1144.001818,
					"end":	1145.001806,
					"seconds":	0.9999880194664,
					"bytes":	0,
					"bits_per_second":	0,
					"jitter_ms":	0.0066390842565740016,
					"lost_packets":	0,
					"packets":	0,
					"lost_percent":	0,
					"omitted":	false,
					"sender":	false
				}],
			"sum":	{
				"start":	1144.001818,
				"end":	1145.001806,
				"seconds":	0.9999880194664,
				"bytes":	0,
				"bits_per_second":	0,
				"jitter_ms":	0.0066390842565740016,
				"lost_packets":	0,
				"packets":	0,
				"lost_percent":	0,
				"omitted":	false,
				"sender":	false
			}
		}, {
			"streams":	[{
					"socket":	5,
					"start":	1145.001806,
					"end":	1146.001775,
					"seconds":	0.9999690055847168,
					"bytes":	0,
					"bits_per_second":	0,
					"jitter_ms":	0.0066390842565740016,
					"lost_packets":	0,
					"packets":	0,
					"lost_percent":	0,
					"omitted":	false,
					"sender":	false
				}],
			"sum":	{
				"start":	1145.001806,
				"end":	1146.001775,
				"seconds":	0.9999690055847168,
				"bytes":	0,
				"bits_per_second":	0,
				"jitter_ms":	0.0066390842565740016,
				"lost_packets":	0,
				"packets":	0,
				"lost_percent":	0,
				"omitted":	false,
				"sender":	false
			}
		}, {
			"streams":	[{
					"socket":	5,
					"start":	1146.001775,
					"end":	1147.001826,
					"seconds":	1.0000510215759277,
					"bytes":	0,
					"bits_per_second":	0,
					"jitter_ms":	0.0066390842565740016,
					"lost_packets":	0,
					"packets":	0,
					"lost_percent":	0,
					"omitted":	false,
					"sender":	false
				}],
			"sum":	{
				"start":	1146.001775,
				"end":	1147.001826,
				"seconds":	1.0000510215759277,
				"bytes":	0,
				"bits_per_second":	0,
				"jitter_ms":	0.0066390842565740016,
				"lost_packets":	0,
				"packets":	0,
				"lost_percent":	0,
				"omitted":	false,
				"sender":	false
			}
		}, {
			"streams":	[{
					"socket":	5,
					"start":	1147.001826,
					"end":	1148.001885,
					"seconds":	1.0000590085983276,
					"bytes":	0,
					"bits_per_second":	0,
					"jitter_ms":	0.0066390842565740016,
					"lost_packets":	0,
					"packets":	0,
					"lost_percent":	0,
					"omitted":	false,
					"sender":	false
				}],
			"sum":	{
				"start":	1147.001826,
				"end":	1148.001885,
				"seconds":	1.0000590085983276,
				"bytes":	0,
				"bits_per_second":	0,
				"jitter_ms":	0.0066390842565740016,
				"lost_packets":	0,
				"packets":	0,
				"lost_percent":	0,
				"omitted":	false,
				"sender":	false
			}
		}, {
			"streams":	[{
					"socket":	5,
					"start":	1148.001885,
					"end":	1149.001852,
					"seconds":	0.99996697902679443,
					"bytes":	0,
					"bits_per_second":	0,
					"jitter_ms":	0.0066390842565740016,
					"lost_packets":	0,
					"packets":	0,
					"lost_percent":	0,
					"omitted":	false,
					"sender":	false
				}],
			"sum":	{
				"start":	1148.001885,
				"end":	1149.001852,
				"seconds":	0.99996697902679443,
				"bytes":	0,
				"bits_per_second":	0,
				"jitter_ms":	0.0066390842565740016,
				"lost_packets":	0,
				"packets":	0,
				"lost_percent":	0,
				"omitted":	false,
				"sender":	false
			}
		}, {
			"streams":	[{
					"socket":	5,
					"start":	1149.001852,
					"end":	1150.001799,
					"seconds":	0.99994701147079468,
					"bytes":	0,
					"bits_per_second":	0,
					"jitter_ms":	0.0066390842565740016,
					"lost_packets":	0,
					"packets":	0,
					"lost_percent":	0,
					"omitted":	false,
					"sender":	false
				}],
			"sum":	{
				"start":	1149.001852,
				"end":	1150.001799,
				"seconds":	0.99994701147079468,
				"bytes":	0,
				"bits_per_second":	0,
				"jitter_ms":	0.0066390842565740016,
				"lost_packets":	0,
				"packets":	0,
				"lost_percent":	0,
				"omitted":	false,
				"sender":	false
			}
		}, {
			"streams":	[{
					"socket":	5,
					"start":	1150.001799,
					"end":	1151.001837,
					"seconds":	1.0000380277633667,
					"bytes":	0,
					"bits_per_second":	0,
					"jitter_ms":	0.0066390842565740016,
					"lost_packets":	0,
					"packets":	0,
					"lost_percent":	0,
					"omitted":	false,
					"sender":	false
				}],
			"sum":	{
				"start":	1150.001799,
				"end":	1151.001837,
				"seconds":	1.0000380277633667,
				"bytes":	0,
				"bits_per_second":	0,
				"jitter_ms":	0.0066390842565740016,
				"lost_packets":	0,
				"packets":	0,
				"lost_percent":	0,
				"omitted":	false,
				"sender":	false
			}
		}, {
			"streams":	[{
					"socket":	5,
					"start":	1151.001837,
					"end":	1152.001952,
					"seconds":	1.0001150369644165,
					"bytes":	0,
					"bits_per_second":	0,
					"jitter_ms":	0.0066390842565740016,
					"lost_packets":	0,
					"packets":	0,
					"lost_percent":	0,
					"omitted":	false,
					"sender":	false
				}],
			"sum":	{
				"start":	1151.001837,
				"end":	1152.001952,
				"seconds":	1.0001150369644165,
				"bytes":	0,
				"bits_per_second":	0,
				"jitter_ms":	0.0066390842565740016,
				"lost_packets":	0,
				"packets":	0,
				"lost_percent":	0,
				"omitted":	false,
				"sender":	false
			}
		}, {
			"streams":	[{
					"socket":	5,
					"start":	1152.001952,
					"end":	1153.001124,
					"seconds":	0.99917197227478027,
					"bytes":	0,
					"bits_per_second":	0,
					"jitter_ms":	0.0066390842565740016,
					"lost_packets":	0,
					"packets":	0,
					"lost_percent":	0,
					"omitted":	false,
					"sender":	false
				}],
			"sum":	{
				"start":	1152.001952,
				"end":	1153.001124,
				"seconds":	0.99917197227478027,
				"bytes":	0,
				"bits_per_second":	0,
				"jitter_ms":	0.0066390842565740016,
				"lost_packets":	0,
				"packets":	0,
				"lost_percent":	0,
				"omitted":	false,
				"sender":	false
			}
		}, {
			"streams":	[{
					"socket":	5,
					"start":	1153.001124,
					"end":	1154.001971,
					"seconds":	1.0008469820022583,
					"bytes":	0,
					"bits_per_second":	0,
					"jitter_ms":	0.0066390842565740016,
					"lost_packets":	0,
					"packets":	0,
					"lost_percent":	0,
					"omitted":	false,
					"sender":	false
				}],
			"sum":	{
				"start":	1153.001124,
				"end":	1154.001971,
				"seconds":	1.0008469820022583,
				"bytes":	0,
				"bits_per_second":	0,
				"jitter_ms":	0.0066390842565740016,
				"lost_packets":	0,
				"packets":	0,
				"lost_percent":	0,
				"omitted":	false,
				"sender":	false
			}
		}, {
			"streams":	[{
					"socket":	5,
					"start":	1154.001971,
					"end":	1155.001831,
					"seconds":	0.99985998868942261,
					"bytes":	0,
					"bits_per_second":	0,
					"jitter_ms":	0.0066390842565740016,
					"lost_packets":	0,
					"packets":	0,
					"lost_percent":	0,
					"omitted":	false,
					"sender":	false
				}],
			"sum":	{
				"start":	1154.001971,
				"end":	1155.001831,
				"seconds":	0.99985998868942261,
				"bytes":	0,
				"bits_per_second":	0,
				"jitter_ms":	0.0066390842565740016,
				"lost_packets":	0,
				"packets":	0,
				"lost_percent":	0,
				"omitted":	false,
				"sender":	false
			}
		}, {
			"streams":	[{
					"socket":	5,
					"start":	1155.001831,
					"end":	1156.001805,
					"seconds":	0.999974012374878,
					"bytes":	0,
					"bits_per_second":	0,
					"jitter_ms":	0.0066390842565740016,
					"lost_packets":	0,
					"packets":	0,
					"lost_percent":	0,
					"omitted":	false,
					"sender":	false
				}],
			"sum":	{
				"start":	1155.001831,
				"end":	1156.001805,
				"seconds":	0.999974012374878,
				"bytes":	0,
				"bits_per_second":	0,
				"jitter_ms":	0.0066390842565740016,
				"lost_packets":	0,
				"packets":	0,
				"lost_percent":	0,
				"omitted":	false,
				"sender":	false
			}
		}, {
			"streams":	[{
					"socket":	5,
					"start":	1156.001805,
					"end":	1157.001854,
					"seconds":	1.0000489950180054,
					"bytes":	0,
					"bits_per_second":	0,
					"jitter_ms":	0.0066390842565740016,
					"lost_packets":	0,
					"packets":	0,
					"lost_percent":	0,
					"omitted":	false,
					"sender":	false
				}],
			"sum":	{
				"start":	1156.001805,
				"end":	1157.001854,
				"seconds":	1.0000489950180054,
				"bytes":	0,
				"bits_per_second":	0,
				"jitter_ms":	0.0066390842565740016,
				"lost_packets":	0,
				"packets":	0,
				"lost_percent":	0,
				"omitted":	false,
				"sender":	false
			}
		}, {
			"streams":	[{
					"socket":	5,
					"start":	1157.001854,
					"end":	1158.001812,
					"seconds":	0.99995797872543335,
					"bytes":	0,
					"bits_per_second":	0,
					"jitter_ms":	0.0066390842565740016,
					"lost_packets":	0,
					"packets":	0,
					"lost_percent":	0,
					"omitted":	false,
					"sender":	false
				}],
			"sum":	{
				"start":	1157.001854,
				"end":	1158.001812,
				"seconds":	0.99995797872543335,
				"bytes":	0,
				"bits_per_second":	0,
				"jitter_ms":	0.0066390842565740016,
				"lost_packets":	0,
				"packets":	0,
				"lost_percent":	0,
				"omitted":	false,
				"sender":	false
			}
		}, {
			"streams":	[{
					"socket":	5,
					"start":	1158.001812,
					"end":	1159.001091,
					"seconds":	0.999279022216797,
					"bytes":	0,
					"bits_per_second":	0,
					"jitter_ms":	0.0066390842565740016,
					"lost_packets":	0,
					"packets":	0,
					"lost_percent":	0,
					"omitted":	false,
					"sender":	false
				}],
			"sum":	{
				"start":	1158.001812,
				"end":	1159.001091,
				"seconds":	0.999279022216797,
				"bytes":	0,
				"bits_per_second":	0,
				"jitter_ms":	0.0066390842565740016,
				"lost_packets":	0,
				"packets":	0,
				"lost_percent":	0,
				"omitted":	false,
				"sender":	false
			}
		}, {
			"streams":	[{
					"socket":	5,
					"start":	1159.001091,
					"end":	1160.001165,
					"seconds":	1.000074028968811,
					"bytes":	0,
					"bits_per_second":	0,
					"jitter_ms":	0.0066390842565740016,
					"lost_packets":	0,
					"packets":	0,
					"lost_percent":	0,
					"omitted":	false,
					"sender":	false
				}],
			"sum":	{
				"start":	1159.001091,
				"end":	1160.001165,
				"seconds":	1.000074028968811,
				"bytes":	0,
				"bits_per_second":	0,
				"jitter_ms":	0.0066390842565740016,
				"lost_packets":	0,
				"packets":	0,
				"lost_percent":	0,
				"omitted":	false,
				"sender":	false
			}
		}, {
			"streams":	[{
					"socket":	5,
					"start":	1160.001165,
					"end":	1161.001872,
					"seconds":	1.0007070302963257,
					"bytes":	0,
					"bits_per_second":	0,
					"jitter_ms":	0.0066390842565740016,
					"lost_packets":	0,
					"packets":	0,
					"lost_percent":	0,
					"omitted":	false,
					"sender":	false
				}],
			"sum":	{
				"start":	1160.001165,
				"end":	1161.001872,
				"seconds":	1.0007070302963257,
				"bytes":	0,
				"bits_per_second":	0,
				"jitter_ms":	0.0066390842565740016,
				"lost_packets":	0,
				"packets":	0,
				"lost_percent":	0,
				"omitted":	false,
				"sender":	false
			}
		}, {
			"streams":	[{
					"socket":	5,
					"start":	1161.001872,
					"end":	1162.001869,
					"seconds":	0.99999701976776123,
					"bytes":	0,
					"bits_per_second":	0,
					"jitter_ms":	0.0066390842565740016,
					"lost_packets":	0,
					"packets":	0,
					"lost_percent":	0,
					"omitted":	false,
					"sender":	false
				}],
			"sum":	{
				"start":	1161.001872,
				"end":	1162.001869,
				"seconds":	0.99999701976776123,
				"bytes":	0,
				"bits_per_second":	0,
				"jitter_ms":	0.0066390842565740016,
				"lost_packets":	0,
				"packets":	0,
				"lost_percent":	0,
				"omitted":	false,
				"sender":	false
			}
		}, {
			"streams":	[{
					"socket":	5,
					"start":	1162.001869,
					"end":	1163.001862,
					"seconds":	0.99999302625656128,
					"bytes":	0,
					"bits_per_second":	0,
					"jitter_ms":	0.0066390842565740016,
					"lost_packets":	0,
					"packets":	0,
					"lost_percent":	0,
					"omitted":	false,
					"sender":	false
				}],
			"sum":	{
				"start":	1162.001869,
				"end":	1163.001862,
				"seconds":	0.99999302625656128,
				"bytes":	0,
				"bits_per_second":	0,
				"jitter_ms":	0.0066390842565740016,
				"lost_packets":	0,
				"packets":	0,
				"lost_percent":	0,
				"omitted":	false,
				"sender":	false
			}
		}, {
			"streams":	[{
					"socket":	5,
					"start":	1163.001862,
					"end":	1164.001878,
					"seconds":	1.0000159740448,
					"bytes":	0,
					"bits_per_second":	0,
					"jitter_ms":	0.0066390842565740016,
					"lost_packets":	0,
					"packets":	0,
					"lost_percent":	0,
					"omitted":	false,
					"sender":	false
				}],
			"sum":	{
				"start":	1163.001862,
				"end":	1164.001878,
				"seconds":	1.0000159740448,
				"bytes":	0,
				"bits_per_second":	0,
				"jitter_ms":	0.0066390842565740016,
				"lost_packets":	0,
				"packets":	0,
				"lost_percent":	0,
				"omitted":	false,
				"sender":	false
			}
		}, {
			"streams":	[{
					"socket":	5,
					"start":	1164.001878,
					"end":	1165.001829,
					"seconds":	0.99995100498199463,
					"bytes":	0,
					"bits_per_second":	0,
					"jitter_ms":	0.0066390842565740016,
					"lost_packets":	0,
					"packets":	0,
					"lost_percent":	0,
					"omitted":	false,
					"sender":	false
				}],
			"sum":	{
				"start":	1164.001878,
				"end":	1165.001829,
				"seconds":	0.99995100498199463,
				"bytes":	0,
				"bits_per_second":	0,
				"jitter_ms":	0.0066390842565740016,
				"lost_packets":	0,
				"packets":	0,
				"lost_percent":	0,
				"omitted":	false,
				"sender":	false
			}
		}, {
			"streams":	[{
					"socket":	5,
					"start":	1165.001829,
					"end":	1166.001787,
					"seconds":	0.99995797872543335,
					"bytes":	0,
					"bits_per_second":	0,
					"jitter_ms":	0.0066390842565740016,
					"lost_packets":	0,
					"packets":	0,
					"lost_percent":	0,
					"omitted":	false,
					"sender":	false
				}],
			"sum":	{
				"start":	1165.001829,
				"end":	1166.001787,
				"seconds":	0.99995797872543335,
				"bytes":	0,
				"bits_per_second":	0,
				"jitter_ms":	0.0066390842565740016,
				"lost_packets":	0,
				"packets":	0,
				"lost_percent":	0,
				"omitted":	false,
				"sender":	false
			}
		}, {
			"streams":	[{
					"socket":	5,
					"start":	1166.001787,
					"end":	1167.001951,
					"seconds":	1.0001640319824219,
					"bytes":	0,
					"bits_per_second":	0,
					"jitter_ms":	0.0066390842565740016,
					"lost_packets":	0,
					"packets":	0,
					"lost_percent":	0,
					"omitted":	false,
					"sender":	false
				}],
			"sum":	{
				"start":	1166.001787,
				"end":	1167.001951,
				"seconds":	1.0001640319824219,
				"bytes":	0,
				"bits_per_second":	0,
				"jitter_ms":	0.0066390842565740016,
				"lost_packets":	0,
				"packets":	0,
				"lost_percent":	0,
				"omitted":	false,
				"sender":	false
			}
		}, {
			"streams":	[{
					"socket":	5,
					"start":	1167.001951,
					"end":	1168.001877,
					"seconds":	0.999925971031189,
					"bytes":	0,
					"bits_per_second":	0,
					"jitter_ms":	0.0066390842565740016,
					"lost_packets":	0,
					"packets":	0,
					"lost_percent":	0,
					"omitted":	false,
					"sender":	false
				}],
			"sum":	{
				"start":	1167.001951,
				"end":	1168.001877,
				"seconds":	0.999925971031189,
				"bytes":	0,
				"bits_per_second":	0,
				"jitter_ms":	0.0066390842565740016,
				"lost_packets":	0,
				"packets":	0,
				"lost_percent":	0,
				"omitted":	false,
				"sender":	false
			}
		}, {
			"streams":	[{
					"socket":	5,
					"start":	1168.001877,
					"end":	1169.001814,
					"seconds":	0.99993699789047241,
					"bytes":	0,
					"bits_per_second":	0,
					"jitter_ms":	0.0066390842565740016,
					"lost_packets":	0,
					"packets":	0,
					"lost_percent":	0,
					"omitted":	false,
					"sender":	false
				}],
			"sum":	{
				"start":	1168.001877,
				"end":	1169.001814,
				"seconds":	0.99993699789047241,
				"bytes":	0,
				"bits_per_second":	0,
				"jitter_ms":	0.0066390842565740016,
				"lost_packets":	0,
				"packets":	0,
				"lost_percent":	0,
				"omitted":	false,
				"sender":	false
			}
		}, {
			"streams":	[{
					"socket":	5,
					"start":	1169.001814,
					"end":	1170.001862,
					"seconds":	1.000048041343689,
					"bytes":	0,
					"bits_per_second":	0,
					"jitter_ms":	0.0066390842565740016,
					"lost_packets":	0,
					"packets":	0,
					"lost_percent":	0,
					"omitted":	false,
					"sender":	false
				}],
			"sum":	{
				"start":	1169.001814,
				"end":	1170.001862,
				"seconds":	1.000048041343689,
				"bytes":	0,
				"bits_per_second":	0,
				"jitter_ms":	0.0066390842565740016,
				"lost_packets":	0,
				"packets":	0,
				"lost_percent":	0,
				"omitted":	false,
				"sender":	false
			}
		}, {
			"streams":	[{
					"socket":	5,
					"start":	1170.001862,
					"end":	1171.001906,
					"seconds":	1.0000439882278442,
					"bytes":	0,
					"bits_per_second":	0,
					"jitter_ms":	0.0066390842565740016,
					"lost_packets":	0,
					"packets":	0,
					"lost_percent":	0,
					"omitted":	false,
					"sender":	false
				}],
			"sum":	{
				"start":	1170.001862,
				"end":	1171.001906,
				"seconds":	1.0000439882278442,
				"bytes":	0,
				"bits_per_second":	0,
				"jitter_ms":	0.0066390842565740016,
				"lost_packets":	0,
				"packets":	0,
				"lost_percent":	0,
				"omitted":	false,
				"sender":	false
			}
		}, {
			"streams":	[{
					"socket":	5,
					"start":	1171.001906,
					"end":	1172.001809,
					"seconds":	0.99990302324295044,
					"bytes":	0,
					"bits_per_second":	0,
					"jitter_ms":	0.0066390842565740016,
					"lost_packets":	0,
					"packets":	0,
					"lost_percent":	0,
					"omitted":	false,
					"sender":	false
				}],
			"sum":	{
				"start":	1171.001906,
				"end":	1172.001809,
				"seconds":	0.99990302324295044,
				"bytes":	0,
				"bits_per_second":	0,
				"jitter_ms":	0.0066390842565740016,
				"lost_packets":	0,
				"packets":	0,
				"lost_percent":	0,
				"omitted":	false,
				"sender":	false
			}
		}, {
			"streams":	[{
					"socket":	5,
					"start":	1172.001809,
					"end":	1173.001879,
					"seconds":	1.0000699758529663,
					"bytes":	0,
					"bits_per_second":	0,
					"jitter_ms":	0.0066390842565740016,
					"lost_packets":	0,
					"packets":	0,
					"lost_percent":	0,
					"omitted":	false,
					"sender":	false
				}],
			"sum":	{
				"start":	1172.001809,
				"end":	1173.001879,
				"seconds":	1.0000699758529663,
				"bytes":	0,
				"bits_per_second":	0,
				"jitter_ms":	0.0066390842565740016,
				"lost_packets":	0,
				"packets":	0,
				"lost_percent":	0,
				"omitted":	false,
				"sender":	false
			}
		}, {
			"streams":	[{
					"socket":	5,
					"start":	1173.001879,
					"end":	1174.001901,
					"seconds":	1.0000220537185669,
					"bytes":	0,
					"bits_per_second":	0,
					"jitter_ms":	0.0066390842565740016,
					"lost_packets":	0,
					"packets":	0,
					"lost_percent":	0,
					"omitted":	false,
					"sender":	false
				}],
			"sum":	{
				"start":	1173.001879,
				"end":	1174.001901,
				"seconds":	1.0000220537185669,
				"bytes":	0,
				"bits_per_second":	0,
				"jitter_ms":	0.0066390842565740016,
				"lost_packets":	0,
				"packets":	0,
				"lost_percent":	0,
				"omitted":	false,
				"sender":	false
			}
		}, {
			"streams":	[{
					"socket":	5,
					"start":	1174.001901,
					"end":	1175.001819,
					"seconds":	0.999917984008789,
					"bytes":	0,
					"bits_per_second":	0,
					"jitter_ms":	0.0066390842565740016,
					"lost_packets":	0,
					"packets":	0,
					"lost_percent":	0,
					"omitted":	false,
					"sender":	false
				}],
			"sum":	{
				"start":	1174.001901,
				"end":	1175.001819,
				"seconds":	0.999917984008789,
				"bytes":	0,
				"bits_per_second":	0,
				"jitter_ms":	0.0066390842565740016,
				"lost_packets":	0,
				"packets":	0,
				"lost_percent":	0,
				"omitted":	false,
				"sender":	false
			}
		}, {
			"streams":	[{
					"socket":	5,
					"start":	1175.001819,
					"end":	1176.00186,
					"seconds":	1.0000410079956055,
					"bytes":	0,
					"bits_per_second":	0,
					"jitter_ms":	0.0066390842565740016,
					"lost_packets":	0,
					"packets":	0,
					"lost_percent":	0,
					"omitted":	false,
					"sender":	false
				}],
			"sum":	{
				"start":	1175.001819,
				"end":	1176.00186,
				"seconds":	1.0000410079956055,
				"bytes":	0,
				"bits_per_second":	0,
				"jitter_ms":	0.0066390842565740016,
				"lost_packets":	0,
				"packets":	0,
				"lost_percent":	0,
				"omitted":	false,
				"sender":	false
			}
		}, {
			"streams":	[{
					"socket":	5,
					"start":	1176.00186,
					"end":	1177.001873,
					"seconds":	1.000012993812561,
					"bytes":	0,
					"bits_per_second":	0,
					"jitter_ms":	0.0066390842565740016,
					"lost_packets":	0,
					"packets":	0,
					"lost_percent":	0,
					"omitted":	false,
					"sender":	false
				}],
			"sum":	{
				"start":	1176.00186,
				"end":	1177.001873,
				"seconds":	1.000012993812561,
				"bytes":	0,
				"bits_per_second":	0,
				"jitter_ms":	0.0066390842565740016,
				"lost_packets":	0,
				"packets":	0,
				"lost_percent":	0,
				"omitted":	false,
				"sender":	false
			}
		}, {
			"streams":	[{
					"socket":	5,
					"start":	1177.001873,
					"end":	1178.001098,
					"seconds":	0.99922502040863037,
					"bytes":	0,
					"bits_per_second":	0,
					"jitter_ms":	0.0066390842565740016,
					"lost_packets":	0,
					"packets":	0,
					"lost_percent":	0,
					"omitted":	false,
					"sender":	false
				}],
			"sum":	{
				"start":	1177.001873,
				"end":	1178.001098,
				"seconds":	0.99922502040863037,
				"bytes":	0,
				"bits_per_second":	0,
				"jitter_ms":	0.0066390842565740016,
				"lost_packets":	0,
				"packets":	0,
				"lost_percent":	0,
				"omitted":	false,
				"sender":	false
			}
		}, {
			"streams":	[{
					"socket":	5,
					"start":	1178.001098,
					"end":	1179.001791,
					"seconds":	1.0006929636001587,
					"bytes":	0,
					"bits_per_second":	0,
					"jitter_ms":	0.0066390842565740016,
					"lost_packets":	0,
					"packets":	0,
					"lost_percent":	0,
					"omitted":	false,
					"sender":	false
				}],
			"sum":	{
				"start":	1178.001098,
				"end":	1179.001791,
				"seconds":	1.0006929636001587,
				"bytes":	0,
				"bits_per_second":	0,
				"jitter_ms":	0.0066390842565740016,
				"lost_packets":	0,
				"packets":	0,
				"lost_percent":	0,
				"omitted":	false,
				"sender":	false
			}
		}, {
			"streams":	[{
					"socket":	5,
					"start":	1179.001791,
					"end":	1180.001822,
					"seconds":	1.0000309944152832,
					"bytes":	0,
					"bits_per_second":	0,
					"jitter_ms":	0.0066390842565740016,
					"lost_packets":	0,
					"packets":	0,
					"lost_percent":	0,
					"omitted":	false,
					"sender":	false
				}],
			"sum":	{
				"start":	1179.001791,
				"end":	1180.001822,
				"seconds":	1.0000309944152832,
				"bytes":	0,
				"bits_per_second":	0,
				"jitter_ms":	0.0066390842565740016,
				"lost_packets":	0,
				"packets":	0,
				"lost_percent":	0,
				"omitted":	false,
				"sender":	false
			}
		}, {
			"streams":	[{
					"socket":	5,
					"start":	1180.001822,
					"end":	1181.001807,
					"seconds":	0.9999849796295166,
					"bytes":	0,
					"bits_per_second":	0,
					"jitter_ms":	0.0066390842565740016,
					"lost_packets":	0,
					"packets":	0,
					"lost_percent":	0,
					"omitted":	false,
					"sender":	false
				}],
			"sum":	{
				"start":	1180.001822,
				"end":	1181.001807,
				"seconds":	0.9999849796295166,
				"bytes":	0,
				"bits_per_second":	0,
				"jitter_ms":	0.0066390842565740016,
				"lost_packets":	0,
				"packets":	0,
				"lost_percent":	0,
				"omitted":	false,
				"sender":	false
			}
		}, {
			"streams":	[{
					"socket":	5,
					"start":	1181.001807,
					"end":	1182.001791,
					"seconds":	0.9999840259552002,
					"bytes":	0,
					"bits_per_second":	0,
					"jitter_ms":	0.0066390842565740016,
					"lost_packets":	0,
					"packets":	0,
					"lost_percent":	0,
					"omitted":	false,
					"sender":	false
				}],
			"sum":	{
				"start":	1181.001807,
				"end":	1182.001791,
				"seconds":	0.9999840259552002,
				"bytes":	0,
				"bits_per_second":	0,
				"jitter_ms":	0.0066390842565740016,
				"lost_packets":	0,
				"packets":	0,
				"lost_percent":	0,
				"omitted":	false,
				"sender":	false
			}
		}, {
			"streams":	[{
					"socket":	5,
					"start":	1182.001791,
					"end":	1183.0011,
					"seconds":	0.999309003353119,
					"bytes":	0,
					"bits_per_second":	0,
					"jitter_ms":	0.0066390842565740016,
					"lost_packets":	0,
					"packets":	0,
					"lost_percent":	0,
					"omitted":	false,
					"sender":	false
				}],
			"sum":	{
				"start":	1182.001791,
				"end":	1183.0011,
				"seconds":	0.999309003353119,
				"bytes":	0,
				"bits_per_second":	0,
				"jitter_ms":	0.0066390842565740016,
				"lost_packets":	0,
				"packets":	0,
				"lost_percent":	0,
				"omitted":	false,
				"sender":	false
			}
		}, {
			"streams":	[{
					"socket":	5,
					"start":	1183.0011,
					"end":	1184.001844,
					"seconds":	1.0007439851760864,
					"bytes":	0,
					"bits_per_second":	0,
					"jitter_ms":	0.0066390842565740016,
					"lost_packets":	0,
					"packets":	0,
					"lost_percent":	0,
					"omitted":	false,
					"sender":	false
				}],
			"sum":	{
				"start":	1183.0011,
				"end":	1184.001844,
				"seconds":	1.0007439851760864,
				"bytes":	0,
				"bits_per_second":	0,
				"jitter_ms":	0.0066390842565740016,
				"lost_packets":	0,
				"packets":	0,
				"lost_percent":	0,
				"omitted":	false,
				"sender":	false
			}
		}, {
			"streams":	[{
					"socket":	5,
					"start":	1184.001844,
					"end":	1185.001369,
					"seconds":	0.999525010585785,
					"bytes":	0,
					"bits_per_second":	0,
					"jitter_ms":	0.0066390842565740016,
					"lost_packets":	0,
					"packets":	0,
					"lost_percent":	0,
					"omitted":	false,
					"sender":	false
				}],
			"sum":	{
				"start":	1184.001844,
				"end":	1185.001369,
				"seconds":	0.999525010585785,
				"bytes":	0,
				"bits_per_second":	0,
				"jitter_ms":	0.0066390842565740016,
				"lost_packets":	0,
				"packets":	0,
				"lost_percent":	0,
				"omitted":	false,
				"sender":	false
			}
		}, {
			"streams":	[{
					"socket":	5,
					"start":	1185.001369,
					"end":	1186.001787,
					"seconds":	1.000417947769165,
					"bytes":	0,
					"bits_per_second":	0,
					"jitter_ms":	0.0066390842565740016,
					"lost_packets":	0,
					"packets":	0,
					"lost_percent":	0,
					"omitted":	false,
					"sender":	false
				}],
			"sum":	{
				"start":	1185.001369,
				"end":	1186.001787,
				"seconds":	1.000417947769165,
				"bytes":	0,
				"bits_per_second":	0,
				"jitter_ms":	0.0066390842565740016,
				"lost_packets":	0,
				"packets":	0,
				"lost_percent":	0,
				"omitted":	false,
				"sender":	false
			}
		}, {
			"streams":	[{
					"socket":	5,
					"start":	1186.001787,
					"end":	1187.001667,
					"seconds":	0.999880015850067,
					"bytes":	0,
					"bits_per_second":	0,
					"jitter_ms":	0.0066390842565740016,
					"lost_packets":	0,
					"packets":	0,
					"lost_percent":	0,
					"omitted":	false,
					"sender":	false
				}],
			"sum":	{
				"start":	1186.001787,
				"end":	1187.001667,
				"seconds":	0.999880015850067,
				"bytes":	0,
				"bits_per_second":	0,
				"jitter_ms":	0.0066390842565740016,
				"lost_packets":	0,
				"packets":	0,
				"lost_percent":	0,
				"omitted":	false,
				"sender":	false
			}
		}, {
			"streams":	[{
					"socket":	5,
					"start":	1187.001667,
					"end":	1188.001095,
					"seconds":	0.99942797422409058,
					"bytes":	0,
					"bits_per_second":	0,
					"jitter_ms":	0.0066390842565740016,
					"lost_packets":	0,
					"packets":	0,
					"lost_percent":	0,
					"omitted":	false,
					"sender":	false
				}],
			"sum":	{
				"start":	1187.001667,
				"end":	1188.001095,
				"seconds":	0.99942797422409058,
				"bytes":	0,
				"bits_per_second":	0,
				"jitter_ms":	0.0066390842565740016,
				"lost_packets":	0,
				"packets":	0,
				"lost_percent":	0,
				"omitted":	false,
				"sender":	false
			}
		}, {
			"streams":	[{
					"socket":	5,
					"start":	1188.001095,
					"end":	1189.001863,
					"seconds":	1.0007679462432861,
					"bytes":	0,
					"bits_per_second":	0,
					"jitter_ms":	0.0066390842565740016,
					"lost_packets":	0,
					"packets":	0,
					"lost_percent":	0,
					"omitted":	false,
					"sender":	false
				}],
			"sum":	{
				"start":	1188.001095,
				"end":	1189.001863,
				"seconds":	1.0007679462432861,
				"bytes":	0,
				"bits_per_second":	0,
				"jitter_ms":	0.0066390842565740016,
				"lost_packets":	0,
				"packets":	0,
				"lost_percent":	0,
				"omitted":	false,
				"sender":	false
			}
		}, {
			"streams":	[{
					"socket":	5,
					"start":	1189.001863,
					"end":	1190.001803,
					"seconds":	0.99993997812271118,
					"bytes":	0,
					"bits_per_second":	0,
					"jitter_ms":	0.0066390842565740016,
					"lost_packets":	0,
					"packets":	0,
					"lost_percent":	0,
					"omitted":	false,
					"sender":	false
				}],
			"sum":	{
				"start":	1189.001863,
				"end":	1190.001803,
				"seconds":	0.99993997812271118,
				"bytes":	0,
				"bits_per_second":	0,
				"jitter_ms":	0.0066390842565740016,
				"lost_packets":	0,
				"packets":	0,
				"lost_percent":	0,
				"omitted":	false,
				"sender":	false
			}
		}, {
			"streams":	[{
					"socket":	5,
					"start":	1190.001803,
					"end":	1191.001784,
					"seconds":	0.99998098611831665,
					"bytes":	0,
					"bits_per_second":	0,
					"jitter_ms":	0.0066390842565740016,
					"lost_packets":	0,
					"packets":	0,
					"lost_percent":	0,
					"omitted":	false,
					"sender":	false
				}],
			"sum":	{
				"start":	1190.001803,
				"end":	1191.001784,
				"seconds":	0.99998098611831665,
				"bytes":	0,
				"bits_per_second":	0,
				"jitter_ms":	0.0066390842565740016,
				"lost_packets":	0,
				"packets":	0,
				"lost_percent":	0,
				"omitted":	false,
				"sender":	false
			}
		}, {
			"streams":	[{
					"socket":	5,
					"start":	1191.001784,
					"end":	1192.001915,
					"seconds":	1.0001310110092163,
					"bytes":	0,
					"bits_per_second":	0,
					"jitter_ms":	0.0066390842565740016,
					"lost_packets":	0,
					"packets":	0,
					"lost_percent":	0,
					"omitted":	false,
					"sender":	false
				}],
			"sum":	{
				"start":	1191.001784,
				"end":	1192.001915,
				"seconds":	1.0001310110092163,
				"bytes":	0,
				"bits_per_second":	0,
				"jitter_ms":	0.0066390842565740016,
				"lost_packets":	0,
				"packets":	0,
				"lost_percent":	0,
				"omitted":	false,
				"sender":	false
			}
		}, {
			"streams":	[{
					"socket":	5,
					"start":	1192.001915,
					"end":	1193.001921,
					"seconds":	1.0000059604644775,
					"bytes":	0,
					"bits_per_second":	0,
					"jitter_ms":	0.0066390842565740016,
					"lost_packets":	0,
					"packets":	0,
					"lost_percent":	0,
					"omitted":	false,
					"sender":	false
				}],
			"sum":	{
				"start":	1192.001915,
				"end":	1193.001921,
				"seconds":	1.0000059604644775,
				"bytes":	0,
				"bits_per_second":	0,
				"jitter_ms":	0.0066390842565740016,
				"lost_packets":	0,
				"packets":	0,
				"lost_percent":	0,
				"omitted":	false,
				"sender":	false
			}
		}, {
			"streams":	[{
					"socket":	5,
					"start":	1193.001921,
					"end":	1194.001856,
					"seconds":	0.99993497133255,
					"bytes":	0,
					"bits_per_second":	0,
					"jitter_ms":	0.0066390842565740016,
					"lost_packets":	0,
					"packets":	0,
					"lost_percent":	0,
					"omitted":	false,
					"sender":	false
				}],
			"sum":	{
				"start":	1193.001921,
				"end":	1194.001856,
				"seconds":	0.99993497133255,
				"bytes":	0,
				"bits_per_second":	0,
				"jitter_ms":	0.0066390842565740016,
				"lost_packets":	0,
				"packets":	0,
				"lost_percent":	0,
				"omitted":	false,
				"sender":	false
			}
		}, {
			"streams":	[{
					"socket":	5,
					"start":	1194.001856,
					"end":	1195.001435,
					"seconds":	0.99957901239395142,
					"bytes":	0,
					"bits_per_second":	0,
					"jitter_ms":	0.0066390842565740016,
					"lost_packets":	0,
					"packets":	0,
					"lost_percent":	0,
					"omitted":	false,
					"sender":	false
				}],
			"sum":	{
				"start":	1194.001856,
				"end":	1195.001435,
				"seconds":	0.99957901239395142,
				"bytes":	0,
				"bits_per_second":	0,
				"jitter_ms":	0.0066390842565740016,
				"lost_packets":	0,
				"packets":	0,
				"lost_percent":	0,
				"omitted":	false,
				"sender":	false
			}
		}, {
			"streams":	[{
					"socket":	5,
					"start":	1195.001435,
					"end":	1196.001768,
					"seconds":	1.0003329515457153,
					"bytes":	0,
					"bits_per_second":	0,
					"jitter_ms":	0.0066390842565740016,
					"lost_packets":	0,
					"packets":	0,
					"lost_percent":	0,
					"omitted":	false,
					"sender":	false
				}],
			"sum":	{
				"start":	1195.001435,
				"end":	1196.001768,
				"seconds":	1.0003329515457153,
				"bytes":	0,
				"bits_per_second":	0,
				"jitter_ms":	0.0066390842565740016,
				"lost_packets":	0,
				"packets":	0,
				"lost_percent":	0,
				"omitted":	false,
				"sender":	false
			}
		}, {
			"streams":	[{
					"socket":	5,
					"start":	1196.001768,
					"end":	1197.001806,
					"seconds":	1.0000380277633667,
					"bytes":	0,
					"bits_per_second":	0,
					"jitter_ms":	0.0066390842565740016,
					"lost_packets":	0,
					"packets":	0,
					"lost_percent":	0,
					"omitted":	false,
					"sender":	false
				}],
			"sum":	{
				"start":	1196.001768,
				"end":	1197.001806,
				"seconds":	1.0000380277633667,
				"bytes":	0,
				"bits_per_second":	0,
				"jitter_ms":	0.0066390842565740016,
				"lost_packets":	0,
				"packets":	0,
				"lost_percent":	0,
				"omitted":	false,
				"sender":	false
			}
		}, {
			"streams":	[{
					"socket":	5,
					"start":	1197.001806,
					"end":	1198.001146,
					"seconds":	0.999339997768402,
					"bytes":	0,
					"bits_per_second":	0,
					"jitter_ms":	0.0066390842565740016,
					"lost_packets":	0,
					"packets":	0,
					"lost_percent":	0,
					"omitted":	false,
					"sender":	false
				}],
			"sum":	{
				"start":	1197.001806,
				"end":	1198.001146,
				"seconds":	0.999339997768402,
				"bytes":	0,
				"bits_per_second":	0,
				"jitter_ms":	0.0066390842565740016,
				"lost_packets":	0,
				"packets":	0,
				"lost_percent":	0,
				"omitted":	false,
				"sender":	false
			}
		}, {
			"streams":	[{
					"socket":	5,
					"start":	1198.001146,
					"end":	1199.001903,
					"seconds":	1.0007569789886475,
					"bytes":	0,
					"bits_per_second":	0,
					"jitter_ms":	0.0066390842565740016,
					"lost_packets":	0,
					"packets":	0,
					"lost_percent":	0,
					"omitted":	false,
					"sender":	false
				}],
			"sum":	{
				"start":	1198.001146,
				"end":	1199.001903,
				"seconds":	1.0007569789886475,
				"bytes":	0,
				"bits_per_second":	0,
				"jitter_ms":	0.0066390842565740016,
				"lost_packets":	0,
				"packets":	0,
				"lost_percent":	0,
				"omitted":	false,
				"sender":	false
			}
		}, {
			"streams":	[{
					"socket":	5,
					"start":	1200.001966,
					"end":	1289.783991,
					"seconds":	89.7820281982422,
					"bytes":	0,
					"bits_per_second":	0,
					"jitter_ms":	0.0066390842565740016,
					"lost_packets":	0,
					"packets":	0,
					"lost_percent":	0,
					"omitted":	false,
					"sender":	false
				}],
			"sum":	{
				"start":	1200.001966,
				"end":	1289.783991,
				"seconds":	89.7820281982422,
				"bytes":	0,
				"bits_per_second":	0,
				"jitter_ms":	0.0066390842565740016,
				"lost_packets":	0,
				"packets":	0,
				"lost_percent":	0,
				"omitted":	false,
				"sender":	false
			}
		}],
	"end":	{
		"streams":	[{
				"udp":	{
					"socket":	5,
					"start":	0,
					"end":	1289.783991,
					"seconds":	1289.783991,
					"bytes":	0,
					"bits_per_second":	0,
					"jitter_ms":	0.0066390842565740016,
					"lost_packets":	14172722,
					"packets":	51696922,
					"lost_percent":	0,
					"out_of_order":	0,
					"sender":	false
				}
			}],
		"sum":	{
			"start":	0,
			"end":	1289.783991,
			"seconds":	1289.783991,
			"bytes":	0,
			"bits_per_second":	0,
			"jitter_ms":	0.0066390842565740016,
			"lost_packets":	14172722,
			"packets":	51696922,
			"lost_percent":	27.415020956179944,
			"sender":	false
		},
		"sum_sent":	{
			"start":	0,
			"end":	1289.783991,
			"seconds":	1289.783991,
			"bytes":	0,
			"bits_per_second":	0,
			"jitter_ms":	0,
			"lost_packets":	0,
			"packets":	0,
			"lost_percent":	0,
			"sender":	true
		},
		"sum_received":	{
			"start":	0,
			"end":	1289.783991,
			"seconds":	1289.783991,
			"bytes":	50582621600,
			"bits_per_second":	313743212.525267,
			"jitter_ms":	0.0066390842565740016,
			"lost_packets":	14172722,
			"packets":	51696922,
			"lost_percent":	27.415020956179944,
			"sender":	false
		},
		"cpu_utilization_percent":	{
			"host_total":	9.38097526335723,
			"host_user":	2.0084217045856323,
			"host_system":	7.3725535587715978,
			"remote_total":	0,
			"remote_user":	0,
			"remote_system":	0
		}
	},
	"error":	"interrupt - the client has terminated"
}
