{
	"start":	{
		"connected":	[{
				"socket":	5,
				"local_host":	"10.45.0.30",
				"local_port":	59082,
				"remote_host":	"10.45.0.1",
				"remote_port":	5201
			}],
		"version":	"iperf 3.18",
		"system_info":	"Linux localhost 4.19.113-22299651 #1 SMP PREEMPT Fri Nov 12 10:33:08 KST 2021 aarch64",
		"timestamp":	{
			"time":	"Tue, 04 Aug 2026 06:56:16 GMT",
			"timesecs":	1785826576
		},
		"connecting_to":	{
			"host":	"10.45.0.1",
			"port":	5201
		},
		"cookie":	"2xrvpzoiatxgc3csn5xpxjyquuyf2upu2i4m",
		"target_bitrate":	900000000,
		"fq_rate":	0,
		"sock_bufsize":	0,
		"sndbuf_actual":	229376,
		"rcvbuf_actual":	229376,
		"test_start":	{
			"protocol":	"UDP",
			"num_streams":	1,
			"blksize":	1348,
			"omit":	0,
			"duration":	1200,
			"bytes":	0,
			"blocks":	0,
			"reverse":	1,
			"tos":	0,
			"target_bitrate":	900000000,
			"bidir":	0,
			"fqrate":	0,
			"interval":	1
		}
	},
	"intervals":	[{
			"streams":	[{
					"socket":	5,
					"start":	0,
					"end":	1.001087,
					"seconds":	1.001086950302124,
					"bytes":	26114804,
					"bits_per_second":	208691594.60818988,
					"jitter_ms":	0.019302793996624934,
					"lost_packets":	13,
					"packets":	19386,
					"lost_percent":	0.0670587021561952,
					"omitted":	false,
					"sender":	false
				}],
			"sum":	{
				"start":	0,
				"end":	1.001087,
				"seconds":	1.001086950302124,
				"bytes":	26114804,
				"bits_per_second":	208691594.60818988,
				"jitter_ms":	0.019302793996624934,
				"lost_packets":	13,
				"packets":	19386,
				"lost_percent":	0.0670587021561952,
				"omitted":	false,
				"sender":	false
			}
		}, {
			"streams":	[{
					"socket":	5,
					"start":	1.001087,
					"end":	2.000538,
					"seconds":	0.999450981616974,
					"bytes":	24100892,
					"bits_per_second":	192913048.81012237,
					"jitter_ms":	0.0263877807226947,
					"lost_packets":	0,
					"packets":	17879,
					"lost_percent":	0,
					"omitted":	false,
					"sender":	false
				}],
			"sum":	{
				"start":	1.001087,
				"end":	2.000538,
				"seconds":	0.999450981616974,
				"bytes":	24100892,
				"bits_per_second":	192913048.81012237,
				"jitter_ms":	0.0263877807226947,
				"lost_packets":	0,
				"packets":	17879,
				"lost_percent":	0,
				"omitted":	false,
				"sender":	false
			}
		}, {
			"streams":	[{
					"socket":	5,
					"start":	2.000538,
					"end":	3.001117,
					"seconds":	1.0005789995193481,
					"bytes":	20140468,
					"bits_per_second":	161030507.41360712,
					"jitter_ms":	0.0060610744580939574,
					"lost_packets":	30599,
					"packets":	45540,
					"lost_percent":	67.191480017566974,
					"omitted":	false,
					"sender":	false
				}],
			"sum":	{
				"start":	2.000538,
				"end":	3.001117,
				"seconds":	1.0005789995193481,
				"bytes":	20140468,
				"bits_per_second":	161030507.41360712,
				"jitter_ms":	0.0060610744580939574,
				"lost_packets":	30599,
				"packets":	45540,
				"lost_percent":	67.191480017566974,
				"omitted":	false,
				"sender":	false
			}
		}, {
			"streams":	[{
					"socket":	5,
					"start":	3.001117,
					"end":	4.001101,
					"seconds":	0.9999840259552002,
					"bytes":	23595392,
					"bits_per_second":	188766151.35895848,
					"jitter_ms":	0.0064013053590017176,
					"lost_packets":	64625,
					"packets":	82129,
					"lost_percent":	78.687187229845733,
					"omitted":	false,
					"sender":	false
				}],
			"sum":	{
				"start":	3.001117,
				"end":	4.001101,
				"seconds":	0.9999840259552002,
				"bytes":	23595392,
				"bits_per_second":	188766151.35895848,
				"jitter_ms":	0.0064013053590017176,
				"lost_packets":	64625,
				"packets":	82129,
				"lost_percent":	78.687187229845733,
				"omitted":	false,
				"sender":	false
			}
		}, {
			"streams":	[{
					"socket":	5,
					"start":	4.001101,
					"end":	5.001127,
					"seconds":	1.0000259876251221,
					"bytes":	24285568,
					"bits_per_second":	194279495.13731146,
					"jitter_ms":	0.016425690226813488,
					"lost_packets":	66636,
					"packets":	84652,
					"lost_percent":	78.717573122903175,
					"omitted":	false,
					"sender":	false
				}],
			"sum":	{
				"start":	4.001101,
				"end":	5.001127,
				"seconds":	1.0000259876251221,
				"bytes":	24285568,
				"bits_per_second":	194279495.13731146,
				"jitter_ms":	0.016425690226813488,
				"lost_packets":	66636,
				"packets":	84652,
				"lost_percent":	78.717573122903175,
				"omitted":	false,
				"sender":	false
			}
		}, {
			"streams":	[{
					"socket":	5,
					"start":	5.001127,
					"end":	6.000298,
					"seconds":	0.999171018600464,
					"bytes":	24113024,
					"bits_per_second":	193064238.66276705,
					"jitter_ms":	0.0054316051349553359,
					"lost_packets":	65705,
					"packets":	83593,
					"lost_percent":	78.601079037718463,
					"omitted":	false,
					"sender":	false
				}],
			"sum":	{
				"start":	5.001127,
				"end":	6.000298,
				"seconds":	0.999171018600464,
				"bytes":	24113024,
				"bits_per_second":	193064238.66276705,
				"jitter_ms":	0.0054316051349553359,
				"lost_packets":	65705,
				"packets":	83593,
				"lost_percent":	78.601079037718463,
				"omitted":	false,
				"sender":	false
			}
		}, {
			"streams":	[{
					"socket":	5,
					"start":	6.000298,
					"end":	7.001117,
					"seconds":	1.0008189678192139,
					"bytes":	23711320,
					"bits_per_second":	189535336.65867269,
					"jitter_ms":	0.0073532413449569648,
					"lost_packets":	65116,
					"packets":	82706,
					"lost_percent":	78.731893695741547,
					"omitted":	false,
					"sender":	false
				}],
			"sum":	{
				"start":	6.000298,
				"end":	7.001117,
				"seconds":	1.0008189678192139,
				"bytes":	23711320,
				"bits_per_second":	189535336.65867269,
				"jitter_ms":	0.0073532413449569648,
				"lost_packets":	65116,
				"packets":	82706,
				"lost_percent":	78.731893695741547,
				"omitted":	false,
				"sender":	false
			}
		}, {
			"streams":	[{
					"socket":	5,
					"start":	7.001117,
					"end":	8.001087,
					"seconds":	0.999970018863678,
					"bytes":	23998444,
					"bits_per_second":	191993308.1775454,
					"jitter_ms":	0.0073862734189816667,
					"lost_packets":	65805,
					"packets":	83608,
					"lost_percent":	78.7065831020955,
					"omitted":	false,
					"sender":	false
				}],
			"sum":	{
				"start":	7.001117,
				"end":	8.001087,
				"seconds":	0.999970018863678,
				"bytes":	23998444,
				"bits_per_second":	191993308.1775454,
				"jitter_ms":	0.0073862734189816667,
				"lost_packets":	65805,
				"packets":	83608,
				"lost_percent":	78.7065831020955,
				"omitted":	false,
				"sender":	false
			}
		}, {
			"streams":	[{
					"socket":	5,
					"start":	8.001087,
					"end":	9.001138,
					"seconds":	1.0000510215759277,
					"bytes":	23984964,
					"bits_per_second":	191869922.49418122,
					"jitter_ms":	0.0059681030636217222,
					"lost_packets":	65425,
					"packets":	83218,
					"lost_percent":	78.618808430868327,
					"omitted":	false,
					"sender":	false
				}],
			"sum":	{
				"start":	8.001087,
				"end":	9.001138,
				"seconds":	1.0000510215759277,
				"bytes":	23984964,
				"bits_per_second":	191869922.49418122,
				"jitter_ms":	0.0059681030636217222,
				"lost_packets":	65425,
				"packets":	83218,
				"lost_percent":	78.618808430868327,
				"omitted":	false,
				"sender":	false
			}
		}, {
			"streams":	[{
					"socket":	5,
					"start":	9.001138,
					"end":	10.001101,
					"seconds":	0.99996298551559448,
					"bytes":	23979572,
					"bits_per_second":	191843676.99479043,
					"jitter_ms":	0.0069106653610531187,
					"lost_packets":	65677,
					"packets":	83466,
					"lost_percent":	78.687130088898471,
					"omitted":	false,
					"sender":	false
				}],
			"sum":	{
				"start":	9.001138,
				"end":	10.001101,
				"seconds":	0.99996298551559448,
				"bytes":	23979572,
				"bits_per_second":	191843676.99479043,
				"jitter_ms":	0.0069106653610531187,
				"lost_packets":	65677,
				"packets":	83466,
				"lost_percent":	78.687130088898471,
				"omitted":	false,
				"sender":	false
			}
		}, {
			"streams":	[{
					"socket":	5,
					"start":	10.001101,
					"end":	11.001127,
					"seconds":	1.0000259876251221,
					"bytes":	23598088,
					"bits_per_second":	188779798.06137735,
					"jitter_ms":	0.0068957752980175618,
					"lost_packets":	65187,
					"packets":	82693,
					"lost_percent":	78.830130724486963,
					"omitted":	false,
					"sender":	false
				}],
			"sum":	{
				"start":	10.001101,
				"end":	11.001127,
				"seconds":	1.0000259876251221,
				"bytes":	23598088,
				"bits_per_second":	188779798.06137735,
				"jitter_ms":	0.0068957752980175618,
				"lost_packets":	65187,
				"packets":	82693,
				"lost_percent":	78.830130724486963,
				"omitted":	false,
				"sender":	false
			}
		}, {
			"streams":	[{
					"socket":	5,
					"start":	11.001127,
					"end":	12.0011,
					"seconds":	0.99997299909591675,
					"bytes":	24409584,
					"bits_per_second":	195281944.78906044,
					"jitter_ms":	0.0059922004773629673,
					"lost_packets":	67025,
					"packets":	85133,
					"lost_percent":	78.729752269977567,
					"omitted":	false,
					"sender":	false
				}],
			"sum":	{
				"start":	11.001127,
				"end":	12.0011,
				"seconds":	0.99997299909591675,
				"bytes":	24409584,
				"bits_per_second":	195281944.78906044,
				"jitter_ms":	0.0059922004773629673,
				"lost_packets":	67025,
				"packets":	85133,
				"lost_percent":	78.729752269977567,
				"omitted":	false,
				"sender":	false
			}
		}, {
			"streams":	[{
					"socket":	5,
					"start":	12.0011,
					"end":	13.001099,
					"seconds":	0.99999898672103882,
					"bytes":	23669532,
					"bits_per_second":	189356447.8709048,
					"jitter_ms":	0.051598231727050747,
					"lost_packets":	64493,
					"packets":	82052,
					"lost_percent":	78.600155998635,
					"omitted":	false,
					"sender":	false
				}],
			"sum":	{
				"start":	12.0011,
				"end":	13.001099,
				"seconds":	0.99999898672103882,
				"bytes":	23669532,
				"bits_per_second":	189356447.8709048,
				"jitter_ms":	0.051598231727050747,
				"lost_packets":	64493,
				"packets":	82052,
				"lost_percent":	78.600155998635,
				"omitted":	false,
				"sender":	false
			}
		}, {
			"streams":	[{
					"socket":	5,
					"start":	13.001099,
					"end":	14.0011,
					"seconds":	1.0000009536743164,
					"bytes":	24141332,
					"bits_per_second":	193130471.81642932,
					"jitter_ms":	0.0057236242137002121,
					"lost_packets":	65194,
					"packets":	83103,
					"lost_percent":	78.4496347905611,
					"omitted":	false,
					"sender":	false
				}],
			"sum":	{
				"start":	13.001099,
				"end":	14.0011,
				"seconds":	1.0000009536743164,
				"bytes":	24141332,
				"bits_per_second":	193130471.81642932,
				"jitter_ms":	0.0057236242137002121,
				"lost_packets":	65194,
				"packets":	83103,
				"lost_percent":	78.4496347905611,
				"omitted":	false,
				"sender":	false
			}
		}, {
			"streams":	[{
					"socket":	5,
					"start":	14.0011,
					"end":	15.00056,
					"seconds":	0.999459981918335,
					"bytes":	23959352,
					"bits_per_second":	191778379.79276052,
					"jitter_ms":	0.013752280276247249,
					"lost_packets":	66310,
					"packets":	84084,
					"lost_percent":	78.8616145759003,
					"omitted":	false,
					"sender":	false
				}],
			"sum":	{
				"start":	14.0011,
				"end":	15.00056,
				"seconds":	0.999459981918335,
				"bytes":	23959352,
				"bits_per_second":	191778379.79276052,
				"jitter_ms":	0.013752280276247249,
				"lost_packets":	66310,
				"packets":	84084,
				"lost_percent":	78.8616145759003,
				"omitted":	false,
				"sender":	false
			}
		}, {
			"streams":	[{
					"socket":	5,
					"start":	15.00056,
					"end":	16.001122,
					"seconds":	1.0005619525909424,
					"bytes":	24227604,
					"bits_per_second":	193711975.053722,
					"jitter_ms":	0.016959376024295942,
					"lost_packets":	67150,
					"packets":	85123,
					"lost_percent":	78.885847538268152,
					"omitted":	false,
					"sender":	false
				}],
			"sum":	{
				"start":	15.00056,
				"end":	16.001122,
				"seconds":	1.0005619525909424,
				"bytes":	24227604,
				"bits_per_second":	193711975.053722,
				"jitter_ms":	0.016959376024295942,
				"lost_packets":	67150,
				"packets":	85123,
				"lost_percent":	78.885847538268152,
				"omitted":	false,
				"sender":	false
			}
		}, {
			"streams":	[{
					"socket":	5,
					"start":	16.001122,
					"end":	17.001113,
					"seconds":	0.999990999698639,
					"bytes":	23584608,
					"bits_per_second":	188678562.16391987,
					"jitter_ms":	0.0046378179872646839,
					"lost_packets":	63929,
					"packets":	81425,
					"lost_percent":	78.512741786920472,
					"omitted":	false,
					"sender":	false
				}],
			"sum":	{
				"start":	16.001122,
				"end":	17.001113,
				"seconds":	0.999990999698639,
				"bytes":	23584608,
				"bits_per_second":	188678562.16391987,
				"jitter_ms":	0.0046378179872646839,
				"lost_packets":	63929,
				"packets":	81425,
				"lost_percent":	78.512741786920472,
				"omitted":	false,
				"sender":	false
			}
		}, {
			"streams":	[{
					"socket":	5,
					"start":	17.001113,
					"end":	18.001101,
					"seconds":	0.9999880194664,
					"bytes":	23745020,
					"bits_per_second":	189962435.85134542,
					"jitter_ms":	0.013504659260047968,
					"lost_packets":	65042,
					"packets":	82657,
					"lost_percent":	78.6890402506745,
					"omitted":	false,
					"sender":	false
				}],
			"sum":	{
				"start":	17.001113,
				"end":	18.001101,
				"seconds":	0.9999880194664,
				"bytes":	23745020,
				"bits_per_second":	189962435.85134542,
				"jitter_ms":	0.013504659260047968,
				"lost_packets":	65042,
				"packets":	82657,
				"lost_percent":	78.6890402506745,
				"omitted":	false,
				"sender":	false
			}
		}, {
			"streams":	[{
					"socket":	5,
					"start":	18.001101,
					"end":	19.001105,
					"seconds":	1.0000040531158447,
					"bytes":	24435196,
					"bits_per_second":	195480775.69377071,
					"jitter_ms":	0.012446642259750404,
					"lost_packets":	67042,
					"packets":	85169,
					"lost_percent":	78.7164343834024,
					"omitted":	false,
					"sender":	false
				}],
			"sum":	{
				"start":	18.001101,
				"end":	19.001105,
				"seconds":	1.0000040531158447,
				"bytes":	24435196,
				"bits_per_second":	195480775.69377071,
				"jitter_ms":	0.012446642259750404,
				"lost_packets":	67042,
				"packets":	85169,
				"lost_percent":	78.7164343834024,
				"omitted":	false,
				"sender":	false
			}
		}, {
			"streams":	[{
					"socket":	5,
					"start":	19.001105,
					"end":	20.00109,
					"seconds":	0.9999849796295166,
					"bytes":	23502380,
					"bits_per_second":	188021864.15805864,
					"jitter_ms":	0.01615554135501843,
					"lost_packets":	64308,
					"packets":	81743,
					"lost_percent":	78.6709565345045,
					"omitted":	false,
					"sender":	false
				}],
			"sum":	{
				"start":	19.001105,
				"end":	20.00109,
				"seconds":	0.9999849796295166,
				"bytes":	23502380,
				"bits_per_second":	188021864.15805864,
				"jitter_ms":	0.01615554135501843,
				"lost_packets":	64308,
				"packets":	81743,
				"lost_percent":	78.6709565345045,
				"omitted":	false,
				"sender":	false
			}
		}, {
			"streams":	[{
					"socket":	5,
					"start":	20.00109,
					"end":	21.001123,
					"seconds":	1.0000330209732056,
					"bytes":	23914868,
					"bits_per_second":	191312626.67088082,
					"jitter_ms":	0.018106044230818529,
					"lost_packets":	65712,
					"packets":	83453,
					"lost_percent":	78.741327453776378,
					"omitted":	false,
					"sender":	false
				}],
			"sum":	{
				"start":	20.00109,
				"end":	21.001123,
				"seconds":	1.0000330209732056,
				"bytes":	23914868,
				"bits_per_second":	191312626.67088082,
				"jitter_ms":	0.018106044230818529,
				"lost_packets":	65712,
				"packets":	83453,
				"lost_percent":	78.741327453776378,
				"omitted":	false,
				"sender":	false
			}
		}, {
			"streams":	[{
					"socket":	5,
					"start":	21.001123,
					"end":	22.001129,
					"seconds":	1.0000059604644775,
					"bytes":	24435196,
					"bits_per_second":	195480402.84600279,
					"jitter_ms":	0.011563804861019293,
					"lost_packets":	67011,
					"packets":	85138,
					"lost_percent":	78.708684723625169,
					"omitted":	false,
					"sender":	false
				}],
			"sum":	{
				"start":	21.001123,
				"end":	22.001129,
				"seconds":	1.0000059604644775,
				"bytes":	24435196,
				"bits_per_second":	195480402.84600279,
				"jitter_ms":	0.011563804861019293,
				"lost_packets":	67011,
				"packets":	85138,
				"lost_percent":	78.708684723625169,
				"omitted":	false,
				"sender":	false
			}
		}, {
			"streams":	[{
					"socket":	5,
					"start":	22.001129,
					"end":	23.001134,
					"seconds":	1.0000050067901611,
					"bytes":	23598088,
					"bits_per_second":	188783758.79933387,
					"jitter_ms":	0.032892528567623369,
					"lost_packets":	65175,
					"packets":	82681,
					"lost_percent":	78.827058211681035,
					"omitted":	false,
					"sender":	false
				}],
			"sum":	{
				"start":	22.001129,
				"end":	23.001134,
				"seconds":	1.0000050067901611,
				"bytes":	23598088,
				"bits_per_second":	188783758.79933387,
				"jitter_ms":	0.032892528567623369,
				"lost_packets":	65175,
				"packets":	82681,
				"lost_percent":	78.827058211681035,
				"omitted":	false,
				"sender":	false
			}
		}, {
			"streams":	[{
					"socket":	5,
					"start":	23.001134,
					"end":	24.001091,
					"seconds":	0.999957025051117,
					"bytes":	26183552,
					"bits_per_second":	209477418.2813428,
					"jitter_ms":	0.011757999505267043,
					"lost_packets":	63632,
					"packets":	83056,
					"lost_percent":	76.613369293007125,
					"omitted":	false,
					"sender":	false
				}],
			"sum":	{
				"start":	23.001134,
				"end":	24.001091,
				"seconds":	0.999957025051117,
				"bytes":	26183552,
				"bits_per_second":	209477418.2813428,
				"jitter_ms":	0.011757999505267043,
				"lost_packets":	63632,
				"packets":	83056,
				"lost_percent":	76.613369293007125,
				"omitted":	false,
				"sender":	false
			}
		}, {
			"streams":	[{
					"socket":	5,
					"start":	24.001091,
					"end":	25.00109,
					"seconds":	0.99999898672103882,
					"bytes":	25988092,
					"bits_per_second":	207904946.66570839,
					"jitter_ms":	0.00955526295180385,
					"lost_packets":	45001,
					"packets":	64280,
					"lost_percent":	70.007778469197262,
					"omitted":	false,
					"sender":	false
				}],
			"sum":	{
				"start":	24.001091,
				"end":	25.00109,
				"seconds":	0.99999898672103882,
				"bytes":	25988092,
				"bits_per_second":	207904946.66570839,
				"jitter_ms":	0.00955526295180385,
				"lost_packets":	45001,
				"packets":	64280,
				"lost_percent":	70.007778469197262,
				"omitted":	false,
				"sender":	false
			}
		}, {
			"streams":	[{
					"socket":	5,
					"start":	25.00109,
					"end":	26.001085,
					"seconds":	0.999994993209839,
					"bytes":	19885696,
					"bits_per_second":	159086364.51204461,
					"jitter_ms":	0.013901841347277646,
					"lost_packets":	88219,
					"packets":	102971,
					"lost_percent":	85.67363626652164,
					"omitted":	false,
					"sender":	false
				}],
			"sum":	{
				"start":	25.00109,
				"end":	26.001085,
				"seconds":	0.999994993209839,
				"bytes":	19885696,
				"bits_per_second":	159086364.51204461,
				"jitter_ms":	0.013901841347277646,
				"lost_packets":	88219,
				"packets":	102971,
				"lost_percent":	85.67363626652164,
				"omitted":	false,
				"sender":	false
			}
		}, {
			"streams":	[{
					"socket":	5,
					"start":	26.001085,
					"end":	27.001093,
					"seconds":	1.0000079870224,
					"bytes":	23904084,
					"bits_per_second":	191231144.63256425,
					"jitter_ms":	0.011384422542541095,
					"lost_packets":	65013,
					"packets":	82746,
					"lost_percent":	78.5693568269161,
					"omitted":	false,
					"sender":	false
				}],
			"sum":	{
				"start":	26.001085,
				"end":	27.001093,
				"seconds":	1.0000079870224,
				"bytes":	23904084,
				"bits_per_second":	191231144.63256425,
				"jitter_ms":	0.011384422542541095,
				"lost_packets":	65013,
				"packets":	82746,
				"lost_percent":	78.5693568269161,
				"omitted":	false,
				"sender":	false
			}
		}, {
			"streams":	[{
					"socket":	5,
					"start":	27.001093,
					"end":	28.001121,
					"seconds":	1.0000280141830444,
					"bytes":	23986312,
					"bits_per_second":	191885120.495111,
					"jitter_ms":	0.00840092768314846,
					"lost_packets":	66059,
					"packets":	83853,
					"lost_percent":	78.779530845646548,
					"omitted":	false,
					"sender":	false
				}],
			"sum":	{
				"start":	27.001093,
				"end":	28.001121,
				"seconds":	1.0000280141830444,
				"bytes":	23986312,
				"bits_per_second":	191885120.495111,
				"jitter_ms":	0.00840092768314846,
				"lost_packets":	66059,
				"packets":	83853,
				"lost_percent":	78.779530845646548,
				"omitted":	false,
				"sender":	false
			}
		}, {
			"streams":	[{
					"socket":	5,
					"start":	28.001121,
					"end":	29.001116,
					"seconds":	0.999994993209839,
					"bytes":	24196600,
					"bits_per_second":	193573769.183243,
					"jitter_ms":	0.012790259676530849,
					"lost_packets":	66657,
					"packets":	84607,
					"lost_percent":	78.784261349533722,
					"omitted":	false,
					"sender":	false
				}],
			"sum":	{
				"start":	28.001121,
				"end":	29.001116,
				"seconds":	0.999994993209839,
				"bytes":	24196600,
				"bits_per_second":	193573769.183243,
				"jitter_ms":	0.012790259676530849,
				"lost_packets":	66657,
				"packets":	84607,
				"lost_percent":	78.784261349533722,
				"omitted":	false,
				"sender":	false
			}
		}, {
			"streams":	[{
					"socket":	5,
					"start":	29.001116,
					"end":	30.001126,
					"seconds":	1.0000100135803223,
					"bytes":	23960700,
					"bits_per_second":	191683680.56006825,
					"jitter_ms":	0.0077802870596733933,
					"lost_packets":	65711,
					"packets":	83486,
					"lost_percent":	78.709005102651943,
					"omitted":	false,
					"sender":	false
				}],
			"sum":	{
				"start":	29.001116,
				"end":	30.001126,
				"seconds":	1.0000100135803223,
				"bytes":	23960700,
				"bits_per_second":	191683680.56006825,
				"jitter_ms":	0.0077802870596733933,
				"lost_packets":	65711,
				"packets":	83486,
				"lost_percent":	78.709005102651943,
				"omitted":	false,
				"sender":	false
			}
		}, {
			"streams":	[{
					"socket":	5,
					"start":	30.001126,
					"end":	31.001106,
					"seconds":	0.99997997283935547,
					"bytes":	23971484,
					"bits_per_second":	191775712.72300643,
					"jitter_ms":	0.0046159042951599786,
					"lost_packets":	65679,
					"packets":	83462,
					"lost_percent":	78.693297548585,
					"omitted":	false,
					"sender":	false
				}],
			"sum":	{
				"start":	30.001126,
				"end":	31.001106,
				"seconds":	0.99997997283935547,
				"bytes":	23971484,
				"bits_per_second":	191775712.72300643,
				"jitter_ms":	0.0046159042951599786,
				"lost_packets":	65679,
				"packets":	83462,
				"lost_percent":	78.693297548585,
				"omitted":	false,
				"sender":	false
			}
		}, {
			"streams":	[{
					"socket":	5,
					"start":	31.001106,
					"end":	32.001092,
					"seconds":	0.99998599290847778,
					"bytes":	23886560,
					"bits_per_second":	191095156.68734917,
					"jitter_ms":	0.00676690287860233,
					"lost_packets":	65641,
					"packets":	83361,
					"lost_percent":	78.743057304974755,
					"omitted":	false,
					"sender":	false
				}],
			"sum":	{
				"start":	31.001106,
				"end":	32.001092,
				"seconds":	0.99998599290847778,
				"bytes":	23886560,
				"bits_per_second":	191095156.68734917,
				"jitter_ms":	0.00676690287860233,
				"lost_packets":	65641,
				"packets":	83361,
				"lost_percent":	78.743057304974755,
				"omitted":	false,
				"sender":	false
			}
		}, {
			"streams":	[{
					"socket":	5,
					"start":	32.001092,
					"end":	33.001132,
					"seconds":	1.0000400543212891,
					"bytes":	24052364,
					"bits_per_second":	192411205.09977132,
					"jitter_ms":	0.017731297197907447,
					"lost_packets":	65675,
					"packets":	83518,
					"lost_percent":	78.635743193084124,
					"omitted":	false,
					"sender":	false
				}],
			"sum":	{
				"start":	32.001092,
				"end":	33.001132,
				"seconds":	1.0000400543212891,
				"bytes":	24052364,
				"bits_per_second":	192411205.09977132,
				"jitter_ms":	0.017731297197907447,
				"lost_packets":	65675,
				"packets":	83518,
				"lost_percent":	78.635743193084124,
				"omitted":	false,
				"sender":	false
			}
		}, {
			"streams":	[{
					"socket":	5,
					"start":	33.001132,
					"end":	34.001088,
					"seconds":	0.99995601177215576,
					"bytes":	23522600,
					"bits_per_second":	188189078.10404545,
					"jitter_ms":	0.0082014898593376663,
					"lost_packets":	64970,
					"packets":	82420,
					"lost_percent":	78.827954380004854,
					"omitted":	false,
					"sender":	false
				}],
			"sum":	{
				"start":	33.001132,
				"end":	34.001088,
				"seconds":	0.99995601177215576,
				"bytes":	23522600,
				"bits_per_second":	188189078.10404545,
				"jitter_ms":	0.0082014898593376663,
				"lost_packets":	64970,
				"packets":	82420,
				"lost_percent":	78.827954380004854,
				"omitted":	false,
				"sender":	false
			}
		}, {
			"streams":	[{
					"socket":	5,
					"start":	34.001088,
					"end":	35.001147,
					"seconds":	1.0000590085983276,
					"bytes":	23544168,
					"bits_per_second":	188342230.18899065,
					"jitter_ms":	0.0028098356105571046,
					"lost_packets":	63485,
					"packets":	80951,
					"lost_percent":	78.423984879742065,
					"omitted":	false,
					"sender":	false
				}],
			"sum":	{
				"start":	34.001088,
				"end":	35.001147,
				"seconds":	1.0000590085983276,
				"bytes":	23544168,
				"bits_per_second":	188342230.18899065,
				"jitter_ms":	0.0028098356105571046,
				"lost_packets":	63485,
				"packets":	80951,
				"lost_percent":	78.423984879742065,
				"omitted":	false,
				"sender":	false
			}
		}, {
			"streams":	[{
					"socket":	5,
					"start":	35.001147,
					"end":	36.001087,
					"seconds":	0.99993997812271118,
					"bytes":	24293656,
					"bits_per_second":	194360913.90692428,
					"jitter_ms":	0.0066714151170820515,
					"lost_packets":	68685,
					"packets":	86707,
					"lost_percent":	79.2150576078056,
					"omitted":	false,
					"sender":	false
				}],
			"sum":	{
				"start":	35.001147,
				"end":	36.001087,
				"seconds":	0.99993997812271118,
				"bytes":	24293656,
				"bits_per_second":	194360913.90692428,
				"jitter_ms":	0.0066714151170820515,
				"lost_packets":	68685,
				"packets":	86707,
				"lost_percent":	79.2150576078056,
				"omitted":	false,
				"sender":	false
			}
		}, {
			"streams":	[{
					"socket":	5,
					"start":	36.001087,
					"end":	37.00112,
					"seconds":	1.0000330209732056,
					"bytes":	24013272,
					"bits_per_second":	192099832.67657238,
					"jitter_ms":	0.018266798439277233,
					"lost_packets":	67098,
					"packets":	84912,
					"lost_percent":	79.0206331260599,
					"omitted":	false,
					"sender":	false
				}],
			"sum":	{
				"start":	36.001087,
				"end":	37.00112,
				"seconds":	1.0000330209732056,
				"bytes":	24013272,
				"bits_per_second":	192099832.67657238,
				"jitter_ms":	0.018266798439277233,
				"lost_packets":	67098,
				"packets":	84912,
				"lost_percent":	79.0206331260599,
				"omitted":	false,
				"sender":	false
			}
		}, {
			"streams":	[{
					"socket":	5,
					"start":	37.00112,
					"end":	38.001119,
					"seconds":	0.99999898672103882,
					"bytes":	23832640,
					"bits_per_second":	190661313.19309738,
					"jitter_ms":	0.013384517661593034,
					"lost_packets":	64616,
					"packets":	82296,
					"lost_percent":	78.516574317099256,
					"omitted":	false,
					"sender":	false
				}],
			"sum":	{
				"start":	37.00112,
				"end":	38.001119,
				"seconds":	0.99999898672103882,
				"bytes":	23832640,
				"bits_per_second":	190661313.19309738,
				"jitter_ms":	0.013384517661593034,
				"lost_packets":	64616,
				"packets":	82296,
				"lost_percent":	78.516574317099256,
				"omitted":	false,
				"sender":	false
			}
		}, {
			"streams":	[{
					"socket":	5,
					"start":	38.001119,
					"end":	39.00114,
					"seconds":	1.0000209808349609,
					"bytes":	23927000,
					"bits_per_second":	191411984.01675379,
					"jitter_ms":	0.010802644371632305,
					"lost_packets":	65713,
					"packets":	83463,
					"lost_percent":	78.733091309921761,
					"omitted":	false,
					"sender":	false
				}],
			"sum":	{
				"start":	38.001119,
				"end":	39.00114,
				"seconds":	1.0000209808349609,
				"bytes":	23927000,
				"bits_per_second":	191411984.01675379,
				"jitter_ms":	0.010802644371632305,
				"lost_packets":	65713,
				"packets":	83463,
				"lost_percent":	78.733091309921761,
				"omitted":	false,
				"sender":	false
			}
		}, {
			"streams":	[{
					"socket":	5,
					"start":	39.00114,
					"end":	40.001108,
					"seconds":	0.99996799230575562,
					"bytes":	24005184,
					"bits_per_second":	192047619.00146937,
					"jitter_ms":	0.014085999939124603,
					"lost_packets":	65648,
					"packets":	83456,
					"lost_percent":	78.6618098159509,
					"omitted":	false,
					"sender":	false
				}],
			"sum":	{
				"start":	39.00114,
				"end":	40.001108,
				"seconds":	0.99996799230575562,
				"bytes":	24005184,
				"bits_per_second":	192047619.00146937,
				"jitter_ms":	0.014085999939124603,
				"lost_packets":	65648,
				"packets":	83456,
				"lost_percent":	78.6618098159509,
				"omitted":	false,
				"sender":	false
			}
		}, {
			"streams":	[{
					"socket":	5,
					"start":	40.001108,
					"end":	41.0011,
					"seconds":	0.9999920129776,
					"bytes":	23952612,
					"bits_per_second":	191622426.49261272,
					"jitter_ms":	0.012669865476064043,
					"lost_packets":	65693,
					"packets":	83462,
					"lost_percent":	78.710071649373361,
					"omitted":	false,
					"sender":	false
				}],
			"sum":	{
				"start":	40.001108,
				"end":	41.0011,
				"seconds":	0.9999920129776,
				"bytes":	23952612,
				"bits_per_second":	191622426.49261272,
				"jitter_ms":	0.012669865476064043,
				"lost_packets":	65693,
				"packets":	83462,
				"lost_percent":	78.710071649373361,
				"omitted":	false,
				"sender":	false
			}
		}, {
			"streams":	[{
					"socket":	5,
					"start":	41.0011,
					"end":	42.00111,
					"seconds":	1.0000100135803223,
					"bytes":	23979572,
					"bits_per_second":	191834655.04827309,
					"jitter_ms":	0.015342096837524981,
					"lost_packets":	65737,
					"packets":	83526,
					"lost_percent":	78.7024399588152,
					"omitted":	false,
					"sender":	false
				}],
			"sum":	{
				"start":	41.0011,
				"end":	42.00111,
				"seconds":	1.0000100135803223,
				"bytes":	23979572,
				"bits_per_second":	191834655.04827309,
				"jitter_ms":	0.015342096837524981,
				"lost_packets":	65737,
				"packets":	83526,
				"lost_percent":	78.7024399588152,
				"omitted":	false,
				"sender":	false
			}
		}, {
			"streams":	[{
					"socket":	5,
					"start":	42.00111,
					"end":	43.001104,
					"seconds":	0.99999397993087769,
					"bytes":	23924304,
					"bits_per_second":	191395584.21464667,
					"jitter_ms":	0.0063264932766277223,
					"lost_packets":	65577,
					"packets":	83325,
					"lost_percent":	78.7002700270027,
					"omitted":	false,
					"sender":	false
				}],
			"sum":	{
				"start":	42.00111,
				"end":	43.001104,
				"seconds":	0.99999397993087769,
				"bytes":	23924304,
				"bits_per_second":	191395584.21464667,
				"jitter_ms":	0.0063264932766277223,
				"lost_packets":	65577,
				"packets":	83325,
				"lost_percent":	78.7002700270027,
				"omitted":	false,
				"sender":	false
			}
		}, {
			"streams":	[{
					"socket":	5,
					"start":	43.001104,
					"end":	44.001133,
					"seconds":	1.0000289678573608,
					"bytes":	24052364,
					"bits_per_second":	192413338.19786477,
					"jitter_ms":	0.015135482080086629,
					"lost_packets":	65664,
					"packets":	83507,
					"lost_percent":	78.632928976014,
					"omitted":	false,
					"sender":	false
				}],
			"sum":	{
				"start":	43.001104,
				"end":	44.001133,
				"seconds":	1.0000289678573608,
				"bytes":	24052364,
				"bits_per_second":	192413338.19786477,
				"jitter_ms":	0.015135482080086629,
				"lost_packets":	65664,
				"packets":	83507,
				"lost_percent":	78.632928976014,
				"omitted":	false,
				"sender":	false
			}
		}, {
			"streams":	[{
					"socket":	5,
					"start":	44.001133,
					"end":	45.001101,
					"seconds":	0.99996799230575562,
					"bytes":	23986312,
					"bits_per_second":	191896638.168921,
					"jitter_ms":	0.0083828511803887128,
					"lost_packets":	65465,
					"packets":	83259,
					"lost_percent":	78.628136297577441,
					"omitted":	false,
					"sender":	false
				}],
			"sum":	{
				"start":	44.001133,
				"end":	45.001101,
				"seconds":	0.99996799230575562,
				"bytes":	23986312,
				"bits_per_second":	191896638.168921,
				"jitter_ms":	0.0083828511803887128,
				"lost_packets":	65465,
				"packets":	83259,
				"lost_percent":	78.628136297577441,
				"omitted":	false,
				"sender":	false
			}
		}, {
			"streams":	[{
					"socket":	5,
					"start":	45.001101,
					"end":	46.001097,
					"seconds":	0.9999960064888,
					"bytes":	23959352,
					"bits_per_second":	191675581.4585813,
					"jitter_ms":	0.014219809400491642,
					"lost_packets":	65882,
					"packets":	83656,
					"lost_percent":	78.753466577412254,
					"omitted":	false,
					"sender":	false
				}],
			"sum":	{
				"start":	45.001101,
				"end":	46.001097,
				"seconds":	0.9999960064888,
				"bytes":	23959352,
				"bits_per_second":	191675581.4585813,
				"jitter_ms":	0.014219809400491642,
				"lost_packets":	65882,
				"packets":	83656,
				"lost_percent":	78.753466577412254,
				"omitted":	false,
				"sender":	false
			}
		}, {
			"streams":	[{
					"socket":	5,
					"start":	46.001097,
					"end":	47.001116,
					"seconds":	1.0000189542770386,
					"bytes":	23914868,
					"bits_per_second":	191315317.75646552,
					"jitter_ms":	0.010787001175071991,
					"lost_packets":	66348,
					"packets":	84089,
					"lost_percent":	78.902115615597765,
					"omitted":	false,
					"sender":	false
				}],
			"sum":	{
				"start":	46.001097,
				"end":	47.001116,
				"seconds":	1.0000189542770386,
				"bytes":	23914868,
				"bits_per_second":	191315317.75646552,
				"jitter_ms":	0.010787001175071991,
				"lost_packets":	66348,
				"packets":	84089,
				"lost_percent":	78.902115615597765,
				"omitted":	false,
				"sender":	false
			}
		}, {
			"streams":	[{
					"socket":	5,
					"start":	47.001116,
					"end":	48.001108,
					"seconds":	0.9999920129776,
					"bytes":	23490248,
					"bits_per_second":	187923484.94908375,
					"jitter_ms":	0.00753023083190548,
					"lost_packets":	64364,
					"packets":	81790,
					"lost_percent":	78.694216896931167,
					"omitted":	false,
					"sender":	false
				}],
			"sum":	{
				"start":	47.001116,
				"end":	48.001108,
				"seconds":	0.9999920129776,
				"bytes":	23490248,
				"bits_per_second":	187923484.94908375,
				"jitter_ms":	0.00753023083190548,
				"lost_packets":	64364,
				"packets":	81790,
				"lost_percent":	78.694216896931167,
				"omitted":	false,
				"sender":	false
			}
		}, {
			"streams":	[{
					"socket":	5,
					"start":	48.001108,
					"end":	49.001085,
					"seconds":	0.9999769926071167,
					"bytes":	23998444,
					"bits_per_second":	191991969.23466662,
					"jitter_ms":	0.013993176464556126,
					"lost_packets":	65022,
					"packets":	82825,
					"lost_percent":	78.505282221551468,
					"omitted":	false,
					"sender":	false
				}],
			"sum":	{
				"start":	48.001108,
				"end":	49.001085,
				"seconds":	0.9999769926071167,
				"bytes":	23998444,
				"bits_per_second":	191991969.23466662,
				"jitter_ms":	0.013993176464556126,
				"lost_packets":	65022,
				"packets":	82825,
				"lost_percent":	78.505282221551468,
				"omitted":	false,
				"sender":	false
			}
		}, {
			"streams":	[{
					"socket":	5,
					"start":	49.001085,
					"end":	50.001105,
					"seconds":	1.0000200271606445,
					"bytes":	24076628,
					"bits_per_second":	192609166.5852792,
					"jitter_ms":	0.012951228191087573,
					"lost_packets":	67265,
					"packets":	85126,
					"lost_percent":	79.01816131381716,
					"omitted":	false,
					"sender":	false
				}],
			"sum":	{
				"start":	49.001085,
				"end":	50.001105,
				"seconds":	1.0000200271606445,
				"bytes":	24076628,
				"bits_per_second":	192609166.5852792,
				"jitter_ms":	0.012951228191087573,
				"lost_packets":	67265,
				"packets":	85126,
				"lost_percent":	79.01816131381716,
				"omitted":	false,
				"sender":	false
			}
		}, {
			"streams":	[{
					"socket":	5,
					"start":	50.001105,
					"end":	51.001112,
					"seconds":	1.0000070333480835,
					"bytes":	23979572,
					"bits_per_second":	191835226.75607556,
					"jitter_ms":	0.010525560749238131,
					"lost_packets":	65674,
					"packets":	83463,
					"lost_percent":	78.68636401758863,
					"omitted":	false,
					"sender":	false
				}],
			"sum":	{
				"start":	50.001105,
				"end":	51.001112,
				"seconds":	1.0000070333480835,
				"bytes":	23979572,
				"bits_per_second":	191835226.75607556,
				"jitter_ms":	0.010525560749238131,
				"lost_packets":	65674,
				"packets":	83463,
				"lost_percent":	78.68636401758863,
				"omitted":	false,
				"sender":	false
			}
		}, {
			"streams":	[{
					"socket":	5,
					"start":	51.001112,
					"end":	52.001105,
					"seconds":	0.99999302625656128,
					"bytes":	23870384,
					"bits_per_second":	190964403.73675758,
					"jitter_ms":	0.022172656216302086,
					"lost_packets":	65733,
					"packets":	83441,
					"lost_percent":	78.77781905777735,
					"omitted":	false,
					"sender":	false
				}],
			"sum":	{
				"start":	51.001112,
				"end":	52.001105,
				"seconds":	0.99999302625656128,
				"bytes":	23870384,
				"bits_per_second":	190964403.73675758,
				"jitter_ms":	0.022172656216302086,
				"lost_packets":	65733,
				"packets":	83441,
				"lost_percent":	78.77781905777735,
				"omitted":	false,
				"sender":	false
			}
		}, {
			"streams":	[{
					"socket":	5,
					"start":	52.001105,
					"end":	53.001098,
					"seconds":	0.99999302625656128,
					"bytes":	24080672,
					"bits_per_second":	192646719.4687959,
					"jitter_ms":	0.012408638933581089,
					"lost_packets":	65605,
					"packets":	83469,
					"lost_percent":	78.598042386993967,
					"omitted":	false,
					"sender":	false
				}],
			"sum":	{
				"start":	52.001105,
				"end":	53.001098,
				"seconds":	0.99999302625656128,
				"bytes":	24080672,
				"bits_per_second":	192646719.4687959,
				"jitter_ms":	0.012408638933581089,
				"lost_packets":	65605,
				"packets":	83469,
				"lost_percent":	78.598042386993967,
				"omitted":	false,
				"sender":	false
			}
		}, {
			"streams":	[{
					"socket":	5,
					"start":	53.001098,
					"end":	54.001133,
					"seconds":	1.0000350475311279,
					"bytes":	23966092,
					"bits_per_second":	191722016.61665472,
					"jitter_ms":	0.013983356767652836,
					"lost_packets":	65683,
					"packets":	83462,
					"lost_percent":	78.698090148810238,
					"omitted":	false,
					"sender":	false
				}],
			"sum":	{
				"start":	53.001098,
				"end":	54.001133,
				"seconds":	1.0000350475311279,
				"bytes":	23966092,
				"bits_per_second":	191722016.61665472,
				"jitter_ms":	0.013983356767652836,
				"lost_packets":	65683,
				"packets":	83462,
				"lost_percent":	78.698090148810238,
				"omitted":	false,
				"sender":	false
			}
		}, {
			"streams":	[{
					"socket":	5,
					"start":	54.001133,
					"end":	55.001144,
					"seconds":	1.0000109672546387,
					"bytes":	23881168,
					"bits_per_second":	191047248.73617509,
					"jitter_ms":	0.0075995006333614348,
					"lost_packets":	65525,
					"packets":	83241,
					"lost_percent":	78.717218678295552,
					"omitted":	false,
					"sender":	false
				}],
			"sum":	{
				"start":	54.001133,
				"end":	55.001144,
				"seconds":	1.0000109672546387,
				"bytes":	23881168,
				"bits_per_second":	191047248.73617509,
				"jitter_ms":	0.0075995006333614348,
				"lost_packets":	65525,
				"packets":	83241,
				"lost_percent":	78.717218678295552,
				"omitted":	false,
				"sender":	false
			}
		}, {
			"streams":	[{
					"socket":	5,
					"start":	55.001144,
					"end":	56.001102,
					"seconds":	0.99995797872543335,
					"bytes":	23882516,
					"bits_per_second":	191068156.9274832,
					"jitter_ms":	0.016399020620879636,
					"lost_packets":	66444,
					"packets":	84161,
					"lost_percent":	78.948681693420937,
					"omitted":	false,
					"sender":	false
				}],
			"sum":	{
				"start":	55.001144,
				"end":	56.001102,
				"seconds":	0.99995797872543335,
				"bytes":	23882516,
				"bits_per_second":	191068156.9274832,
				"jitter_ms":	0.016399020620879636,
				"lost_packets":	66444,
				"packets":	84161,
				"lost_percent":	78.948681693420937,
				"omitted":	false,
				"sender":	false
			}
		}, {
			"streams":	[{
					"socket":	5,
					"start":	56.001102,
					"end":	57.00111,
					"seconds":	1.0000079870224,
					"bytes":	23984964,
					"bits_per_second":	191878179.46468255,
					"jitter_ms":	0.0076675781638742739,
					"lost_packets":	65799,
					"packets":	83592,
					"lost_percent":	78.7144702842377,
					"omitted":	false,
					"sender":	false
				}],
			"sum":	{
				"start":	56.001102,
				"end":	57.00111,
				"seconds":	1.0000079870224,
				"bytes":	23984964,
				"bits_per_second":	191878179.46468255,
				"jitter_ms":	0.0076675781638742739,
				"lost_packets":	65799,
				"packets":	83592,
				"lost_percent":	78.7144702842377,
				"omitted":	false,
				"sender":	false
			}
		}, {
			"streams":	[{
					"socket":	5,
					"start":	57.00111,
					"end":	58.001088,
					"seconds":	0.999978005886078,
					"bytes":	23928348,
					"bits_per_second":	191430994.35509807,
					"jitter_ms":	0.013359648726622556,
					"lost_packets":	65076,
					"packets":	82827,
					"lost_percent":	78.568582708537065,
					"omitted":	false,
					"sender":	false
				}],
			"sum":	{
				"start":	57.00111,
				"end":	58.001088,
				"seconds":	0.999978005886078,
				"bytes":	23928348,
				"bits_per_second":	191430994.35509807,
				"jitter_ms":	0.013359648726622556,
				"lost_packets":	65076,
				"packets":	82827,
				"lost_percent":	78.568582708537065,
				"omitted":	false,
				"sender":	false
			}
		}, {
			"streams":	[{
					"socket":	5,
					"start":	58.001088,
					"end":	59.001096,
					"seconds":	1.0000079870224,
					"bytes":	23939132,
					"bits_per_second":	191511526.39314887,
					"jitter_ms":	0.00690701703884535,
					"lost_packets":	66329,
					"packets":	84088,
					"lost_percent":	78.8804585672153,
					"omitted":	false,
					"sender":	false
				}],
			"sum":	{
				"start":	58.001088,
				"end":	59.001096,
				"seconds":	1.0000079870224,
				"bytes":	23939132,
				"bits_per_second":	191511526.39314887,
				"jitter_ms":	0.00690701703884535,
				"lost_packets":	66329,
				"packets":	84088,
				"lost_percent":	78.8804585672153,
				"omitted":	false,
				"sender":	false
			}
		}, {
			"streams":	[{
					"socket":	5,
					"start":	59.001096,
					"end":	60.001098,
					"seconds":	1.0000020265579224,
					"bytes":	23998444,
					"bits_per_second":	191987162.926894,
					"jitter_ms":	0.014487612195380769,
					"lost_packets":	65020,
					"packets":	82823,
					"lost_percent":	78.504763169650943,
					"omitted":	false,
					"sender":	false
				}],
			"sum":	{
				"start":	59.001096,
				"end":	60.001098,
				"seconds":	1.0000020265579224,
				"bytes":	23998444,
				"bits_per_second":	191987162.926894,
				"jitter_ms":	0.014487612195380769,
				"lost_packets":	65020,
				"packets":	82823,
				"lost_percent":	78.504763169650943,
				"omitted":	false,
				"sender":	false
			}
		}, {
			"streams":	[{
					"socket":	5,
					"start":	60.001098,
					"end":	61.001094,
					"seconds":	0.9999960064888,
					"bytes":	23972832,
					"bits_per_second":	191783421.88924327,
					"jitter_ms":	0.013464642518242255,
					"lost_packets":	65678,
					"packets":	83462,
					"lost_percent":	78.692099398528669,
					"omitted":	false,
					"sender":	false
				}],
			"sum":	{
				"start":	60.001098,
				"end":	61.001094,
				"seconds":	0.9999960064888,
				"bytes":	23972832,
				"bits_per_second":	191783421.88924327,
				"jitter_ms":	0.013464642518242255,
				"lost_packets":	65678,
				"packets":	83462,
				"lost_percent":	78.692099398528669,
				"omitted":	false,
				"sender":	false
			}
		}, {
			"streams":	[{
					"socket":	5,
					"start":	61.001094,
					"end":	62.001124,
					"seconds":	1.0000300407409668,
					"bytes":	23972832,
					"bits_per_second":	191776894.87997749,
					"jitter_ms":	0.00835559420615435,
					"lost_packets":	65702,
					"packets":	83486,
					"lost_percent":	78.698224852071,
					"omitted":	false,
					"sender":	false
				}],
			"sum":	{
				"start":	61.001094,
				"end":	62.001124,
				"seconds":	1.0000300407409668,
				"bytes":	23972832,
				"bits_per_second":	191776894.87997749,
				"jitter_ms":	0.00835559420615435,
				"lost_packets":	65702,
				"packets":	83486,
				"lost_percent":	78.698224852071,
				"omitted":	false,
				"sender":	false
			}
		}, {
			"streams":	[{
					"socket":	5,
					"start":	62.001124,
					"end":	63.001115,
					"seconds":	0.999990999698639,
					"bytes":	23905432,
					"bits_per_second":	191245177.26422924,
					"jitter_ms":	0.017575514585841157,
					"lost_packets":	65632,
					"packets":	83366,
					"lost_percent":	78.727538804788523,
					"omitted":	false,
					"sender":	false
				}],
			"sum":	{
				"start":	62.001124,
				"end":	63.001115,
				"seconds":	0.999990999698639,
				"bytes":	23905432,
				"bits_per_second":	191245177.26422924,
				"jitter_ms":	0.017575514585841157,
				"lost_packets":	65632,
				"packets":	83366,
				"lost_percent":	78.727538804788523,
				"omitted":	false,
				"sender":	false
			}
		}, {
			"streams":	[{
					"socket":	5,
					"start":	63.001115,
					"end":	64.001134,
					"seconds":	1.0000189542770386,
					"bytes":	24059104,
					"bits_per_second":	192469183.88576725,
					"jitter_ms":	0.013238464352208658,
					"lost_packets":	65669,
					"packets":	83517,
					"lost_percent":	78.6295005807201,
					"omitted":	false,
					"sender":	false
				}],
			"sum":	{
				"start":	63.001115,
				"end":	64.001134,
				"seconds":	1.0000189542770386,
				"bytes":	24059104,
				"bits_per_second":	192469183.88576725,
				"jitter_ms":	0.013238464352208658,
				"lost_packets":	65669,
				"packets":	83517,
				"lost_percent":	78.6295005807201,
				"omitted":	false,
				"sender":	false
			}
		}, {
			"streams":	[{
					"socket":	5,
					"start":	64.001134,
					"end":	65.001102,
					"seconds":	0.99996799230575562,
					"bytes":	24024056,
					"bits_per_second":	192198599.83401769,
					"jitter_ms":	0.014027350797041935,
					"lost_packets":	65425,
					"packets":	83247,
					"lost_percent":	78.5914207118575,
					"omitted":	false,
					"sender":	false
				}],
			"sum":	{
				"start":	64.001134,
				"end":	65.001102,
				"seconds":	0.99996799230575562,
				"bytes":	24024056,
				"bits_per_second":	192198599.83401769,
				"jitter_ms":	0.014027350797041935,
				"lost_packets":	65425,
				"packets":	83247,
				"lost_percent":	78.5914207118575,
				"omitted":	false,
				"sender":	false
			}
		}, {
			"streams":	[{
					"socket":	5,
					"start":	65.001102,
					"end":	66.001103,
					"seconds":	1.0000009536743164,
					"bytes":	23979572,
					"bits_per_second":	191836393.050559,
					"jitter_ms":	0.0091817081971885539,
					"lost_packets":	65886,
					"packets":	83675,
					"lost_percent":	78.740364505527339,
					"omitted":	false,
					"sender":	false
				}],
			"sum":	{
				"start":	65.001102,
				"end":	66.001103,
				"seconds":	1.0000009536743164,
				"bytes":	23979572,
				"bits_per_second":	191836393.050559,
				"jitter_ms":	0.0091817081971885539,
				"lost_packets":	65886,
				"packets":	83675,
				"lost_percent":	78.740364505527339,
				"omitted":	false,
				"sender":	false
			}
		}, {
			"streams":	[{
					"socket":	5,
					"start":	66.001103,
					"end":	67.001119,
					"seconds":	1.0000159740448,
					"bytes":	24042928,
					"bits_per_second":	192340351.54660758,
					"jitter_ms":	0.01884005760591375,
					"lost_packets":	65615,
					"packets":	83451,
					"lost_percent":	78.626978706067035,
					"omitted":	false,
					"sender":	false
				}],
			"sum":	{
				"start":	66.001103,
				"end":	67.001119,
				"seconds":	1.0000159740448,
				"bytes":	24042928,
				"bits_per_second":	192340351.54660758,
				"jitter_ms":	0.01884005760591375,
				"lost_packets":	65615,
				"packets":	83451,
				"lost_percent":	78.626978706067035,
				"omitted":	false,
				"sender":	false
			}
		}, {
			"streams":	[{
					"socket":	5,
					"start":	67.001119,
					"end":	68.001148,
					"seconds":	1.0000289678573608,
					"bytes":	23750412,
					"bits_per_second":	189997792.17105752,
					"jitter_ms":	0.010094064003434777,
					"lost_packets":	65009,
					"packets":	82628,
					"lost_percent":	78.6767197560149,
					"omitted":	false,
					"sender":	false
				}],
			"sum":	{
				"start":	67.001119,
				"end":	68.001148,
				"seconds":	1.0000289678573608,
				"bytes":	23750412,
				"bits_per_second":	189997792.17105752,
				"jitter_ms":	0.010094064003434777,
				"lost_packets":	65009,
				"packets":	82628,
				"lost_percent":	78.6767197560149,
				"omitted":	false,
				"sender":	false
			}
		}, {
			"streams":	[{
					"socket":	5,
					"start":	68.001148,
					"end":	69.001101,
					"seconds":	0.99995297193527222,
					"bytes":	23763892,
					"bits_per_second":	190120076.97928622,
					"jitter_ms":	0.0086772872352392626,
					"lost_packets":	65617,
					"packets":	83246,
					"lost_percent":	78.823006510823348,
					"omitted":	false,
					"sender":	false
				}],
			"sum":	{
				"start":	68.001148,
				"end":	69.001101,
				"seconds":	0.99995297193527222,
				"bytes":	23763892,
				"bits_per_second":	190120076.97928622,
				"jitter_ms":	0.0086772872352392626,
				"lost_packets":	65617,
				"packets":	83246,
				"lost_percent":	78.823006510823348,
				"omitted":	false,
				"sender":	false
			}
		}, {
			"streams":	[{
					"socket":	5,
					"start":	69.001101,
					"end":	70.001106,
					"seconds":	1.0000050067901611,
					"bytes":	24090108,
					"bits_per_second":	192719899.09190539,
					"jitter_ms":	0.0096011800533911638,
					"lost_packets":	66628,
					"packets":	84499,
					"lost_percent":	78.850637285648347,
					"omitted":	false,
					"sender":	false
				}],
			"sum":	{
				"start":	69.001101,
				"end":	70.001106,
				"seconds":	1.0000050067901611,
				"bytes":	24090108,
				"bits_per_second":	192719899.09190539,
				"jitter_ms":	0.0096011800533911638,
				"lost_packets":	66628,
				"packets":	84499,
				"lost_percent":	78.850637285648347,
				"omitted":	false,
				"sender":	false
			}
		}, {
			"streams":	[{
					"socket":	5,
					"start":	70.001106,
					"end":	71.001102,
					"seconds":	0.9999960064888,
					"bytes":	23966092,
					"bits_per_second":	191729501.67391229,
					"jitter_ms":	0.014766835334297141,
					"lost_packets":	65673,
					"packets":	83452,
					"lost_percent":	78.69553755452236,
					"omitted":	false,
					"sender":	false
				}],
			"sum":	{
				"start":	70.001106,
				"end":	71.001102,
				"seconds":	0.9999960064888,
				"bytes":	23966092,
				"bits_per_second":	191729501.67391229,
				"jitter_ms":	0.014766835334297141,
				"lost_packets":	65673,
				"packets":	83452,
				"lost_percent":	78.69553755452236,
				"omitted":	false,
				"sender":	false
			}
		}, {
			"streams":	[{
					"socket":	5,
					"start":	71.001102,
					"end":	72.000553,
					"seconds":	0.999450981616974,
					"bytes":	23927000,
					"bits_per_second":	191521148.63133687,
					"jitter_ms":	0.014982793608333021,
					"lost_packets":	65794,
					"packets":	83544,
					"lost_percent":	78.753710619553772,
					"omitted":	false,
					"sender":	false
				}],
			"sum":	{
				"start":	71.001102,
				"end":	72.000553,
				"seconds":	0.999450981616974,
				"bytes":	23927000,
				"bits_per_second":	191521148.63133687,
				"jitter_ms":	0.014982793608333021,
				"lost_packets":	65794,
				"packets":	83544,
				"lost_percent":	78.753710619553772,
				"omitted":	false,
				"sender":	false
			}
		}, {
			"streams":	[{
					"socket":	5,
					"start":	72.000553,
					"end":	73.001097,
					"seconds":	1.00054395198822,
					"bytes":	23807028,
					"bits_per_second":	190352681.28055438,
					"jitter_ms":	0.024017989179485513,
					"lost_packets":	65697,
					"packets":	83358,
					"lost_percent":	78.813071330886061,
					"omitted":	false,
					"sender":	false
				}],
			"sum":	{
				"start":	72.000553,
				"end":	73.001097,
				"seconds":	1.00054395198822,
				"bytes":	23807028,
				"bits_per_second":	190352681.28055438,
				"jitter_ms":	0.024017989179485513,
				"lost_packets":	65697,
				"packets":	83358,
				"lost_percent":	78.813071330886061,
				"omitted":	false,
				"sender":	false
			}
		}, {
			"streams":	[{
					"socket":	5,
					"start":	73.001097,
					"end":	74.001124,
					"seconds":	1.0000269412994385,
					"bytes":	24104936,
					"bits_per_second":	192834292.79357585,
					"jitter_ms":	0.016759053083692323,
					"lost_packets":	65584,
					"packets":	83466,
					"lost_percent":	78.575707473701868,
					"omitted":	false,
					"sender":	false
				}],
			"sum":	{
				"start":	73.001097,
				"end":	74.001124,
				"seconds":	1.0000269412994385,
				"bytes":	24104936,
				"bits_per_second":	192834292.79357585,
				"jitter_ms":	0.016759053083692323,
				"lost_packets":	65584,
				"packets":	83466,
				"lost_percent":	78.575707473701868,
				"omitted":	false,
				"sender":	false
			}
		}, {
			"streams":	[{
					"socket":	5,
					"start":	74.001124,
					"end":	75.000435,
					"seconds":	0.99931097030639648,
					"bytes":	23932392,
					"bits_per_second":	191591147.9899967,
					"jitter_ms":	0.015709771043445515,
					"lost_packets":	65509,
					"packets":	83263,
					"lost_percent":	78.677203559804468,
					"omitted":	false,
					"sender":	false
				}],
			"sum":	{
				"start":	74.001124,
				"end":	75.000435,
				"seconds":	0.99931097030639648,
				"bytes":	23932392,
				"bits_per_second":	191591147.9899967,
				"jitter_ms":	0.015709771043445515,
				"lost_packets":	65509,
				"packets":	83263,
				"lost_percent":	78.677203559804468,
				"omitted":	false,
				"sender":	false
			}
		}, {
			"streams":	[{
					"socket":	5,
					"start":	75.000435,
					"end":	76.001123,
					"seconds":	1.0006879568099976,
					"bytes":	23986312,
					"bits_per_second":	191758574.38287789,
					"jitter_ms":	0.0124093449390113,
					"lost_packets":	65865,
					"packets":	83659,
					"lost_percent":	78.730321902006963,
					"omitted":	false,
					"sender":	false
				}],
			"sum":	{
				"start":	75.000435,
				"end":	76.001123,
				"seconds":	1.0006879568099976,
				"bytes":	23986312,
				"bits_per_second":	191758574.38287789,
				"jitter_ms":	0.0124093449390113,
				"lost_packets":	65865,
				"packets":	83659,
				"lost_percent":	78.730321902006963,
				"omitted":	false,
				"sender":	false
			}
		}, {
			"streams":	[{
					"socket":	5,
					"start":	76.001123,
					"end":	77.001122,
					"seconds":	0.99999898672103882,
					"bytes":	24024056,
					"bits_per_second":	192192642.74476138,
					"jitter_ms":	0.011788042187951455,
					"lost_packets":	65634,
					"packets":	83456,
					"lost_percent":	78.645034509202461,
					"omitted":	false,
					"sender":	false
				}],
			"sum":	{
				"start":	76.001123,
				"end":	77.001122,
				"seconds":	0.99999898672103882,
				"bytes":	24024056,
				"bits_per_second":	192192642.74476138,
				"jitter_ms":	0.011788042187951455,
				"lost_packets":	65634,
				"packets":	83456,
				"lost_percent":	78.645034509202461,
				"omitted":	false,
				"sender":	false
			}
		}, {
			"streams":	[{
					"socket":	5,
					"start":	77.001122,
					"end":	78.001088,
					"seconds":	0.999966025352478,
					"bytes":	23990356,
					"bits_per_second":	191929368.7326518,
					"jitter_ms":	0.01224297033510865,
					"lost_packets":	65661,
					"packets":	83458,
					"lost_percent":	78.675501449831046,
					"omitted":	false,
					"sender":	false
				}],
			"sum":	{
				"start":	77.001122,
				"end":	78.001088,
				"seconds":	0.999966025352478,
				"bytes":	23990356,
				"bits_per_second":	191929368.7326518,
				"jitter_ms":	0.01224297033510865,
				"lost_packets":	65661,
				"packets":	83458,
				"lost_percent":	78.675501449831046,
				"omitted":	false,
				"sender":	false
			}
		}, {
			"streams":	[{
					"socket":	5,
					"start":	78.001088,
					"end":	79.001107,
					"seconds":	1.0000189542770386,
					"bytes":	24018664,
					"bits_per_second":	192145670.01773873,
					"jitter_ms":	0.01506031889610634,
					"lost_packets":	65639,
					"packets":	83457,
					"lost_percent":	78.6500832764178,
					"omitted":	false,
					"sender":	false
				}],
			"sum":	{
				"start":	78.001088,
				"end":	79.001107,
				"seconds":	1.0000189542770386,
				"bytes":	24018664,
				"bits_per_second":	192145670.01773873,
				"jitter_ms":	0.01506031889610634,
				"lost_packets":	65639,
				"packets":	83457,
				"lost_percent":	78.6500832764178,
				"omitted":	false,
				"sender":	false
			}
		}, {
			"streams":	[{
					"socket":	5,
					"start":	79.001107,
					"end":	80.001137,
					"seconds":	1.0000300407409668,
					"bytes":	23971484,
					"bits_per_second":	191766111.2039271,
					"jitter_ms":	0.01023842422038934,
					"lost_packets":	65675,
					"packets":	83458,
					"lost_percent":	78.692276354573565,
					"omitted":	false,
					"sender":	false
				}],
			"sum":	{
				"start":	79.001107,
				"end":	80.001137,
				"seconds":	1.0000300407409668,
				"bytes":	23971484,
				"bits_per_second":	191766111.2039271,
				"jitter_ms":	0.01023842422038934,
				"lost_packets":	65675,
				"packets":	83458,
				"lost_percent":	78.692276354573565,
				"omitted":	false,
				"sender":	false
			}
		}, {
			"streams":	[{
					"socket":	5,
					"start":	80.001137,
					"end":	81.001139,
					"seconds":	1.0000020265579224,
					"bytes":	24030796,
					"bits_per_second":	192245978.40238944,
					"jitter_ms":	0.0096351856552751528,
					"lost_packets":	65633,
					"packets":	83460,
					"lost_percent":	78.640067098011,
					"omitted":	false,
					"sender":	false
				}],
			"sum":	{
				"start":	80.001137,
				"end":	81.001139,
				"seconds":	1.0000020265579224,
				"bytes":	24030796,
				"bits_per_second":	192245978.40238944,
				"jitter_ms":	0.0096351856552751528,
				"lost_packets":	65633,
				"packets":	83460,
				"lost_percent":	78.640067098011,
				"omitted":	false,
				"sender":	false
			}
		}, {
			"streams":	[{
					"socket":	5,
					"start":	81.001139,
					"end":	82.001107,
					"seconds":	0.99996799230575562,
					"bytes":	23945872,
					"bits_per_second":	191573107.81346035,
					"jitter_ms":	0.014217362658860281,
					"lost_packets":	65686,
					"packets":	83450,
					"lost_percent":	78.713001797483528,
					"omitted":	false,
					"sender":	false
				}],
			"sum":	{
				"start":	81.001139,
				"end":	82.001107,
				"seconds":	0.99996799230575562,
				"bytes":	23945872,
				"bits_per_second":	191573107.81346035,
				"jitter_ms":	0.014217362658860281,
				"lost_packets":	65686,
				"packets":	83450,
				"lost_percent":	78.713001797483528,
				"omitted":	false,
				"sender":	false
			}
		}, {
			"streams":	[{
					"socket":	5,
					"start":	82.001107,
					"end":	83.001135,
					"seconds":	1.0000280141830444,
					"bytes":	23478116,
					"bits_per_second":	187819666.38548654,
					"jitter_ms":	0.017903168278439224,
					"lost_packets":	64450,
					"packets":	81867,
					"lost_percent":	78.7252494900265,
					"omitted":	false,
					"sender":	false
				}],
			"sum":	{
				"start":	82.001107,
				"end":	83.001135,
				"seconds":	1.0000280141830444,
				"bytes":	23478116,
				"bits_per_second":	187819666.38548654,
				"jitter_ms":	0.017903168278439224,
				"lost_packets":	64450,
				"packets":	81867,
				"lost_percent":	78.7252494900265,
				"omitted":	false,
				"sender":	false
			}
		}, {
			"streams":	[{
					"socket":	5,
					"start":	83.001135,
					"end":	84.001101,
					"seconds":	0.999966025352478,
					"bytes":	23916216,
					"bits_per_second":	191336228.58092421,
					"jitter_ms":	0.019642284201367589,
					"lost_packets":	65541,
					"packets":	83283,
					"lost_percent":	78.6967328266273,
					"omitted":	false,
					"sender":	false
				}],
			"sum":	{
				"start":	83.001135,
				"end":	84.001101,
				"seconds":	0.999966025352478,
				"bytes":	23916216,
				"bits_per_second":	191336228.58092421,
				"jitter_ms":	0.019642284201367589,
				"lost_packets":	65541,
				"packets":	83283,
				"lost_percent":	78.6967328266273,
				"omitted":	false,
				"sender":	false
			}
		}, {
			"streams":	[{
					"socket":	5,
					"start":	84.001101,
					"end":	85.001097,
					"seconds":	0.9999960064888,
					"bytes":	24056408,
					"bits_per_second":	192452032.55934748,
					"jitter_ms":	0.021838923747204333,
					"lost_packets":	67110,
					"packets":	84956,
					"lost_percent":	78.993832101323036,
					"omitted":	false,
					"sender":	false
				}],
			"sum":	{
				"start":	84.001101,
				"end":	85.001097,
				"seconds":	0.9999960064888,
				"bytes":	24056408,
				"bits_per_second":	192452032.55934748,
				"jitter_ms":	0.021838923747204333,
				"lost_packets":	67110,
				"packets":	84956,
				"lost_percent":	78.993832101323036,
				"omitted":	false,
				"sender":	false
			}
		}, {
			"streams":	[{
					"socket":	5,
					"start":	85.001097,
					"end":	86.001093,
					"seconds":	0.9999960064888,
					"bytes":	24096848,
					"bits_per_second":	192775553.85133338,
					"jitter_ms":	0.0033635332534664537,
					"lost_packets":	65708,
					"packets":	83584,
					"lost_percent":	78.613131699846861,
					"omitted":	false,
					"sender":	false
				}],
			"sum":	{
				"start":	85.001097,
				"end":	86.001093,
				"seconds":	0.9999960064888,
				"bytes":	24096848,
				"bits_per_second":	192775553.85133338,
				"jitter_ms":	0.0033635332534664537,
				"lost_packets":	65708,
				"packets":	83584,
				"lost_percent":	78.613131699846861,
				"omitted":	false,
				"sender":	false
			}
		}, {
			"streams":	[{
					"socket":	5,
					"start":	86.001093,
					"end":	87.00024,
					"seconds":	0.99914699792861938,
					"bytes":	23738280,
					"bits_per_second":	190068368.71221545,
					"jitter_ms":	0.0089218342807819949,
					"lost_packets":	65150,
					"packets":	82760,
					"lost_percent":	78.721604639922674,
					"omitted":	false,
					"sender":	false
				}],
			"sum":	{
				"start":	86.001093,
				"end":	87.00024,
				"seconds":	0.99914699792861938,
				"bytes":	23738280,
				"bits_per_second":	190068368.71221545,
				"jitter_ms":	0.0089218342807819949,
				"lost_packets":	65150,
				"packets":	82760,
				"lost_percent":	78.721604639922674,
				"omitted":	false,
				"sender":	false
			}
		}, {
			"streams":	[{
					"socket":	5,
					"start":	87.00024,
					"end":	88.001102,
					"seconds":	1.0008620023727417,
					"bytes":	23936436,
					"bits_per_second":	191326564.04782227,
					"jitter_ms":	0.0081577022469212467,
					"lost_packets":	66393,
					"packets":	84150,
					"lost_percent":	78.898395721925127,
					"omitted":	false,
					"sender":	false
				}],
			"sum":	{
				"start":	87.00024,
				"end":	88.001102,
				"seconds":	1.0008620023727417,
				"bytes":	23936436,
				"bits_per_second":	191326564.04782227,
				"jitter_ms":	0.0081577022469212467,
				"lost_packets":	66393,
				"packets":	84150,
				"lost_percent":	78.898395721925127,
				"omitted":	false,
				"sender":	false
			}
		}, {
			"streams":	[{
					"socket":	5,
					"start":	88.001102,
					"end":	89.001102,
					"seconds":	1,
					"bytes":	24211428,
					"bits_per_second":	193691424,
					"jitter_ms":	0.00975198739033449,
					"lost_packets":	65644,
					"packets":	83605,
					"lost_percent":	78.5168351175169,
					"omitted":	false,
					"sender":	false
				}],
			"sum":	{
				"start":	88.001102,
				"end":	89.001102,
				"seconds":	1,
				"bytes":	24211428,
				"bits_per_second":	193691424,
				"jitter_ms":	0.00975198739033449,
				"lost_packets":	65644,
				"packets":	83605,
				"lost_percent":	78.5168351175169,
				"omitted":	false,
				"sender":	false
			}
		}, {
			"streams":	[{
					"socket":	5,
					"start":	89.001102,
					"end":	90.00109,
					"seconds":	0.9999880194664,
					"bytes":	23805680,
					"bits_per_second":	190447721.66532841,
					"jitter_ms":	0.0055192569049670433,
					"lost_packets":	65496,
					"packets":	83156,
					"lost_percent":	78.762807253836158,
					"omitted":	false,
					"sender":	false
				}],
			"sum":	{
				"start":	89.001102,
				"end":	90.00109,
				"seconds":	0.9999880194664,
				"bytes":	23805680,
				"bits_per_second":	190447721.66532841,
				"jitter_ms":	0.0055192569049670433,
				"lost_packets":	65496,
				"packets":	83156,
				"lost_percent":	78.762807253836158,
				"omitted":	false,
				"sender":	false
			}
		}, {
			"streams":	[{
					"socket":	5,
					"start":	90.00109,
					"end":	91.001096,
					"seconds":	1.0000059604644775,
					"bytes":	24080672,
					"bits_per_second":	192644227.75092369,
					"jitter_ms":	0.00957049075380889,
					"lost_packets":	65895,
					"packets":	83759,
					"lost_percent":	78.672142695113365,
					"omitted":	false,
					"sender":	false
				}],
			"sum":	{
				"start":	90.00109,
				"end":	91.001096,
				"seconds":	1.0000059604644775,
				"bytes":	24080672,
				"bits_per_second":	192644227.75092369,
				"jitter_ms":	0.00957049075380889,
				"lost_packets":	65895,
				"packets":	83759,
				"lost_percent":	78.672142695113365,
				"omitted":	false,
				"sender":	false
			}
		}, {
			"streams":	[{
					"socket":	5,
					"start":	91.001096,
					"end":	92.001086,
					"seconds":	0.99998998641967773,
					"bytes":	23952612,
					"bits_per_second":	191622814.83044788,
					"jitter_ms":	0.010482303495812766,
					"lost_packets":	65687,
					"packets":	83456,
					"lost_percent":	78.708541027607367,
					"omitted":	false,
					"sender":	false
				}],
			"sum":	{
				"start":	91.001096,
				"end":	92.001086,
				"seconds":	0.99998998641967773,
				"bytes":	23952612,
				"bits_per_second":	191622814.83044788,
				"jitter_ms":	0.010482303495812766,
				"lost_packets":	65687,
				"packets":	83456,
				"lost_percent":	78.708541027607367,
				"omitted":	false,
				"sender":	false
			}
		}, {
			"streams":	[{
					"socket":	5,
					"start":	92.001086,
					"end":	93.001099,
					"seconds":	1.000012993812561,
					"bytes":	23921608,
					"bits_per_second":	191370377.36918673,
					"jitter_ms":	0.0061349235760183351,
					"lost_packets":	66336,
					"packets":	84082,
					"lost_percent":	78.8944125972265,
					"omitted":	false,
					"sender":	false
				}],
			"sum":	{
				"start":	92.001086,
				"end":	93.001099,
				"seconds":	1.000012993812561,
				"bytes":	23921608,
				"bits_per_second":	191370377.36918673,
				"jitter_ms":	0.0061349235760183351,
				"lost_packets":	66336,
				"packets":	84082,
				"lost_percent":	78.8944125972265,
				"omitted":	false,
				"sender":	false
			}
		}, {
			"streams":	[{
					"socket":	5,
					"start":	93.001099,
					"end":	94.001122,
					"seconds":	1.0000230073928833,
					"bytes":	23939132,
					"bits_per_second":	191508649.88525155,
					"jitter_ms":	0.00908650685328679,
					"lost_packets":	65076,
					"packets":	82835,
					"lost_percent":	78.5609947485966,
					"omitted":	false,
					"sender":	false
				}],
			"sum":	{
				"start":	93.001099,
				"end":	94.001122,
				"seconds":	1.0000230073928833,
				"bytes":	23939132,
				"bits_per_second":	191508649.88525155,
				"jitter_ms":	0.00908650685328679,
				"lost_packets":	65076,
				"packets":	82835,
				"lost_percent":	78.5609947485966,
				"omitted":	false,
				"sender":	false
			}
		}, {
			"streams":	[{
					"socket":	5,
					"start":	94.001122,
					"end":	95.001902,
					"seconds":	1.0007799863815308,
					"bytes":	23940480,
					"bits_per_second":	191374570.44128451,
					"jitter_ms":	0.00672553799433948,
					"lost_packets":	65485,
					"packets":	83245,
					"lost_percent":	78.665385308426934,
					"omitted":	false,
					"sender":	false
				}],
			"sum":	{
				"start":	94.001122,
				"end":	95.001902,
				"seconds":	1.0007799863815308,
				"bytes":	23940480,
				"bits_per_second":	191374570.44128451,
				"jitter_ms":	0.00672553799433948,
				"lost_packets":	65485,
				"packets":	83245,
				"lost_percent":	78.665385308426934,
				"omitted":	false,
				"sender":	false
			}
		}, {
			"streams":	[{
					"socket":	5,
					"start":	95.001902,
					"end":	96.001099,
					"seconds":	0.999197006225586,
					"bytes":	22618092,
					"bits_per_second":	181090150.26326913,
					"jitter_ms":	0.012178595345652165,
					"lost_packets":	61877,
					"packets":	78656,
					"lost_percent":	78.6678702196908,
					"omitted":	false,
					"sender":	false
				}],
			"sum":	{
				"start":	95.001902,
				"end":	96.001099,
				"seconds":	0.999197006225586,
				"bytes":	22618092,
				"bits_per_second":	181090150.26326913,
				"jitter_ms":	0.012178595345652165,
				"lost_packets":	61877,
				"packets":	78656,
				"lost_percent":	78.6678702196908,
				"omitted":	false,
				"sender":	false
			}
		}, {
			"streams":	[{
					"socket":	5,
					"start":	96.001099,
					"end":	97.001085,
					"seconds":	0.99998599290847778,
					"bytes":	24404192,
					"bits_per_second":	195236270.692312,
					"jitter_ms":	0.010552297983250653,
					"lost_packets":	67023,
					"packets":	85127,
					"lost_percent":	78.732951942391949,
					"omitted":	false,
					"sender":	false
				}],
			"sum":	{
				"start":	96.001099,
				"end":	97.001085,
				"seconds":	0.99998599290847778,
				"bytes":	24404192,
				"bits_per_second":	195236270.692312,
				"jitter_ms":	0.010552297983250653,
				"lost_packets":	67023,
				"packets":	85127,
				"lost_percent":	78.732951942391949,
				"omitted":	false,
				"sender":	false
			}
		}, {
			"streams":	[{
					"socket":	5,
					"start":	97.001085,
					"end":	98.001096,
					"seconds":	1.0000109672546387,
					"bytes":	23595392,
					"bits_per_second":	188761065.8093254,
					"jitter_ms":	0.010903947591968504,
					"lost_packets":	67622,
					"packets":	85126,
					"lost_percent":	79.437539647111336,
					"omitted":	false,
					"sender":	false
				}],
			"sum":	{
				"start":	97.001085,
				"end":	98.001096,
				"seconds":	1.0000109672546387,
				"bytes":	23595392,
				"bits_per_second":	188761065.8093254,
				"jitter_ms":	0.010903947591968504,
				"lost_packets":	67622,
				"packets":	85126,
				"lost_percent":	79.437539647111336,
				"omitted":	false,
				"sender":	false
			}
		}, {
			"streams":	[{
					"socket":	5,
					"start":	98.001096,
					"end":	99.001106,
					"seconds":	1.0000100135803223,
					"bytes":	24214124,
					"bits_per_second":	193711052.25881889,
					"jitter_ms":	0.00682832329138944,
					"lost_packets":	67164,
					"packets":	85127,
					"lost_percent":	78.8985868173435,
					"omitted":	false,
					"sender":	false
				}],
			"sum":	{
				"start":	98.001096,
				"end":	99.001106,
				"seconds":	1.0000100135803223,
				"bytes":	24214124,
				"bits_per_second":	193711052.25881889,
				"jitter_ms":	0.00682832329138944,
				"lost_packets":	67164,
				"packets":	85127,
				"lost_percent":	78.8985868173435,
				"omitted":	false,
				"sender":	false
			}
		}, {
			"streams":	[{
					"socket":	5,
					"start":	99.001106,
					"end":	100.001103,
					"seconds":	0.99999701976776123,
					"bytes":	23881168,
					"bits_per_second":	191049913.373111,
					"jitter_ms":	0.00534512993552856,
					"lost_packets":	66365,
					"packets":	84081,
					"lost_percent":	78.929841462399352,
					"omitted":	false,
					"sender":	false
				}],
			"sum":	{
				"start":	99.001106,
				"end":	100.001103,
				"seconds":	0.99999701976776123,
				"bytes":	23881168,
				"bits_per_second":	191049913.373111,
				"jitter_ms":	0.00534512993552856,
				"lost_packets":	66365,
				"packets":	84081,
				"lost_percent":	78.929841462399352,
				"omitted":	false,
				"sender":	false
			}
		}, {
			"streams":	[{
					"socket":	5,
					"start":	100.001103,
					"end":	101.001103,
					"seconds":	1,
					"bytes":	24030796,
					"bits_per_second":	192246368,
					"jitter_ms":	0.00835748130816551,
					"lost_packets":	65621,
					"packets":	83448,
					"lost_percent":	78.6369954942,
					"omitted":	false,
					"sender":	false
				}],
			"sum":	{
				"start":	100.001103,
				"end":	101.001103,
				"seconds":	1,
				"bytes":	24030796,
				"bits_per_second":	192246368,
				"jitter_ms":	0.00835748130816551,
				"lost_packets":	65621,
				"packets":	83448,
				"lost_percent":	78.6369954942,
				"omitted":	false,
				"sender":	false
			}
		}, {
			"streams":	[{
					"socket":	5,
					"start":	101.001103,
					"end":	102.00109,
					"seconds":	0.999987006187439,
					"bytes":	23921608,
					"bits_per_second":	191375350.69543573,
					"jitter_ms":	0.011088626287124865,
					"lost_packets":	65094,
					"packets":	82840,
					"lost_percent":	78.577981651376149,
					"omitted":	false,
					"sender":	false
				}],
			"sum":	{
				"start":	101.001103,
				"end":	102.00109,
				"seconds":	0.999987006187439,
				"bytes":	23921608,
				"bits_per_second":	191375350.69543573,
				"jitter_ms":	0.011088626287124865,
				"lost_packets":	65094,
				"packets":	82840,
				"lost_percent":	78.577981651376149,
				"omitted":	false,
				"sender":	false
			}
		}, {
			"streams":	[{
					"socket":	5,
					"start":	102.00109,
					"end":	103.001085,
					"seconds":	0.999994993209839,
					"bytes":	23913520,
					"bits_per_second":	191309117.844609,
					"jitter_ms":	0.00576055009229913,
					"lost_packets":	66344,
					"packets":	84084,
					"lost_percent":	78.902050330621762,
					"omitted":	false,
					"sender":	false
				}],
			"sum":	{
				"start":	102.00109,
				"end":	103.001085,
				"seconds":	0.999994993209839,
				"bytes":	23913520,
				"bits_per_second":	191309117.844609,
				"jitter_ms":	0.00576055009229913,
				"lost_packets":	66344,
				"packets":	84084,
				"lost_percent":	78.902050330621762,
				"omitted":	false,
				"sender":	false
			}
		}, {
			"streams":	[{
					"socket":	5,
					"start":	103.001085,
					"end":	104.001114,
					"seconds":	1.0000289678573608,
					"bytes":	23927000,
					"bits_per_second":	191410455.249235,
					"jitter_ms":	0.00908331537510296,
					"lost_packets":	65085,
					"packets":	82835,
					"lost_percent":	78.57185972113237,
					"omitted":	false,
					"sender":	false
				}],
			"sum":	{
				"start":	103.001085,
				"end":	104.001114,
				"seconds":	1.0000289678573608,
				"bytes":	23927000,
				"bits_per_second":	191410455.249235,
				"jitter_ms":	0.00908331537510296,
				"lost_packets":	65085,
				"packets":	82835,
				"lost_percent":	78.57185972113237,
				"omitted":	false,
				"sender":	false
			}
		}, {
			"streams":	[{
					"socket":	5,
					"start":	104.001114,
					"end":	105.001095,
					"seconds":	0.99998098611831665,
					"bytes":	23914868,
					"bits_per_second":	191322581.78493342,
					"jitter_ms":	0.0072632147701004865,
					"lost_packets":	65507,
					"packets":	83248,
					"lost_percent":	78.6889775129733,
					"omitted":	false,
					"sender":	false
				}],
			"sum":	{
				"start":	104.001114,
				"end":	105.001095,
				"seconds":	0.99998098611831665,
				"bytes":	23914868,
				"bits_per_second":	191322581.78493342,
				"jitter_ms":	0.0072632147701004865,
				"lost_packets":	65507,
				"packets":	83248,
				"lost_percent":	78.6889775129733,
				"omitted":	false,
				"sender":	false
			}
		}, {
			"streams":	[{
					"socket":	5,
					"start":	105.001095,
					"end":	106.001103,
					"seconds":	1.0000079870224,
					"bytes":	23920260,
					"bits_per_second":	191360551.59898791,
					"jitter_ms":	0.012379416073850989,
					"lost_packets":	65916,
					"packets":	83661,
					"lost_percent":	78.7894000788898,
					"omitted":	false,
					"sender":	false
				}],
			"sum":	{
				"start":	105.001095,
				"end":	106.001103,
				"seconds":	1.0000079870224,
				"bytes":	23920260,
				"bits_per_second":	191360551.59898791,
				"jitter_ms":	0.012379416073850989,
				"lost_packets":	65916,
				"packets":	83661,
				"lost_percent":	78.7894000788898,
				"omitted":	false,
				"sender":	false
			}
		}, {
			"streams":	[{
					"socket":	5,
					"start":	106.001103,
					"end":	107.001097,
					"seconds":	0.99999397993087769,
					"bytes":	23724800,
					"bits_per_second":	189799542.60636586,
					"jitter_ms":	0.021573044962627005,
					"lost_packets":	65086,
					"packets":	82686,
					"lost_percent":	78.714655443485,
					"omitted":	false,
					"sender":	false
				}],
			"sum":	{
				"start":	106.001103,
				"end":	107.001097,
				"seconds":	0.99999397993087769,
				"bytes":	23724800,
				"bits_per_second":	189799542.60636586,
				"jitter_ms":	0.021573044962627005,
				"lost_packets":	65086,
				"packets":	82686,
				"lost_percent":	78.714655443485,
				"omitted":	false,
				"sender":	false
			}
		}, {
			"streams":	[{
					"socket":	5,
					"start":	107.001097,
					"end":	108.001098,
					"seconds":	1.0000009536743164,
					"bytes":	24114372,
					"bits_per_second":	192914792.02211758,
					"jitter_ms":	0.0076267235126219737,
					"lost_packets":	66287,
					"packets":	84176,
					"lost_percent":	78.748099220680473,
					"omitted":	false,
					"sender":	false
				}],
			"sum":	{
				"start":	107.001097,
				"end":	108.001098,
				"seconds":	1.0000009536743164,
				"bytes":	24114372,
				"bits_per_second":	192914792.02211758,
				"jitter_ms":	0.0076267235126219737,
				"lost_packets":	66287,
				"packets":	84176,
				"lost_percent":	78.748099220680473,
				"omitted":	false,
				"sender":	false
			}
		}, {
			"streams":	[{
					"socket":	5,
					"start":	108.001098,
					"end":	109.001097,
					"seconds":	0.99999898672103882,
					"bytes":	24006532,
					"bits_per_second":	192052450.60270762,
					"jitter_ms":	0.010643662623876187,
					"lost_packets":	65700,
					"packets":	83509,
					"lost_percent":	78.674154881509779,
					"omitted":	false,
					"sender":	false
				}],
			"sum":	{
				"start":	108.001098,
				"end":	109.001097,
				"seconds":	0.99999898672103882,
				"bytes":	24006532,
				"bits_per_second":	192052450.60270762,
				"jitter_ms":	0.010643662623876187,
				"lost_packets":	65700,
				"packets":	83509,
				"lost_percent":	78.674154881509779,
				"omitted":	false,
				"sender":	false
			}
		}, {
			"streams":	[{
					"socket":	5,
					"start":	109.001097,
					"end":	110.001125,
					"seconds":	1.0000280141830444,
					"bytes":	22488684,
					"bits_per_second":	179904432.124308,
					"jitter_ms":	0.0098775373823431246,
					"lost_packets":	61775,
					"packets":	78458,
					"lost_percent":	78.736393994238952,
					"omitted":	false,
					"sender":	false
				}],
			"sum":	{
				"start":	109.001097,
				"end":	110.001125,
				"seconds":	1.0000280141830444,
				"bytes":	22488684,
				"bits_per_second":	179904432.124308,
				"jitter_ms":	0.0098775373823431246,
				"lost_packets":	61775,
				"packets":	78458,
				"lost_percent":	78.736393994238952,
				"omitted":	false,
				"sender":	false
			}
		}, {
			"streams":	[{
					"socket":	5,
					"start":	110.001125,
					"end":	111.001089,
					"seconds":	0.99996399879455566,
					"bytes":	23889256,
					"bits_per_second":	191120928.58381465,
					"jitter_ms":	0.00844702540221137,
					"lost_packets":	65734,
					"packets":	83456,
					"lost_percent":	78.764858128834362,
					"omitted":	false,
					"sender":	false
				}],
			"sum":	{
				"start":	110.001125,
				"end":	111.001089,
				"seconds":	0.99996399879455566,
				"bytes":	23889256,
				"bits_per_second":	191120928.58381465,
				"jitter_ms":	0.00844702540221137,
				"lost_packets":	65734,
				"packets":	83456,
				"lost_percent":	78.764858128834362,
				"omitted":	false,
				"sender":	false
			}
		}, {
			"streams":	[{
					"socket":	5,
					"start":	111.001089,
					"end":	112.0011,
					"seconds":	1.0000109672546387,
					"bytes":	23750412,
					"bits_per_second":	190001212.20832404,
					"jitter_ms":	0.00677121699477657,
					"lost_packets":	70534,
					"packets":	88153,
					"lost_percent":	80.013158939570971,
					"omitted":	false,
					"sender":	false
				}],
			"sum":	{
				"start":	111.001089,
				"end":	112.0011,
				"seconds":	1.0000109672546387,
				"bytes":	23750412,
				"bits_per_second":	190001212.20832404,
				"jitter_ms":	0.00677121699477657,
				"lost_packets":	70534,
				"packets":	88153,
				"lost_percent":	80.013158939570971,
				"omitted":	false,
				"sender":	false
			}
		}, {
			"streams":	[{
					"socket":	5,
					"start":	112.0011,
					"end":	113.001099,
					"seconds":	0.99999898672103882,
					"bytes":	24080672,
					"bits_per_second":	192645571.20370427,
					"jitter_ms":	0.012463744554899639,
					"lost_packets":	65900,
					"packets":	83764,
					"lost_percent":	78.6734157872117,
					"omitted":	false,
					"sender":	false
				}],
			"sum":	{
				"start":	112.0011,
				"end":	113.001099,
				"seconds":	0.99999898672103882,
				"bytes":	24080672,
				"bits_per_second":	192645571.20370427,
				"jitter_ms":	0.012463744554899639,
				"lost_packets":	65900,
				"packets":	83764,
				"lost_percent":	78.6734157872117,
				"omitted":	false,
				"sender":	false
			}
		}, {
			"streams":	[{
					"socket":	5,
					"start":	113.001099,
					"end":	114.001099,
					"seconds":	1,
					"bytes":	23883864,
					"bits_per_second":	191070912,
					"jitter_ms":	0.013294584365442737,
					"lost_packets":	66069,
					"packets":	83787,
					"lost_percent":	78.8535214293387,
					"omitted":	false,
					"sender":	false
				}],
			"sum":	{
				"start":	113.001099,
				"end":	114.001099,
				"seconds":	1,
				"bytes":	23883864,
				"bits_per_second":	191070912,
				"jitter_ms":	0.013294584365442737,
				"lost_packets":	66069,
				"packets":	83787,
				"lost_percent":	78.8535214293387,
				"omitted":	false,
				"sender":	false
			}
		}, {
			"streams":	[{
					"socket":	5,
					"start":	114.001099,
					"end":	115.001089,
					"seconds":	0.99998998641967773,
					"bytes":	24113024,
					"bits_per_second":	192906123.68096414,
					"jitter_ms":	0.0059704165673663883,
					"lost_packets":	65027,
					"packets":	82915,
					"lost_percent":	78.426099017065667,
					"omitted":	false,
					"sender":	false
				}],
			"sum":	{
				"start":	114.001099,
				"end":	115.001089,
				"seconds":	0.99998998641967773,
				"bytes":	24113024,
				"bits_per_second":	192906123.68096414,
				"jitter_ms":	0.0059704165673663883,
				"lost_packets":	65027,
				"packets":	82915,
				"lost_percent":	78.426099017065667,
				"omitted":	false,
				"sender":	false
			}
		}, {
			"streams":	[{
					"socket":	5,
					"start":	115.001089,
					"end":	116.001103,
					"seconds":	1.0000139474868774,
					"bytes":	23887908,
					"bits_per_second":	191100598.62690839,
					"jitter_ms":	0.010576436105235891,
					"lost_packets":	65782,
					"packets":	83503,
					"lost_percent":	78.778007975761355,
					"omitted":	false,
					"sender":	false
				}],
			"sum":	{
				"start":	115.001089,
				"end":	116.001103,
				"seconds":	1.0000139474868774,
				"bytes":	23887908,
				"bits_per_second":	191100598.62690839,
				"jitter_ms":	0.010576436105235891,
				"lost_packets":	65782,
				"packets":	83503,
				"lost_percent":	78.778007975761355,
				"omitted":	false,
				"sender":	false
			}
		}, {
			"streams":	[{
					"socket":	5,
					"start":	116.001103,
					"end":	117.001098,
					"seconds":	0.999994993209839,
					"bytes":	23966092,
					"bits_per_second":	191729695.95035529,
					"jitter_ms":	0.00549708653767339,
					"lost_packets":	66474,
					"packets":	84253,
					"lost_percent":	78.898080780506334,
					"omitted":	false,
					"sender":	false
				}],
			"sum":	{
				"start":	116.001103,
				"end":	117.001098,
				"seconds":	0.999994993209839,
				"bytes":	23966092,
				"bits_per_second":	191729695.95035529,
				"jitter_ms":	0.00549708653767339,
				"lost_packets":	66474,
				"packets":	84253,
				"lost_percent":	78.898080780506334,
				"omitted":	false,
				"sender":	false
			}
		}, {
			"streams":	[{
					"socket":	5,
					"start":	117.001098,
					"end":	118.001088,
					"seconds":	0.99998998641967773,
					"bytes":	23945872,
					"bits_per_second":	191568894.29051024,
					"jitter_ms":	0.0060770147532411955,
					"lost_packets":	65097,
					"packets":	82861,
					"lost_percent":	78.5616876455751,
					"omitted":	false,
					"sender":	false
				}],
			"sum":	{
				"start":	117.001098,
				"end":	118.001088,
				"seconds":	0.99998998641967773,
				"bytes":	23945872,
				"bits_per_second":	191568894.29051024,
				"jitter_ms":	0.0060770147532411955,
				"lost_packets":	65097,
				"packets":	82861,
				"lost_percent":	78.5616876455751,
				"omitted":	false,
				"sender":	false
			}
		}, {
			"streams":	[{
					"socket":	5,
					"start":	118.001088,
					"end":	119.001103,
					"seconds":	1.0000150203704834,
					"bytes":	23932392,
					"bits_per_second":	191456260.25603959,
					"jitter_ms":	0.00831373038718142,
					"lost_packets":	65608,
					"packets":	83362,
					"lost_percent":	78.702526330942149,
					"omitted":	false,
					"sender":	false
				}],
			"sum":	{
				"start":	118.001088,
				"end":	119.001103,
				"seconds":	1.0000150203704834,
				"bytes":	23932392,
				"bits_per_second":	191456260.25603959,
				"jitter_ms":	0.00831373038718142,
				"lost_packets":	65608,
				"packets":	83362,
				"lost_percent":	78.702526330942149,
				"omitted":	false,
				"sender":	false
			}
		}, {
			"streams":	[{
					"socket":	5,
					"start":	119.001103,
					"end":	120.001088,
					"seconds":	0.9999849796295166,
					"bytes":	24045624,
					"bits_per_second":	192367881.43684828,
					"jitter_ms":	0.011286820002699307,
					"lost_packets":	65676,
					"packets":	83514,
					"lost_percent":	78.640706947338174,
					"omitted":	false,
					"sender":	false
				}],
			"sum":	{
				"start":	119.001103,
				"end":	120.001088,
				"seconds":	0.9999849796295166,
				"bytes":	24045624,
				"bits_per_second":	192367881.43684828,
				"jitter_ms":	0.011286820002699307,
				"lost_packets":	65676,
				"packets":	83514,
				"lost_percent":	78.640706947338174,
				"omitted":	false,
				"sender":	false
			}
		}, {
			"streams":	[{
					"socket":	5,
					"start":	120.001088,
					"end":	121.001097,
					"seconds":	1.0000089406967163,
					"bytes":	23940480,
					"bits_per_second":	191522127.65874213,
					"jitter_ms":	0.00955495641197994,
					"lost_packets":	65702,
					"packets":	83462,
					"lost_percent":	78.7208549998802,
					"omitted":	false,
					"sender":	false
				}],
			"sum":	{
				"start":	120.001088,
				"end":	121.001097,
				"seconds":	1.0000089406967163,
				"bytes":	23940480,
				"bits_per_second":	191522127.65874213,
				"jitter_ms":	0.00955495641197994,
				"lost_packets":	65702,
				"packets":	83462,
				"lost_percent":	78.7208549998802,
				"omitted":	false,
				"sender":	false
			}
		}, {
			"streams":	[{
					"socket":	5,
					"start":	121.001097,
					"end":	122.00113,
					"seconds":	1.0000330209732056,
					"bytes":	23959352,
					"bits_per_second":	191668486.92002907,
					"jitter_ms":	0.00636958704266639,
					"lost_packets":	66305,
					"packets":	84079,
					"lost_percent":	78.860357520902966,
					"omitted":	false,
					"sender":	false
				}],
			"sum":	{
				"start":	121.001097,
				"end":	122.00113,
				"seconds":	1.0000330209732056,
				"bytes":	23959352,
				"bits_per_second":	191668486.92002907,
				"jitter_ms":	0.00636958704266639,
				"lost_packets":	66305,
				"packets":	84079,
				"lost_percent":	78.860357520902966,
				"omitted":	false,
				"sender":	false
			}
		}, {
			"streams":	[{
					"socket":	5,
					"start":	122.00113,
					"end":	123.001088,
					"seconds":	0.99995797872543335,
					"bytes":	23920260,
					"bits_per_second":	191370121.61642429,
					"jitter_ms":	0.00718933321258236,
					"lost_packets":	65719,
					"packets":	83464,
					"lost_percent":	78.739336720023,
					"omitted":	false,
					"sender":	false
				}],
			"sum":	{
				"start":	122.00113,
				"end":	123.001088,
				"seconds":	0.99995797872543335,
				"bytes":	23920260,
				"bits_per_second":	191370121.61642429,
				"jitter_ms":	0.00718933321258236,
				"lost_packets":	65719,
				"packets":	83464,
				"lost_percent":	78.739336720023,
				"omitted":	false,
				"sender":	false
			}
		}, {
			"streams":	[{
					"socket":	5,
					"start":	123.001088,
					"end":	124.001098,
					"seconds":	1.0000100135803223,
					"bytes":	23914868,
					"bits_per_second":	191317028.23157078,
					"jitter_ms":	0.006010764745394504,
					"lost_packets":	65710,
					"packets":	83451,
					"lost_percent":	78.740817965033372,
					"omitted":	false,
					"sender":	false
				}],
			"sum":	{
				"start":	123.001088,
				"end":	124.001098,
				"seconds":	1.0000100135803223,
				"bytes":	23914868,
				"bits_per_second":	191317028.23157078,
				"jitter_ms":	0.006010764745394504,
				"lost_packets":	65710,
				"packets":	83451,
				"lost_percent":	78.740817965033372,
				"omitted":	false,
				"sender":	false
			}
		}, {
			"streams":	[{
					"socket":	5,
					"start":	124.001098,
					"end":	125.001097,
					"seconds":	0.99999898672103882,
					"bytes":	24011924,
					"bits_per_second":	192095586.64641649,
					"jitter_ms":	0.011201687637401411,
					"lost_packets":	65436,
					"packets":	83249,
					"lost_percent":	78.6027459789307,
					"omitted":	false,
					"sender":	false
				}],
			"sum":	{
				"start":	124.001098,
				"end":	125.001097,
				"seconds":	0.99999898672103882,
				"bytes":	24011924,
				"bits_per_second":	192095586.64641649,
				"jitter_ms":	0.011201687637401411,
				"lost_packets":	65436,
				"packets":	83249,
				"lost_percent":	78.6027459789307,
				"omitted":	false,
				"sender":	false
			}
		}, {
			"streams":	[{
					"socket":	5,
					"start":	125.001097,
					"end":	126.001132,
					"seconds":	1.0000350475311279,
					"bytes":	23869036,
					"bits_per_second":	190945595.82828647,
					"jitter_ms":	0.0062199729808805945,
					"lost_packets":	65963,
					"packets":	83670,
					"lost_percent":	78.837098123580731,
					"omitted":	false,
					"sender":	false
				}],
			"sum":	{
				"start":	125.001097,
				"end":	126.001132,
				"seconds":	1.0000350475311279,
				"bytes":	23869036,
				"bits_per_second":	190945595.82828647,
				"jitter_ms":	0.0062199729808805945,
				"lost_packets":	65963,
				"packets":	83670,
				"lost_percent":	78.837098123580731,
				"omitted":	false,
				"sender":	false
			}
		}, {
			"streams":	[{
					"socket":	5,
					"start":	126.001132,
					"end":	127.001106,
					"seconds":	0.999974012374878,
					"bytes":	23997096,
					"bits_per_second":	191981757.1499351,
					"jitter_ms":	0.00767195017108203,
					"lost_packets":	65034,
					"packets":	82836,
					"lost_percent":	78.509343763581057,
					"omitted":	false,
					"sender":	false
				}],
			"sum":	{
				"start":	126.001132,
				"end":	127.001106,
				"seconds":	0.999974012374878,
				"bytes":	23997096,
				"bits_per_second":	191981757.1499351,
				"jitter_ms":	0.00767195017108203,
				"lost_packets":	65034,
				"packets":	82836,
				"lost_percent":	78.509343763581057,
				"omitted":	false,
				"sender":	false
			}
		}, {
			"streams":	[{
					"socket":	5,
					"start":	127.001106,
					"end":	128.001091,
					"seconds":	0.9999849796295166,
					"bytes":	23959352,
					"bits_per_second":	191677695.06999335,
					"jitter_ms":	0.011468523106971043,
					"lost_packets":	65673,
					"packets":	83447,
					"lost_percent":	78.700252855105632,
					"omitted":	false,
					"sender":	false
				}],
			"sum":	{
				"start":	127.001106,
				"end":	128.001091,
				"seconds":	0.9999849796295166,
				"bytes":	23959352,
				"bits_per_second":	191677695.06999335,
				"jitter_ms":	0.011468523106971043,
				"lost_packets":	65673,
				"packets":	83447,
				"lost_percent":	78.700252855105632,
				"omitted":	false,
				"sender":	false
			}
		}, {
			"streams":	[{
					"socket":	5,
					"start":	128.001091,
					"end":	129.001098,
					"seconds":	1.0000070333480835,
					"bytes":	24049668,
					"bits_per_second":	192395990.81202674,
					"jitter_ms":	0.010320194767715703,
					"lost_packets":	65619,
					"packets":	83460,
					"lost_percent":	78.6232925952552,
					"omitted":	false,
					"sender":	false
				}],
			"sum":	{
				"start":	128.001091,
				"end":	129.001098,
				"seconds":	1.0000070333480835,
				"bytes":	24049668,
				"bits_per_second":	192395990.81202674,
				"jitter_ms":	0.010320194767715703,
				"lost_packets":	65619,
				"packets":	83460,
				"lost_percent":	78.6232925952552,
				"omitted":	false,
				"sender":	false
			}
		}, {
			"streams":	[{
					"socket":	5,
					"start":	129.001098,
					"end":	130.001111,
					"seconds":	1.000012993812561,
					"bytes":	24011924,
					"bits_per_second":	192092895.98091531,
					"jitter_ms":	0.00567410190914681,
					"lost_packets":	65686,
					"packets":	83499,
					"lost_percent":	78.666810380962644,
					"omitted":	false,
					"sender":	false
				}],
			"sum":	{
				"start":	129.001098,
				"end":	130.001111,
				"seconds":	1.000012993812561,
				"bytes":	24011924,
				"bits_per_second":	192092895.98091531,
				"jitter_ms":	0.00567410190914681,
				"lost_packets":	65686,
				"packets":	83499,
				"lost_percent":	78.666810380962644,
				"omitted":	false,
				"sender":	false
			}
		}, {
			"streams":	[{
					"socket":	5,
					"start":	130.001111,
					"end":	131.001085,
					"seconds":	0.999974012374878,
					"bytes":	23978224,
					"bits_per_second":	191830777.22632542,
					"jitter_ms":	0.0101337339273114,
					"lost_packets":	65624,
					"packets":	83412,
					"lost_percent":	78.674531242507072,
					"omitted":	false,
					"sender":	false
				}],
			"sum":	{
				"start":	130.001111,
				"end":	131.001085,
				"seconds":	0.999974012374878,
				"bytes":	23978224,
				"bits_per_second":	191830777.22632542,
				"jitter_ms":	0.0101337339273114,
				"lost_packets":	65624,
				"packets":	83412,
				"lost_percent":	78.674531242507072,
				"omitted":	false,
				"sender":	false
			}
		}, {
			"streams":	[{
					"socket":	5,
					"start":	131.001085,
					"end":	132.001097,
					"seconds":	1.0000120401382446,
					"bytes":	23991704,
					"bits_per_second":	191931321.12036023,
					"jitter_ms":	0.011678502927444108,
					"lost_packets":	65658,
					"packets":	83456,
					"lost_percent":	78.6737921779141,
					"omitted":	false,
					"sender":	false
				}],
			"sum":	{
				"start":	131.001085,
				"end":	132.001097,
				"seconds":	1.0000120401382446,
				"bytes":	23991704,
				"bits_per_second":	191931321.12036023,
				"jitter_ms":	0.011678502927444108,
				"lost_packets":	65658,
				"packets":	83456,
				"lost_percent":	78.6737921779141,
				"omitted":	false,
				"sender":	false
			}
		}, {
			"streams":	[{
					"socket":	5,
					"start":	132.001097,
					"end":	133.00113,
					"seconds":	1.0000330209732056,
					"bytes":	23972832,
					"bits_per_second":	191776323.35916489,
					"jitter_ms":	0.0070623474946710568,
					"lost_packets":	66302,
					"packets":	84086,
					"lost_percent":	78.850224769878452,
					"omitted":	false,
					"sender":	false
				}],
			"sum":	{
				"start":	132.001097,
				"end":	133.00113,
				"seconds":	1.0000330209732056,
				"bytes":	23972832,
				"bits_per_second":	191776323.35916489,
				"jitter_ms":	0.0070623474946710568,
				"lost_packets":	66302,
				"packets":	84086,
				"lost_percent":	78.850224769878452,
				"omitted":	false,
				"sender":	false
			}
		}, {
			"streams":	[{
					"socket":	5,
					"start":	133.00113,
					"end":	134.001068,
					"seconds":	0.99993801116943359,
					"bytes":	24010576,
					"bits_per_second":	192096515.83837271,
					"jitter_ms":	0.042196364138125081,
					"lost_packets":	65651,
					"packets":	83463,
					"lost_percent":	78.6588068964691,
					"omitted":	false,
					"sender":	false
				}],
			"sum":	{
				"start":	133.00113,
				"end":	134.001068,
				"seconds":	0.99993801116943359,
				"bytes":	24010576,
				"bits_per_second":	192096515.83837271,
				"jitter_ms":	0.042196364138125081,
				"lost_packets":	65651,
				"packets":	83463,
				"lost_percent":	78.6588068964691,
				"omitted":	false,
				"sender":	false
			}
		}, {
			"streams":	[{
					"socket":	5,
					"start":	134.001068,
					"end":	135.001106,
					"seconds":	1.0000380277633667,
					"bytes":	24011924,
					"bits_per_second":	192088087.31966984,
					"jitter_ms":	0.00571246409938482,
					"lost_packets":	64814,
					"packets":	82627,
					"lost_percent":	78.4416716085541,
					"omitted":	false,
					"sender":	false
				}],
			"sum":	{
				"start":	134.001068,
				"end":	135.001106,
				"seconds":	1.0000380277633667,
				"bytes":	24011924,
				"bits_per_second":	192088087.31966984,
				"jitter_ms":	0.00571246409938482,
				"lost_packets":	64814,
				"packets":	82627,
				"lost_percent":	78.4416716085541,
				"omitted":	false,
				"sender":	false
			}
		}, {
			"streams":	[{
					"socket":	5,
					"start":	135.001106,
					"end":	136.001101,
					"seconds":	0.999994993209839,
					"bytes":	24063148,
					"bits_per_second":	192506147.837887,
					"jitter_ms":	0.00901957363072584,
					"lost_packets":	65813,
					"packets":	83664,
					"lost_percent":	78.6634633773188,
					"omitted":	false,
					"sender":	false
				}],
			"sum":	{
				"start":	135.001106,
				"end":	136.001101,
				"seconds":	0.999994993209839,
				"bytes":	24063148,
				"bits_per_second":	192506147.837887,
				"jitter_ms":	0.00901957363072584,
				"lost_packets":	65813,
				"packets":	83664,
				"lost_percent":	78.6634633773188,
				"omitted":	false,
				"sender":	false
			}
		}, {
			"streams":	[{
					"socket":	5,
					"start":	136.001101,
					"end":	137.001103,
					"seconds":	1.0000020265579224,
					"bytes":	23978224,
					"bits_per_second":	191825403.25470933,
					"jitter_ms":	0.045055820412281275,
					"lost_packets":	66297,
					"packets":	84085,
					"lost_percent":	78.845216150324077,
					"omitted":	false,
					"sender":	false
				}],
			"sum":	{
				"start":	136.001101,
				"end":	137.001103,
				"seconds":	1.0000020265579224,
				"bytes":	23978224,
				"bits_per_second":	191825403.25470933,
				"jitter_ms":	0.045055820412281275,
				"lost_packets":	66297,
				"packets":	84085,
				"lost_percent":	78.845216150324077,
				"omitted":	false,
				"sender":	false
			}
		}, {
			"streams":	[{
					"socket":	5,
					"start":	137.001103,
					"end":	138.001097,
					"seconds":	0.99999397993087769,
					"bytes":	24011924,
					"bits_per_second":	192096548.43449974,
					"jitter_ms":	0.01050545319749552,
					"lost_packets":	65014,
					"packets":	82827,
					"lost_percent":	78.493727890663678,
					"omitted":	false,
					"sender":	false
				}],
			"sum":	{
				"start":	137.001103,
				"end":	138.001097,
				"seconds":	0.99999397993087769,
				"bytes":	24011924,
				"bits_per_second":	192096548.43449974,
				"jitter_ms":	0.01050545319749552,
				"lost_packets":	65014,
				"packets":	82827,
				"lost_percent":	78.493727890663678,
				"omitted":	false,
				"sender":	false
			}
		}, {
			"streams":	[{
					"socket":	5,
					"start":	138.001097,
					"end":	139.001098,
					"seconds":	1.0000009536743164,
					"bytes":	24011924,
					"bits_per_second":	192095208.80373305,
					"jitter_ms":	0.010686301653824821,
					"lost_packets":	65639,
					"packets":	83452,
					"lost_percent":	78.654795571106746,
					"omitted":	false,
					"sender":	false
				}],
			"sum":	{
				"start":	138.001097,
				"end":	139.001098,
				"seconds":	1.0000009536743164,
				"bytes":	24011924,
				"bits_per_second":	192095208.80373305,
				"jitter_ms":	0.010686301653824821,
				"lost_packets":	65639,
				"packets":	83452,
				"lost_percent":	78.654795571106746,
				"omitted":	false,
				"sender":	false
			}
		}, {
			"streams":	[{
					"socket":	5,
					"start":	139.001098,
					"end":	140.001137,
					"seconds":	1.0000389814376831,
					"bytes":	23956656,
					"bits_per_second":	191645777.37207213,
					"jitter_ms":	0.0075519640278760734,
					"lost_packets":	65633,
					"packets":	83405,
					"lost_percent":	78.6919249445477,
					"omitted":	false,
					"sender":	false
				}],
			"sum":	{
				"start":	139.001098,
				"end":	140.001137,
				"seconds":	1.0000389814376831,
				"bytes":	23956656,
				"bits_per_second":	191645777.37207213,
				"jitter_ms":	0.0075519640278760734,
				"lost_packets":	65633,
				"packets":	83405,
				"lost_percent":	78.6919249445477,
				"omitted":	false,
				"sender":	false
			}
		}, {
			"streams":	[{
					"socket":	5,
					"start":	140.001137,
					"end":	141.001107,
					"seconds":	0.999970018863678,
					"bytes":	24045624,
					"bits_per_second":	192370759.49396476,
					"jitter_ms":	0.00914436071606299,
					"lost_packets":	65677,
					"packets":	83515,
					"lost_percent":	78.640962701311139,
					"omitted":	false,
					"sender":	false
				}],
			"sum":	{
				"start":	140.001137,
				"end":	141.001107,
				"seconds":	0.999970018863678,
				"bytes":	24045624,
				"bits_per_second":	192370759.49396476,
				"jitter_ms":	0.00914436071606299,
				"lost_packets":	65677,
				"packets":	83515,
				"lost_percent":	78.640962701311139,
				"omitted":	false,
				"sender":	false
			}
		}, {
			"streams":	[{
					"socket":	5,
					"start":	141.001107,
					"end":	142.001096,
					"seconds":	0.99998897314071655,
					"bytes":	23960700,
					"bits_per_second":	191687713.71344548,
					"jitter_ms":	0.0090528988336366061,
					"lost_packets":	65675,
					"packets":	83450,
					"lost_percent":	78.6998202516477,
					"omitted":	false,
					"sender":	false
				}],
			"sum":	{
				"start":	141.001107,
				"end":	142.001096,
				"seconds":	0.99998897314071655,
				"bytes":	23960700,
				"bits_per_second":	191687713.71344548,
				"jitter_ms":	0.0090528988336366061,
				"lost_packets":	65675,
				"packets":	83450,
				"lost_percent":	78.6998202516477,
				"omitted":	false,
				"sender":	false
			}
		}, {
			"streams":	[{
					"socket":	5,
					"start":	142.001096,
					"end":	143.001083,
					"seconds":	0.999987006187439,
					"bytes":	23998444,
					"bits_per_second":	191990046.68268019,
					"jitter_ms":	0.045696989375599434,
					"lost_packets":	66285,
					"packets":	84088,
					"lost_percent":	78.828132432689557,
					"omitted":	false,
					"sender":	false
				}],
			"sum":	{
				"start":	142.001096,
				"end":	143.001083,
				"seconds":	0.999987006187439,
				"bytes":	23998444,
				"bits_per_second":	191990046.68268019,
				"jitter_ms":	0.045696989375599434,
				"lost_packets":	66285,
				"packets":	84088,
				"lost_percent":	78.828132432689557,
				"omitted":	false,
				"sender":	false
			}
		}, {
			"streams":	[{
					"socket":	5,
					"start":	143.001083,
					"end":	144.001111,
					"seconds":	1.0000280141830444,
					"bytes":	23945872,
					"bits_per_second":	191561609.55800554,
					"jitter_ms":	0.0064427994254517267,
					"lost_packets":	65060,
					"packets":	82824,
					"lost_percent":	78.552110499372162,
					"omitted":	false,
					"sender":	false
				}],
			"sum":	{
				"start":	143.001083,
				"end":	144.001111,
				"seconds":	1.0000280141830444,
				"bytes":	23945872,
				"bits_per_second":	191561609.55800554,
				"jitter_ms":	0.0064427994254517267,
				"lost_packets":	65060,
				"packets":	82824,
				"lost_percent":	78.552110499372162,
				"omitted":	false,
				"sender":	false
			}
		}, {
			"streams":	[{
					"socket":	5,
					"start":	144.001111,
					"end":	145.001089,
					"seconds":	0.999978005886078,
					"bytes":	23515860,
					"bits_per_second":	188131017.77503723,
					"jitter_ms":	0.006118377018578253,
					"lost_packets":	64135,
					"packets":	81580,
					"lost_percent":	78.616082373130666,
					"omitted":	false,
					"sender":	false
				}],
			"sum":	{
				"start":	144.001111,
				"end":	145.001089,
				"seconds":	0.999978005886078,
				"bytes":	23515860,
				"bits_per_second":	188131017.77503723,
				"jitter_ms":	0.006118377018578253,
				"lost_packets":	64135,
				"packets":	81580,
				"lost_percent":	78.616082373130666,
				"omitted":	false,
				"sender":	false
			}
		}, {
			"streams":	[{
					"socket":	5,
					"start":	145.001089,
					"end":	146.001097,
					"seconds":	1.0000079870224,
					"bytes":	23518556,
					"bits_per_second":	188146945.2661337,
					"jitter_ms":	0.00769455511731101,
					"lost_packets":	64413,
					"packets":	81860,
					"lost_percent":	78.68678231126313,
					"omitted":	false,
					"sender":	false
				}],
			"sum":	{
				"start":	145.001089,
				"end":	146.001097,
				"seconds":	1.0000079870224,
				"bytes":	23518556,
				"bits_per_second":	188146945.2661337,
				"jitter_ms":	0.00769455511731101,
				"lost_packets":	64413,
				"packets":	81860,
				"lost_percent":	78.68678231126313,
				"omitted":	false,
				"sender":	false
			}
		}, {
			"streams":	[{
					"socket":	5,
					"start":	146.001097,
					"end":	147.001099,
					"seconds":	1.0000020265579224,
					"bytes":	24210080,
					"bits_per_second":	193680247.49576,
					"jitter_ms":	0.0086735060652747935,
					"lost_packets":	68977,
					"packets":	86937,
					"lost_percent":	79.3413621357995,
					"omitted":	false,
					"sender":	false
				}],
			"sum":	{
				"start":	146.001097,
				"end":	147.001099,
				"seconds":	1.0000020265579224,
				"bytes":	24210080,
				"bits_per_second":	193680247.49576,
				"jitter_ms":	0.0086735060652747935,
				"lost_packets":	68977,
				"packets":	86937,
				"lost_percent":	79.3413621357995,
				"omitted":	false,
				"sender":	false
			}
		}, {
			"streams":	[{
					"socket":	5,
					"start":	147.001099,
					"end":	148.001121,
					"seconds":	1.0000220537185669,
					"bytes":	23819160,
					"bits_per_second":	190549077.68426758,
					"jitter_ms":	0.025716394578342048,
					"lost_packets":	65674,
					"packets":	83344,
					"lost_percent":	78.798713764638123,
					"omitted":	false,
					"sender":	false
				}],
			"sum":	{
				"start":	147.001099,
				"end":	148.001121,
				"seconds":	1.0000220537185669,
				"bytes":	23819160,
				"bits_per_second":	190549077.68426758,
				"jitter_ms":	0.025716394578342048,
				"lost_packets":	65674,
				"packets":	83344,
				"lost_percent":	78.798713764638123,
				"omitted":	false,
				"sender":	false
			}
		}, {
			"streams":	[{
					"socket":	5,
					"start":	148.001121,
					"end":	149.001099,
					"seconds":	0.999978005886078,
					"bytes":	23974180,
					"bits_per_second":	191797658.41954929,
					"jitter_ms":	0.010187972921797562,
					"lost_packets":	64947,
					"packets":	82732,
					"lost_percent":	78.5028767586907,
					"omitted":	false,
					"sender":	false
				}],
			"sum":	{
				"start":	148.001121,
				"end":	149.001099,
				"seconds":	0.999978005886078,
				"bytes":	23974180,
				"bits_per_second":	191797658.41954929,
				"jitter_ms":	0.010187972921797562,
				"lost_packets":	64947,
				"packets":	82732,
				"lost_percent":	78.5028767586907,
				"omitted":	false,
				"sender":	false
			}
		}, {
			"streams":	[{
					"socket":	5,
					"start":	149.001099,
					"end":	150.001087,
					"seconds":	0.9999880194664,
					"bytes":	24195252,
					"bits_per_second":	193564335.00401926,
					"jitter_ms":	0.011180259067189544,
					"lost_packets":	66343,
					"packets":	84292,
					"lost_percent":	78.706164286053237,
					"omitted":	false,
					"sender":	false
				}],
			"sum":	{
				"start":	149.001099,
				"end":	150.001087,
				"seconds":	0.9999880194664,
				"bytes":	24195252,
				"bits_per_second":	193564335.00401926,
				"jitter_ms":	0.011180259067189544,
				"lost_packets":	66343,
				"packets":	84292,
				"lost_percent":	78.706164286053237,
				"omitted":	false,
				"sender":	false
			}
		}, {
			"streams":	[{
					"socket":	5,
					"start":	150.001087,
					"end":	151.001102,
					"seconds":	1.0000150203704834,
					"bytes":	23927000,
					"bits_per_second":	191413124.90394855,
					"jitter_ms":	0.0094870105930955871,
					"lost_packets":	65709,
					"packets":	83459,
					"lost_percent":	78.732072035370663,
					"omitted":	false,
					"sender":	false
				}],
			"sum":	{
				"start":	150.001087,
				"end":	151.001102,
				"seconds":	1.0000150203704834,
				"bytes":	23927000,
				"bits_per_second":	191413124.90394855,
				"jitter_ms":	0.0094870105930955871,
				"lost_packets":	65709,
				"packets":	83459,
				"lost_percent":	78.732072035370663,
				"omitted":	false,
				"sender":	false
			}
		}, {
			"streams":	[{
					"socket":	5,
					"start":	151.001102,
					"end":	152.001097,
					"seconds":	0.999994993209839,
					"bytes":	23984964,
					"bits_per_second":	191880672.70626423,
					"jitter_ms":	0.009147873809840135,
					"lost_packets":	65664,
					"packets":	83457,
					"lost_percent":	78.680038822387573,
					"omitted":	false,
					"sender":	false
				}],
			"sum":	{
				"start":	151.001102,
				"end":	152.001097,
				"seconds":	0.999994993209839,
				"bytes":	23984964,
				"bits_per_second":	191880672.70626423,
				"jitter_ms":	0.009147873809840135,
				"lost_packets":	65664,
				"packets":	83457,
				"lost_percent":	78.680038822387573,
				"omitted":	false,
				"sender":	false
			}
		}, {
			"streams":	[{
					"socket":	5,
					"start":	152.001097,
					"end":	153.001085,
					"seconds":	0.9999880194664,
					"bytes":	24005184,
					"bits_per_second":	192043772.78687251,
					"jitter_ms":	0.0067118627858212057,
					"lost_packets":	66270,
					"packets":	84078,
					"lost_percent":	78.819667451652037,
					"omitted":	false,
					"sender":	false
				}],
			"sum":	{
				"start":	152.001097,
				"end":	153.001085,
				"seconds":	0.9999880194664,
				"bytes":	24005184,
				"bits_per_second":	192043772.78687251,
				"jitter_ms":	0.0067118627858212057,
				"lost_packets":	66270,
				"packets":	84078,
				"lost_percent":	78.819667451652037,
				"omitted":	false,
				"sender":	false
			}
		}, {
			"streams":	[{
					"socket":	5,
					"start":	153.001085,
					"end":	154.001093,
					"seconds":	1.0000079870224,
					"bytes":	23947220,
					"bits_per_second":	191576229.87636068,
					"jitter_ms":	0.00881065586773921,
					"lost_packets":	65071,
					"packets":	82836,
					"lost_percent":	78.554010333671357,
					"omitted":	false,
					"sender":	false
				}],
			"sum":	{
				"start":	153.001085,
				"end":	154.001093,
				"seconds":	1.0000079870224,
				"bytes":	23947220,
				"bits_per_second":	191576229.87636068,
				"jitter_ms":	0.00881065586773921,
				"lost_packets":	65071,
				"packets":	82836,
				"lost_percent":	78.554010333671357,
				"omitted":	false,
				"sender":	false
			}
		}, {
			"streams":	[{
					"socket":	5,
					"start":	154.001093,
					"end":	155.001082,
					"seconds":	0.99998897314071655,
					"bytes":	23939132,
					"bits_per_second":	191515167.8108061,
					"jitter_ms":	0.046750402851221826,
					"lost_packets":	65490,
					"packets":	83249,
					"lost_percent":	78.66761162296244,
					"omitted":	false,
					"sender":	false
				}],
			"sum":	{
				"start":	154.001093,
				"end":	155.001082,
				"seconds":	0.99998897314071655,
				"bytes":	23939132,
				"bits_per_second":	191515167.8108061,
				"jitter_ms":	0.046750402851221826,
				"lost_packets":	65490,
				"packets":	83249,
				"lost_percent":	78.66761162296244,
				"omitted":	false,
				"sender":	false
			}
		}, {
			"streams":	[{
					"socket":	5,
					"start":	155.001082,
					"end":	156.001093,
					"seconds":	1.0000109672546387,
					"bytes":	23979572,
					"bits_per_second":	191834472.102496,
					"jitter_ms":	0.010137136703130812,
					"lost_packets":	65870,
					"packets":	83659,
					"lost_percent":	78.736298545285024,
					"omitted":	false,
					"sender":	false
				}],
			"sum":	{
				"start":	155.001082,
				"end":	156.001093,
				"seconds":	1.0000109672546387,
				"bytes":	23979572,
				"bits_per_second":	191834472.102496,
				"jitter_ms":	0.010137136703130812,
				"lost_packets":	65870,
				"packets":	83659,
				"lost_percent":	78.736298545285024,
				"omitted":	false,
				"sender":	false
			}
		}, {
			"streams":	[{
					"socket":	5,
					"start":	156.001093,
					"end":	157.001106,
					"seconds":	1.000012993812561,
					"bytes":	24056408,
					"bits_per_second":	192448763.35684133,
					"jitter_ms":	0.00821657337538471,
					"lost_packets":	65615,
					"packets":	83461,
					"lost_percent":	78.6175579012952,
					"omitted":	false,
					"sender":	false
				}],
			"sum":	{
				"start":	156.001093,
				"end":	157.001106,
				"seconds":	1.000012993812561,
				"bytes":	24056408,
				"bits_per_second":	192448763.35684133,
				"jitter_ms":	0.00821657337538471,
				"lost_packets":	65615,
				"packets":	83461,
				"lost_percent":	78.6175579012952,
				"omitted":	false,
				"sender":	false
			}
		}, {
			"streams":	[{
					"socket":	5,
					"start":	157.001106,
					"end":	158.001098,
					"seconds":	0.9999920129776,
					"bytes":	24037536,
					"bits_per_second":	192301823.91897517,
					"jitter_ms":	0.0079607308163652333,
					"lost_packets":	65631,
					"packets":	83463,
					"lost_percent":	78.6348441824521,
					"omitted":	false,
					"sender":	false
				}],
			"sum":	{
				"start":	157.001106,
				"end":	158.001098,
				"seconds":	0.9999920129776,
				"bytes":	24037536,
				"bits_per_second":	192301823.91897517,
				"jitter_ms":	0.0079607308163652333,
				"lost_packets":	65631,
				"packets":	83463,
				"lost_percent":	78.6348441824521,
				"omitted":	false,
				"sender":	false
			}
		}, {
			"streams":	[{
					"socket":	5,
					"start":	158.001098,
					"end":	159.001083,
					"seconds":	0.9999849796295166,
					"bytes":	23972832,
					"bits_per_second":	191785536.68981445,
					"jitter_ms":	0.00998244309076922,
					"lost_packets":	65669,
					"packets":	83453,
					"lost_percent":	78.6898014451248,
					"omitted":	false,
					"sender":	false
				}],
			"sum":	{
				"start":	158.001098,
				"end":	159.001083,
				"seconds":	0.9999849796295166,
				"bytes":	23972832,
				"bits_per_second":	191785536.68981445,
				"jitter_ms":	0.00998244309076922,
				"lost_packets":	65669,
				"packets":	83453,
				"lost_percent":	78.6898014451248,
				"omitted":	false,
				"sender":	false
			}
		}, {
			"streams":	[{
					"socket":	5,
					"start":	159.001083,
					"end":	160.001106,
					"seconds":	1.0000230073928833,
					"bytes":	24017316,
					"bits_per_second":	192134107.49510258,
					"jitter_ms":	0.0094853991112517268,
					"lost_packets":	65638,
					"packets":	83455,
					"lost_percent":	78.650769875981069,
					"omitted":	false,
					"sender":	false
				}],
			"sum":	{
				"start":	159.001083,
				"end":	160.001106,
				"seconds":	1.0000230073928833,
				"bytes":	24017316,
				"bits_per_second":	192134107.49510258,
				"jitter_ms":	0.0094853991112517268,
				"lost_packets":	65638,
				"packets":	83455,
				"lost_percent":	78.650769875981069,
				"omitted":	false,
				"sender":	false
			}
		}, {
			"streams":	[{
					"socket":	5,
					"start":	160.001106,
					"end":	161.001066,
					"seconds":	0.99996000528335571,
					"bytes":	23984964,
					"bits_per_second":	191887386.48164994,
					"jitter_ms":	0.0062865224663401255,
					"lost_packets":	66291,
					"packets":	84084,
					"lost_percent":	78.8390181247324,
					"omitted":	false,
					"sender":	false
				}],
			"sum":	{
				"start":	160.001106,
				"end":	161.001066,
				"seconds":	0.99996000528335571,
				"bytes":	23984964,
				"bits_per_second":	191887386.48164994,
				"jitter_ms":	0.0062865224663401255,
				"lost_packets":	66291,
				"packets":	84084,
				"lost_percent":	78.8390181247324,
				"omitted":	false,
				"sender":	false
			}
		}, {
			"streams":	[{
					"socket":	5,
					"start":	161.001066,
					"end":	162.0011,
					"seconds":	1.000033974647522,
					"bytes":	23966092,
					"bits_per_second":	191722222.30507505,
					"jitter_ms":	0.010772108429173579,
					"lost_packets":	65048,
					"packets":	82827,
					"lost_percent":	78.534777306916823,
					"omitted":	false,
					"sender":	false
				}],
			"sum":	{
				"start":	161.001066,
				"end":	162.0011,
				"seconds":	1.000033974647522,
				"bytes":	23966092,
				"bits_per_second":	191722222.30507505,
				"jitter_ms":	0.010772108429173579,
				"lost_packets":	65048,
				"packets":	82827,
				"lost_percent":	78.534777306916823,
				"omitted":	false,
				"sender":	false
			}
		}, {
			"streams":	[{
					"socket":	5,
					"start":	162.0011,
					"end":	163.000431,
					"seconds":	0.999330997467041,
					"bytes":	23986312,
					"bits_per_second":	192018957.168722,
					"jitter_ms":	0.0067598122101422877,
					"lost_packets":	66296,
					"packets":	84090,
					"lost_percent":	78.839338803662741,
					"omitted":	false,
					"sender":	false
				}],
			"sum":	{
				"start":	162.0011,
				"end":	163.000431,
				"seconds":	0.999330997467041,
				"bytes":	23986312,
				"bits_per_second":	192018957.168722,
				"jitter_ms":	0.0067598122101422877,
				"lost_packets":	66296,
				"packets":	84090,
				"lost_percent":	78.839338803662741,
				"omitted":	false,
				"sender":	false
			}
		}, {
			"streams":	[{
					"socket":	5,
					"start":	163.000431,
					"end":	164.001101,
					"seconds":	1.0006699562072754,
					"bytes":	23972832,
					"bits_per_second":	191654256.04151425,
					"jitter_ms":	0.0083511782572002462,
					"lost_packets":	65047,
					"packets":	82831,
					"lost_percent":	78.529777498762542,
					"omitted":	false,
					"sender":	false
				}],
			"sum":	{
				"start":	163.000431,
				"end":	164.001101,
				"seconds":	1.0006699562072754,
				"bytes":	23972832,
				"bits_per_second":	191654256.04151425,
				"jitter_ms":	0.0083511782572002462,
				"lost_packets":	65047,
				"packets":	82831,
				"lost_percent":	78.529777498762542,
				"omitted":	false,
				"sender":	false
			}
		}, {
			"streams":	[{
					"socket":	5,
					"start":	164.001101,
					"end":	165.001033,
					"seconds":	0.99993199110031128,
					"bytes":	24017316,
					"bits_per_second":	192151596.01861864,
					"jitter_ms":	0.0220943366169498,
					"lost_packets":	65445,
					"packets":	83262,
					"lost_percent":	78.601282697989475,
					"omitted":	false,
					"sender":	false
				}],
			"sum":	{
				"start":	164.001101,
				"end":	165.001033,
				"seconds":	0.99993199110031128,
				"bytes":	24017316,
				"bits_per_second":	192151596.01861864,
				"jitter_ms":	0.0220943366169498,
				"lost_packets":	65445,
				"packets":	83262,
				"lost_percent":	78.601282697989475,
				"omitted":	false,
				"sender":	false
			}
		}, {
			"streams":	[{
					"socket":	5,
					"start":	165.001033,
					"end":	166.001101,
					"seconds":	1.0000679492950439,
					"bytes":	23959352,
					"bits_per_second":	191661792.71629807,
					"jitter_ms":	0.042345559787662641,
					"lost_packets":	66506,
					"packets":	84280,
					"lost_percent":	78.9107736117703,
					"omitted":	false,
					"sender":	false
				}],
			"sum":	{
				"start":	165.001033,
				"end":	166.001101,
				"seconds":	1.0000679492950439,
				"bytes":	23959352,
				"bits_per_second":	191661792.71629807,
				"jitter_ms":	0.042345559787662641,
				"lost_packets":	66506,
				"packets":	84280,
				"lost_percent":	78.9107736117703,
				"omitted":	false,
				"sender":	false
			}
		}, {
			"streams":	[{
					"socket":	5,
					"start":	166.001101,
					"end":	167.001151,
					"seconds":	1.0000499486923218,
					"bytes":	23939132,
					"bits_per_second":	191503490.65106693,
					"jitter_ms":	0.00992737460027472,
					"lost_packets":	65064,
					"packets":	82823,
					"lost_percent":	78.557888509230523,
					"omitted":	false,
					"sender":	false
				}],
			"sum":	{
				"start":	166.001101,
				"end":	167.001151,
				"seconds":	1.0000499486923218,
				"bytes":	23939132,
				"bits_per_second":	191503490.65106693,
				"jitter_ms":	0.00992737460027472,
				"lost_packets":	65064,
				"packets":	82823,
				"lost_percent":	78.557888509230523,
				"omitted":	false,
				"sender":	false
			}
		}, {
			"streams":	[{
					"socket":	5,
					"start":	167.001151,
					"end":	168.001087,
					"seconds":	0.99993598461151123,
					"bytes":	23991704,
					"bits_per_second":	191945919.49260515,
					"jitter_ms":	0.0082326718460467158,
					"lost_packets":	65660,
					"packets":	83458,
					"lost_percent":	78.674303242349438,
					"omitted":	false,
					"sender":	false
				}],
			"sum":	{
				"start":	167.001151,
				"end":	168.001087,
				"seconds":	0.99993598461151123,
				"bytes":	23991704,
				"bits_per_second":	191945919.49260515,
				"jitter_ms":	0.0082326718460467158,
				"lost_packets":	65660,
				"packets":	83458,
				"lost_percent":	78.674303242349438,
				"omitted":	false,
				"sender":	false
			}
		}, {
			"streams":	[{
					"socket":	5,
					"start":	168.001087,
					"end":	169.001088,
					"seconds":	1.0000009536743164,
					"bytes":	24017316,
					"bits_per_second":	192138344.76259542,
					"jitter_ms":	0.0077665438807843967,
					"lost_packets":	65649,
					"packets":	83466,
					"lost_percent":	78.653583495075836,
					"omitted":	false,
					"sender":	false
				}],
			"sum":	{
				"start":	168.001087,
				"end":	169.001088,
				"seconds":	1.0000009536743164,
				"bytes":	24017316,
				"bits_per_second":	192138344.76259542,
				"jitter_ms":	0.0077665438807843967,
				"lost_packets":	65649,
				"packets":	83466,
				"lost_percent":	78.653583495075836,
				"omitted":	false,
				"sender":	false
			}
		}, {
			"streams":	[{
					"socket":	5,
					"start":	169.001088,
					"end":	170.001097,
					"seconds":	1.0000089406967163,
					"bytes":	23991704,
					"bits_per_second":	191931915.99494892,
					"jitter_ms":	0.0097393317095955563,
					"lost_packets":	65650,
					"packets":	83448,
					"lost_percent":	78.67174767519893,
					"omitted":	false,
					"sender":	false
				}],
			"sum":	{
				"start":	169.001088,
				"end":	170.001097,
				"seconds":	1.0000089406967163,
				"bytes":	23991704,
				"bits_per_second":	191931915.99494892,
				"jitter_ms":	0.0097393317095955563,
				"lost_packets":	65650,
				"packets":	83448,
				"lost_percent":	78.67174767519893,
				"omitted":	false,
				"sender":	false
			}
		}, {
			"streams":	[{
					"socket":	5,
					"start":	170.001097,
					"end":	171.001087,
					"seconds":	0.99998998641967773,
					"bytes":	23927000,
					"bits_per_second":	191417916.77868479,
					"jitter_ms":	0.047706499487002285,
					"lost_packets":	66336,
					"packets":	84086,
					"lost_percent":	78.890659562828532,
					"omitted":	false,
					"sender":	false
				}],
			"sum":	{
				"start":	170.001097,
				"end":	171.001087,
				"seconds":	0.99998998641967773,
				"bytes":	23927000,
				"bits_per_second":	191417916.77868479,
				"jitter_ms":	0.047706499487002285,
				"lost_packets":	66336,
				"packets":	84086,
				"lost_percent":	78.890659562828532,
				"omitted":	false,
				"sender":	false
			}
		}, {
			"streams":	[{
					"socket":	5,
					"start":	171.001087,
					"end":	172.001101,
					"seconds":	1.0000139474868774,
					"bytes":	23966092,
					"bits_per_second":	191726061.90326753,
					"jitter_ms":	0.00944705313410685,
					"lost_packets":	65048,
					"packets":	82827,
					"lost_percent":	78.534777306916823,
					"omitted":	false,
					"sender":	false
				}],
			"sum":	{
				"start":	171.001087,
				"end":	172.001101,
				"seconds":	1.0000139474868774,
				"bytes":	23966092,
				"bits_per_second":	191726061.90326753,
				"jitter_ms":	0.00944705313410685,
				"lost_packets":	65048,
				"packets":	82827,
				"lost_percent":	78.534777306916823,
				"omitted":	false,
				"sender":	false
			}
		}, {
			"streams":	[{
					"socket":	5,
					"start":	172.001101,
					"end":	173.000402,
					"seconds":	0.999301016330719,
					"bytes":	23984964,
					"bits_per_second":	192013926.59896719,
					"jitter_ms":	0.00761705302962762,
					"lost_packets":	66293,
					"packets":	84086,
					"lost_percent":	78.839521442332853,
					"omitted":	false,
					"sender":	false
				}],
			"sum":	{
				"start":	172.001101,
				"end":	173.000402,
				"seconds":	0.999301016330719,
				"bytes":	23984964,
				"bits_per_second":	192013926.59896719,
				"jitter_ms":	0.00761705302962762,
				"lost_packets":	66293,
				"packets":	84086,
				"lost_percent":	78.839521442332853,
				"omitted":	false,
				"sender":	false
			}
		}, {
			"streams":	[{
					"socket":	5,
					"start":	173.000402,
					"end":	174.001112,
					"seconds":	1.0007100105285645,
					"bytes":	23966092,
					"bits_per_second":	191592703.16355774,
					"jitter_ms":	0.00869848500110108,
					"lost_packets":	65135,
					"packets":	82914,
					"lost_percent":	78.557300335287167,
					"omitted":	false,
					"sender":	false
				}],
			"sum":	{
				"start":	173.000402,
				"end":	174.001112,
				"seconds":	1.0007100105285645,
				"bytes":	23966092,
				"bits_per_second":	191592703.16355774,
				"jitter_ms":	0.00869848500110108,
				"lost_packets":	65135,
				"packets":	82914,
				"lost_percent":	78.557300335287167,
				"omitted":	false,
				"sender":	false
			}
		}, {
			"streams":	[{
					"socket":	5,
					"start":	174.001112,
					"end":	175.001097,
					"seconds":	0.9999849796295166,
					"bytes":	23912172,
					"bits_per_second":	191300249.40061957,
					"jitter_ms":	0.01203057558989578,
					"lost_packets":	65376,
					"packets":	83115,
					"lost_percent":	78.6572820790471,
					"omitted":	false,
					"sender":	false
				}],
			"sum":	{
				"start":	174.001112,
				"end":	175.001097,
				"seconds":	0.9999849796295166,
				"bytes":	23912172,
				"bits_per_second":	191300249.40061957,
				"jitter_ms":	0.01203057558989578,
				"lost_packets":	65376,
				"packets":	83115,
				"lost_percent":	78.6572820790471,
				"omitted":	false,
				"sender":	false
			}
		}, {
			"streams":	[{
					"socket":	5,
					"start":	175.001097,
					"end":	176.001086,
					"seconds":	0.99998897314071655,
					"bytes":	23974180,
					"bits_per_second":	191795554.9025951,
					"jitter_ms":	0.0064692771803732665,
					"lost_packets":	65781,
					"packets":	83566,
					"lost_percent":	78.7174209606778,
					"omitted":	false,
					"sender":	false
				}],
			"sum":	{
				"start":	175.001097,
				"end":	176.001086,
				"seconds":	0.99998897314071655,
				"bytes":	23974180,
				"bits_per_second":	191795554.9025951,
				"jitter_ms":	0.0064692771803732665,
				"lost_packets":	65781,
				"packets":	83566,
				"lost_percent":	78.7174209606778,
				"omitted":	false,
				"sender":	false
			}
		}, {
			"streams":	[{
					"socket":	5,
					"start":	176.001086,
					"end":	177.001101,
					"seconds":	1.0000150203704834,
					"bytes":	24030796,
					"bits_per_second":	192243480.43170089,
					"jitter_ms":	0.030748436352677044,
					"lost_packets":	66415,
					"packets":	84242,
					"lost_percent":	78.838346667932854,
					"omitted":	false,
					"sender":	false
				}],
			"sum":	{
				"start":	176.001086,
				"end":	177.001101,
				"seconds":	1.0000150203704834,
				"bytes":	24030796,
				"bits_per_second":	192243480.43170089,
				"jitter_ms":	0.030748436352677044,
				"lost_packets":	66415,
				"packets":	84242,
				"lost_percent":	78.838346667932854,
				"omitted":	false,
				"sender":	false
			}
		}, {
			"streams":	[{
					"socket":	5,
					"start":	177.001101,
					"end":	178.001099,
					"seconds":	0.99999797344207764,
					"bytes":	23947220,
					"bits_per_second":	191578148.24421409,
					"jitter_ms":	0.00539095061052676,
					"lost_packets":	65679,
					"packets":	83444,
					"lost_percent":	78.710272757777673,
					"omitted":	false,
					"sender":	false
				}],
			"sum":	{
				"start":	177.001101,
				"end":	178.001099,
				"seconds":	0.99999797344207764,
				"bytes":	23947220,
				"bits_per_second":	191578148.24421409,
				"jitter_ms":	0.00539095061052676,
				"lost_packets":	65679,
				"packets":	83444,
				"lost_percent":	78.710272757777673,
				"omitted":	false,
				"sender":	false
			}
		}, {
			"streams":	[{
					"socket":	5,
					"start":	178.001099,
					"end":	179.001166,
					"seconds":	1.0000669956207275,
					"bytes":	23984964,
					"bits_per_second":	191866857.76076728,
					"jitter_ms":	0.047578912975471,
					"lost_packets":	65669,
					"packets":	83462,
					"lost_percent":	78.681316048021856,
					"omitted":	false,
					"sender":	false
				}],
			"sum":	{
				"start":	178.001099,
				"end":	179.001166,
				"seconds":	1.0000669956207275,
				"bytes":	23984964,
				"bits_per_second":	191866857.76076728,
				"jitter_ms":	0.047578912975471,
				"lost_packets":	65669,
				"packets":	83462,
				"lost_percent":	78.681316048021856,
				"omitted":	false,
				"sender":	false
			}
		}, {
			"streams":	[{
					"socket":	5,
					"start":	179.001166,
					"end":	180.001094,
					"seconds":	0.99992799758911133,
					"bytes":	23953960,
					"bits_per_second":	191645478.93651935,
					"jitter_ms":	0.00886441622766507,
					"lost_packets":	65057,
					"packets":	82827,
					"lost_percent":	78.5456433288662,
					"omitted":	false,
					"sender":	false
				}],
			"sum":	{
				"start":	179.001166,
				"end":	180.001094,
				"seconds":	0.99992799758911133,
				"bytes":	23953960,
				"bits_per_second":	191645478.93651935,
				"jitter_ms":	0.00886441622766507,
				"lost_packets":	65057,
				"packets":	82827,
				"lost_percent":	78.5456433288662,
				"omitted":	false,
				"sender":	false
			}
		}, {
			"streams":	[{
					"socket":	5,
					"start":	180.001094,
					"end":	181.001103,
					"seconds":	1.0000089406967163,
					"bytes":	23906780,
					"bits_per_second":	191252530.06913242,
					"jitter_ms":	0.0070315960020840337,
					"lost_packets":	66349,
					"packets":	84084,
					"lost_percent":	78.907996765139629,
					"omitted":	false,
					"sender":	false
				}],
			"sum":	{
				"start":	180.001094,
				"end":	181.001103,
				"seconds":	1.0000089406967163,
				"bytes":	23906780,
				"bits_per_second":	191252530.06913242,
				"jitter_ms":	0.0070315960020840337,
				"lost_packets":	66349,
				"packets":	84084,
				"lost_percent":	78.907996765139629,
				"omitted":	false,
				"sender":	false
			}
		}, {
			"streams":	[{
					"socket":	5,
					"start":	181.001103,
					"end":	182.001097,
					"seconds":	0.99999397993087769,
					"bytes":	23972832,
					"bits_per_second":	191783810.55179605,
					"jitter_ms":	0.0096083604087170531,
					"lost_packets":	65045,
					"packets":	82829,
					"lost_percent":	78.5292590759275,
					"omitted":	false,
					"sender":	false
				}],
			"sum":	{
				"start":	181.001103,
				"end":	182.001097,
				"seconds":	0.99999397993087769,
				"bytes":	23972832,
				"bits_per_second":	191783810.55179605,
				"jitter_ms":	0.0096083604087170531,
				"lost_packets":	65045,
				"packets":	82829,
				"lost_percent":	78.5292590759275,
				"omitted":	false,
				"sender":	false
			}
		}, {
			"streams":	[{
					"socket":	5,
					"start":	182.001097,
					"end":	183.0011,
					"seconds":	1.0000029802322388,
					"bytes":	23894648,
					"bits_per_second":	191156614.30889538,
					"jitter_ms":	0.00874439993148061,
					"lost_packets":	65738,
					"packets":	83464,
					"lost_percent":	78.762101025591875,
					"omitted":	false,
					"sender":	false
				}],
			"sum":	{
				"start":	182.001097,
				"end":	183.0011,
				"seconds":	1.0000029802322388,
				"bytes":	23894648,
				"bits_per_second":	191156614.30889538,
				"jitter_ms":	0.00874439993148061,
				"lost_packets":	65738,
				"packets":	83464,
				"lost_percent":	78.762101025591875,
				"omitted":	false,
				"sender":	false
			}
		}, {
			"streams":	[{
					"socket":	5,
					"start":	183.0011,
					"end":	184.001103,
					"seconds":	1.0000029802322388,
					"bytes":	23972832,
					"bits_per_second":	191782084.44484913,
					"jitter_ms":	0.0067816281850503783,
					"lost_packets":	65710,
					"packets":	83494,
					"lost_percent":	78.700265887369156,
					"omitted":	false,
					"sender":	false
				}],
			"sum":	{
				"start":	183.0011,
				"end":	184.001103,
				"seconds":	1.0000029802322388,
				"bytes":	23972832,
				"bits_per_second":	191782084.44484913,
				"jitter_ms":	0.0067816281850503783,
				"lost_packets":	65710,
				"packets":	83494,
				"lost_percent":	78.700265887369156,
				"omitted":	false,
				"sender":	false
			}
		}, {
			"streams":	[{
					"socket":	5,
					"start":	184.001103,
					"end":	185.001102,
					"seconds":	0.99999898672103882,
					"bytes":	23886560,
					"bits_per_second":	191092673.63018581,
					"jitter_ms":	0.010387103208195704,
					"lost_packets":	65437,
					"packets":	83157,
					"lost_percent":	78.690909965486966,
					"omitted":	false,
					"sender":	false
				}],
			"sum":	{
				"start":	184.001103,
				"end":	185.001102,
				"seconds":	0.99999898672103882,
				"bytes":	23886560,
				"bits_per_second":	191092673.63018581,
				"jitter_ms":	0.010387103208195704,
				"lost_packets":	65437,
				"packets":	83157,
				"lost_percent":	78.690909965486966,
				"omitted":	false,
				"sender":	false
			}
		}, {
			"streams":	[{
					"socket":	5,
					"start":	185.001102,
					"end":	186.001103,
					"seconds":	1.0000009536743164,
					"bytes":	24071236,
					"bits_per_second":	192569704.35121885,
					"jitter_ms":	0.0098060212783759731,
					"lost_packets":	65863,
					"packets":	83720,
					"lost_percent":	78.6705685618729,
					"omitted":	false,
					"sender":	false
				}],
			"sum":	{
				"start":	185.001102,
				"end":	186.001103,
				"seconds":	1.0000009536743164,
				"bytes":	24071236,
				"bits_per_second":	192569704.35121885,
				"jitter_ms":	0.0098060212783759731,
				"lost_packets":	65863,
				"packets":	83720,
				"lost_percent":	78.6705685618729,
				"omitted":	false,
				"sender":	false
			}
		}, {
			"streams":	[{
					"socket":	5,
					"start":	186.001103,
					"end":	187.001086,
					"seconds":	0.999983012676239,
					"bytes":	24025404,
					"bits_per_second":	192206497.07399476,
					"jitter_ms":	0.007270318222638396,
					"lost_packets":	66254,
					"packets":	84077,
					"lost_percent":	78.801574746958138,
					"omitted":	false,
					"sender":	false
				}],
			"sum":	{
				"start":	186.001103,
				"end":	187.001086,
				"seconds":	0.999983012676239,
				"bytes":	24025404,
				"bits_per_second":	192206497.07399476,
				"jitter_ms":	0.007270318222638396,
				"lost_packets":	66254,
				"packets":	84077,
				"lost_percent":	78.801574746958138,
				"omitted":	false,
				"sender":	false
			}
		}, {
			"streams":	[{
					"socket":	5,
					"start":	187.001086,
					"end":	188.001096,
					"seconds":	1.0000100135803223,
					"bytes":	23984964,
					"bits_per_second":	191877790.61633161,
					"jitter_ms":	0.0096996077669197732,
					"lost_packets":	65046,
					"packets":	82839,
					"lost_percent":	78.520986491869778,
					"omitted":	false,
					"sender":	false
				}],
			"sum":	{
				"start":	187.001086,
				"end":	188.001096,
				"seconds":	1.0000100135803223,
				"bytes":	23984964,
				"bits_per_second":	191877790.61633161,
				"jitter_ms":	0.0096996077669197732,
				"lost_packets":	65046,
				"packets":	82839,
				"lost_percent":	78.520986491869778,
				"omitted":	false,
				"sender":	false
			}
		}, {
			"streams":	[{
					"socket":	5,
					"start":	188.001096,
					"end":	189.00235,
					"seconds":	1.0012539625167847,
					"bytes":	23966092,
					"bits_per_second":	191488616.4525775,
					"jitter_ms":	0.032866708644370565,
					"lost_packets":	66308,
					"packets":	84087,
					"lost_percent":	78.856422514776369,
					"omitted":	false,
					"sender":	false
				}],
			"sum":	{
				"start":	188.001096,
				"end":	189.00235,
				"seconds":	1.0012539625167847,
				"bytes":	23966092,
				"bits_per_second":	191488616.4525775,
				"jitter_ms":	0.032866708644370565,
				"lost_packets":	66308,
				"packets":	84087,
				"lost_percent":	78.856422514776369,
				"omitted":	false,
				"sender":	false
			}
		}, {
			"streams":	[{
					"socket":	5,
					"start":	189.00235,
					"end":	190.001098,
					"seconds":	0.998748004436493,
					"bytes":	24005184,
					"bits_per_second":	192282208.47194824,
					"jitter_ms":	0.056286839988998139,
					"lost_packets":	65640,
					"packets":	83448,
					"lost_percent":	78.659764164509639,
					"omitted":	false,
					"sender":	false
				}],
			"sum":	{
				"start":	189.00235,
				"end":	190.001098,
				"seconds":	0.998748004436493,
				"bytes":	24005184,
				"bits_per_second":	192282208.47194824,
				"jitter_ms":	0.056286839988998139,
				"lost_packets":	65640,
				"packets":	83448,
				"lost_percent":	78.659764164509639,
				"omitted":	false,
				"sender":	false
			}
		}, {
			"streams":	[{
					"socket":	5,
					"start":	190.001098,
					"end":	191.001088,
					"seconds":	0.99998998641967773,
					"bytes":	23920260,
					"bits_per_second":	191363996.23874712,
					"jitter_ms":	0.0086549796124519036,
					"lost_packets":	65089,
					"packets":	82834,
					"lost_percent":	78.577637202115071,
					"omitted":	false,
					"sender":	false
				}],
			"sum":	{
				"start":	190.001098,
				"end":	191.001088,
				"seconds":	0.99998998641967773,
				"bytes":	23920260,
				"bits_per_second":	191363996.23874712,
				"jitter_ms":	0.0086549796124519036,
				"lost_packets":	65089,
				"packets":	82834,
				"lost_percent":	78.577637202115071,
				"omitted":	false,
				"sender":	false
			}
		}, {
			"streams":	[{
					"socket":	5,
					"start":	191.001088,
					"end":	192.00024,
					"seconds":	0.99915200471878052,
					"bytes":	23927000,
					"bits_per_second":	191578457.62805191,
					"jitter_ms":	0.0061497139641756415,
					"lost_packets":	66327,
					"packets":	84077,
					"lost_percent":	78.888399919121753,
					"omitted":	false,
					"sender":	false
				}],
			"sum":	{
				"start":	191.001088,
				"end":	192.00024,
				"seconds":	0.99915200471878052,
				"bytes":	23927000,
				"bits_per_second":	191578457.62805191,
				"jitter_ms":	0.0061497139641756415,
				"lost_packets":	66327,
				"packets":	84077,
				"lost_percent":	78.888399919121753,
				"omitted":	false,
				"sender":	false
			}
		}, {
			"streams":	[{
					"socket":	5,
					"start":	192.00024,
					"end":	193.001088,
					"seconds":	1.0008480548858643,
					"bytes":	23953960,
					"bits_per_second":	191469303.52165544,
					"jitter_ms":	0.0074919108335010061,
					"lost_packets":	65072,
					"packets":	82842,
					"lost_percent":	78.549528017189346,
					"omitted":	false,
					"sender":	false
				}],
			"sum":	{
				"start":	192.00024,
				"end":	193.001088,
				"seconds":	1.0008480548858643,
				"bytes":	23953960,
				"bits_per_second":	191469303.52165544,
				"jitter_ms":	0.0074919108335010061,
				"lost_packets":	65072,
				"packets":	82842,
				"lost_percent":	78.549528017189346,
				"omitted":	false,
				"sender":	false
			}
		}, {
			"streams":	[{
					"socket":	5,
					"start":	193.001088,
					"end":	194.001096,
					"seconds":	1.0000079870224,
					"bytes":	23971484,
					"bits_per_second":	191770340.32599619,
					"jitter_ms":	0.010088750856280415,
					"lost_packets":	65663,
					"packets":	83446,
					"lost_percent":	78.6892121851257,
					"omitted":	false,
					"sender":	false
				}],
			"sum":	{
				"start":	193.001088,
				"end":	194.001096,
				"seconds":	1.0000079870224,
				"bytes":	23971484,
				"bits_per_second":	191770340.32599619,
				"jitter_ms":	0.010088750856280415,
				"lost_packets":	65663,
				"packets":	83446,
				"lost_percent":	78.6892121851257,
				"omitted":	false,
				"sender":	false
			}
		}, {
			"streams":	[{
					"socket":	5,
					"start":	194.001096,
					"end":	195.001103,
					"seconds":	1.0000070333480835,
					"bytes":	24051016,
					"bits_per_second":	192406774.73617965,
					"jitter_ms":	0.0052589371210915621,
					"lost_packets":	65406,
					"packets":	83248,
					"lost_percent":	78.5676532769556,
					"omitted":	false,
					"sender":	false
				}],
			"sum":	{
				"start":	194.001096,
				"end":	195.001103,
				"seconds":	1.0000070333480835,
				"bytes":	24051016,
				"bits_per_second":	192406774.73617965,
				"jitter_ms":	0.0052589371210915621,
				"lost_packets":	65406,
				"packets":	83248,
				"lost_percent":	78.5676532769556,
				"omitted":	false,
				"sender":	false
			}
		}, {
			"streams":	[{
					"socket":	5,
					"start":	195.001103,
					"end":	196.001096,
					"seconds":	0.99999302625656128,
					"bytes":	24017316,
					"bits_per_second":	192139867.93414333,
					"jitter_ms":	0.00732017398745405,
					"lost_packets":	65853,
					"packets":	83670,
					"lost_percent":	78.7056292577985,
					"omitted":	false,
					"sender":	false
				}],
			"sum":	{
				"start":	195.001103,
				"end":	196.001096,
				"seconds":	0.99999302625656128,
				"bytes":	24017316,
				"bits_per_second":	192139867.93414333,
				"jitter_ms":	0.00732017398745405,
				"lost_packets":	65853,
				"packets":	83670,
				"lost_percent":	78.7056292577985,
				"omitted":	false,
				"sender":	false
			}
		}, {
			"streams":	[{
					"socket":	5,
					"start":	196.001096,
					"end":	197.001098,
					"seconds":	1.0000020265579224,
					"bytes":	23986312,
					"bits_per_second":	191890107.1235832,
					"jitter_ms":	0.00727332268668064,
					"lost_packets":	65672,
					"packets":	83466,
					"lost_percent":	78.681139625715858,
					"omitted":	false,
					"sender":	false
				}],
			"sum":	{
				"start":	196.001096,
				"end":	197.001098,
				"seconds":	1.0000020265579224,
				"bytes":	23986312,
				"bits_per_second":	191890107.1235832,
				"jitter_ms":	0.00727332268668064,
				"lost_packets":	65672,
				"packets":	83466,
				"lost_percent":	78.681139625715858,
				"omitted":	false,
				"sender":	false
			}
		}, {
			"streams":	[{
					"socket":	5,
					"start":	197.001098,
					"end":	198.001087,
					"seconds":	0.99998897314071655,
					"bytes":	23971484,
					"bits_per_second":	191773986.66476518,
					"jitter_ms":	0.0092963373236403836,
					"lost_packets":	65665,
					"packets":	83448,
					"lost_percent":	78.689722941232858,
					"omitted":	false,
					"sender":	false
				}],
			"sum":	{
				"start":	197.001098,
				"end":	198.001087,
				"seconds":	0.99998897314071655,
				"bytes":	23971484,
				"bits_per_second":	191773986.66476518,
				"jitter_ms":	0.0092963373236403836,
				"lost_packets":	65665,
				"packets":	83448,
				"lost_percent":	78.689722941232858,
				"omitted":	false,
				"sender":	false
			}
		}, {
			"streams":	[{
					"socket":	5,
					"start":	198.001087,
					"end":	199.000237,
					"seconds":	0.999149978160858,
					"bytes":	23993052,
					"bits_per_second":	192107711.75045544,
					"jitter_ms":	0.039050546187471648,
					"lost_packets":	66287,
					"packets":	84086,
					"lost_percent":	78.832385890635777,
					"omitted":	false,
					"sender":	false
				}],
			"sum":	{
				"start":	198.001087,
				"end":	199.000237,
				"seconds":	0.999149978160858,
				"bytes":	23993052,
				"bits_per_second":	192107711.75045544,
				"jitter_ms":	0.039050546187471648,
				"lost_packets":	66287,
				"packets":	84086,
				"lost_percent":	78.832385890635777,
				"omitted":	false,
				"sender":	false
			}
		}, {
			"streams":	[{
					"socket":	5,
					"start":	199.000237,
					"end":	200.001103,
					"seconds":	1.0008660554885864,
					"bytes":	23971484,
					"bits_per_second":	191605930.63213032,
					"jitter_ms":	0.030137423854819153,
					"lost_packets":	65679,
					"packets":	83462,
					"lost_percent":	78.693297548585,
					"omitted":	false,
					"sender":	false
				}],
			"sum":	{
				"start":	199.000237,
				"end":	200.001103,
				"seconds":	1.0008660554885864,
				"bytes":	23971484,
				"bits_per_second":	191605930.63213032,
				"jitter_ms":	0.030137423854819153,
				"lost_packets":	65679,
				"packets":	83462,
				"lost_percent":	78.693297548585,
				"omitted":	false,
				"sender":	false
			}
		}, {
			"streams":	[{
					"socket":	5,
					"start":	200.001103,
					"end":	201.000973,
					"seconds":	0.999870002269745,
					"bytes":	23687056,
					"bits_per_second":	189521085.3109259,
					"jitter_ms":	0.0075169058744448342,
					"lost_packets":	64425,
					"packets":	81997,
					"lost_percent":	78.5699476810127,
					"omitted":	false,
					"sender":	false
				}],
			"sum":	{
				"start":	200.001103,
				"end":	201.000973,
				"seconds":	0.999870002269745,
				"bytes":	23687056,
				"bits_per_second":	189521085.3109259,
				"jitter_ms":	0.0075169058744448342,
				"lost_packets":	64425,
				"packets":	81997,
				"lost_percent":	78.5699476810127,
				"omitted":	false,
				"sender":	false
			}
		}, {
			"streams":	[{
					"socket":	5,
					"start":	201.000973,
					"end":	202.001097,
					"seconds":	1.0001239776611328,
					"bytes":	24148072,
					"bits_per_second":	193160628.39706838,
					"jitter_ms":	0.050044002899096468,
					"lost_packets":	66994,
					"packets":	84908,
					"lost_percent":	78.901870259575063,
					"omitted":	false,
					"sender":	false
				}],
			"sum":	{
				"start":	201.000973,
				"end":	202.001097,
				"seconds":	1.0001239776611328,
				"bytes":	24148072,
				"bits_per_second":	193160628.39706838,
				"jitter_ms":	0.050044002899096468,
				"lost_packets":	66994,
				"packets":	84908,
				"lost_percent":	78.901870259575063,
				"omitted":	false,
				"sender":	false
			}
		}, {
			"streams":	[{
					"socket":	5,
					"start":	202.001097,
					"end":	203.000498,
					"seconds":	0.99940097332000732,
					"bytes":	23991704,
					"bits_per_second":	192048674.27975079,
					"jitter_ms":	0.011207250139499735,
					"lost_packets":	65040,
					"packets":	82838,
					"lost_percent":	78.5146913252372,
					"omitted":	false,
					"sender":	false
				}],
			"sum":	{
				"start":	202.001097,
				"end":	203.000498,
				"seconds":	0.99940097332000732,
				"bytes":	23991704,
				"bits_per_second":	192048674.27975079,
				"jitter_ms":	0.011207250139499735,
				"lost_packets":	65040,
				"packets":	82838,
				"lost_percent":	78.5146913252372,
				"omitted":	false,
				"sender":	false
			}
		}, {
			"streams":	[{
					"socket":	5,
					"start":	203.000498,
					"end":	204.001099,
					"seconds":	1.000601053237915,
					"bytes":	23875776,
					"bits_per_second":	190891472.06262639,
					"jitter_ms":	0.022695912130421221,
					"lost_packets":	65795,
					"packets":	83507,
					"lost_percent":	78.789802052522546,
					"omitted":	false,
					"sender":	false
				}],
			"sum":	{
				"start":	203.000498,
				"end":	204.001099,
				"seconds":	1.000601053237915,
				"bytes":	23875776,
				"bits_per_second":	190891472.06262639,
				"jitter_ms":	0.022695912130421221,
				"lost_packets":	65795,
				"packets":	83507,
				"lost_percent":	78.789802052522546,
				"omitted":	false,
				"sender":	false
			}
		}, {
			"streams":	[{
					"socket":	5,
					"start":	204.001099,
					"end":	205.001018,
					"seconds":	0.99991899728775024,
					"bytes":	23953960,
					"bits_per_second":	191647203.94331449,
					"jitter_ms":	0.0066383773481203771,
					"lost_packets":	65412,
					"packets":	83182,
					"lost_percent":	78.637205164578873,
					"omitted":	false,
					"sender":	false
				}],
			"sum":	{
				"start":	204.001099,
				"end":	205.001018,
				"seconds":	0.99991899728775024,
				"bytes":	23953960,
				"bits_per_second":	191647203.94331449,
				"jitter_ms":	0.0066383773481203771,
				"lost_packets":	65412,
				"packets":	83182,
				"lost_percent":	78.637205164578873,
				"omitted":	false,
				"sender":	false
			}
		}, {
			"streams":	[{
					"socket":	5,
					"start":	205.001018,
					"end":	206.001102,
					"seconds":	1.0000840425491333,
					"bytes":	23964744,
					"bits_per_second":	191701840.88861817,
					"jitter_ms":	0.028218961362645963,
					"lost_packets":	65782,
					"packets":	83560,
					"lost_percent":	78.724269985639069,
					"omitted":	false,
					"sender":	false
				}],
			"sum":	{
				"start":	205.001018,
				"end":	206.001102,
				"seconds":	1.0000840425491333,
				"bytes":	23964744,
				"bits_per_second":	191701840.88861817,
				"jitter_ms":	0.028218961362645963,
				"lost_packets":	65782,
				"packets":	83560,
				"lost_percent":	78.724269985639069,
				"omitted":	false,
				"sender":	false
			}
		}, {
			"streams":	[{
					"socket":	5,
					"start":	206.001102,
					"end":	207.001106,
					"seconds":	1.0000040531158447,
					"bytes":	24025404,
					"bits_per_second":	192202452.98119244,
					"jitter_ms":	0.0083068713109269,
					"lost_packets":	65759,
					"packets":	83582,
					"lost_percent":	78.676030724318636,
					"omitted":	false,
					"sender":	false
				}],
			"sum":	{
				"start":	206.001102,
				"end":	207.001106,
				"seconds":	1.0000040531158447,
				"bytes":	24025404,
				"bits_per_second":	192202452.98119244,
				"jitter_ms":	0.0083068713109269,
				"lost_packets":	65759,
				"packets":	83582,
				"lost_percent":	78.676030724318636,
				"omitted":	false,
				"sender":	false
			}
		}, {
			"streams":	[{
					"socket":	5,
					"start":	207.001106,
					"end":	208.001086,
					"seconds":	0.99997997283935547,
					"bytes":	23932392,
					"bits_per_second":	191462970.45966688,
					"jitter_ms":	0.01062347484372389,
					"lost_packets":	65690,
					"packets":	83444,
					"lost_percent":	78.7234552514261,
					"omitted":	false,
					"sender":	false
				}],
			"sum":	{
				"start":	207.001106,
				"end":	208.001086,
				"seconds":	0.99997997283935547,
				"bytes":	23932392,
				"bits_per_second":	191462970.45966688,
				"jitter_ms":	0.01062347484372389,
				"lost_packets":	65690,
				"packets":	83444,
				"lost_percent":	78.7234552514261,
				"omitted":	false,
				"sender":	false
			}
		}, {
			"streams":	[{
					"socket":	5,
					"start":	208.001086,
					"end":	209.001052,
					"seconds":	0.999966025352478,
					"bytes":	24069888,
					"bits_per_second":	192565646.34995958,
					"jitter_ms":	0.011625814053849735,
					"lost_packets":	65598,
					"packets":	83454,
					"lost_percent":	78.603781724063552,
					"omitted":	false,
					"sender":	false
				}],
			"sum":	{
				"start":	208.001086,
				"end":	209.001052,
				"seconds":	0.999966025352478,
				"bytes":	24069888,
				"bits_per_second":	192565646.34995958,
				"jitter_ms":	0.011625814053849735,
				"lost_packets":	65598,
				"packets":	83454,
				"lost_percent":	78.603781724063552,
				"omitted":	false,
				"sender":	false
			}
		}, {
			"streams":	[{
					"socket":	5,
					"start":	209.001052,
					"end":	210.001099,
					"seconds":	1.000046968460083,
					"bytes":	23913520,
					"bits_per_second":	191299174.97233641,
					"jitter_ms":	0.0076331008413064215,
					"lost_packets":	65727,
					"packets":	83467,
					"lost_percent":	78.746091269603554,
					"omitted":	false,
					"sender":	false
				}],
			"sum":	{
				"start":	209.001052,
				"end":	210.001099,
				"seconds":	1.000046968460083,
				"bytes":	23913520,
				"bits_per_second":	191299174.97233641,
				"jitter_ms":	0.0076331008413064215,
				"lost_packets":	65727,
				"packets":	83467,
				"lost_percent":	78.746091269603554,
				"omitted":	false,
				"sender":	false
			}
		}, {
			"streams":	[{
					"socket":	5,
					"start":	210.001099,
					"end":	211.001105,
					"seconds":	1.0000059604644775,
					"bytes":	23484856,
					"bits_per_second":	187877728.16147518,
					"jitter_ms":	0.0076395532479901782,
					"lost_packets":	64371,
					"packets":	81793,
					"lost_percent":	78.6998887435355,
					"omitted":	false,
					"sender":	false
				}],
			"sum":	{
				"start":	210.001099,
				"end":	211.001105,
				"seconds":	1.0000059604644775,
				"bytes":	23484856,
				"bits_per_second":	187877728.16147518,
				"jitter_ms":	0.0076395532479901782,
				"lost_packets":	64371,
				"packets":	81793,
				"lost_percent":	78.6998887435355,
				"omitted":	false,
				"sender":	false
			}
		}, {
			"streams":	[{
					"socket":	5,
					"start":	211.001105,
					"end":	212.001097,
					"seconds":	0.9999920129776,
					"bytes":	23939132,
					"bits_per_second":	191514585.63128534,
					"jitter_ms":	0.0084990999295305,
					"lost_packets":	65695,
					"packets":	83454,
					"lost_percent":	78.720013420567,
					"omitted":	false,
					"sender":	false
				}],
			"sum":	{
				"start":	211.001105,
				"end":	212.001097,
				"seconds":	0.9999920129776,
				"bytes":	23939132,
				"bits_per_second":	191514585.63128534,
				"jitter_ms":	0.0084990999295305,
				"lost_packets":	65695,
				"packets":	83454,
				"lost_percent":	78.720013420567,
				"omitted":	false,
				"sender":	false
			}
		}, {
			"streams":	[{
					"socket":	5,
					"start":	212.001097,
					"end":	213.000852,
					"seconds":	0.999755024909973,
					"bytes":	24180424,
					"bits_per_second":	193490792.42429352,
					"jitter_ms":	0.018347421645086688,
					"lost_packets":	67079,
					"packets":	85017,
					"lost_percent":	78.900690450145262,
					"omitted":	false,
					"sender":	false
				}],
			"sum":	{
				"start":	212.001097,
				"end":	213.000852,
				"seconds":	0.999755024909973,
				"bytes":	24180424,
				"bits_per_second":	193490792.42429352,
				"jitter_ms":	0.018347421645086688,
				"lost_packets":	67079,
				"packets":	85017,
				"lost_percent":	78.900690450145262,
				"omitted":	false,
				"sender":	false
			}
		}, {
			"streams":	[{
					"socket":	5,
					"start":	213.000852,
					"end":	214.001101,
					"seconds":	1.0002490282058716,
					"bytes":	23991704,
					"bits_per_second":	191885847.01178652,
					"jitter_ms":	0.050729665875102338,
					"lost_packets":	65803,
					"packets":	83601,
					"lost_percent":	78.7107809715195,
					"omitted":	false,
					"sender":	false
				}],
			"sum":	{
				"start":	213.000852,
				"end":	214.001101,
				"seconds":	1.0002490282058716,
				"bytes":	23991704,
				"bits_per_second":	191885847.01178652,
				"jitter_ms":	0.050729665875102338,
				"lost_packets":	65803,
				"packets":	83601,
				"lost_percent":	78.7107809715195,
				"omitted":	false,
				"sender":	false
			}
		}, {
			"streams":	[{
					"socket":	5,
					"start":	214.001101,
					"end":	215.00111,
					"seconds":	1.0000089406967163,
					"bytes":	24002488,
					"bits_per_second":	192018187.223624,
					"jitter_ms":	0.0058104264875362558,
					"lost_packets":	65386,
					"packets":	83192,
					"lost_percent":	78.596499663429171,
					"omitted":	false,
					"sender":	false
				}],
			"sum":	{
				"start":	214.001101,
				"end":	215.00111,
				"seconds":	1.0000089406967163,
				"bytes":	24002488,
				"bits_per_second":	192018187.223624,
				"jitter_ms":	0.0058104264875362558,
				"lost_packets":	65386,
				"packets":	83192,
				"lost_percent":	78.596499663429171,
				"omitted":	false,
				"sender":	false
			}
		}, {
			"streams":	[{
					"socket":	5,
					"start":	215.00111,
					"end":	216.0011,
					"seconds":	0.99998998641967773,
					"bytes":	24013272,
					"bits_per_second":	192108099.68988681,
					"jitter_ms":	0.0076112538476497682,
					"lost_packets":	65866,
					"packets":	83680,
					"lost_percent":	78.711759082217966,
					"omitted":	false,
					"sender":	false
				}],
			"sum":	{
				"start":	215.00111,
				"end":	216.0011,
				"seconds":	0.99998998641967773,
				"bytes":	24013272,
				"bits_per_second":	192108099.68988681,
				"jitter_ms":	0.0076112538476497682,
				"lost_packets":	65866,
				"packets":	83680,
				"lost_percent":	78.711759082217966,
				"omitted":	false,
				"sender":	false
			}
		}, {
			"streams":	[{
					"socket":	5,
					"start":	216.0011,
					"end":	217.000999,
					"seconds":	0.99989902973175049,
					"bytes":	23986312,
					"bits_per_second":	191909873.19137585,
					"jitter_ms":	0.00887508961302791,
					"lost_packets":	65668,
					"packets":	83462,
					"lost_percent":	78.680117897965545,
					"omitted":	false,
					"sender":	false
				}],
			"sum":	{
				"start":	216.0011,
				"end":	217.000999,
				"seconds":	0.99989902973175049,
				"bytes":	23986312,
				"bits_per_second":	191909873.19137585,
				"jitter_ms":	0.00887508961302791,
				"lost_packets":	65668,
				"packets":	83462,
				"lost_percent":	78.680117897965545,
				"omitted":	false,
				"sender":	false
			}
		}, {
			"streams":	[{
					"socket":	5,
					"start":	217.000999,
					"end":	218.001111,
					"seconds":	1.0001120567321777,
					"bytes":	24030796,
					"bits_per_second":	192224827.91394055,
					"jitter_ms":	0.010614556924173544,
					"lost_packets":	65622,
					"packets":	83449,
					"lost_percent":	78.637251494925039,
					"omitted":	false,
					"sender":	false
				}],
			"sum":	{
				"start":	217.000999,
				"end":	218.001111,
				"seconds":	1.0001120567321777,
				"bytes":	24030796,
				"bits_per_second":	192224827.91394055,
				"jitter_ms":	0.010614556924173544,
				"lost_packets":	65622,
				"packets":	83449,
				"lost_percent":	78.637251494925039,
				"omitted":	false,
				"sender":	false
			}
		}, {
			"streams":	[{
					"socket":	5,
					"start":	218.001111,
					"end":	219.001086,
					"seconds":	0.999975025653839,
					"bytes":	23984964,
					"bits_per_second":	191884504.19003054,
					"jitter_ms":	0.0415135453023312,
					"lost_packets":	66295,
					"packets":	84088,
					"lost_percent":	78.840024735990866,
					"omitted":	false,
					"sender":	false
				}],
			"sum":	{
				"start":	218.001111,
				"end":	219.001086,
				"seconds":	0.999975025653839,
				"bytes":	23984964,
				"bits_per_second":	191884504.19003054,
				"jitter_ms":	0.0415135453023312,
				"lost_packets":	66295,
				"packets":	84088,
				"lost_percent":	78.840024735990866,
				"omitted":	false,
				"sender":	false
			}
		}, {
			"streams":	[{
					"socket":	5,
					"start":	219.001086,
					"end":	220.001085,
					"seconds":	0.99999898672103882,
					"bytes":	23998444,
					"bits_per_second":	191987746.53714436,
					"jitter_ms":	0.0073911254773342885,
					"lost_packets":	65036,
					"packets":	82839,
					"lost_percent":	78.508914883086476,
					"omitted":	false,
					"sender":	false
				}],
			"sum":	{
				"start":	219.001086,
				"end":	220.001085,
				"seconds":	0.99999898672103882,
				"bytes":	23998444,
				"bits_per_second":	191987746.53714436,
				"jitter_ms":	0.0073911254773342885,
				"lost_packets":	65036,
				"packets":	82839,
				"lost_percent":	78.508914883086476,
				"omitted":	false,
				"sender":	false
			}
		}, {
			"streams":	[{
					"socket":	5,
					"start":	220.001085,
					"end":	221.001102,
					"seconds":	1.0000170469284058,
					"bytes":	24024056,
					"bits_per_second":	192189171.76494855,
					"jitter_ms":	0.00896722959850898,
					"lost_packets":	65628,
					"packets":	83450,
					"lost_percent":	78.643499101258243,
					"omitted":	false,
					"sender":	false
				}],
			"sum":	{
				"start":	220.001085,
				"end":	221.001102,
				"seconds":	1.0000170469284058,
				"bytes":	24024056,
				"bits_per_second":	192189171.76494855,
				"jitter_ms":	0.00896722959850898,
				"lost_packets":	65628,
				"packets":	83450,
				"lost_percent":	78.643499101258243,
				"omitted":	false,
				"sender":	false
			}
		}, {
			"streams":	[{
					"socket":	5,
					"start":	221.001102,
					"end":	222.001032,
					"seconds":	0.99993002414703369,
					"bytes":	23991704,
					"bits_per_second":	191947063.659504,
					"jitter_ms":	0.0263566047241392,
					"lost_packets":	66293,
					"packets":	84091,
					"lost_percent":	78.8348336920717,
					"omitted":	false,
					"sender":	false
				}],
			"sum":	{
				"start":	221.001102,
				"end":	222.001032,
				"seconds":	0.99993002414703369,
				"bytes":	23991704,
				"bits_per_second":	191947063.659504,
				"jitter_ms":	0.0263566047241392,
				"lost_packets":	66293,
				"packets":	84091,
				"lost_percent":	78.8348336920717,
				"omitted":	false,
				"sender":	false
			}
		}, {
			"streams":	[{
					"socket":	5,
					"start":	222.001032,
					"end":	223.001024,
					"seconds":	0.9999920129776,
					"bytes":	24063148,
					"bits_per_second":	192506721.5554972,
					"jitter_ms":	0.041344285462882678,
					"lost_packets":	65598,
					"packets":	83449,
					"lost_percent":	78.608491413917477,
					"omitted":	false,
					"sender":	false
				}],
			"sum":	{
				"start":	222.001032,
				"end":	223.001024,
				"seconds":	0.9999920129776,
				"bytes":	24063148,
				"bits_per_second":	192506721.5554972,
				"jitter_ms":	0.041344285462882678,
				"lost_packets":	65598,
				"packets":	83449,
				"lost_percent":	78.608491413917477,
				"omitted":	false,
				"sender":	false
			}
		}, {
			"streams":	[{
					"socket":	5,
					"start":	223.001024,
					"end":	224.001085,
					"seconds":	1.00006103515625,
					"bytes":	23959352,
					"bits_per_second":	191663117.811657,
					"jitter_ms":	0.00678906315429996,
					"lost_packets":	65092,
					"packets":	82866,
					"lost_percent":	78.5509135230372,
					"omitted":	false,
					"sender":	false
				}],
			"sum":	{
				"start":	223.001024,
				"end":	224.001085,
				"seconds":	1.00006103515625,
				"bytes":	23959352,
				"bits_per_second":	191663117.811657,
				"jitter_ms":	0.00678906315429996,
				"lost_packets":	65092,
				"packets":	82866,
				"lost_percent":	78.5509135230372,
				"omitted":	false,
				"sender":	false
			}
		}, {
			"streams":	[{
					"socket":	5,
					"start":	224.001085,
					"end":	225.001096,
					"seconds":	1.0000109672546387,
					"bytes":	23990356,
					"bits_per_second":	191920743.15633935,
					"jitter_ms":	0.011462422428283933,
					"lost_packets":	65364,
					"packets":	83161,
					"lost_percent":	78.599343442238549,
					"omitted":	false,
					"sender":	false
				}],
			"sum":	{
				"start":	224.001085,
				"end":	225.001096,
				"seconds":	1.0000109672546387,
				"bytes":	23990356,
				"bits_per_second":	191920743.15633935,
				"jitter_ms":	0.011462422428283933,
				"lost_packets":	65364,
				"packets":	83161,
				"lost_percent":	78.599343442238549,
				"omitted":	false,
				"sender":	false
			}
		}, {
			"streams":	[{
					"socket":	5,
					"start":	225.001096,
					"end":	226.001118,
					"seconds":	1.0000220537185669,
					"bytes":	24103588,
					"bits_per_second":	192824451.50381371,
					"jitter_ms":	0.00845042219270999,
					"lost_packets":	65842,
					"packets":	83723,
					"lost_percent":	78.642666889624124,
					"omitted":	false,
					"sender":	false
				}],
			"sum":	{
				"start":	225.001096,
				"end":	226.001118,
				"seconds":	1.0000220537185669,
				"bytes":	24103588,
				"bits_per_second":	192824451.50381371,
				"jitter_ms":	0.00845042219270999,
				"lost_packets":	65842,
				"packets":	83723,
				"lost_percent":	78.642666889624124,
				"omitted":	false,
				"sender":	false
			}
		}, {
			"streams":	[{
					"socket":	5,
					"start":	226.001118,
					"end":	227.000135,
					"seconds":	0.99901700019836426,
					"bytes":	23972832,
					"bits_per_second":	191971363.81254748,
					"jitter_ms":	0.0082654192279533068,
					"lost_packets":	65672,
					"packets":	83456,
					"lost_percent":	78.6905674846626,
					"omitted":	false,
					"sender":	false
				}],
			"sum":	{
				"start":	226.001118,
				"end":	227.000135,
				"seconds":	0.99901700019836426,
				"bytes":	23972832,
				"bits_per_second":	191971363.81254748,
				"jitter_ms":	0.0082654192279533068,
				"lost_packets":	65672,
				"packets":	83456,
				"lost_percent":	78.6905674846626,
				"omitted":	false,
				"sender":	false
			}
		}, {
			"streams":	[{
					"socket":	5,
					"start":	227.000135,
					"end":	228.000831,
					"seconds":	1.0006959438323975,
					"bytes":	24037536,
					"bits_per_second":	192166550.87412605,
					"jitter_ms":	0.040845986370051046,
					"lost_packets":	66248,
					"packets":	84080,
					"lost_percent":	78.791627021883926,
					"omitted":	false,
					"sender":	false
				}],
			"sum":	{
				"start":	227.000135,
				"end":	228.000831,
				"seconds":	1.0006959438323975,
				"bytes":	24037536,
				"bits_per_second":	192166550.87412605,
				"jitter_ms":	0.040845986370051046,
				"lost_packets":	66248,
				"packets":	84080,
				"lost_percent":	78.791627021883926,
				"omitted":	false,
				"sender":	false
			}
		}, {
			"streams":	[{
					"socket":	5,
					"start":	228.000831,
					"end":	229.001099,
					"seconds":	1.00026798248291,
					"bytes":	23959352,
					"bits_per_second":	191623464.26826155,
					"jitter_ms":	0.00832417570635578,
					"lost_packets":	65058,
					"packets":	82832,
					"lost_percent":	78.542109329727637,
					"omitted":	false,
					"sender":	false
				}],
			"sum":	{
				"start":	228.000831,
				"end":	229.001099,
				"seconds":	1.00026798248291,
				"bytes":	23959352,
				"bits_per_second":	191623464.26826155,
				"jitter_ms":	0.00832417570635578,
				"lost_packets":	65058,
				"packets":	82832,
				"lost_percent":	78.542109329727637,
				"omitted":	false,
				"sender":	false
			}
		}, {
			"streams":	[{
					"socket":	5,
					"start":	229.001099,
					"end":	230.001088,
					"seconds":	0.99998897314071655,
					"bytes":	23886560,
					"bits_per_second":	191094587.17312258,
					"jitter_ms":	0.033137451785924477,
					"lost_packets":	66366,
					"packets":	84086,
					"lost_percent":	78.9263373213139,
					"omitted":	false,
					"sender":	false
				}],
			"sum":	{
				"start":	229.001099,
				"end":	230.001088,
				"seconds":	0.99998897314071655,
				"bytes":	23886560,
				"bits_per_second":	191094587.17312258,
				"jitter_ms":	0.033137451785924477,
				"lost_packets":	66366,
				"packets":	84086,
				"lost_percent":	78.9263373213139,
				"omitted":	false,
				"sender":	false
			}
		}, {
			"streams":	[{
					"socket":	5,
					"start":	230.001088,
					"end":	231.001138,
					"seconds":	1.0000499486923218,
					"bytes":	23933740,
					"bits_per_second":	191460356.8055461,
					"jitter_ms":	0.00914814249708421,
					"lost_packets":	65069,
					"packets":	82824,
					"lost_percent":	78.5629769149039,
					"omitted":	false,
					"sender":	false
				}],
			"sum":	{
				"start":	230.001088,
				"end":	231.001138,
				"seconds":	1.0000499486923218,
				"bytes":	23933740,
				"bits_per_second":	191460356.8055461,
				"jitter_ms":	0.00914814249708421,
				"lost_packets":	65069,
				"packets":	82824,
				"lost_percent":	78.5629769149039,
				"omitted":	false,
				"sender":	false
			}
		}, {
			"streams":	[{
					"socket":	5,
					"start":	231.001138,
					"end":	232.000125,
					"seconds":	0.99898701906204224,
					"bytes":	23927000,
					"bits_per_second":	191610097.37616229,
					"jitter_ms":	0.00737136278359317,
					"lost_packets":	65715,
					"packets":	83465,
					"lost_percent":	78.7336009105613,
					"omitted":	false,
					"sender":	false
				}],
			"sum":	{
				"start":	231.001138,
				"end":	232.000125,
				"seconds":	0.99898701906204224,
				"bytes":	23927000,
				"bits_per_second":	191610097.37616229,
				"jitter_ms":	0.00737136278359317,
				"lost_packets":	65715,
				"packets":	83465,
				"lost_percent":	78.7336009105613,
				"omitted":	false,
				"sender":	false
			}
		}, {
			"streams":	[{
					"socket":	5,
					"start":	232.000125,
					"end":	233.00111,
					"seconds":	1.0009850263595581,
					"bytes":	23914868,
					"bits_per_second":	191130675.2467618,
					"jitter_ms":	0.00962616753470527,
					"lost_packets":	65707,
					"packets":	83448,
					"lost_percent":	78.7400536861279,
					"omitted":	false,
					"sender":	false
				}],
			"sum":	{
				"start":	232.000125,
				"end":	233.00111,
				"seconds":	1.0009850263595581,
				"bytes":	23914868,
				"bits_per_second":	191130675.2467618,
				"jitter_ms":	0.00962616753470527,
				"lost_packets":	65707,
				"packets":	83448,
				"lost_percent":	78.7400536861279,
				"omitted":	false,
				"sender":	false
			}
		}, {
			"streams":	[{
					"socket":	5,
					"start":	233.00111,
					"end":	234.001133,
					"seconds":	1.0000230073928833,
					"bytes":	23087196,
					"bits_per_second":	184693318.688254,
					"jitter_ms":	0.0097615858389285964,
					"lost_packets":	62998,
					"packets":	80125,
					"lost_percent":	78.624648985959439,
					"omitted":	false,
					"sender":	false
				}],
			"sum":	{
				"start":	233.00111,
				"end":	234.001133,
				"seconds":	1.0000230073928833,
				"bytes":	23087196,
				"bits_per_second":	184693318.688254,
				"jitter_ms":	0.0097615858389285964,
				"lost_packets":	62998,
				"packets":	80125,
				"lost_percent":	78.624648985959439,
				"omitted":	false,
				"sender":	false
			}
		}, {
			"streams":	[{
					"socket":	5,
					"start":	234.001133,
					"end":	235.001093,
					"seconds":	0.99996000528335571,
					"bytes":	23523948,
					"bits_per_second":	188199110.970116,
					"jitter_ms":	0.031515357104553221,
					"lost_packets":	64131,
					"packets":	81582,
					"lost_percent":	78.609252040891377,
					"omitted":	false,
					"sender":	false
				}],
			"sum":	{
				"start":	234.001133,
				"end":	235.001093,
				"seconds":	0.99996000528335571,
				"bytes":	23523948,
				"bits_per_second":	188199110.970116,
				"jitter_ms":	0.031515357104553221,
				"lost_packets":	64131,
				"packets":	81582,
				"lost_percent":	78.609252040891377,
				"omitted":	false,
				"sender":	false
			}
		}, {
			"streams":	[{
					"socket":	5,
					"start":	235.001093,
					"end":	236.001083,
					"seconds":	0.99998998641967773,
					"bytes":	23203124,
					"bits_per_second":	185626850.78938034,
					"jitter_ms":	0.017333698506213472,
					"lost_packets":	67924,
					"packets":	85137,
					"lost_percent":	79.781998426066224,
					"omitted":	false,
					"sender":	false
				}],
			"sum":	{
				"start":	235.001093,
				"end":	236.001083,
				"seconds":	0.99998998641967773,
				"bytes":	23203124,
				"bits_per_second":	185626850.78938034,
				"jitter_ms":	0.017333698506213472,
				"lost_packets":	67924,
				"packets":	85137,
				"lost_percent":	79.781998426066224,
				"omitted":	false,
				"sender":	false
			}
		}, {
			"streams":	[{
					"socket":	5,
					"start":	236.001083,
					"end":	237.001093,
					"seconds":	1.0000100135803223,
					"bytes":	22425328,
					"bits_per_second":	179400827.55540338,
					"jitter_ms":	0.014244787509091682,
					"lost_packets":	62000,
					"packets":	78636,
					"lost_percent":	78.8442952337352,
					"omitted":	false,
					"sender":	false
				}],
			"sum":	{
				"start":	236.001083,
				"end":	237.001093,
				"seconds":	1.0000100135803223,
				"bytes":	22425328,
				"bits_per_second":	179400827.55540338,
				"jitter_ms":	0.014244787509091682,
				"lost_packets":	62000,
				"packets":	78636,
				"lost_percent":	78.8442952337352,
				"omitted":	false,
				"sender":	false
			}
		}, {
			"streams":	[{
					"socket":	5,
					"start":	237.001093,
					"end":	238.001101,
					"seconds":	1.0000079870224,
					"bytes":	22619440,
					"bits_per_second":	180954074.71575189,
					"jitter_ms":	0.0067076466380949227,
					"lost_packets":	65020,
					"packets":	81800,
					"lost_percent":	79.486552567237169,
					"omitted":	false,
					"sender":	false
				}],
			"sum":	{
				"start":	237.001093,
				"end":	238.001101,
				"seconds":	1.0000079870224,
				"bytes":	22619440,
				"bits_per_second":	180954074.71575189,
				"jitter_ms":	0.0067076466380949227,
				"lost_packets":	65020,
				"packets":	81800,
				"lost_percent":	79.486552567237169,
				"omitted":	false,
				"sender":	false
			}
		}, {
			"streams":	[{
					"socket":	5,
					"start":	238.001101,
					"end":	239.001086,
					"seconds":	0.9999849796295166,
					"bytes":	23329836,
					"bits_per_second":	186641491.42434877,
					"jitter_ms":	0.00790672621180309,
					"lost_packets":	68499,
					"packets":	85806,
					"lost_percent":	79.830081812460662,
					"omitted":	false,
					"sender":	false
				}],
			"sum":	{
				"start":	238.001101,
				"end":	239.001086,
				"seconds":	0.9999849796295166,
				"bytes":	23329836,
				"bits_per_second":	186641491.42434877,
				"jitter_ms":	0.00790672621180309,
				"lost_packets":	68499,
				"packets":	85806,
				"lost_percent":	79.830081812460662,
				"omitted":	false,
				"sender":	false
			}
		}, {
			"streams":	[{
					"socket":	5,
					"start":	239.001086,
					"end":	240.001098,
					"seconds":	1.0000120401382446,
					"bytes":	24053712,
					"bits_per_second":	192427379.147753,
					"jitter_ms":	0.0126512887498212,
					"lost_packets":	71254,
					"packets":	89098,
					"lost_percent":	79.9726144245662,
					"omitted":	false,
					"sender":	false
				}],
			"sum":	{
				"start":	239.001086,
				"end":	240.001098,
				"seconds":	1.0000120401382446,
				"bytes":	24053712,
				"bits_per_second":	192427379.147753,
				"jitter_ms":	0.0126512887498212,
				"lost_packets":	71254,
				"packets":	89098,
				"lost_percent":	79.9726144245662,
				"omitted":	false,
				"sender":	false
			}
		}, {
			"streams":	[{
					"socket":	5,
					"start":	240.001098,
					"end":	241.0011,
					"seconds":	1.0000020265579224,
					"bytes":	24162900,
					"bits_per_second":	193302808.2606625,
					"jitter_ms":	0.029341362980172019,
					"lost_packets":	68354,
					"packets":	86279,
					"lost_percent":	79.224376731301945,
					"omitted":	false,
					"sender":	false
				}],
			"sum":	{
				"start":	240.001098,
				"end":	241.0011,
				"seconds":	1.0000020265579224,
				"bytes":	24162900,
				"bits_per_second":	193302808.2606625,
				"jitter_ms":	0.029341362980172019,
				"lost_packets":	68354,
				"packets":	86279,
				"lost_percent":	79.224376731301945,
				"omitted":	false,
				"sender":	false
			}
		}, {
			"streams":	[{
					"socket":	5,
					"start":	241.0011,
					"end":	242.001105,
					"seconds":	1.0000050067901611,
					"bytes":	23761196,
					"bits_per_second":	190088616.26618633,
					"jitter_ms":	0.0059640758041626741,
					"lost_packets":	64884,
					"packets":	82511,
					"lost_percent":	78.636787822229763,
					"omitted":	false,
					"sender":	false
				}],
			"sum":	{
				"start":	241.0011,
				"end":	242.001105,
				"seconds":	1.0000050067901611,
				"bytes":	23761196,
				"bits_per_second":	190088616.26618633,
				"jitter_ms":	0.0059640758041626741,
				"lost_packets":	64884,
				"packets":	82511,
				"lost_percent":	78.636787822229763,
				"omitted":	false,
				"sender":	false
			}
		}, {
			"streams":	[{
					"socket":	5,
					"start":	242.001105,
					"end":	243.001086,
					"seconds":	0.99998098611831665,
					"bytes":	24001140,
					"bits_per_second":	192012770.90810773,
					"jitter_ms":	0.0294903511729727,
					"lost_packets":	65759,
					"packets":	83564,
					"lost_percent":	78.6929778373462,
					"omitted":	false,
					"sender":	false
				}],
			"sum":	{
				"start":	242.001105,
				"end":	243.001086,
				"seconds":	0.99998098611831665,
				"bytes":	24001140,
				"bits_per_second":	192012770.90810773,
				"jitter_ms":	0.0294903511729727,
				"lost_packets":	65759,
				"packets":	83564,
				"lost_percent":	78.6929778373462,
				"omitted":	false,
				"sender":	false
			}
		}, {
			"streams":	[{
					"socket":	5,
					"start":	243.001086,
					"end":	244.001094,
					"seconds":	1.0000079870224,
					"bytes":	24239736,
					"bits_per_second":	193916339.18585521,
					"jitter_ms":	0.044571599132962554,
					"lost_packets":	66319,
					"packets":	84301,
					"lost_percent":	78.669292179214949,
					"omitted":	false,
					"sender":	false
				}],
			"sum":	{
				"start":	243.001086,
				"end":	244.001094,
				"seconds":	1.0000079870224,
				"bytes":	24239736,
				"bits_per_second":	193916339.18585521,
				"jitter_ms":	0.044571599132962554,
				"lost_packets":	66319,
				"packets":	84301,
				"lost_percent":	78.669292179214949,
				"omitted":	false,
				"sender":	false
			}
		}, {
			"streams":	[{
					"socket":	5,
					"start":	244.001094,
					"end":	245.000931,
					"seconds":	0.99983698129653931,
					"bytes":	24017316,
					"bits_per_second":	192169855.28065208,
					"jitter_ms":	0.013907706213993095,
					"lost_packets":	65399,
					"packets":	83216,
					"lost_percent":	78.589453951163236,
					"omitted":	false,
					"sender":	false
				}],
			"sum":	{
				"start":	244.001094,
				"end":	245.000931,
				"seconds":	0.99983698129653931,
				"bytes":	24017316,
				"bits_per_second":	192169855.28065208,
				"jitter_ms":	0.013907706213993095,
				"lost_packets":	65399,
				"packets":	83216,
				"lost_percent":	78.589453951163236,
				"omitted":	false,
				"sender":	false
			}
		}, {
			"streams":	[{
					"socket":	5,
					"start":	245.000931,
					"end":	246.001099,
					"seconds":	1.0001679658889771,
					"bytes":	23995748,
					"bits_per_second":	191933745.67778254,
					"jitter_ms":	0.032212139942148832,
					"lost_packets":	65468,
					"packets":	83269,
					"lost_percent":	78.6222964128307,
					"omitted":	false,
					"sender":	false
				}],
			"sum":	{
				"start":	245.000931,
				"end":	246.001099,
				"seconds":	1.0001679658889771,
				"bytes":	23995748,
				"bits_per_second":	191933745.67778254,
				"jitter_ms":	0.032212139942148832,
				"lost_packets":	65468,
				"packets":	83269,
				"lost_percent":	78.6222964128307,
				"omitted":	false,
				"sender":	false
			}
		}, {
			"streams":	[{
					"socket":	5,
					"start":	246.001099,
					"end":	247.001128,
					"seconds":	1.0000289678573608,
					"bytes":	23976876,
					"bits_per_second":	191809451.69116294,
					"jitter_ms":	0.0068745156649439084,
					"lost_packets":	65561,
					"packets":	83348,
					"lost_percent":	78.6593559533522,
					"omitted":	false,
					"sender":	false
				}],
			"sum":	{
				"start":	246.001099,
				"end":	247.001128,
				"seconds":	1.0000289678573608,
				"bytes":	23976876,
				"bits_per_second":	191809451.69116294,
				"jitter_ms":	0.0068745156649439084,
				"lost_packets":	65561,
				"packets":	83348,
				"lost_percent":	78.6593559533522,
				"omitted":	false,
				"sender":	false
			}
		}, {
			"streams":	[{
					"socket":	5,
					"start":	247.001128,
					"end":	248.001088,
					"seconds":	0.99996000528335571,
					"bytes":	23890604,
					"bits_per_second":	191132476.2892307,
					"jitter_ms":	0.008226109192535816,
					"lost_packets":	65950,
					"packets":	83673,
					"lost_percent":	78.818734836805177,
					"omitted":	false,
					"sender":	false
				}],
			"sum":	{
				"start":	247.001128,
				"end":	248.001088,
				"seconds":	0.99996000528335571,
				"bytes":	23890604,
				"bits_per_second":	191132476.2892307,
				"jitter_ms":	0.008226109192535816,
				"lost_packets":	65950,
				"packets":	83673,
				"lost_percent":	78.818734836805177,
				"omitted":	false,
				"sender":	false
			}
		}, {
			"streams":	[{
					"socket":	5,
					"start":	248.001088,
					"end":	249.000804,
					"seconds":	0.99971598386764526,
					"bytes":	23983616,
					"bits_per_second":	191923437.352385,
					"jitter_ms":	0.013001878371304284,
					"lost_packets":	65328,
					"packets":	83120,
					"lost_percent":	78.594802694898945,
					"omitted":	false,
					"sender":	false
				}],
			"sum":	{
				"start":	248.001088,
				"end":	249.000804,
				"seconds":	0.99971598386764526,
				"bytes":	23983616,
				"bits_per_second":	191923437.352385,
				"jitter_ms":	0.013001878371304284,
				"lost_packets":	65328,
				"packets":	83120,
				"lost_percent":	78.594802694898945,
				"omitted":	false,
				"sender":	false
			}
		}, {
			"streams":	[{
					"socket":	5,
					"start":	249.000804,
					"end":	250.001108,
					"seconds":	1.0003039836883545,
					"bytes":	23913520,
					"bits_per_second":	191250023.11257637,
					"jitter_ms":	0.017896850967767358,
					"lost_packets":	65709,
					"packets":	83449,
					"lost_percent":	78.741506788577453,
					"omitted":	false,
					"sender":	false
				}],
			"sum":	{
				"start":	249.000804,
				"end":	250.001108,
				"seconds":	1.0003039836883545,
				"bytes":	23913520,
				"bits_per_second":	191250023.11257637,
				"jitter_ms":	0.017896850967767358,
				"lost_packets":	65709,
				"packets":	83449,
				"lost_percent":	78.741506788577453,
				"omitted":	false,
				"sender":	false
			}
		}, {
			"streams":	[{
					"socket":	5,
					"start":	250.001108,
					"end":	251.001087,
					"seconds":	0.999979019165039,
					"bytes":	23980920,
					"bits_per_second":	191851385.20224994,
					"jitter_ms":	0.012114804727080064,
					"lost_packets":	66010,
					"packets":	83800,
					"lost_percent":	78.7708830548926,
					"omitted":	false,
					"sender":	false
				}],
			"sum":	{
				"start":	250.001108,
				"end":	251.001087,
				"seconds":	0.999979019165039,
				"bytes":	23980920,
				"bits_per_second":	191851385.20224994,
				"jitter_ms":	0.012114804727080064,
				"lost_packets":	66010,
				"packets":	83800,
				"lost_percent":	78.7708830548926,
				"omitted":	false,
				"sender":	false
			}
		}, {
			"streams":	[{
					"socket":	5,
					"start":	251.001087,
					"end":	252.001121,
					"seconds":	1.000033974647522,
					"bytes":	24010576,
					"bits_per_second":	192078082.21486005,
					"jitter_ms":	0.012629749974130489,
					"lost_packets":	65643,
					"packets":	83455,
					"lost_percent":	78.656761128752024,
					"omitted":	false,
					"sender":	false
				}],
			"sum":	{
				"start":	251.001087,
				"end":	252.001121,
				"seconds":	1.000033974647522,
				"bytes":	24010576,
				"bits_per_second":	192078082.21486005,
				"jitter_ms":	0.012629749974130489,
				"lost_packets":	65643,
				"packets":	83455,
				"lost_percent":	78.656761128752024,
				"omitted":	false,
				"sender":	false
			}
		}, {
			"streams":	[{
					"socket":	5,
					"start":	252.001121,
					"end":	253.001092,
					"seconds":	0.99997097253799438,
					"bytes":	23945872,
					"bits_per_second":	191572536.86453515,
					"jitter_ms":	0.011284284148999676,
					"lost_packets":	65697,
					"packets":	83461,
					"lost_percent":	78.7158073830891,
					"omitted":	false,
					"sender":	false
				}],
			"sum":	{
				"start":	252.001121,
				"end":	253.001092,
				"seconds":	0.99997097253799438,
				"bytes":	23945872,
				"bits_per_second":	191572536.86453515,
				"jitter_ms":	0.011284284148999676,
				"lost_packets":	65697,
				"packets":	83461,
				"lost_percent":	78.7158073830891,
				"omitted":	false,
				"sender":	false
			}
		}, {
			"streams":	[{
					"socket":	5,
					"start":	253.001092,
					"end":	254.001098,
					"seconds":	1.0000059604644775,
					"bytes":	24024056,
					"bits_per_second":	192191302.45056885,
					"jitter_ms":	0.005881959007754442,
					"lost_packets":	65018,
					"packets":	82840,
					"lost_percent":	78.4862385321101,
					"omitted":	false,
					"sender":	false
				}],
			"sum":	{
				"start":	253.001092,
				"end":	254.001098,
				"seconds":	1.0000059604644775,
				"bytes":	24024056,
				"bits_per_second":	192191302.45056885,
				"jitter_ms":	0.005881959007754442,
				"lost_packets":	65018,
				"packets":	82840,
				"lost_percent":	78.4862385321101,
				"omitted":	false,
				"sender":	false
			}
		}, {
			"streams":	[{
					"socket":	5,
					"start":	254.001098,
					"end":	255.001084,
					"seconds":	0.99998599290847778,
					"bytes":	23879820,
					"bits_per_second":	191041235.93207622,
					"jitter_ms":	0.0070313109793125137,
					"lost_packets":	65235,
					"packets":	82950,
					"lost_percent":	78.643761301989144,
					"omitted":	false,
					"sender":	false
				}],
			"sum":	{
				"start":	254.001098,
				"end":	255.001084,
				"seconds":	0.99998599290847778,
				"bytes":	23879820,
				"bits_per_second":	191041235.93207622,
				"jitter_ms":	0.0070313109793125137,
				"lost_packets":	65235,
				"packets":	82950,
				"lost_percent":	78.643761301989144,
				"omitted":	false,
				"sender":	false
			}
		}, {
			"streams":	[{
					"socket":	5,
					"start":	255.001084,
					"end":	256.00105,
					"seconds":	0.999966025352478,
					"bytes":	23978224,
					"bits_per_second":	191832309.43509638,
					"jitter_ms":	0.0085314953180628556,
					"lost_packets":	65817,
					"packets":	83605,
					"lost_percent":	78.723760540637528,
					"omitted":	false,
					"sender":	false
				}],
			"sum":	{
				"start":	255.001084,
				"end":	256.00105,
				"seconds":	0.999966025352478,
				"bytes":	23978224,
				"bits_per_second":	191832309.43509638,
				"jitter_ms":	0.0085314953180628556,
				"lost_packets":	65817,
				"packets":	83605,
				"lost_percent":	78.723760540637528,
				"omitted":	false,
				"sender":	false
			}
		}, {
			"streams":	[{
					"socket":	5,
					"start":	256.00105,
					"end":	257.001099,
					"seconds":	1.0000489950180054,
					"bytes":	24044276,
					"bits_per_second":	192344784.06384155,
					"jitter_ms":	0.00848219026477956,
					"lost_packets":	65603,
					"packets":	83440,
					"lost_percent":	78.622962607861936,
					"omitted":	false,
					"sender":	false
				}],
			"sum":	{
				"start":	256.00105,
				"end":	257.001099,
				"seconds":	1.0000489950180054,
				"bytes":	24044276,
				"bits_per_second":	192344784.06384155,
				"jitter_ms":	0.00848219026477956,
				"lost_packets":	65603,
				"packets":	83440,
				"lost_percent":	78.622962607861936,
				"omitted":	false,
				"sender":	false
			}
		}, {
			"streams":	[{
					"socket":	5,
					"start":	257.001099,
					"end":	258.001107,
					"seconds":	1.0000079870224,
					"bytes":	23998444,
					"bits_per_second":	191986018.60336894,
					"jitter_ms":	0.0064975696252607164,
					"lost_packets":	65679,
					"packets":	83482,
					"lost_percent":	78.674444790493766,
					"omitted":	false,
					"sender":	false
				}],
			"sum":	{
				"start":	257.001099,
				"end":	258.001107,
				"seconds":	1.0000079870224,
				"bytes":	23998444,
				"bits_per_second":	191986018.60336894,
				"jitter_ms":	0.0064975696252607164,
				"lost_packets":	65679,
				"packets":	83482,
				"lost_percent":	78.674444790493766,
				"omitted":	false,
				"sender":	false
			}
		}, {
			"streams":	[{
					"socket":	5,
					"start":	258.001107,
					"end":	259.001244,
					"seconds":	1.0001369714736938,
					"bytes":	24103588,
					"bits_per_second":	192802295.5854421,
					"jitter_ms":	0.0026435564546570161,
					"lost_packets":	65925,
					"packets":	83806,
					"lost_percent":	78.6638188196549,
					"omitted":	false,
					"sender":	false
				}],
			"sum":	{
				"start":	258.001107,
				"end":	259.001244,
				"seconds":	1.0001369714736938,
				"bytes":	24103588,
				"bits_per_second":	192802295.5854421,
				"jitter_ms":	0.0026435564546570161,
				"lost_packets":	65925,
				"packets":	83806,
				"lost_percent":	78.6638188196549,
				"omitted":	false,
				"sender":	false
			}
		}, {
			"streams":	[{
					"socket":	5,
					"start":	259.001244,
					"end":	260.001132,
					"seconds":	0.999888002872467,
					"bytes":	23931044,
					"bits_per_second":	191469796.06716883,
					"jitter_ms":	0.023019009935792648,
					"lost_packets":	65974,
					"packets":	83727,
					"lost_percent":	78.79656502681334,
					"omitted":	false,
					"sender":	false
				}],
			"sum":	{
				"start":	259.001244,
				"end":	260.001132,
				"seconds":	0.999888002872467,
				"bytes":	23931044,
				"bits_per_second":	191469796.06716883,
				"jitter_ms":	0.023019009935792648,
				"lost_packets":	65974,
				"packets":	83727,
				"lost_percent":	78.79656502681334,
				"omitted":	false,
				"sender":	false
			}
		}, {
			"streams":	[{
					"socket":	5,
					"start":	260.001132,
					"end":	261.001102,
					"seconds":	0.999970018863678,
					"bytes":	24059104,
					"bits_per_second":	192478602.72722745,
					"jitter_ms":	0.010970815039508731,
					"lost_packets":	65960,
					"packets":	83808,
					"lost_percent":	78.7037037037037,
					"omitted":	false,
					"sender":	false
				}],
			"sum":	{
				"start":	260.001132,
				"end":	261.001102,
				"seconds":	0.999970018863678,
				"bytes":	24059104,
				"bits_per_second":	192478602.72722745,
				"jitter_ms":	0.010970815039508731,
				"lost_packets":	65960,
				"packets":	83808,
				"lost_percent":	78.7037037037037,
				"omitted":	false,
				"sender":	false
			}
		}, {
			"streams":	[{
					"socket":	5,
					"start":	261.001102,
					"end":	262.001088,
					"seconds":	0.99998599290847778,
					"bytes":	24459460,
					"bits_per_second":	195678420.88555026,
					"jitter_ms":	0.00576038188721399,
					"lost_packets":	67272,
					"packets":	85417,
					"lost_percent":	78.757156069634846,
					"omitted":	false,
					"sender":	false
				}],
			"sum":	{
				"start":	261.001102,
				"end":	262.001088,
				"seconds":	0.99998599290847778,
				"bytes":	24459460,
				"bits_per_second":	195678420.88555026,
				"jitter_ms":	0.00576038188721399,
				"lost_packets":	67272,
				"packets":	85417,
				"lost_percent":	78.757156069634846,
				"omitted":	false,
				"sender":	false
			}
		}, {
			"streams":	[{
					"socket":	5,
					"start":	262.001088,
					"end":	263.001098,
					"seconds":	1.0000100135803223,
					"bytes":	23753108,
					"bits_per_second":	190022961.189815,
					"jitter_ms":	0.010447736978533191,
					"lost_packets":	64708,
					"packets":	82329,
					"lost_percent":	78.5968492268824,
					"omitted":	false,
					"sender":	false
				}],
			"sum":	{
				"start":	262.001088,
				"end":	263.001098,
				"seconds":	1.0000100135803223,
				"bytes":	23753108,
				"bits_per_second":	190022961.189815,
				"jitter_ms":	0.010447736978533191,
				"lost_packets":	64708,
				"packets":	82329,
				"lost_percent":	78.5968492268824,
				"omitted":	false,
				"sender":	false
			}
		}, {
			"streams":	[{
					"socket":	5,
					"start":	263.001098,
					"end":	264.001088,
					"seconds":	0.99998998641967773,
					"bytes":	23375668,
					"bits_per_second":	187007216.6117844,
					"jitter_ms":	0.0071990571553720573,
					"lost_packets":	63163,
					"packets":	80504,
					"lost_percent":	78.459455430786051,
					"omitted":	false,
					"sender":	false
				}],
			"sum":	{
				"start":	263.001098,
				"end":	264.001088,
				"seconds":	0.99998998641967773,
				"bytes":	23375668,
				"bits_per_second":	187007216.6117844,
				"jitter_ms":	0.0071990571553720573,
				"lost_packets":	63163,
				"packets":	80504,
				"lost_percent":	78.459455430786051,
				"omitted":	false,
				"sender":	false
			}
		}, {
			"streams":	[{
					"socket":	5,
					"start":	264.001088,
					"end":	265.000933,
					"seconds":	0.999845027923584,
					"bytes":	23474072,
					"bits_per_second":	187821683.11622846,
					"jitter_ms":	0.0132849842511192,
					"lost_packets":	63650,
					"packets":	81064,
					"lost_percent":	78.518207835784068,
					"omitted":	false,
					"sender":	false
				}],
			"sum":	{
				"start":	264.001088,
				"end":	265.000933,
				"seconds":	0.999845027923584,
				"bytes":	23474072,
				"bits_per_second":	187821683.11622846,
				"jitter_ms":	0.0132849842511192,
				"lost_packets":	63650,
				"packets":	81064,
				"lost_percent":	78.518207835784068,
				"omitted":	false,
				"sender":	false
			}
		}, {
			"streams":	[{
					"socket":	5,
					"start":	265.000933,
					"end":	266.001098,
					"seconds":	1.0001649856567383,
					"bytes":	24144028,
					"bits_per_second":	193120361.91026071,
					"jitter_ms":	0.0065623429065781976,
					"lost_packets":	68687,
					"packets":	86598,
					"lost_percent":	79.317074297327878,
					"omitted":	false,
					"sender":	false
				}],
			"sum":	{
				"start":	265.000933,
				"end":	266.001098,
				"seconds":	1.0001649856567383,
				"bytes":	24144028,
				"bits_per_second":	193120361.91026071,
				"jitter_ms":	0.0065623429065781976,
				"lost_packets":	68687,
				"packets":	86598,
				"lost_percent":	79.317074297327878,
				"omitted":	false,
				"sender":	false
			}
		}, {
			"streams":	[{
					"socket":	5,
					"start":	266.001098,
					"end":	267.001099,
					"seconds":	1.0000009536743164,
					"bytes":	23743672,
					"bits_per_second":	189949194.85033146,
					"jitter_ms":	0.00621785176396458,
					"lost_packets":	66664,
					"packets":	84278,
					"lost_percent":	79.1001210280263,
					"omitted":	false,
					"sender":	false
				}],
			"sum":	{
				"start":	266.001098,
				"end":	267.001099,
				"seconds":	1.0000009536743164,
				"bytes":	23743672,
				"bits_per_second":	189949194.85033146,
				"jitter_ms":	0.00621785176396458,
				"lost_packets":	66664,
				"packets":	84278,
				"lost_percent":	79.1001210280263,
				"omitted":	false,
				"sender":	false
			}
		}, {
			"streams":	[{
					"socket":	5,
					"start":	267.001099,
					"end":	268.001084,
					"seconds":	0.9999849796295166,
					"bytes":	23836684,
					"bits_per_second":	190696336.32962149,
					"jitter_ms":	0.014818351482325617,
					"lost_packets":	65570,
					"packets":	83253,
					"lost_percent":	78.759924567282866,
					"omitted":	false,
					"sender":	false
				}],
			"sum":	{
				"start":	267.001099,
				"end":	268.001084,
				"seconds":	0.9999849796295166,
				"bytes":	23836684,
				"bits_per_second":	190696336.32962149,
				"jitter_ms":	0.014818351482325617,
				"lost_packets":	65570,
				"packets":	83253,
				"lost_percent":	78.759924567282866,
				"omitted":	false,
				"sender":	false
			}
		}, {
			"streams":	[{
					"socket":	5,
					"start":	268.001084,
					"end":	269.001095,
					"seconds":	1.0000109672546387,
					"bytes":	24146724,
					"bits_per_second":	193171673.43706843,
					"jitter_ms":	0.0058661138068508128,
					"lost_packets":	65681,
					"packets":	83594,
					"lost_percent":	78.571428571428569,
					"omitted":	false,
					"sender":	false
				}],
			"sum":	{
				"start":	268.001084,
				"end":	269.001095,
				"seconds":	1.0000109672546387,
				"bytes":	24146724,
				"bits_per_second":	193171673.43706843,
				"jitter_ms":	0.0058661138068508128,
				"lost_packets":	65681,
				"packets":	83594,
				"lost_percent":	78.571428571428569,
				"omitted":	false,
				"sender":	false
			}
		}, {
			"streams":	[{
					"socket":	5,
					"start":	269.001095,
					"end":	270.001101,
					"seconds":	1.0000059604644775,
					"bytes":	23952612,
					"bits_per_second":	191619753.85726395,
					"jitter_ms":	0.0061397480552809964,
					"lost_packets":	65678,
					"packets":	83447,
					"lost_percent":	78.7062446822534,
					"omitted":	false,
					"sender":	false
				}],
			"sum":	{
				"start":	269.001095,
				"end":	270.001101,
				"seconds":	1.0000059604644775,
				"bytes":	23952612,
				"bits_per_second":	191619753.85726395,
				"jitter_ms":	0.0061397480552809964,
				"lost_packets":	65678,
				"packets":	83447,
				"lost_percent":	78.7062446822534,
				"omitted":	false,
				"sender":	false
			}
		}, {
			"streams":	[{
					"socket":	5,
					"start":	270.001101,
					"end":	271.000931,
					"seconds":	0.99983000755310059,
					"bytes":	23925652,
					"bits_per_second":	191437758.97307676,
					"jitter_ms":	0.0062439096476261686,
					"lost_packets":	65357,
					"packets":	83106,
					"lost_percent":	78.6429379346858,
					"omitted":	false,
					"sender":	false
				}],
			"sum":	{
				"start":	270.001101,
				"end":	271.000931,
				"seconds":	0.99983000755310059,
				"bytes":	23925652,
				"bits_per_second":	191437758.97307676,
				"jitter_ms":	0.0062439096476261686,
				"lost_packets":	65357,
				"packets":	83106,
				"lost_percent":	78.6429379346858,
				"omitted":	false,
				"sender":	false
			}
		}, {
			"streams":	[{
					"socket":	5,
					"start":	271.000931,
					"end":	272.001087,
					"seconds":	1.000156044960022,
					"bytes":	23972832,
					"bits_per_second":	191752733.95229632,
					"jitter_ms":	0.017327845632570924,
					"lost_packets":	66306,
					"packets":	84090,
					"lost_percent":	78.851230824117025,
					"omitted":	false,
					"sender":	false
				}],
			"sum":	{
				"start":	271.000931,
				"end":	272.001087,
				"seconds":	1.000156044960022,
				"bytes":	23972832,
				"bits_per_second":	191752733.95229632,
				"jitter_ms":	0.017327845632570924,
				"lost_packets":	66306,
				"packets":	84090,
				"lost_percent":	78.851230824117025,
				"omitted":	false,
				"sender":	false
			}
		}, {
			"streams":	[{
					"socket":	5,
					"start":	272.001087,
					"end":	273.001091,
					"seconds":	1.0000040531158447,
					"bytes":	24239736,
					"bits_per_second":	193917102.0315212,
					"jitter_ms":	0.0380361364054895,
					"lost_packets":	65710,
					"packets":	83692,
					"lost_percent":	78.514075419394928,
					"omitted":	false,
					"sender":	false
				}],
			"sum":	{
				"start":	272.001087,
				"end":	273.001091,
				"seconds":	1.0000040531158447,
				"bytes":	24239736,
				"bits_per_second":	193917102.0315212,
				"jitter_ms":	0.0380361364054895,
				"lost_packets":	65710,
				"packets":	83692,
				"lost_percent":	78.514075419394928,
				"omitted":	false,
				"sender":	false
			}
		}, {
			"streams":	[{
					"socket":	5,
					"start":	273.001091,
					"end":	274.001452,
					"seconds":	1.00036096572876,
					"bytes":	23848816,
					"bits_per_second":	190721684.00834164,
					"jitter_ms":	0.006285550610116028,
					"lost_packets":	65257,
					"packets":	82949,
					"lost_percent":	78.671231720695843,
					"omitted":	false,
					"sender":	false
				}],
			"sum":	{
				"start":	273.001091,
				"end":	274.001452,
				"seconds":	1.00036096572876,
				"bytes":	23848816,
				"bits_per_second":	190721684.00834164,
				"jitter_ms":	0.006285550610116028,
				"lost_packets":	65257,
				"packets":	82949,
				"lost_percent":	78.671231720695843,
				"omitted":	false,
				"sender":	false
			}
		}, {
			"streams":	[{
					"socket":	5,
					"start":	274.001452,
					"end":	275.001085,
					"seconds":	0.999633014202118,
					"bytes":	23958004,
					"bits_per_second":	191734395.80022418,
					"jitter_ms":	0.020029442228166137,
					"lost_packets":	65119,
					"packets":	82892,
					"lost_percent":	78.5588476571925,
					"omitted":	false,
					"sender":	false
				}],
			"sum":	{
				"start":	274.001452,
				"end":	275.001085,
				"seconds":	0.999633014202118,
				"bytes":	23958004,
				"bits_per_second":	191734395.80022418,
				"jitter_ms":	0.020029442228166137,
				"lost_packets":	65119,
				"packets":	82892,
				"lost_percent":	78.5588476571925,
				"omitted":	false,
				"sender":	false
			}
		}, {
			"streams":	[{
					"socket":	5,
					"start":	275.001085,
					"end":	276.000877,
					"seconds":	0.999791979789734,
					"bytes":	24059104,
					"bits_per_second":	192512878.569479,
					"jitter_ms":	0.050111260246641767,
					"lost_packets":	66177,
					"packets":	84025,
					"lost_percent":	78.758702767033625,
					"omitted":	false,
					"sender":	false
				}],
			"sum":	{
				"start":	275.001085,
				"end":	276.000877,
				"seconds":	0.999791979789734,
				"bytes":	24059104,
				"bits_per_second":	192512878.569479,
				"jitter_ms":	0.050111260246641767,
				"lost_packets":	66177,
				"packets":	84025,
				"lost_percent":	78.758702767033625,
				"omitted":	false,
				"sender":	false
			}
		}, {
			"streams":	[{
					"socket":	5,
					"start":	276.000877,
					"end":	277.001107,
					"seconds":	1.0002299547195435,
					"bytes":	23951264,
					"bits_per_second":	191566060.48028821,
					"jitter_ms":	0.00824638348175194,
					"lost_packets":	65320,
					"packets":	83088,
					"lost_percent":	78.6154438667437,
					"omitted":	false,
					"sender":	false
				}],
			"sum":	{
				"start":	276.000877,
				"end":	277.001107,
				"seconds":	1.0002299547195435,
				"bytes":	23951264,
				"bits_per_second":	191566060.48028821,
				"jitter_ms":	0.00824638348175194,
				"lost_packets":	65320,
				"packets":	83088,
				"lost_percent":	78.6154438667437,
				"omitted":	false,
				"sender":	false
			}
		}, {
			"streams":	[{
					"socket":	5,
					"start":	277.001107,
					"end":	278.001446,
					"seconds":	1.0003390312194824,
					"bytes":	23933740,
					"bits_per_second":	191405027.720037,
					"jitter_ms":	0.012173100138510019,
					"lost_packets":	66103,
					"packets":	83858,
					"lost_percent":	78.827303298433065,
					"omitted":	false,
					"sender":	false
				}],
			"sum":	{
				"start":	277.001107,
				"end":	278.001446,
				"seconds":	1.0003390312194824,
				"bytes":	23933740,
				"bits_per_second":	191405027.720037,
				"jitter_ms":	0.012173100138510019,
				"lost_packets":	66103,
				"packets":	83858,
				"lost_percent":	78.827303298433065,
				"omitted":	false,
				"sender":	false
			}
		}, {
			"streams":	[{
					"socket":	5,
					"start":	278.001446,
					"end":	279.001099,
					"seconds":	0.99965298175811768,
					"bytes":	23945872,
					"bits_per_second":	191633476.31203559,
					"jitter_ms":	0.0062715170079614023,
					"lost_packets":	65309,
					"packets":	83073,
					"lost_percent":	78.6163976261842,
					"omitted":	false,
					"sender":	false
				}],
			"sum":	{
				"start":	278.001446,
				"end":	279.001099,
				"seconds":	0.99965298175811768,
				"bytes":	23945872,
				"bits_per_second":	191633476.31203559,
				"jitter_ms":	0.0062715170079614023,
				"lost_packets":	65309,
				"packets":	83073,
				"lost_percent":	78.6163976261842,
				"omitted":	false,
				"sender":	false
			}
		}, {
			"streams":	[{
					"socket":	5,
					"start":	279.001099,
					"end":	280.0011,
					"seconds":	1.0000009536743164,
					"bytes":	23966092,
					"bits_per_second":	191728553.15340313,
					"jitter_ms":	0.0150611270274868,
					"lost_packets":	66306,
					"packets":	84085,
					"lost_percent":	78.855919605161446,
					"omitted":	false,
					"sender":	false
				}],
			"sum":	{
				"start":	279.001099,
				"end":	280.0011,
				"seconds":	1.0000009536743164,
				"bytes":	23966092,
				"bits_per_second":	191728553.15340313,
				"jitter_ms":	0.0150611270274868,
				"lost_packets":	66306,
				"packets":	84085,
				"lost_percent":	78.855919605161446,
				"omitted":	false,
				"sender":	false
			}
		}, {
			"streams":	[{
					"socket":	5,
					"start":	280.0011,
					"end":	281.001108,
					"seconds":	1.0000079870224,
					"bytes":	24038884,
					"bits_per_second":	192309536.0194281,
					"jitter_ms":	0.012152237430839931,
					"lost_packets":	65959,
					"packets":	83792,
					"lost_percent":	78.717538667175859,
					"omitted":	false,
					"sender":	false
				}],
			"sum":	{
				"start":	280.0011,
				"end":	281.001108,
				"seconds":	1.0000079870224,
				"bytes":	24038884,
				"bits_per_second":	192309536.0194281,
				"jitter_ms":	0.012152237430839931,
				"lost_packets":	65959,
				"packets":	83792,
				"lost_percent":	78.717538667175859,
				"omitted":	false,
				"sender":	false
			}
		}, {
			"streams":	[{
					"socket":	5,
					"start":	281.001108,
					"end":	282.001085,
					"seconds":	0.9999769926071167,
					"bytes":	23979572,
					"bits_per_second":	191840989.76102257,
					"jitter_ms":	0.0071662224011742569,
					"lost_packets":	65686,
					"packets":	83475,
					"lost_percent":	78.689427972446836,
					"omitted":	false,
					"sender":	false
				}],
			"sum":	{
				"start":	281.001108,
				"end":	282.001085,
				"seconds":	0.9999769926071167,
				"bytes":	23979572,
				"bits_per_second":	191840989.76102257,
				"jitter_ms":	0.0071662224011742569,
				"lost_packets":	65686,
				"packets":	83475,
				"lost_percent":	78.689427972446836,
				"omitted":	false,
				"sender":	false
			}
		}, {
			"streams":	[{
					"socket":	5,
					"start":	282.001085,
					"end":	283.001014,
					"seconds":	0.99992901086807251,
					"bytes":	23925652,
					"bits_per_second":	191418804.65477705,
					"jitter_ms":	0.023739514848564226,
					"lost_packets":	65341,
					"packets":	83090,
					"lost_percent":	78.638825370080639,
					"omitted":	false,
					"sender":	false
				}],
			"sum":	{
				"start":	282.001085,
				"end":	283.001014,
				"seconds":	0.99992901086807251,
				"bytes":	23925652,
				"bits_per_second":	191418804.65477705,
				"jitter_ms":	0.023739514848564226,
				"lost_packets":	65341,
				"packets":	83090,
				"lost_percent":	78.638825370080639,
				"omitted":	false,
				"sender":	false
			}
		}, {
			"streams":	[{
					"socket":	5,
					"start":	283.001014,
					"end":	284.001107,
					"seconds":	1.0000929832458496,
					"bytes":	23966092,
					"bits_per_second":	191710910.09731436,
					"jitter_ms":	0.039864018868249515,
					"lost_packets":	65668,
					"packets":	83447,
					"lost_percent":	78.694261027957864,
					"omitted":	false,
					"sender":	false
				}],
			"sum":	{
				"start":	283.001014,
				"end":	284.001107,
				"seconds":	1.0000929832458496,
				"bytes":	23966092,
				"bits_per_second":	191710910.09731436,
				"jitter_ms":	0.039864018868249515,
				"lost_packets":	65668,
				"packets":	83447,
				"lost_percent":	78.694261027957864,
				"omitted":	false,
				"sender":	false
			}
		}, {
			"streams":	[{
					"socket":	5,
					"start":	284.001107,
					"end":	285.001083,
					"seconds":	0.99997597932815552,
					"bytes":	23987660,
					"bits_per_second":	191905889.70840171,
					"jitter_ms":	0.007500954776522498,
					"lost_packets":	65203,
					"packets":	82998,
					"lost_percent":	78.559724330706757,
					"omitted":	false,
					"sender":	false
				}],
			"sum":	{
				"start":	284.001107,
				"end":	285.001083,
				"seconds":	0.99997597932815552,
				"bytes":	23987660,
				"bits_per_second":	191905889.70840171,
				"jitter_ms":	0.007500954776522498,
				"lost_packets":	65203,
				"packets":	82998,
				"lost_percent":	78.559724330706757,
				"omitted":	false,
				"sender":	false
			}
		}, {
			"streams":	[{
					"socket":	5,
					"start":	285.001083,
					"end":	286.00111,
					"seconds":	1.0000269412994385,
					"bytes":	23952612,
					"bits_per_second":	191615733.62314335,
					"jitter_ms":	0.00578296569666077,
					"lost_packets":	65886,
					"packets":	83655,
					"lost_percent":	78.7591895284203,
					"omitted":	false,
					"sender":	false
				}],
			"sum":	{
				"start":	285.001083,
				"end":	286.00111,
				"seconds":	1.0000269412994385,
				"bytes":	23952612,
				"bits_per_second":	191615733.62314335,
				"jitter_ms":	0.00578296569666077,
				"lost_packets":	65886,
				"packets":	83655,
				"lost_percent":	78.7591895284203,
				"omitted":	false,
				"sender":	false
			}
		}, {
			"streams":	[{
					"socket":	5,
					"start":	286.00111,
					"end":	287.001086,
					"seconds":	0.99997597932815552,
					"bytes":	23905432,
					"bits_per_second":	191248049.90664771,
					"jitter_ms":	0.0094390651312449,
					"lost_packets":	65441,
					"packets":	83175,
					"lost_percent":	78.678689510069134,
					"omitted":	false,
					"sender":	false
				}],
			"sum":	{
				"start":	286.00111,
				"end":	287.001086,
				"seconds":	0.99997597932815552,
				"bytes":	23905432,
				"bits_per_second":	191248049.90664771,
				"jitter_ms":	0.0094390651312449,
				"lost_packets":	65441,
				"packets":	83175,
				"lost_percent":	78.678689510069134,
				"omitted":	false,
				"sender":	false
			}
		}, {
			"streams":	[{
					"socket":	5,
					"start":	287.001086,
					"end":	288.0011,
					"seconds":	1.0000139474868774,
					"bytes":	24011924,
					"bits_per_second":	192092712.78940913,
					"jitter_ms":	0.00824345514531184,
					"lost_packets":	65560,
					"packets":	83373,
					"lost_percent":	78.6345699447063,
					"omitted":	false,
					"sender":	false
				}],
			"sum":	{
				"start":	287.001086,
				"end":	288.0011,
				"seconds":	1.0000139474868774,
				"bytes":	24011924,
				"bits_per_second":	192092712.78940913,
				"jitter_ms":	0.00824345514531184,
				"lost_packets":	65560,
				"packets":	83373,
				"lost_percent":	78.6345699447063,
				"omitted":	false,
				"sender":	false
			}
		}, {
			"streams":	[{
					"socket":	5,
					"start":	288.0011,
					"end":	289.001099,
					"seconds":	0.99999898672103882,
					"bytes":	24090108,
					"bits_per_second":	192721059.28019476,
					"jitter_ms":	0.0407895922860587,
					"lost_packets":	65967,
					"packets":	83838,
					"lost_percent":	78.683890359979955,
					"omitted":	false,
					"sender":	false
				}],
			"sum":	{
				"start":	288.0011,
				"end":	289.001099,
				"seconds":	0.99999898672103882,
				"bytes":	24090108,
				"bits_per_second":	192721059.28019476,
				"jitter_ms":	0.0407895922860587,
				"lost_packets":	65967,
				"packets":	83838,
				"lost_percent":	78.683890359979955,
				"omitted":	false,
				"sender":	false
			}
		}, {
			"streams":	[{
					"socket":	5,
					"start":	289.001099,
					"end":	290.001085,
					"seconds":	0.99998599290847778,
					"bytes":	23972832,
					"bits_per_second":	191785342.354843,
					"jitter_ms":	0.0063536605004606362,
					"lost_packets":	65648,
					"packets":	83432,
					"lost_percent":	78.684437625851,
					"omitted":	false,
					"sender":	false
				}],
			"sum":	{
				"start":	289.001099,
				"end":	290.001085,
				"seconds":	0.99998599290847778,
				"bytes":	23972832,
				"bits_per_second":	191785342.354843,
				"jitter_ms":	0.0063536605004606362,
				"lost_packets":	65648,
				"packets":	83432,
				"lost_percent":	78.684437625851,
				"omitted":	false,
				"sender":	false
			}
		}, {
			"streams":	[{
					"socket":	5,
					"start":	290.001085,
					"end":	291.001103,
					"seconds":	1.0000180006027222,
					"bytes":	23583260,
					"bits_per_second":	188662683.95797756,
					"jitter_ms":	0.026458045679243473,
					"lost_packets":	64487,
					"packets":	81982,
					"lost_percent":	78.659949745066,
					"omitted":	false,
					"sender":	false
				}],
			"sum":	{
				"start":	290.001085,
				"end":	291.001103,
				"seconds":	1.0000180006027222,
				"bytes":	23583260,
				"bits_per_second":	188662683.95797756,
				"jitter_ms":	0.026458045679243473,
				"lost_packets":	64487,
				"packets":	81982,
				"lost_percent":	78.659949745066,
				"omitted":	false,
				"sender":	false
			}
		}, {
			"streams":	[{
					"socket":	5,
					"start":	291.001103,
					"end":	292.001087,
					"seconds":	0.9999840259552002,
					"bytes":	23952612,
					"bits_per_second":	191623957.009674,
					"jitter_ms":	0.007991099204302016,
					"lost_packets":	66312,
					"packets":	84081,
					"lost_percent":	78.86680700752845,
					"omitted":	false,
					"sender":	false
				}],
			"sum":	{
				"start":	291.001103,
				"end":	292.001087,
				"seconds":	0.9999840259552002,
				"bytes":	23952612,
				"bits_per_second":	191623957.009674,
				"jitter_ms":	0.007991099204302016,
				"lost_packets":	66312,
				"packets":	84081,
				"lost_percent":	78.86680700752845,
				"omitted":	false,
				"sender":	false
			}
		}, {
			"streams":	[{
					"socket":	5,
					"start":	292.001087,
					"end":	293.001085,
					"seconds":	0.99999797344207764,
					"bytes":	23478116,
					"bits_per_second":	187825308.63886723,
					"jitter_ms":	0.006715681430778552,
					"lost_packets":	66133,
					"packets":	83550,
					"lost_percent":	79.1538001196888,
					"omitted":	false,
					"sender":	false
				}],
			"sum":	{
				"start":	292.001087,
				"end":	293.001085,
				"seconds":	0.99999797344207764,
				"bytes":	23478116,
				"bits_per_second":	187825308.63886723,
				"jitter_ms":	0.006715681430778552,
				"lost_packets":	66133,
				"packets":	83550,
				"lost_percent":	79.1538001196888,
				"omitted":	false,
				"sender":	false
			}
		}, {
			"streams":	[{
					"socket":	5,
					"start":	293.001085,
					"end":	294.001099,
					"seconds":	1.0000139474868774,
					"bytes":	23978224,
					"bits_per_second":	191823116.54959914,
					"jitter_ms":	0.025953844028820512,
					"lost_packets":	65875,
					"packets":	83663,
					"lost_percent":	78.738510452649322,
					"omitted":	false,
					"sender":	false
				}],
			"sum":	{
				"start":	293.001085,
				"end":	294.001099,
				"seconds":	1.0000139474868774,
				"bytes":	23978224,
				"bits_per_second":	191823116.54959914,
				"jitter_ms":	0.025953844028820512,
				"lost_packets":	65875,
				"packets":	83663,
				"lost_percent":	78.738510452649322,
				"omitted":	false,
				"sender":	false
			}
		}, {
			"streams":	[{
					"socket":	5,
					"start":	294.001099,
					"end":	295.001082,
					"seconds":	0.999983012676239,
					"bytes":	23839380,
					"bits_per_second":	190718279.793166,
					"jitter_ms":	0.036014458391689042,
					"lost_packets":	65768,
					"packets":	83453,
					"lost_percent":	78.808431092950528,
					"omitted":	false,
					"sender":	false
				}],
			"sum":	{
				"start":	294.001099,
				"end":	295.001082,
				"seconds":	0.999983012676239,
				"bytes":	23839380,
				"bits_per_second":	190718279.793166,
				"jitter_ms":	0.036014458391689042,
				"lost_packets":	65768,
				"packets":	83453,
				"lost_percent":	78.808431092950528,
				"omitted":	false,
				"sender":	false
			}
		}, {
			"streams":	[{
					"socket":	5,
					"start":	295.001082,
					"end":	296.001095,
					"seconds":	1.000012993812561,
					"bytes":	23966092,
					"bits_per_second":	191726244.74511275,
					"jitter_ms":	0.007028329155151938,
					"lost_packets":	65747,
					"packets":	83526,
					"lost_percent":	78.7144122788114,
					"omitted":	false,
					"sender":	false
				}],
			"sum":	{
				"start":	295.001082,
				"end":	296.001095,
				"seconds":	1.000012993812561,
				"bytes":	23966092,
				"bits_per_second":	191726244.74511275,
				"jitter_ms":	0.007028329155151938,
				"lost_packets":	65747,
				"packets":	83526,
				"lost_percent":	78.7144122788114,
				"omitted":	false,
				"sender":	false
			}
		}, {
			"streams":	[{
					"socket":	5,
					"start":	296.001095,
					"end":	297.001099,
					"seconds":	1.0000040531158447,
					"bytes":	24286916,
					"bits_per_second":	194294540.50171936,
					"jitter_ms":	0.048256546386538583,
					"lost_packets":	66779,
					"packets":	84796,
					"lost_percent":	78.7525354969574,
					"omitted":	false,
					"sender":	false
				}],
			"sum":	{
				"start":	296.001095,
				"end":	297.001099,
				"seconds":	1.0000040531158447,
				"bytes":	24286916,
				"bits_per_second":	194294540.50171936,
				"jitter_ms":	0.048256546386538583,
				"lost_packets":	66779,
				"packets":	84796,
				"lost_percent":	78.7525354969574,
				"omitted":	false,
				"sender":	false
			}
		}, {
			"streams":	[{
					"socket":	5,
					"start":	297.001099,
					"end":	298.001092,
					"seconds":	0.99999302625656128,
					"bytes":	23782764,
					"bits_per_second":	190263438.84840831,
					"jitter_ms":	0.011987697492982646,
					"lost_packets":	65009,
					"packets":	82652,
					"lost_percent":	78.653874074432565,
					"omitted":	false,
					"sender":	false
				}],
			"sum":	{
				"start":	297.001099,
				"end":	298.001092,
				"seconds":	0.99999302625656128,
				"bytes":	23782764,
				"bits_per_second":	190263438.84840831,
				"jitter_ms":	0.011987697492982646,
				"lost_packets":	65009,
				"packets":	82652,
				"lost_percent":	78.653874074432565,
				"omitted":	false,
				"sender":	false
			}
		}, {
			"streams":	[{
					"socket":	5,
					"start":	298.001092,
					"end":	299.0011,
					"seconds":	1.0000079870224,
					"bytes":	24009228,
					"bits_per_second":	192072289.91431805,
					"jitter_ms":	0.0076441603935206983,
					"lost_packets":	65252,
					"packets":	83063,
					"lost_percent":	78.5572396855399,
					"omitted":	false,
					"sender":	false
				}],
			"sum":	{
				"start":	298.001092,
				"end":	299.0011,
				"seconds":	1.0000079870224,
				"bytes":	24009228,
				"bits_per_second":	192072289.91431805,
				"jitter_ms":	0.0076441603935206983,
				"lost_packets":	65252,
				"packets":	83063,
				"lost_percent":	78.5572396855399,
				"omitted":	false,
				"sender":	false
			}
		}, {
			"streams":	[{
					"socket":	5,
					"start":	299.0011,
					"end":	300.001168,
					"seconds":	1.0000679492950439,
					"bytes":	24079324,
					"bits_per_second":	192621503.50462654,
					"jitter_ms":	0.0056291141521133,
					"lost_packets":	65955,
					"packets":	83818,
					"lost_percent":	78.688348564747429,
					"omitted":	false,
					"sender":	false
				}],
			"sum":	{
				"start":	299.0011,
				"end":	300.001168,
				"seconds":	1.0000679492950439,
				"bytes":	24079324,
				"bits_per_second":	192621503.50462654,
				"jitter_ms":	0.0056291141521133,
				"lost_packets":	65955,
				"packets":	83818,
				"lost_percent":	78.688348564747429,
				"omitted":	false,
				"sender":	false
			}
		}, {
			"streams":	[{
					"socket":	5,
					"start":	300.001168,
					"end":	301.001037,
					"seconds":	0.99986898899078369,
					"bytes":	23984964,
					"bits_per_second":	191904853.64855,
					"jitter_ms":	0.041560403156934878,
					"lost_packets":	65669,
					"packets":	83462,
					"lost_percent":	78.681316048021856,
					"omitted":	false,
					"sender":	false
				}],
			"sum":	{
				"start":	300.001168,
				"end":	301.001037,
				"seconds":	0.99986898899078369,
				"bytes":	23984964,
				"bits_per_second":	191904853.64855,
				"jitter_ms":	0.041560403156934878,
				"lost_packets":	65669,
				"packets":	83462,
				"lost_percent":	78.681316048021856,
				"omitted":	false,
				"sender":	false
			}
		}, {
			"streams":	[{
					"socket":	5,
					"start":	301.001037,
					"end":	302.00095,
					"seconds":	0.999912977218628,
					"bytes":	24037536,
					"bits_per_second":	192317023.9623304,
					"jitter_ms":	0.0094887948080706937,
					"lost_packets":	66253,
					"packets":	84085,
					"lost_percent":	78.792888148896949,
					"omitted":	false,
					"sender":	false
				}],
			"sum":	{
				"start":	301.001037,
				"end":	302.00095,
				"seconds":	0.999912977218628,
				"bytes":	24037536,
				"bits_per_second":	192317023.9623304,
				"jitter_ms":	0.0094887948080706937,
				"lost_packets":	66253,
				"packets":	84085,
				"lost_percent":	78.792888148896949,
				"omitted":	false,
				"sender":	false
			}
		}, {
			"streams":	[{
					"socket":	5,
					"start":	302.00095,
					"end":	303.001098,
					"seconds":	1.0001480579376221,
					"bytes":	23970136,
					"bits_per_second":	191732700.45179638,
					"jitter_ms":	0.00975234448406772,
					"lost_packets":	64672,
					"packets":	82454,
					"lost_percent":	78.434035947316076,
					"omitted":	false,
					"sender":	false
				}],
			"sum":	{
				"start":	302.00095,
				"end":	303.001098,
				"seconds":	1.0001480579376221,
				"bytes":	23970136,
				"bits_per_second":	191732700.45179638,
				"jitter_ms":	0.00975234448406772,
				"lost_packets":	64672,
				"packets":	82454,
				"lost_percent":	78.434035947316076,
				"omitted":	false,
				"sender":	false
			}
		}, {
			"streams":	[{
					"socket":	5,
					"start":	303.001098,
					"end":	304.001097,
					"seconds":	0.99999898672103882,
					"bytes":	24077976,
					"bits_per_second":	192624003.18184984,
					"jitter_ms":	0.005595486196241172,
					"lost_packets":	65958,
					"packets":	83820,
					"lost_percent":	78.69005010737294,
					"omitted":	false,
					"sender":	false
				}],
			"sum":	{
				"start":	303.001098,
				"end":	304.001097,
				"seconds":	0.99999898672103882,
				"bytes":	24077976,
				"bits_per_second":	192624003.18184984,
				"jitter_ms":	0.005595486196241172,
				"lost_packets":	65958,
				"packets":	83820,
				"lost_percent":	78.69005010737294,
				"omitted":	false,
				"sender":	false
			}
		}, {
			"streams":	[{
					"socket":	5,
					"start":	304.001097,
					"end":	305.000974,
					"seconds":	0.99987697601318359,
					"bytes":	23952612,
					"bits_per_second":	191644472.86710343,
					"jitter_ms":	0.00815020598357538,
					"lost_packets":	65499,
					"packets":	83268,
					"lost_percent":	78.660469808329736,
					"omitted":	false,
					"sender":	false
				}],
			"sum":	{
				"start":	304.001097,
				"end":	305.000974,
				"seconds":	0.99987697601318359,
				"bytes":	23952612,
				"bits_per_second":	191644472.86710343,
				"jitter_ms":	0.00815020598357538,
				"lost_packets":	65499,
				"packets":	83268,
				"lost_percent":	78.660469808329736,
				"omitted":	false,
				"sender":	false
			}
		}, {
			"streams":	[{
					"socket":	5,
					"start":	305.000974,
					"end":	306.001106,
					"seconds":	1.0001319646835327,
					"bytes":	23424196,
					"bits_per_second":	187368841.93007082,
					"jitter_ms":	0.0077934567952796839,
					"lost_packets":	64687,
					"packets":	82064,
					"lost_percent":	78.8250633651784,
					"omitted":	false,
					"sender":	false
				}],
			"sum":	{
				"start":	305.000974,
				"end":	306.001106,
				"seconds":	1.0001319646835327,
				"bytes":	23424196,
				"bits_per_second":	187368841.93007082,
				"jitter_ms":	0.0077934567952796839,
				"lost_packets":	64687,
				"packets":	82064,
				"lost_percent":	78.8250633651784,
				"omitted":	false,
				"sender":	false
			}
		}, {
			"streams":	[{
					"socket":	5,
					"start":	306.001106,
					"end":	307.001101,
					"seconds":	0.999994993209839,
					"bytes":	24138636,
					"bits_per_second":	193110054.8615227,
					"jitter_ms":	0.0064446533553497156,
					"lost_packets":	65636,
					"packets":	83543,
					"lost_percent":	78.565529128712157,
					"omitted":	false,
					"sender":	false
				}],
			"sum":	{
				"start":	306.001106,
				"end":	307.001101,
				"seconds":	0.999994993209839,
				"bytes":	24138636,
				"bits_per_second":	193110054.8615227,
				"jitter_ms":	0.0064446533553497156,
				"lost_packets":	65636,
				"packets":	83543,
				"lost_percent":	78.565529128712157,
				"omitted":	false,
				"sender":	false
			}
		}, {
			"streams":	[{
					"socket":	5,
					"start":	307.001101,
					"end":	308.001141,
					"seconds":	1.0000400543212891,
					"bytes":	24169640,
					"bits_per_second":	193349375.52199179,
					"jitter_ms":	0.018150383693429823,
					"lost_packets":	67636,
					"packets":	85566,
					"lost_percent":	79.045415235023256,
					"omitted":	false,
					"sender":	false
				}],
			"sum":	{
				"start":	307.001101,
				"end":	308.001141,
				"seconds":	1.0000400543212891,
				"bytes":	24169640,
				"bits_per_second":	193349375.52199179,
				"jitter_ms":	0.018150383693429823,
				"lost_packets":	67636,
				"packets":	85566,
				"lost_percent":	79.045415235023256,
				"omitted":	false,
				"sender":	false
			}
		}, {
			"streams":	[{
					"socket":	5,
					"start":	308.001141,
					"end":	309.001089,
					"seconds":	0.999948024749756,
					"bytes":	23789504,
					"bits_per_second":	190325924.23754019,
					"jitter_ms":	0.00552797264418217,
					"lost_packets":	65200,
					"packets":	82848,
					"lost_percent":	78.6983391270761,
					"omitted":	false,
					"sender":	false
				}],
			"sum":	{
				"start":	308.001141,
				"end":	309.001089,
				"seconds":	0.999948024749756,
				"bytes":	23789504,
				"bits_per_second":	190325924.23754019,
				"jitter_ms":	0.00552797264418217,
				"lost_packets":	65200,
				"packets":	82848,
				"lost_percent":	78.6983391270761,
				"omitted":	false,
				"sender":	false
			}
		}, {
			"streams":	[{
					"socket":	5,
					"start":	309.001089,
					"end":	310.001101,
					"seconds":	1.0000120401382446,
					"bytes":	23035972,
					"bits_per_second":	184285557.17641512,
					"jitter_ms":	0.0103849741927082,
					"lost_packets":	63653,
					"packets":	80742,
					"lost_percent":	78.835054866116764,
					"omitted":	false,
					"sender":	false
				}],
			"sum":	{
				"start":	309.001089,
				"end":	310.001101,
				"seconds":	1.0000120401382446,
				"bytes":	23035972,
				"bits_per_second":	184285557.17641512,
				"jitter_ms":	0.0103849741927082,
				"lost_packets":	63653,
				"packets":	80742,
				"lost_percent":	78.835054866116764,
				"omitted":	false,
				"sender":	false
			}
		}, {
			"streams":	[{
					"socket":	5,
					"start":	310.001101,
					"end":	311.001087,
					"seconds":	0.99998599290847778,
					"bytes":	23703232,
					"bits_per_second":	189628512.14392483,
					"jitter_ms":	0.022597273992135528,
					"lost_packets":	64103,
					"packets":	81687,
					"lost_percent":	78.473930980449765,
					"omitted":	false,
					"sender":	false
				}],
			"sum":	{
				"start":	310.001101,
				"end":	311.001087,
				"seconds":	0.99998599290847778,
				"bytes":	23703232,
				"bits_per_second":	189628512.14392483,
				"jitter_ms":	0.022597273992135528,
				"lost_packets":	64103,
				"packets":	81687,
				"lost_percent":	78.473930980449765,
				"omitted":	false,
				"sender":	false
			}
		}, {
			"streams":	[{
					"socket":	5,
					"start":	311.001087,
					"end":	312.001098,
					"seconds":	1.0000109672546387,
					"bytes":	23976876,
					"bits_per_second":	191812904.33903512,
					"jitter_ms":	0.0072080191413374925,
					"lost_packets":	69632,
					"packets":	87419,
					"lost_percent":	79.653164643841734,
					"omitted":	false,
					"sender":	false
				}],
			"sum":	{
				"start":	311.001087,
				"end":	312.001098,
				"seconds":	1.0000109672546387,
				"bytes":	23976876,
				"bits_per_second":	191812904.33903512,
				"jitter_ms":	0.0072080191413374925,
				"lost_packets":	69632,
				"packets":	87419,
				"lost_percent":	79.653164643841734,
				"omitted":	false,
				"sender":	false
			}
		}, {
			"streams":	[{
					"socket":	5,
					"start":	312.001098,
					"end":	313.001088,
					"seconds":	0.99998998641967773,
					"bytes":	24138636,
					"bits_per_second":	193111021.73272723,
					"jitter_ms":	0.0058303622680543152,
					"lost_packets":	66076,
					"packets":	83983,
					"lost_percent":	78.677827655596971,
					"omitted":	false,
					"sender":	false
				}],
			"sum":	{
				"start":	312.001098,
				"end":	313.001088,
				"seconds":	0.99998998641967773,
				"bytes":	24138636,
				"bits_per_second":	193111021.73272723,
				"jitter_ms":	0.0058303622680543152,
				"lost_packets":	66076,
				"packets":	83983,
				"lost_percent":	78.677827655596971,
				"omitted":	false,
				"sender":	false
			}
		}, {
			"streams":	[{
					"socket":	5,
					"start":	313.001088,
					"end":	314.0011,
					"seconds":	1.0000120401382446,
					"bytes":	23959352,
					"bits_per_second":	191672508.23650312,
					"jitter_ms":	0.0081752874718575,
					"lost_packets":	66314,
					"packets":	84088,
					"lost_percent":	78.862620112263343,
					"omitted":	false,
					"sender":	false
				}],
			"sum":	{
				"start":	313.001088,
				"end":	314.0011,
				"seconds":	1.0000120401382446,
				"bytes":	23959352,
				"bits_per_second":	191672508.23650312,
				"jitter_ms":	0.0081752874718575,
				"lost_packets":	66314,
				"packets":	84088,
				"lost_percent":	78.862620112263343,
				"omitted":	false,
				"sender":	false
			}
		}, {
			"streams":	[{
					"socket":	5,
					"start":	314.0011,
					"end":	315.001099,
					"seconds":	0.99999898672103882,
					"bytes":	23937784,
					"bits_per_second":	191502466.04541987,
					"jitter_ms":	0.0081438433598617042,
					"lost_packets":	65116,
					"packets":	82874,
					"lost_percent":	78.572290465043324,
					"omitted":	false,
					"sender":	false
				}],
			"sum":	{
				"start":	314.0011,
				"end":	315.001099,
				"seconds":	0.99999898672103882,
				"bytes":	23937784,
				"bits_per_second":	191502466.04541987,
				"jitter_ms":	0.0081438433598617042,
				"lost_packets":	65116,
				"packets":	82874,
				"lost_percent":	78.572290465043324,
				"omitted":	false,
				"sender":	false
			}
		}, {
			"streams":	[{
					"socket":	5,
					"start":	315.001099,
					"end":	316.001099,
					"seconds":	1,
					"bytes":	24084716,
					"bits_per_second":	192677728,
					"jitter_ms":	0.00670605968741295,
					"lost_packets":	65536,
					"packets":	83403,
					"lost_percent":	78.577509202306871,
					"omitted":	false,
					"sender":	false
				}],
			"sum":	{
				"start":	315.001099,
				"end":	316.001099,
				"seconds":	1,
				"bytes":	24084716,
				"bits_per_second":	192677728,
				"jitter_ms":	0.00670605968741295,
				"lost_packets":	65536,
				"packets":	83403,
				"lost_percent":	78.577509202306871,
				"omitted":	false,
				"sender":	false
			}
		}, {
			"streams":	[{
					"socket":	5,
					"start":	316.001099,
					"end":	317.0011,
					"seconds":	1.0000009536743164,
					"bytes":	23728844,
					"bits_per_second":	189830570.96346,
					"jitter_ms":	0.038885429029401924,
					"lost_packets":	64703,
					"packets":	82306,
					"lost_percent":	78.6127378319928,
					"omitted":	false,
					"sender":	false
				}],
			"sum":	{
				"start":	316.001099,
				"end":	317.0011,
				"seconds":	1.0000009536743164,
				"bytes":	23728844,
				"bits_per_second":	189830570.96346,
				"jitter_ms":	0.038885429029401924,
				"lost_packets":	64703,
				"packets":	82306,
				"lost_percent":	78.6127378319928,
				"omitted":	false,
				"sender":	false
			}
		}, {
			"streams":	[{
					"socket":	5,
					"start":	317.0011,
					"end":	318.001097,
					"seconds":	0.99999701976776123,
					"bytes":	23979572,
					"bits_per_second":	191837147.71925223,
					"jitter_ms":	0.027754901676092725,
					"lost_packets":	65670,
					"packets":	83459,
					"lost_percent":	78.6853425035047,
					"omitted":	false,
					"sender":	false
				}],
			"sum":	{
				"start":	317.0011,
				"end":	318.001097,
				"seconds":	0.99999701976776123,
				"bytes":	23979572,
				"bits_per_second":	191837147.71925223,
				"jitter_ms":	0.027754901676092725,
				"lost_packets":	65670,
				"packets":	83459,
				"lost_percent":	78.6853425035047,
				"omitted":	false,
				"sender":	false
			}
		}, {
			"streams":	[{
					"socket":	5,
					"start":	318.001097,
					"end":	319.000804,
					"seconds":	0.99970698356628418,
					"bytes":	23757152,
					"bits_per_second":	190112922.21046939,
					"jitter_ms":	0.00980342354715287,
					"lost_packets":	67361,
					"packets":	84985,
					"lost_percent":	79.262222745190329,
					"omitted":	false,
					"sender":	false
				}],
			"sum":	{
				"start":	318.001097,
				"end":	319.000804,
				"seconds":	0.99970698356628418,
				"bytes":	23757152,
				"bits_per_second":	190112922.21046939,
				"jitter_ms":	0.00980342354715287,
				"lost_packets":	67361,
				"packets":	84985,
				"lost_percent":	79.262222745190329,
				"omitted":	false,
				"sender":	false
			}
		}, {
			"streams":	[{
					"socket":	5,
					"start":	319.000804,
					"end":	320.001104,
					"seconds":	1.0003000497817993,
					"bytes":	24079324,
					"bits_per_second":	192576809.37036881,
					"jitter_ms":	0.046941196207116537,
					"lost_packets":	65225,
					"packets":	83088,
					"lost_percent":	78.501107259772766,
					"omitted":	false,
					"sender":	false
				}],
			"sum":	{
				"start":	319.000804,
				"end":	320.001104,
				"seconds":	1.0003000497817993,
				"bytes":	24079324,
				"bits_per_second":	192576809.37036881,
				"jitter_ms":	0.046941196207116537,
				"lost_packets":	65225,
				"packets":	83088,
				"lost_percent":	78.501107259772766,
				"omitted":	false,
				"sender":	false
			}
		}, {
			"streams":	[{
					"socket":	5,
					"start":	320.001104,
					"end":	321.000641,
					"seconds":	0.99953699111938477,
					"bytes":	24505292,
					"bits_per_second":	196133147.38902414,
					"jitter_ms":	0.03569740188713328,
					"lost_packets":	67119,
					"packets":	85298,
					"lost_percent":	78.687659734108649,
					"omitted":	false,
					"sender":	false
				}],
			"sum":	{
				"start":	320.001104,
				"end":	321.000641,
				"seconds":	0.99953699111938477,
				"bytes":	24505292,
				"bits_per_second":	196133147.38902414,
				"jitter_ms":	0.03569740188713328,
				"lost_packets":	67119,
				"packets":	85298,
				"lost_percent":	78.687659734108649,
				"omitted":	false,
				"sender":	false
			}
		}, {
			"streams":	[{
					"socket":	5,
					"start":	321.000641,
					"end":	322.001087,
					"seconds":	1.0004459619522095,
					"bytes":	23784112,
					"bits_per_second":	190188079.35284483,
					"jitter_ms":	0.00572751541512753,
					"lost_packets":	64803,
					"packets":	82447,
					"lost_percent":	78.5995851880602,
					"omitted":	false,
					"sender":	false
				}],
			"sum":	{
				"start":	321.000641,
				"end":	322.001087,
				"seconds":	1.0004459619522095,
				"bytes":	23784112,
				"bits_per_second":	190188079.35284483,
				"jitter_ms":	0.00572751541512753,
				"lost_packets":	64803,
				"packets":	82447,
				"lost_percent":	78.5995851880602,
				"omitted":	false,
				"sender":	false
			}
		}, {
			"streams":	[{
					"socket":	5,
					"start":	322.001087,
					"end":	323.001097,
					"seconds":	1.0000100135803223,
					"bytes":	23754456,
					"bits_per_second":	190033745.0818297,
					"jitter_ms":	0.0095170964098006162,
					"lost_packets":	64637,
					"packets":	82259,
					"lost_percent":	78.577420099928275,
					"omitted":	false,
					"sender":	false
				}],
			"sum":	{
				"start":	322.001087,
				"end":	323.001097,
				"seconds":	1.0000100135803223,
				"bytes":	23754456,
				"bits_per_second":	190033745.0818297,
				"jitter_ms":	0.0095170964098006162,
				"lost_packets":	64637,
				"packets":	82259,
				"lost_percent":	78.577420099928275,
				"omitted":	false,
				"sender":	false
			}
		}, {
			"streams":	[{
					"socket":	5,
					"start":	323.001097,
					"end":	324.000731,
					"seconds":	0.999634027481079,
					"bytes":	24636048,
					"bits_per_second":	197160539.33921379,
					"jitter_ms":	0.016101688617209807,
					"lost_packets":	67488,
					"packets":	85764,
					"lost_percent":	78.690359591436973,
					"omitted":	false,
					"sender":	false
				}],
			"sum":	{
				"start":	323.001097,
				"end":	324.000731,
				"seconds":	0.999634027481079,
				"bytes":	24636048,
				"bits_per_second":	197160539.33921379,
				"jitter_ms":	0.016101688617209807,
				"lost_packets":	67488,
				"packets":	85764,
				"lost_percent":	78.690359591436973,
				"omitted":	false,
				"sender":	false
			}
		}, {
			"streams":	[{
					"socket":	5,
					"start":	324.000731,
					"end":	325.001097,
					"seconds":	1.0003659725189209,
					"bytes":	23399932,
					"bits_per_second":	187130971.20709923,
					"jitter_ms":	0.0076771928816672672,
					"lost_packets":	64207,
					"packets":	81566,
					"lost_percent":	78.717848122992422,
					"omitted":	false,
					"sender":	false
				}],
			"sum":	{
				"start":	324.000731,
				"end":	325.001097,
				"seconds":	1.0003659725189209,
				"bytes":	23399932,
				"bits_per_second":	187130971.20709923,
				"jitter_ms":	0.0076771928816672672,
				"lost_packets":	64207,
				"packets":	81566,
				"lost_percent":	78.717848122992422,
				"omitted":	false,
				"sender":	false
			}
		}, {
			"streams":	[{
					"socket":	5,
					"start":	325.001097,
					"end":	326.001084,
					"seconds":	0.999987006187439,
					"bytes":	24052364,
					"bits_per_second":	192421412.287764,
					"jitter_ms":	0.00735172474063139,
					"lost_packets":	66051,
					"packets":	83894,
					"lost_percent":	78.731494504970556,
					"omitted":	false,
					"sender":	false
				}],
			"sum":	{
				"start":	325.001097,
				"end":	326.001084,
				"seconds":	0.999987006187439,
				"bytes":	24052364,
				"bits_per_second":	192421412.287764,
				"jitter_ms":	0.00735172474063139,
				"lost_packets":	66051,
				"packets":	83894,
				"lost_percent":	78.731494504970556,
				"omitted":	false,
				"sender":	false
			}
		}, {
			"streams":	[{
					"socket":	5,
					"start":	326.001084,
					"end":	327.001097,
					"seconds":	1.000012993812561,
					"bytes":	23970136,
					"bits_per_second":	191758596.32474238,
					"jitter_ms":	0.0068985981153734475,
					"lost_packets":	64828,
					"packets":	82610,
					"lost_percent":	78.4747609248275,
					"omitted":	false,
					"sender":	false
				}],
			"sum":	{
				"start":	326.001084,
				"end":	327.001097,
				"seconds":	1.000012993812561,
				"bytes":	23970136,
				"bits_per_second":	191758596.32474238,
				"jitter_ms":	0.0068985981153734475,
				"lost_packets":	64828,
				"packets":	82610,
				"lost_percent":	78.4747609248275,
				"omitted":	false,
				"sender":	false
			}
		}, {
			"streams":	[{
					"socket":	5,
					"start":	327.001097,
					"end":	328.001101,
					"seconds":	1.0000040531158447,
					"bytes":	24013272,
					"bits_per_second":	192105397.37457,
					"jitter_ms":	0.0499867051990185,
					"lost_packets":	66002,
					"packets":	83816,
					"lost_percent":	78.74630142216283,
					"omitted":	false,
					"sender":	false
				}],
			"sum":	{
				"start":	327.001097,
				"end":	328.001101,
				"seconds":	1.0000040531158447,
				"bytes":	24013272,
				"bits_per_second":	192105397.37457,
				"jitter_ms":	0.0499867051990185,
				"lost_packets":	66002,
				"packets":	83816,
				"lost_percent":	78.74630142216283,
				"omitted":	false,
				"sender":	false
			}
		}, {
			"streams":	[{
					"socket":	5,
					"start":	328.001101,
					"end":	329.000888,
					"seconds":	0.99978697299957275,
					"bytes":	23993052,
					"bits_per_second":	191985314.05557933,
					"jitter_ms":	0.00585718993938429,
					"lost_packets":	65657,
					"packets":	83456,
					"lost_percent":	78.6725939417178,
					"omitted":	false,
					"sender":	false
				}],
			"sum":	{
				"start":	328.001101,
				"end":	329.000888,
				"seconds":	0.99978697299957275,
				"bytes":	23993052,
				"bits_per_second":	191985314.05557933,
				"jitter_ms":	0.00585718993938429,
				"lost_packets":	65657,
				"packets":	83456,
				"lost_percent":	78.6725939417178,
				"omitted":	false,
				"sender":	false
			}
		}, {
			"streams":	[{
					"socket":	5,
					"start":	329.000888,
					"end":	330.001099,
					"seconds":	1.0002110004425049,
					"bytes":	23937784,
					"bits_per_second":	191461873.45997712,
					"jitter_ms":	0.0074233015637841628,
					"lost_packets":	65329,
					"packets":	83087,
					"lost_percent":	78.6272220684343,
					"omitted":	false,
					"sender":	false
				}],
			"sum":	{
				"start":	329.000888,
				"end":	330.001099,
				"seconds":	1.0002110004425049,
				"bytes":	23937784,
				"bits_per_second":	191461873.45997712,
				"jitter_ms":	0.0074233015637841628,
				"lost_packets":	65329,
				"packets":	83087,
				"lost_percent":	78.6272220684343,
				"omitted":	false,
				"sender":	false
			}
		}, {
			"streams":	[{
					"socket":	5,
					"start":	330.001099,
					"end":	331.000688,
					"seconds":	0.99958902597427368,
					"bytes":	24024056,
					"bits_per_second":	192271466.57865214,
					"jitter_ms":	0.0072617860573988028,
					"lost_packets":	65644,
					"packets":	83466,
					"lost_percent":	78.647593031893223,
					"omitted":	false,
					"sender":	false
				}],
			"sum":	{
				"start":	330.001099,
				"end":	331.000688,
				"seconds":	0.99958902597427368,
				"bytes":	24024056,
				"bits_per_second":	192271466.57865214,
				"jitter_ms":	0.0072617860573988028,
				"lost_packets":	65644,
				"packets":	83466,
				"lost_percent":	78.647593031893223,
				"omitted":	false,
				"sender":	false
			}
		}, {
			"streams":	[{
					"socket":	5,
					"start":	331.000688,
					"end":	332.001103,
					"seconds":	1.0004149675369263,
					"bytes":	24084716,
					"bits_per_second":	192597806.16275924,
					"jitter_ms":	0.0075456033779678425,
					"lost_packets":	65999,
					"packets":	83866,
					"lost_percent":	78.6957765959984,
					"omitted":	false,
					"sender":	false
				}],
			"sum":	{
				"start":	331.000688,
				"end":	332.001103,
				"seconds":	1.0004149675369263,
				"bytes":	24084716,
				"bits_per_second":	192597806.16275924,
				"jitter_ms":	0.0075456033779678425,
				"lost_packets":	65999,
				"packets":	83866,
				"lost_percent":	78.6957765959984,
				"omitted":	false,
				"sender":	false
			}
		}, {
			"streams":	[{
					"socket":	5,
					"start":	332.001103,
					"end":	333.001098,
					"seconds":	0.999994993209839,
					"bytes":	23920260,
					"bits_per_second":	191363038.11457643,
					"jitter_ms":	0.0051813215529688686,
					"lost_packets":	65661,
					"packets":	83406,
					"lost_percent":	78.7245521904899,
					"omitted":	false,
					"sender":	false
				}],
			"sum":	{
				"start":	332.001103,
				"end":	333.001098,
				"seconds":	0.999994993209839,
				"bytes":	23920260,
				"bits_per_second":	191363038.11457643,
				"jitter_ms":	0.0051813215529688686,
				"lost_packets":	65661,
				"packets":	83406,
				"lost_percent":	78.7245521904899,
				"omitted":	false,
				"sender":	false
			}
		}, {
			"streams":	[{
					"socket":	5,
					"start":	333.001098,
					"end":	334.001105,
					"seconds":	1.0000070333480835,
					"bytes":	24278828,
					"bits_per_second":	194229257.91802105,
					"jitter_ms":	0.049869913256091337,
					"lost_packets":	66285,
					"packets":	84296,
					"lost_percent":	78.633624371263167,
					"omitted":	false,
					"sender":	false
				}],
			"sum":	{
				"start":	333.001098,
				"end":	334.001105,
				"seconds":	1.0000070333480835,
				"bytes":	24278828,
				"bits_per_second":	194229257.91802105,
				"jitter_ms":	0.049869913256091337,
				"lost_packets":	66285,
				"packets":	84296,
				"lost_percent":	78.633624371263167,
				"omitted":	false,
				"sender":	false
			}
		}, {
			"streams":	[{
					"socket":	5,
					"start":	334.001105,
					"end":	335.001083,
					"seconds":	0.999978005886078,
					"bytes":	23755804,
					"bits_per_second":	190050611.99481118,
					"jitter_ms":	0.024516647762155782,
					"lost_packets":	64427,
					"packets":	82050,
					"lost_percent":	78.521633150517971,
					"omitted":	false,
					"sender":	false
				}],
			"sum":	{
				"start":	334.001105,
				"end":	335.001083,
				"seconds":	0.999978005886078,
				"bytes":	23755804,
				"bits_per_second":	190050611.99481118,
				"jitter_ms":	0.024516647762155782,
				"lost_packets":	64427,
				"packets":	82050,
				"lost_percent":	78.521633150517971,
				"omitted":	false,
				"sender":	false
			}
		}, {
			"streams":	[{
					"socket":	5,
					"start":	335.001083,
					"end":	336.001098,
					"seconds":	1.0000150203704834,
					"bytes":	24071236,
					"bits_per_second":	192566995.57238364,
					"jitter_ms":	0.0067032356527015127,
					"lost_packets":	66809,
					"packets":	84666,
					"lost_percent":	78.908889046370447,
					"omitted":	false,
					"sender":	false
				}],
			"sum":	{
				"start":	335.001083,
				"end":	336.001098,
				"seconds":	1.0000150203704834,
				"bytes":	24071236,
				"bits_per_second":	192566995.57238364,
				"jitter_ms":	0.0067032356527015127,
				"lost_packets":	66809,
				"packets":	84666,
				"lost_percent":	78.908889046370447,
				"omitted":	false,
				"sender":	false
			}
		}, {
			"streams":	[{
					"socket":	5,
					"start":	336.001098,
					"end":	337.001089,
					"seconds":	0.999990999698639,
					"bytes":	23811072,
					"bits_per_second":	190490290.47002059,
					"jitter_ms":	0.0076750717837949286,
					"lost_packets":	64537,
					"packets":	82201,
					"lost_percent":	78.511210325908451,
					"omitted":	false,
					"sender":	false
				}],
			"sum":	{
				"start":	336.001098,
				"end":	337.001089,
				"seconds":	0.999990999698639,
				"bytes":	23811072,
				"bits_per_second":	190490290.47002059,
				"jitter_ms":	0.0076750717837949286,
				"lost_packets":	64537,
				"packets":	82201,
				"lost_percent":	78.511210325908451,
				"omitted":	false,
				"sender":	false
			}
		}, {
			"streams":	[{
					"socket":	5,
					"start":	337.001089,
					"end":	338.001102,
					"seconds":	1.000012993812561,
					"bytes":	24060452,
					"bits_per_second":	192481114.936471,
					"jitter_ms":	0.0065115479873941486,
					"lost_packets":	65863,
					"packets":	83712,
					"lost_percent":	78.6780867737003,
					"omitted":	false,
					"sender":	false
				}],
			"sum":	{
				"start":	337.001089,
				"end":	338.001102,
				"seconds":	1.000012993812561,
				"bytes":	24060452,
				"bits_per_second":	192481114.936471,
				"jitter_ms":	0.0065115479873941486,
				"lost_packets":	65863,
				"packets":	83712,
				"lost_percent":	78.6780867737003,
				"omitted":	false,
				"sender":	false
			}
		}, {
			"streams":	[{
					"socket":	5,
					"start":	338.001102,
					"end":	339.001014,
					"seconds":	0.99991202354431152,
					"bytes":	23940480,
					"bits_per_second":	191540691.07112056,
					"jitter_ms":	0.0065861396874283065,
					"lost_packets":	65701,
					"packets":	83461,
					"lost_percent":	78.7206000407376,
					"omitted":	false,
					"sender":	false
				}],
			"sum":	{
				"start":	338.001102,
				"end":	339.001014,
				"seconds":	0.99991202354431152,
				"bytes":	23940480,
				"bits_per_second":	191540691.07112056,
				"jitter_ms":	0.0065861396874283065,
				"lost_packets":	65701,
				"packets":	83461,
				"lost_percent":	78.7206000407376,
				"omitted":	false,
				"sender":	false
			}
		}, {
			"streams":	[{
					"socket":	5,
					"start":	339.001014,
					"end":	340.001097,
					"seconds":	1.0000829696655273,
					"bytes":	24045624,
					"bits_per_second":	192349032.86507869,
					"jitter_ms":	0.0085014571423452246,
					"lost_packets":	65931,
					"packets":	83769,
					"lost_percent":	78.705726462056376,
					"omitted":	false,
					"sender":	false
				}],
			"sum":	{
				"start":	339.001014,
				"end":	340.001097,
				"seconds":	1.0000829696655273,
				"bytes":	24045624,
				"bits_per_second":	192349032.86507869,
				"jitter_ms":	0.0085014571423452246,
				"lost_packets":	65931,
				"packets":	83769,
				"lost_percent":	78.705726462056376,
				"omitted":	false,
				"sender":	false
			}
		}, {
			"streams":	[{
					"socket":	5,
					"start":	340.001097,
					"end":	341.001102,
					"seconds":	1.0000050067901611,
					"bytes":	23972832,
					"bits_per_second":	191781695.78929242,
					"jitter_ms":	0.045744112655957347,
					"lost_packets":	65806,
					"packets":	83590,
					"lost_percent":	78.724727838258161,
					"omitted":	false,
					"sender":	false
				}],
			"sum":	{
				"start":	340.001097,
				"end":	341.001102,
				"seconds":	1.0000050067901611,
				"bytes":	23972832,
				"bits_per_second":	191781695.78929242,
				"jitter_ms":	0.045744112655957347,
				"lost_packets":	65806,
				"packets":	83590,
				"lost_percent":	78.724727838258161,
				"omitted":	false,
				"sender":	false
			}
		}, {
			"streams":	[{
					"socket":	5,
					"start":	341.001102,
					"end":	342.001085,
					"seconds":	0.999983012676239,
					"bytes":	23925652,
					"bits_per_second":	191408467.51760831,
					"jitter_ms":	0.00709221582408584,
					"lost_packets":	65259,
					"packets":	83008,
					"lost_percent":	78.6177235929067,
					"omitted":	false,
					"sender":	false
				}],
			"sum":	{
				"start":	341.001102,
				"end":	342.001085,
				"seconds":	0.999983012676239,
				"bytes":	23925652,
				"bits_per_second":	191408467.51760831,
				"jitter_ms":	0.00709221582408584,
				"lost_packets":	65259,
				"packets":	83008,
				"lost_percent":	78.6177235929067,
				"omitted":	false,
				"sender":	false
			}
		}, {
			"streams":	[{
					"socket":	5,
					"start":	342.001085,
					"end":	343.001159,
					"seconds":	1.000074028968811,
					"bytes":	23998444,
					"bits_per_second":	191973340.41157013,
					"jitter_ms":	0.031302517847531124,
					"lost_packets":	66277,
					"packets":	84080,
					"lost_percent":	78.826117982873456,
					"omitted":	false,
					"sender":	false
				}],
			"sum":	{
				"start":	342.001085,
				"end":	343.001159,
				"seconds":	1.000074028968811,
				"bytes":	23998444,
				"bits_per_second":	191973340.41157013,
				"jitter_ms":	0.031302517847531124,
				"lost_packets":	66277,
				"packets":	84080,
				"lost_percent":	78.826117982873456,
				"omitted":	false,
				"sender":	false
			}
		}, {
			"streams":	[{
					"socket":	5,
					"start":	343.001159,
					"end":	344.00108,
					"seconds":	0.99992102384567261,
					"bytes":	24018664,
					"bits_per_second":	192164488.41229311,
					"jitter_ms":	0.00894000559692824,
					"lost_packets":	66001,
					"packets":	83819,
					"lost_percent":	78.7422899342631,
					"omitted":	false,
					"sender":	false
				}],
			"sum":	{
				"start":	343.001159,
				"end":	344.00108,
				"seconds":	0.99992102384567261,
				"bytes":	24018664,
				"bits_per_second":	192164488.41229311,
				"jitter_ms":	0.00894000559692824,
				"lost_packets":	66001,
				"packets":	83819,
				"lost_percent":	78.7422899342631,
				"omitted":	false,
				"sender":	false
			}
		}, {
			"streams":	[{
					"socket":	5,
					"start":	344.00108,
					"end":	345.001086,
					"seconds":	1.0000059604644775,
					"bytes":	23986312,
					"bits_per_second":	191889352.2503323,
					"jitter_ms":	0.0307882822181013,
					"lost_packets":	65469,
					"packets":	83263,
					"lost_percent":	78.629163013583465,
					"omitted":	false,
					"sender":	false
				}],
			"sum":	{
				"start":	344.00108,
				"end":	345.001086,
				"seconds":	1.0000059604644775,
				"bytes":	23986312,
				"bits_per_second":	191889352.2503323,
				"jitter_ms":	0.0307882822181013,
				"lost_packets":	65469,
				"packets":	83263,
				"lost_percent":	78.629163013583465,
				"omitted":	false,
				"sender":	false
			}
		}, {
			"streams":	[{
					"socket":	5,
					"start":	345.001086,
					"end":	346.00058,
					"seconds":	0.99949401617050171,
					"bytes":	23550908,
					"bits_per_second":	188502643.28932208,
					"jitter_ms":	0.028775037890859823,
					"lost_packets":	64065,
					"packets":	81536,
					"lost_percent":	78.5726550235479,
					"omitted":	false,
					"sender":	false
				}],
			"sum":	{
				"start":	345.001086,
				"end":	346.00058,
				"seconds":	0.99949401617050171,
				"bytes":	23550908,
				"bits_per_second":	188502643.28932208,
				"jitter_ms":	0.028775037890859823,
				"lost_packets":	64065,
				"packets":	81536,
				"lost_percent":	78.5726550235479,
				"omitted":	false,
				"sender":	false
			}
		}, {
			"streams":	[{
					"socket":	5,
					"start":	346.00058,
					"end":	347.001046,
					"seconds":	1.000465989112854,
					"bytes":	23436328,
					"bits_per_second":	187403296.10430244,
					"jitter_ms":	0.0067333946215601629,
					"lost_packets":	63865,
					"packets":	81251,
					"lost_percent":	78.6021095124983,
					"omitted":	false,
					"sender":	false
				}],
			"sum":	{
				"start":	346.00058,
				"end":	347.001046,
				"seconds":	1.000465989112854,
				"bytes":	23436328,
				"bits_per_second":	187403296.10430244,
				"jitter_ms":	0.0067333946215601629,
				"lost_packets":	63865,
				"packets":	81251,
				"lost_percent":	78.6021095124983,
				"omitted":	false,
				"sender":	false
			}
		}, {
			"streams":	[{
					"socket":	5,
					"start":	347.001046,
					"end":	348.000676,
					"seconds":	0.99962997436523438,
					"bytes":	23933740,
					"bits_per_second":	191540795.004255,
					"jitter_ms":	0.018719997948697373,
					"lost_packets":	68008,
					"packets":	85763,
					"lost_percent":	79.297599197789253,
					"omitted":	false,
					"sender":	false
				}],
			"sum":	{
				"start":	347.001046,
				"end":	348.000676,
				"seconds":	0.99962997436523438,
				"bytes":	23933740,
				"bits_per_second":	191540795.004255,
				"jitter_ms":	0.018719997948697373,
				"lost_packets":	68008,
				"packets":	85763,
				"lost_percent":	79.297599197789253,
				"omitted":	false,
				"sender":	false
			}
		}, {
			"streams":	[{
					"socket":	5,
					"start":	348.000676,
					"end":	349.001086,
					"seconds":	1.0004099607467651,
					"bytes":	23862296,
					"bits_per_second":	190820139.23322213,
					"jitter_ms":	0.00470556677410164,
					"lost_packets":	66787,
					"packets":	84489,
					"lost_percent":	79.048160115518,
					"omitted":	false,
					"sender":	false
				}],
			"sum":	{
				"start":	348.000676,
				"end":	349.001086,
				"seconds":	1.0004099607467651,
				"bytes":	23862296,
				"bits_per_second":	190820139.23322213,
				"jitter_ms":	0.00470556677410164,
				"lost_packets":	66787,
				"packets":	84489,
				"lost_percent":	79.048160115518,
				"omitted":	false,
				"sender":	false
			}
		}, {
			"streams":	[{
					"socket":	5,
					"start":	349.001086,
					"end":	350.001097,
					"seconds":	1.0000109672546387,
					"bytes":	24011924,
					"bits_per_second":	192093285.26402614,
					"jitter_ms":	0.0091966746399874261,
					"lost_packets":	65633,
					"packets":	83446,
					"lost_percent":	78.65326079141,
					"omitted":	false,
					"sender":	false
				}],
			"sum":	{
				"start":	349.001086,
				"end":	350.001097,
				"seconds":	1.0000109672546387,
				"bytes":	24011924,
				"bits_per_second":	192093285.26402614,
				"jitter_ms":	0.0091966746399874261,
				"lost_packets":	65633,
				"packets":	83446,
				"lost_percent":	78.65326079141,
				"omitted":	false,
				"sender":	false
			}
		}, {
			"streams":	[{
					"socket":	5,
					"start":	350.001097,
					"end":	351.001086,
					"seconds":	0.99998897314071655,
					"bytes":	24057756,
					"bits_per_second":	192464170.27532274,
					"jitter_ms":	0.010086560974517114,
					"lost_packets":	66022,
					"packets":	83869,
					"lost_percent":	78.720385362887356,
					"omitted":	false,
					"sender":	false
				}],
			"sum":	{
				"start":	350.001097,
				"end":	351.001086,
				"seconds":	0.99998897314071655,
				"bytes":	24057756,
				"bits_per_second":	192464170.27532274,
				"jitter_ms":	0.010086560974517114,
				"lost_packets":	66022,
				"packets":	83869,
				"lost_percent":	78.720385362887356,
				"omitted":	false,
				"sender":	false
			}
		}, {
			"streams":	[{
					"socket":	5,
					"start":	351.001086,
					"end":	352.000582,
					"seconds":	0.9994959831237793,
					"bytes":	23998444,
					"bits_per_second":	192084365.7620022,
					"jitter_ms":	0.0066997237190836133,
					"lost_packets":	65610,
					"packets":	83413,
					"lost_percent":	78.6568040952849,
					"omitted":	false,
					"sender":	false
				}],
			"sum":	{
				"start":	351.001086,
				"end":	352.000582,
				"seconds":	0.9994959831237793,
				"bytes":	23998444,
				"bits_per_second":	192084365.7620022,
				"jitter_ms":	0.0066997237190836133,
				"lost_packets":	65610,
				"packets":	83413,
				"lost_percent":	78.6568040952849,
				"omitted":	false,
				"sender":	false
			}
		}, {
			"streams":	[{
					"socket":	5,
					"start":	352.000582,
					"end":	353.001098,
					"seconds":	1.0005160570144653,
					"bytes":	23945872,
					"bits_per_second":	191468167.50911009,
					"jitter_ms":	0.0074276035127438878,
					"lost_packets":	65330,
					"packets":	83094,
					"lost_percent":	78.621801814812144,
					"omitted":	false,
					"sender":	false
				}],
			"sum":	{
				"start":	352.000582,
				"end":	353.001098,
				"seconds":	1.0005160570144653,
				"bytes":	23945872,
				"bits_per_second":	191468167.50911009,
				"jitter_ms":	0.0074276035127438878,
				"lost_packets":	65330,
				"packets":	83094,
				"lost_percent":	78.621801814812144,
				"omitted":	false,
				"sender":	false
			}
		}, {
			"streams":	[{
					"socket":	5,
					"start":	353.001098,
					"end":	354.001078,
					"seconds":	0.99997997283935547,
					"bytes":	23933740,
					"bits_per_second":	191473754.6756441,
					"jitter_ms":	0.023163232993137141,
					"lost_packets":	66334,
					"packets":	84089,
					"lost_percent":	78.8854665889712,
					"omitted":	false,
					"sender":	false
				}],
			"sum":	{
				"start":	353.001098,
				"end":	354.001078,
				"seconds":	0.99997997283935547,
				"bytes":	23933740,
				"bits_per_second":	191473754.6756441,
				"jitter_ms":	0.023163232993137141,
				"lost_packets":	66334,
				"packets":	84089,
				"lost_percent":	78.8854665889712,
				"omitted":	false,
				"sender":	false
			}
		}, {
			"streams":	[{
					"socket":	5,
					"start":	354.001078,
					"end":	355.0011,
					"seconds":	1.0000220537185669,
					"bytes":	24110328,
					"bits_per_second":	192878370.31470343,
					"jitter_ms":	0.008111697746839697,
					"lost_packets":	65101,
					"packets":	82987,
					"lost_percent":	78.447226674057376,
					"omitted":	false,
					"sender":	false
				}],
			"sum":	{
				"start":	354.001078,
				"end":	355.0011,
				"seconds":	1.0000220537185669,
				"bytes":	24110328,
				"bits_per_second":	192878370.31470343,
				"jitter_ms":	0.008111697746839697,
				"lost_packets":	65101,
				"packets":	82987,
				"lost_percent":	78.447226674057376,
				"omitted":	false,
				"sender":	false
			}
		}, {
			"streams":	[{
					"socket":	5,
					"start":	355.0011,
					"end":	356.001092,
					"seconds":	0.9999920129776,
					"bytes":	23937784,
					"bits_per_second":	191503801.5451526,
					"jitter_ms":	0.0066234625629566562,
					"lost_packets":	65374,
					"packets":	83132,
					"lost_percent":	78.6387913198287,
					"omitted":	false,
					"sender":	false
				}],
			"sum":	{
				"start":	355.0011,
				"end":	356.001092,
				"seconds":	0.9999920129776,
				"bytes":	23937784,
				"bits_per_second":	191503801.5451526,
				"jitter_ms":	0.0066234625629566562,
				"lost_packets":	65374,
				"packets":	83132,
				"lost_percent":	78.6387913198287,
				"omitted":	false,
				"sender":	false
			}
		}, {
			"streams":	[{
					"socket":	5,
					"start":	356.001092,
					"end":	357.000731,
					"seconds":	0.99963897466659546,
					"bytes":	25280392,
					"bits_per_second":	202316177.26535034,
					"jitter_ms":	0.061640982078939845,
					"lost_packets":	65684,
					"packets":	84438,
					"lost_percent":	77.789620786849525,
					"omitted":	false,
					"sender":	false
				}],
			"sum":	{
				"start":	356.001092,
				"end":	357.000731,
				"seconds":	0.99963897466659546,
				"bytes":	25280392,
				"bits_per_second":	202316177.26535034,
				"jitter_ms":	0.061640982078939845,
				"lost_packets":	65684,
				"packets":	84438,
				"lost_percent":	77.789620786849525,
				"omitted":	false,
				"sender":	false
			}
		}, {
			"streams":	[{
					"socket":	5,
					"start":	357.000731,
					"end":	358.001095,
					"seconds":	1.0003639459609985,
					"bytes":	21505992,
					"bits_per_second":	171985342.62919915,
					"jitter_ms":	0.019989382052670441,
					"lost_packets":	62563,
					"packets":	78517,
					"lost_percent":	79.680833450080868,
					"omitted":	false,
					"sender":	false
				}],
			"sum":	{
				"start":	357.000731,
				"end":	358.001095,
				"seconds":	1.0003639459609985,
				"bytes":	21505992,
				"bits_per_second":	171985342.62919915,
				"jitter_ms":	0.019989382052670441,
				"lost_packets":	62563,
				"packets":	78517,
				"lost_percent":	79.680833450080868,
				"omitted":	false,
				"sender":	false
			}
		}, {
			"streams":	[{
					"socket":	5,
					"start":	358.001095,
					"end":	359.001086,
					"seconds":	0.999990999698639,
					"bytes":	24188512,
					"bits_per_second":	193509837.64685515,
					"jitter_ms":	0.036045982501861883,
					"lost_packets":	66419,
					"packets":	84363,
					"lost_percent":	78.730011972073072,
					"omitted":	false,
					"sender":	false
				}],
			"sum":	{
				"start":	358.001095,
				"end":	359.001086,
				"seconds":	0.999990999698639,
				"bytes":	24188512,
				"bits_per_second":	193509837.64685515,
				"jitter_ms":	0.036045982501861883,
				"lost_packets":	66419,
				"packets":	84363,
				"lost_percent":	78.730011972073072,
				"omitted":	false,
				"sender":	false
			}
		}, {
			"streams":	[{
					"socket":	5,
					"start":	359.001086,
					"end":	360.000278,
					"seconds":	0.9991919994354248,
					"bytes":	23885212,
					"bits_per_second":	191236214.9696627,
					"jitter_ms":	0.00916335900511608,
					"lost_packets":	69950,
					"packets":	87669,
					"lost_percent":	79.7887508697487,
					"omitted":	false,
					"sender":	false
				}],
			"sum":	{
				"start":	359.001086,
				"end":	360.000278,
				"seconds":	0.9991919994354248,
				"bytes":	23885212,
				"bits_per_second":	191236214.9696627,
				"jitter_ms":	0.00916335900511608,
				"lost_packets":	69950,
				"packets":	87669,
				"lost_percent":	79.7887508697487,
				"omitted":	false,
				"sender":	false
			}
		}, {
			"streams":	[{
					"socket":	5,
					"start":	360.000278,
					"end":	361.001101,
					"seconds":	1.0008230209350586,
					"bytes":	23918912,
					"bits_per_second":	191193939.38522962,
					"jitter_ms":	0.0082872726782386736,
					"lost_packets":	64710,
					"packets":	82454,
					"lost_percent":	78.4801222499818,
					"omitted":	false,
					"sender":	false
				}],
			"sum":	{
				"start":	360.000278,
				"end":	361.001101,
				"seconds":	1.0008230209350586,
				"bytes":	23918912,
				"bits_per_second":	191193939.38522962,
				"jitter_ms":	0.0082872726782386736,
				"lost_packets":	64710,
				"packets":	82454,
				"lost_percent":	78.4801222499818,
				"omitted":	false,
				"sender":	false
			}
		}, {
			"streams":	[{
					"socket":	5,
					"start":	361.001101,
					"end":	362.000624,
					"seconds":	0.99952298402786255,
					"bytes":	24265348,
					"bits_per_second":	194215427.86112526,
					"jitter_ms":	0.00927635221247828,
					"lost_packets":	66616,
					"packets":	84617,
					"lost_percent":	78.726497039601966,
					"omitted":	false,
					"sender":	false
				}],
			"sum":	{
				"start":	361.001101,
				"end":	362.000624,
				"seconds":	0.99952298402786255,
				"bytes":	24265348,
				"bits_per_second":	194215427.86112526,
				"jitter_ms":	0.00927635221247828,
				"lost_packets":	66616,
				"packets":	84617,
				"lost_percent":	78.726497039601966,
				"omitted":	false,
				"sender":	false
			}
		}, {
			"streams":	[{
					"socket":	5,
					"start":	362.000624,
					"end":	363.001097,
					"seconds":	1.0004730224609375,
					"bytes":	23850164,
					"bits_per_second":	190711101.365504,
					"jitter_ms":	0.044466992913984926,
					"lost_packets":	64981,
					"packets":	82674,
					"lost_percent":	78.599075888429255,
					"omitted":	false,
					"sender":	false
				}],
			"sum":	{
				"start":	362.000624,
				"end":	363.001097,
				"seconds":	1.0004730224609375,
				"bytes":	23850164,
				"bits_per_second":	190711101.365504,
				"jitter_ms":	0.044466992913984926,
				"lost_packets":	64981,
				"packets":	82674,
				"lost_percent":	78.599075888429255,
				"omitted":	false,
				"sender":	false
			}
		}, {
			"streams":	[{
					"socket":	5,
					"start":	363.001097,
					"end":	364.001097,
					"seconds":	1,
					"bytes":	23990356,
					"bits_per_second":	191922848,
					"jitter_ms":	0.029002103111982213,
					"lost_packets":	65918,
					"packets":	83715,
					"lost_percent":	78.740966374007044,
					"omitted":	false,
					"sender":	false
				}],
			"sum":	{
				"start":	363.001097,
				"end":	364.001097,
				"seconds":	1,
				"bytes":	23990356,
				"bits_per_second":	191922848,
				"jitter_ms":	0.029002103111982213,
				"lost_packets":	65918,
				"packets":	83715,
				"lost_percent":	78.740966374007044,
				"omitted":	false,
				"sender":	false
			}
		}, {
			"streams":	[{
					"socket":	5,
					"start":	364.001097,
					"end":	365.001082,
					"seconds":	0.9999849796295166,
					"bytes":	23978224,
					"bits_per_second":	191828673.33774287,
					"jitter_ms":	0.021127290419170407,
					"lost_packets":	64841,
					"packets":	82629,
					"lost_percent":	78.4724491401324,
					"omitted":	false,
					"sender":	false
				}],
			"sum":	{
				"start":	364.001097,
				"end":	365.001082,
				"seconds":	0.9999849796295166,
				"bytes":	23978224,
				"bits_per_second":	191828673.33774287,
				"jitter_ms":	0.021127290419170407,
				"lost_packets":	64841,
				"packets":	82629,
				"lost_percent":	78.4724491401324,
				"omitted":	false,
				"sender":	false
			}
		}, {
			"streams":	[{
					"socket":	5,
					"start":	365.001082,
					"end":	366.001098,
					"seconds":	1.0000159740448,
					"bytes":	23940480,
					"bits_per_second":	191520780.63847,
					"jitter_ms":	0.0253459792149398,
					"lost_packets":	66529,
					"packets":	84289,
					"lost_percent":	78.9296349464343,
					"omitted":	false,
					"sender":	false
				}],
			"sum":	{
				"start":	365.001082,
				"end":	366.001098,
				"seconds":	1.0000159740448,
				"bytes":	23940480,
				"bits_per_second":	191520780.63847,
				"jitter_ms":	0.0253459792149398,
				"lost_packets":	66529,
				"packets":	84289,
				"lost_percent":	78.9296349464343,
				"omitted":	false,
				"sender":	false
			}
		}, {
			"streams":	[{
					"socket":	5,
					"start":	366.001098,
					"end":	367.001102,
					"seconds":	1.0000040531158447,
					"bytes":	23940480,
					"bits_per_second":	191523063.73483574,
					"jitter_ms":	0.00595478189892027,
					"lost_packets":	65071,
					"packets":	82831,
					"lost_percent":	78.558752158008474,
					"omitted":	false,
					"sender":	false
				}],
			"sum":	{
				"start":	366.001098,
				"end":	367.001102,
				"seconds":	1.0000040531158447,
				"bytes":	23940480,
				"bits_per_second":	191523063.73483574,
				"jitter_ms":	0.00595478189892027,
				"lost_packets":	65071,
				"packets":	82831,
				"lost_percent":	78.558752158008474,
				"omitted":	false,
				"sender":	false
			}
		}, {
			"streams":	[{
					"socket":	5,
					"start":	367.001102,
					"end":	368.001085,
					"seconds":	0.999983012676239,
					"bytes":	23983616,
					"bits_per_second":	191872187.394968,
					"jitter_ms":	0.024579240043140615,
					"lost_packets":	65705,
					"packets":	83497,
					"lost_percent":	78.6914499922153,
					"omitted":	false,
					"sender":	false
				}],
			"sum":	{
				"start":	367.001102,
				"end":	368.001085,
				"seconds":	0.999983012676239,
				"bytes":	23983616,
				"bits_per_second":	191872187.394968,
				"jitter_ms":	0.024579240043140615,
				"lost_packets":	65705,
				"packets":	83497,
				"lost_percent":	78.6914499922153,
				"omitted":	false,
				"sender":	false
			}
		}, {
			"streams":	[{
					"socket":	5,
					"start":	368.001085,
					"end":	369.001099,
					"seconds":	1.0000139474868774,
					"bytes":	23972832,
					"bits_per_second":	191779981.15122953,
					"jitter_ms":	0.00805856636186187,
					"lost_packets":	65624,
					"packets":	83408,
					"lost_percent":	78.6783042394015,
					"omitted":	false,
					"sender":	false
				}],
			"sum":	{
				"start":	368.001085,
				"end":	369.001099,
				"seconds":	1.0000139474868774,
				"bytes":	23972832,
				"bits_per_second":	191779981.15122953,
				"jitter_ms":	0.00805856636186187,
				"lost_packets":	65624,
				"packets":	83408,
				"lost_percent":	78.6783042394015,
				"omitted":	false,
				"sender":	false
			}
		}, {
			"streams":	[{
					"socket":	5,
					"start":	369.001099,
					"end":	370.000894,
					"seconds":	0.99979501962661743,
					"bytes":	24011924,
					"bits_per_second":	192134775.85809517,
					"jitter_ms":	0.00583600640654207,
					"lost_packets":	65654,
					"packets":	83467,
					"lost_percent":	78.6586315549858,
					"omitted":	false,
					"sender":	false
				}],
			"sum":	{
				"start":	369.001099,
				"end":	370.000894,
				"seconds":	0.99979501962661743,
				"bytes":	24011924,
				"bits_per_second":	192134775.85809517,
				"jitter_ms":	0.00583600640654207,
				"lost_packets":	65654,
				"packets":	83467,
				"lost_percent":	78.6586315549858,
				"omitted":	false,
				"sender":	false
			}
		}, {
			"streams":	[{
					"socket":	5,
					"start":	370.000894,
					"end":	371.000529,
					"seconds":	0.99963498115539551,
					"bytes":	22608656,
					"bits_per_second":	180935292.79152295,
					"jitter_ms":	0.00827774798139504,
					"lost_packets":	62262,
					"packets":	79034,
					"lost_percent":	78.7787534478832,
					"omitted":	false,
					"sender":	false
				}],
			"sum":	{
				"start":	370.000894,
				"end":	371.000529,
				"seconds":	0.99963498115539551,
				"bytes":	22608656,
				"bits_per_second":	180935292.79152295,
				"jitter_ms":	0.00827774798139504,
				"lost_packets":	62262,
				"packets":	79034,
				"lost_percent":	78.7787534478832,
				"omitted":	false,
				"sender":	false
			}
		}, {
			"streams":	[{
					"socket":	5,
					"start":	371.000529,
					"end":	372.00109,
					"seconds":	1.000560998916626,
					"bytes":	24164248,
					"bits_per_second":	193205595.87003085,
					"jitter_ms":	0.00701840423353383,
					"lost_packets":	66449,
					"packets":	84375,
					"lost_percent":	78.754370370370367,
					"omitted":	false,
					"sender":	false
				}],
			"sum":	{
				"start":	371.000529,
				"end":	372.00109,
				"seconds":	1.000560998916626,
				"bytes":	24164248,
				"bits_per_second":	193205595.87003085,
				"jitter_ms":	0.00701840423353383,
				"lost_packets":	66449,
				"packets":	84375,
				"lost_percent":	78.754370370370367,
				"omitted":	false,
				"sender":	false
			}
		}, {
			"streams":	[{
					"socket":	5,
					"start":	372.00109,
					"end":	373.001092,
					"seconds":	1.0000020265579224,
					"bytes":	24398800,
					"bits_per_second":	195190004.43615013,
					"jitter_ms":	0.0061268495799187373,
					"lost_packets":	71121,
					"packets":	89221,
					"lost_percent":	79.71329619708365,
					"omitted":	false,
					"sender":	false
				}],
			"sum":	{
				"start":	372.00109,
				"end":	373.001092,
				"seconds":	1.0000020265579224,
				"bytes":	24398800,
				"bits_per_second":	195190004.43615013,
				"jitter_ms":	0.0061268495799187373,
				"lost_packets":	71121,
				"packets":	89221,
				"lost_percent":	79.71329619708365,
				"omitted":	false,
				"sender":	false
			}
		}, {
			"streams":	[{
					"socket":	5,
					"start":	373.001092,
					"end":	374.001082,
					"seconds":	0.99998998641967773,
					"bytes":	24049668,
					"bits_per_second":	192399270.60555014,
					"jitter_ms":	0.02575433744376366,
					"lost_packets":	66233,
					"packets":	84074,
					"lost_percent":	78.779408616219044,
					"omitted":	false,
					"sender":	false
				}],
			"sum":	{
				"start":	373.001092,
				"end":	374.001082,
				"seconds":	0.99998998641967773,
				"bytes":	24049668,
				"bits_per_second":	192399270.60555014,
				"jitter_ms":	0.02575433744376366,
				"lost_packets":	66233,
				"packets":	84074,
				"lost_percent":	78.779408616219044,
				"omitted":	false,
				"sender":	false
			}
		}, {
			"streams":	[{
					"socket":	5,
					"start":	374.001082,
					"end":	375.001103,
					"seconds":	1.0000209808349609,
					"bytes":	23998444,
					"bits_per_second":	191983524.0253672,
					"jitter_ms":	0.006025605162418856,
					"lost_packets":	64884,
					"packets":	82687,
					"lost_percent":	78.469408734142,
					"omitted":	false,
					"sender":	false
				}],
			"sum":	{
				"start":	374.001082,
				"end":	375.001103,
				"seconds":	1.0000209808349609,
				"bytes":	23998444,
				"bits_per_second":	191983524.0253672,
				"jitter_ms":	0.006025605162418856,
				"lost_packets":	64884,
				"packets":	82687,
				"lost_percent":	78.469408734142,
				"omitted":	false,
				"sender":	false
			}
		}, {
			"streams":	[{
					"socket":	5,
					"start":	375.001103,
					"end":	376.001101,
					"seconds":	0.99999797344207764,
					"bytes":	23595392,
					"bits_per_second":	188763518.540204,
					"jitter_ms":	0.029404818343827945,
					"lost_packets":	64719,
					"packets":	82223,
					"lost_percent":	78.711552728555276,
					"omitted":	false,
					"sender":	false
				}],
			"sum":	{
				"start":	375.001103,
				"end":	376.001101,
				"seconds":	0.99999797344207764,
				"bytes":	23595392,
				"bits_per_second":	188763518.540204,
				"jitter_ms":	0.029404818343827945,
				"lost_packets":	64719,
				"packets":	82223,
				"lost_percent":	78.711552728555276,
				"omitted":	false,
				"sender":	false
			}
		}, {
			"streams":	[{
					"socket":	5,
					"start":	376.001101,
					"end":	377.001086,
					"seconds":	0.9999849796295166,
					"bytes":	24474288,
					"bits_per_second":	195797244.94715872,
					"jitter_ms":	0.00812033955004419,
					"lost_packets":	66679,
					"packets":	84835,
					"lost_percent":	78.5984558260152,
					"omitted":	false,
					"sender":	false
				}],
			"sum":	{
				"start":	376.001101,
				"end":	377.001086,
				"seconds":	0.9999849796295166,
				"bytes":	24474288,
				"bits_per_second":	195797244.94715872,
				"jitter_ms":	0.00812033955004419,
				"lost_packets":	66679,
				"packets":	84835,
				"lost_percent":	78.5984558260152,
				"omitted":	false,
				"sender":	false
			}
		}, {
			"streams":	[{
					"socket":	5,
					"start":	377.001086,
					"end":	378.00076,
					"seconds":	0.99967402219772339,
					"bytes":	23944524,
					"bits_per_second":	191618655.42817166,
					"jitter_ms":	0.012347618863198906,
					"lost_packets":	65754,
					"packets":	83517,
					"lost_percent":	78.7312762671073,
					"omitted":	false,
					"sender":	false
				}],
			"sum":	{
				"start":	377.001086,
				"end":	378.00076,
				"seconds":	0.99967402219772339,
				"bytes":	23944524,
				"bits_per_second":	191618655.42817166,
				"jitter_ms":	0.012347618863198906,
				"lost_packets":	65754,
				"packets":	83517,
				"lost_percent":	78.7312762671073,
				"omitted":	false,
				"sender":	false
			}
		}, {
			"streams":	[{
					"socket":	5,
					"start":	378.00076,
					"end":	379.00052,
					"seconds":	0.9997599720954895,
					"bytes":	23522600,
					"bits_per_second":	188225979.48743081,
					"jitter_ms":	0.0059394505805591786,
					"lost_packets":	63698,
					"packets":	81148,
					"lost_percent":	78.496081234287971,
					"omitted":	false,
					"sender":	false
				}],
			"sum":	{
				"start":	378.00076,
				"end":	379.00052,
				"seconds":	0.9997599720954895,
				"bytes":	23522600,
				"bits_per_second":	188225979.48743081,
				"jitter_ms":	0.0059394505805591786,
				"lost_packets":	63698,
				"packets":	81148,
				"lost_percent":	78.496081234287971,
				"omitted":	false,
				"sender":	false
			}
		}, {
			"streams":	[{
					"socket":	5,
					"start":	379.00052,
					"end":	380.001084,
					"seconds":	1.0005639791488647,
					"bytes":	23979572,
					"bits_per_second":	191728445.15468851,
					"jitter_ms":	0.0069598247885534785,
					"lost_packets":	65658,
					"packets":	83447,
					"lost_percent":	78.68227737366233,
					"omitted":	false,
					"sender":	false
				}],
			"sum":	{
				"start":	379.00052,
				"end":	380.001084,
				"seconds":	1.0005639791488647,
				"bytes":	23979572,
				"bits_per_second":	191728445.15468851,
				"jitter_ms":	0.0069598247885534785,
				"lost_packets":	65658,
				"packets":	83447,
				"lost_percent":	78.68227737366233,
				"omitted":	false,
				"sender":	false
			}
		}, {
			"streams":	[{
					"socket":	5,
					"start":	380.001084,
					"end":	381.000851,
					"seconds":	0.999767005443573,
					"bytes":	24506640,
					"bits_per_second":	196098809.95524138,
					"jitter_ms":	0.017713583259869575,
					"lost_packets":	67586,
					"packets":	85766,
					"lost_percent":	78.802788983979667,
					"omitted":	false,
					"sender":	false
				}],
			"sum":	{
				"start":	380.001084,
				"end":	381.000851,
				"seconds":	0.999767005443573,
				"bytes":	24506640,
				"bits_per_second":	196098809.95524138,
				"jitter_ms":	0.017713583259869575,
				"lost_packets":	67586,
				"packets":	85766,
				"lost_percent":	78.802788983979667,
				"omitted":	false,
				"sender":	false
			}
		}, {
			"streams":	[{
					"socket":	5,
					"start":	381.000851,
					"end":	382.001104,
					"seconds":	1.0002529621124268,
					"bytes":	23998444,
					"bits_per_second":	191938998.70543039,
					"jitter_ms":	0.013406173815721624,
					"lost_packets":	65661,
					"packets":	83464,
					"lost_percent":	78.669845681970671,
					"omitted":	false,
					"sender":	false
				}],
			"sum":	{
				"start":	381.000851,
				"end":	382.001104,
				"seconds":	1.0002529621124268,
				"bytes":	23998444,
				"bits_per_second":	191938998.70543039,
				"jitter_ms":	0.013406173815721624,
				"lost_packets":	65661,
				"packets":	83464,
				"lost_percent":	78.669845681970671,
				"omitted":	false,
				"sender":	false
			}
		}, {
			"streams":	[{
					"socket":	5,
					"start":	382.001104,
					"end":	383.000677,
					"seconds":	0.999572992324829,
					"bytes":	23509120,
					"bits_per_second":	188153302.904449,
					"jitter_ms":	0.0089457309932644159,
					"lost_packets":	63695,
					"packets":	81135,
					"lost_percent":	78.504960867689647,
					"omitted":	false,
					"sender":	false
				}],
			"sum":	{
				"start":	382.001104,
				"end":	383.000677,
				"seconds":	0.999572992324829,
				"bytes":	23509120,
				"bits_per_second":	188153302.904449,
				"jitter_ms":	0.0089457309932644159,
				"lost_packets":	63695,
				"packets":	81135,
				"lost_percent":	78.504960867689647,
				"omitted":	false,
				"sender":	false
			}
		}, {
			"streams":	[{
					"socket":	5,
					"start":	383.000677,
					"end":	384.000762,
					"seconds":	1.00008499622345,
					"bytes":	23952612,
					"bits_per_second":	191604610.33172625,
					"jitter_ms":	0.0066416360343184537,
					"lost_packets":	65717,
					"packets":	83486,
					"lost_percent":	78.716191936372567,
					"omitted":	false,
					"sender":	false
				}],
			"sum":	{
				"start":	383.000677,
				"end":	384.000762,
				"seconds":	1.00008499622345,
				"bytes":	23952612,
				"bits_per_second":	191604610.33172625,
				"jitter_ms":	0.0066416360343184537,
				"lost_packets":	65717,
				"packets":	83486,
				"lost_percent":	78.716191936372567,
				"omitted":	false,
				"sender":	false
			}
		}, {
			"streams":	[{
					"socket":	5,
					"start":	384.000762,
					"end":	385.001082,
					"seconds":	1.0003199577331543,
					"bytes":	23979572,
					"bits_per_second":	191775216.03660175,
					"jitter_ms":	0.0069569766986089052,
					"lost_packets":	66069,
					"packets":	83858,
					"lost_percent":	78.7867585680555,
					"omitted":	false,
					"sender":	false
				}],
			"sum":	{
				"start":	384.000762,
				"end":	385.001082,
				"seconds":	1.0003199577331543,
				"bytes":	23979572,
				"bits_per_second":	191775216.03660175,
				"jitter_ms":	0.0069569766986089052,
				"lost_packets":	66069,
				"packets":	83858,
				"lost_percent":	78.7867585680555,
				"omitted":	false,
				"sender":	false
			}
		}, {
			"streams":	[{
					"socket":	5,
					"start":	385.001082,
					"end":	386.000606,
					"seconds":	0.99952399730682373,
					"bytes":	23839380,
					"bits_per_second":	190805864.10518789,
					"jitter_ms":	0.0055650283628030563,
					"lost_packets":	65615,
					"packets":	83300,
					"lost_percent":	78.769507803121243,
					"omitted":	false,
					"sender":	false
				}],
			"sum":	{
				"start":	385.001082,
				"end":	386.000606,
				"seconds":	0.99952399730682373,
				"bytes":	23839380,
				"bits_per_second":	190805864.10518789,
				"jitter_ms":	0.0055650283628030563,
				"lost_packets":	65615,
				"packets":	83300,
				"lost_percent":	78.769507803121243,
				"omitted":	false,
				"sender":	false
			}
		}, {
			"streams":	[{
					"socket":	5,
					"start":	386.000606,
					"end":	387.001087,
					"seconds":	1.0004810094833374,
					"bytes":	23815116,
					"bits_per_second":	190429329.68651521,
					"jitter_ms":	0.018565890497005237,
					"lost_packets":	65075,
					"packets":	82742,
					"lost_percent":	78.648086824103842,
					"omitted":	false,
					"sender":	false
				}],
			"sum":	{
				"start":	386.000606,
				"end":	387.001087,
				"seconds":	1.0004810094833374,
				"bytes":	23815116,
				"bits_per_second":	190429329.68651521,
				"jitter_ms":	0.018565890497005237,
				"lost_packets":	65075,
				"packets":	82742,
				"lost_percent":	78.648086824103842,
				"omitted":	false,
				"sender":	false
			}
		}, {
			"streams":	[{
					"socket":	5,
					"start":	387.001087,
					"end":	388.001144,
					"seconds":	1.0000569820404053,
					"bytes":	24142680,
					"bits_per_second":	193130435.0337474,
					"jitter_ms":	0.0067705281403182271,
					"lost_packets":	67013,
					"packets":	84923,
					"lost_percent":	78.9103069839737,
					"omitted":	false,
					"sender":	false
				}],
			"sum":	{
				"start":	387.001087,
				"end":	388.001144,
				"seconds":	1.0000569820404053,
				"bytes":	24142680,
				"bits_per_second":	193130435.0337474,
				"jitter_ms":	0.0067705281403182271,
				"lost_packets":	67013,
				"packets":	84923,
				"lost_percent":	78.9103069839737,
				"omitted":	false,
				"sender":	false
			}
		}, {
			"streams":	[{
					"socket":	5,
					"start":	388.001144,
					"end":	389.001109,
					"seconds":	0.999965012073517,
					"bytes":	23746368,
					"bits_per_second":	189977590.92198461,
					"jitter_ms":	0.0062284495204636353,
					"lost_packets":	64833,
					"packets":	82449,
					"lost_percent":	78.634064694538438,
					"omitted":	false,
					"sender":	false
				}],
			"sum":	{
				"start":	388.001144,
				"end":	389.001109,
				"seconds":	0.999965012073517,
				"bytes":	23746368,
				"bits_per_second":	189977590.92198461,
				"jitter_ms":	0.0062284495204636353,
				"lost_packets":	64833,
				"packets":	82449,
				"lost_percent":	78.634064694538438,
				"omitted":	false,
				"sender":	false
			}
		}, {
			"streams":	[{
					"socket":	5,
					"start":	389.001109,
					"end":	390.001107,
					"seconds":	0.99999797344207764,
					"bytes":	23952612,
					"bits_per_second":	191621284.33163187,
					"jitter_ms":	0.0072914194720909041,
					"lost_packets":	65694,
					"packets":	83463,
					"lost_percent":	78.7103267316056,
					"omitted":	false,
					"sender":	false
				}],
			"sum":	{
				"start":	389.001109,
				"end":	390.001107,
				"seconds":	0.99999797344207764,
				"bytes":	23952612,
				"bits_per_second":	191621284.33163187,
				"jitter_ms":	0.0072914194720909041,
				"lost_packets":	65694,
				"packets":	83463,
				"lost_percent":	78.7103267316056,
				"omitted":	false,
				"sender":	false
			}
		}, {
			"streams":	[{
					"socket":	5,
					"start":	390.001107,
					"end":	391.001105,
					"seconds":	0.99999797344207764,
					"bytes":	23945872,
					"bits_per_second":	191567364.22235963,
					"jitter_ms":	0.008498495473968545,
					"lost_packets":	65674,
					"packets":	83438,
					"lost_percent":	78.7099403149644,
					"omitted":	false,
					"sender":	false
				}],
			"sum":	{
				"start":	390.001107,
				"end":	391.001105,
				"seconds":	0.99999797344207764,
				"bytes":	23945872,
				"bits_per_second":	191567364.22235963,
				"jitter_ms":	0.008498495473968545,
				"lost_packets":	65674,
				"packets":	83438,
				"lost_percent":	78.7099403149644,
				"omitted":	false,
				"sender":	false
			}
		}, {
			"streams":	[{
					"socket":	5,
					"start":	391.001105,
					"end":	392.001089,
					"seconds":	0.9999840259552002,
					"bytes":	23979572,
					"bits_per_second":	191839640.455011,
					"jitter_ms":	0.0062086618779302648,
					"lost_packets":	65679,
					"packets":	83468,
					"lost_percent":	78.687640772511628,
					"omitted":	false,
					"sender":	false
				}],
			"sum":	{
				"start":	391.001105,
				"end":	392.001089,
				"seconds":	0.9999840259552002,
				"bytes":	23979572,
				"bits_per_second":	191839640.455011,
				"jitter_ms":	0.0062086618779302648,
				"lost_packets":	65679,
				"packets":	83468,
				"lost_percent":	78.687640772511628,
				"omitted":	false,
				"sender":	false
			}
		}, {
			"streams":	[{
					"socket":	5,
					"start":	392.001089,
					"end":	393.001104,
					"seconds":	1.0000150203704834,
					"bytes":	24258608,
					"bits_per_second":	194065949.05754694,
					"jitter_ms":	0.016084047350837818,
					"lost_packets":	67011,
					"packets":	85007,
					"lost_percent":	78.829978707635846,
					"omitted":	false,
					"sender":	false
				}],
			"sum":	{
				"start":	392.001089,
				"end":	393.001104,
				"seconds":	1.0000150203704834,
				"bytes":	24258608,
				"bits_per_second":	194065949.05754694,
				"jitter_ms":	0.016084047350837818,
				"lost_packets":	67011,
				"packets":	85007,
				"lost_percent":	78.829978707635846,
				"omitted":	false,
				"sender":	false
			}
		}, {
			"streams":	[{
					"socket":	5,
					"start":	393.001104,
					"end":	394.001095,
					"seconds":	0.999990999698639,
					"bytes":	23947220,
					"bits_per_second":	191579484.27309304,
					"jitter_ms":	0.01887431239479016,
					"lost_packets":	65690,
					"packets":	83455,
					"lost_percent":	78.713078904799,
					"omitted":	false,
					"sender":	false
				}],
			"sum":	{
				"start":	393.001104,
				"end":	394.001095,
				"seconds":	0.999990999698639,
				"bytes":	23947220,
				"bits_per_second":	191579484.27309304,
				"jitter_ms":	0.01887431239479016,
				"lost_packets":	65690,
				"packets":	83455,
				"lost_percent":	78.713078904799,
				"omitted":	false,
				"sender":	false
			}
		}, {
			"streams":	[{
					"socket":	5,
					"start":	394.001095,
					"end":	395.001097,
					"seconds":	1.0000020265579224,
					"bytes":	23770632,
					"bits_per_second":	190164670.62028021,
					"jitter_ms":	0.017609898413046523,
					"lost_packets":	64071,
					"packets":	81705,
					"lost_percent":	78.417477510556267,
					"omitted":	false,
					"sender":	false
				}],
			"sum":	{
				"start":	394.001095,
				"end":	395.001097,
				"seconds":	1.0000020265579224,
				"bytes":	23770632,
				"bits_per_second":	190164670.62028021,
				"jitter_ms":	0.017609898413046523,
				"lost_packets":	64071,
				"packets":	81705,
				"lost_percent":	78.417477510556267,
				"omitted":	false,
				"sender":	false
			}
		}, {
			"streams":	[{
					"socket":	5,
					"start":	395.001097,
					"end":	396.0011,
					"seconds":	1.0000029802322388,
					"bytes":	24251868,
					"bits_per_second":	194014365.79213229,
					"jitter_ms":	0.01987154017710312,
					"lost_packets":	67216,
					"packets":	85207,
					"lost_percent":	78.885537573204076,
					"omitted":	false,
					"sender":	false
				}],
			"sum":	{
				"start":	395.001097,
				"end":	396.0011,
				"seconds":	1.0000029802322388,
				"bytes":	24251868,
				"bits_per_second":	194014365.79213229,
				"jitter_ms":	0.01987154017710312,
				"lost_packets":	67216,
				"packets":	85207,
				"lost_percent":	78.885537573204076,
				"omitted":	false,
				"sender":	false
			}
		}, {
			"streams":	[{
					"socket":	5,
					"start":	396.0011,
					"end":	397.000726,
					"seconds":	0.99962598085403442,
					"bytes":	23738280,
					"bits_per_second":	189977295.14568323,
					"jitter_ms":	0.032475361931354411,
					"lost_packets":	64336,
					"packets":	81946,
					"lost_percent":	78.5102384497108,
					"omitted":	false,
					"sender":	false
				}],
			"sum":	{
				"start":	396.0011,
				"end":	397.000726,
				"seconds":	0.99962598085403442,
				"bytes":	23738280,
				"bits_per_second":	189977295.14568323,
				"jitter_ms":	0.032475361931354411,
				"lost_packets":	64336,
				"packets":	81946,
				"lost_percent":	78.5102384497108,
				"omitted":	false,
				"sender":	false
			}
		}, {
			"streams":	[{
					"socket":	5,
					"start":	397.000726,
					"end":	398.000664,
					"seconds":	0.99993801116943359,
					"bytes":	24272088,
					"bits_per_second":	194188741.5329968,
					"jitter_ms":	0.0071991789171080177,
					"lost_packets":	66335,
					"packets":	84341,
					"lost_percent":	78.650952680191125,
					"omitted":	false,
					"sender":	false
				}],
			"sum":	{
				"start":	397.000726,
				"end":	398.000664,
				"seconds":	0.99993801116943359,
				"bytes":	24272088,
				"bits_per_second":	194188741.5329968,
				"jitter_ms":	0.0071991789171080177,
				"lost_packets":	66335,
				"packets":	84341,
				"lost_percent":	78.650952680191125,
				"omitted":	false,
				"sender":	false
			}
		}, {
			"streams":	[{
					"socket":	5,
					"start":	398.000664,
					"end":	399.000833,
					"seconds":	1.000169038772583,
					"bytes":	23984964,
					"bits_per_second":	191847282.37086463,
					"jitter_ms":	0.0073055000306455845,
					"lost_packets":	65668,
					"packets":	83461,
					"lost_percent":	78.6810606151376,
					"omitted":	false,
					"sender":	false
				}],
			"sum":	{
				"start":	398.000664,
				"end":	399.000833,
				"seconds":	1.000169038772583,
				"bytes":	23984964,
				"bits_per_second":	191847282.37086463,
				"jitter_ms":	0.0073055000306455845,
				"lost_packets":	65668,
				"packets":	83461,
				"lost_percent":	78.6810606151376,
				"omitted":	false,
				"sender":	false
			}
		}, {
			"streams":	[{
					"socket":	5,
					"start":	399.000833,
					"end":	400.000942,
					"seconds":	1.0001089572906494,
					"bytes":	24011924,
					"bits_per_second":	192074464.08679017,
					"jitter_ms":	0.0073076829814101348,
					"lost_packets":	65716,
					"packets":	83529,
					"lost_percent":	78.674472338948149,
					"omitted":	false,
					"sender":	false
				}],
			"sum":	{
				"start":	399.000833,
				"end":	400.000942,
				"seconds":	1.0001089572906494,
				"bytes":	24011924,
				"bits_per_second":	192074464.08679017,
				"jitter_ms":	0.0073076829814101348,
				"lost_packets":	65716,
				"packets":	83529,
				"lost_percent":	78.674472338948149,
				"omitted":	false,
				"sender":	false
			}
		}, {
			"streams":	[{
					"socket":	5,
					"start":	400.000942,
					"end":	401.001153,
					"seconds":	1.0002110004425049,
					"bytes":	23905432,
					"bits_per_second":	191203112.05874729,
					"jitter_ms":	0.0077036013886236827,
					"lost_packets":	65585,
					"packets":	83319,
					"lost_percent":	78.7155390727205,
					"omitted":	false,
					"sender":	false
				}],
			"sum":	{
				"start":	400.000942,
				"end":	401.001153,
				"seconds":	1.0002110004425049,
				"bytes":	23905432,
				"bits_per_second":	191203112.05874729,
				"jitter_ms":	0.0077036013886236827,
				"lost_packets":	65585,
				"packets":	83319,
				"lost_percent":	78.7155390727205,
				"omitted":	false,
				"sender":	false
			}
		}, {
			"streams":	[{
					"socket":	5,
					"start":	401.001153,
					"end":	402.001103,
					"seconds":	0.99994999170303345,
					"bytes":	24038884,
					"bits_per_second":	192320689.63015983,
					"jitter_ms":	0.0077165935288559,
					"lost_packets":	65691,
					"packets":	83524,
					"lost_percent":	78.6492505148221,
					"omitted":	false,
					"sender":	false
				}],
			"sum":	{
				"start":	401.001153,
				"end":	402.001103,
				"seconds":	0.99994999170303345,
				"bytes":	24038884,
				"bits_per_second":	192320689.63015983,
				"jitter_ms":	0.0077165935288559,
				"lost_packets":	65691,
				"packets":	83524,
				"lost_percent":	78.6492505148221,
				"omitted":	false,
				"sender":	false
			}
		}, {
			"streams":	[{
					"socket":	5,
					"start":	402.001103,
					"end":	403.001099,
					"seconds":	0.9999960064888,
					"bytes":	24011924,
					"bits_per_second":	192096159.138163,
					"jitter_ms":	0.0068866122342356754,
					"lost_packets":	65646,
					"packets":	83459,
					"lost_percent":	78.6565858685103,
					"omitted":	false,
					"sender":	false
				}],
			"sum":	{
				"start":	402.001103,
				"end":	403.001099,
				"seconds":	0.9999960064888,
				"bytes":	24011924,
				"bits_per_second":	192096159.138163,
				"jitter_ms":	0.0068866122342356754,
				"lost_packets":	65646,
				"packets":	83459,
				"lost_percent":	78.6565858685103,
				"omitted":	false,
				"sender":	false
			}
		}, {
			"streams":	[{
					"socket":	5,
					"start":	403.001099,
					"end":	404.001113,
					"seconds":	1.0000139474868774,
					"bytes":	23978224,
					"bits_per_second":	191823116.54959914,
					"jitter_ms":	0.0065409130812001132,
					"lost_packets":	65663,
					"packets":	83451,
					"lost_percent":	78.684497489544768,
					"omitted":	false,
					"sender":	false
				}],
			"sum":	{
				"start":	403.001099,
				"end":	404.001113,
				"seconds":	1.0000139474868774,
				"bytes":	23978224,
				"bits_per_second":	191823116.54959914,
				"jitter_ms":	0.0065409130812001132,
				"lost_packets":	65663,
				"packets":	83451,
				"lost_percent":	78.684497489544768,
				"omitted":	false,
				"sender":	false
			}
		}, {
			"streams":	[{
					"socket":	5,
					"start":	404.001113,
					"end":	405.001102,
					"seconds":	0.99998897314071655,
					"bytes":	23986312,
					"bits_per_second":	191892611.97282976,
					"jitter_ms":	0.016366246043695659,
					"lost_packets":	65459,
					"packets":	83253,
					"lost_percent":	78.6265960385812,
					"omitted":	false,
					"sender":	false
				}],
			"sum":	{
				"start":	404.001113,
				"end":	405.001102,
				"seconds":	0.99998897314071655,
				"bytes":	23986312,
				"bits_per_second":	191892611.97282976,
				"jitter_ms":	0.016366246043695659,
				"lost_packets":	65459,
				"packets":	83253,
				"lost_percent":	78.6265960385812,
				"omitted":	false,
				"sender":	false
			}
		}, {
			"streams":	[{
					"socket":	5,
					"start":	405.001102,
					"end":	406.001102,
					"seconds":	1,
					"bytes":	23906780,
					"bits_per_second":	191254240,
					"jitter_ms":	0.006627270893706517,
					"lost_packets":	65922,
					"packets":	83657,
					"lost_percent":	78.800339481454031,
					"omitted":	false,
					"sender":	false
				}],
			"sum":	{
				"start":	405.001102,
				"end":	406.001102,
				"seconds":	1,
				"bytes":	23906780,
				"bits_per_second":	191254240,
				"jitter_ms":	0.006627270893706517,
				"lost_packets":	65922,
				"packets":	83657,
				"lost_percent":	78.800339481454031,
				"omitted":	false,
				"sender":	false
			}
		}, {
			"streams":	[{
					"socket":	5,
					"start":	406.001102,
					"end":	407.001097,
					"seconds":	0.999994993209839,
					"bytes":	23993052,
					"bits_per_second":	191945377.03022519,
					"jitter_ms":	0.0071657144164427632,
					"lost_packets":	65666,
					"packets":	83465,
					"lost_percent":	78.674893668004557,
					"omitted":	false,
					"sender":	false
				}],
			"sum":	{
				"start":	406.001102,
				"end":	407.001097,
				"seconds":	0.999994993209839,
				"bytes":	23993052,
				"bits_per_second":	191945377.03022519,
				"jitter_ms":	0.0071657144164427632,
				"lost_packets":	65666,
				"packets":	83465,
				"lost_percent":	78.674893668004557,
				"omitted":	false,
				"sender":	false
			}
		}, {
			"streams":	[{
					"socket":	5,
					"start":	407.001097,
					"end":	408.000514,
					"seconds":	0.999417006969452,
					"bytes":	24299048,
					"bits_per_second":	194505779.5138579,
					"jitter_ms":	0.034034367282071265,
					"lost_packets":	66794,
					"packets":	84820,
					"lost_percent":	78.747936807356751,
					"omitted":	false,
					"sender":	false
				}],
			"sum":	{
				"start":	407.001097,
				"end":	408.000514,
				"seconds":	0.999417006969452,
				"bytes":	24299048,
				"bits_per_second":	194505779.5138579,
				"jitter_ms":	0.034034367282071265,
				"lost_packets":	66794,
				"packets":	84820,
				"lost_percent":	78.747936807356751,
				"omitted":	false,
				"sender":	false
			}
		}, {
			"streams":	[{
					"socket":	5,
					"start":	408.000514,
					"end":	409.001084,
					"seconds":	1.0005700588226318,
					"bytes":	23691100,
					"bits_per_second":	189420818.99094406,
					"jitter_ms":	0.00646787366144777,
					"lost_packets":	64518,
					"packets":	82093,
					"lost_percent":	78.5913537085988,
					"omitted":	false,
					"sender":	false
				}],
			"sum":	{
				"start":	408.000514,
				"end":	409.001084,
				"seconds":	1.0005700588226318,
				"bytes":	23691100,
				"bits_per_second":	189420818.99094406,
				"jitter_ms":	0.00646787366144777,
				"lost_packets":	64518,
				"packets":	82093,
				"lost_percent":	78.5913537085988,
				"omitted":	false,
				"sender":	false
			}
		}, {
			"streams":	[{
					"socket":	5,
					"start":	409.001084,
					"end":	410.001096,
					"seconds":	1.0000120401382446,
					"bytes":	24003836,
					"bits_per_second":	192028375.95180663,
					"jitter_ms":	0.0063697414201010338,
					"lost_packets":	65655,
					"packets":	83462,
					"lost_percent":	78.664541947233474,
					"omitted":	false,
					"sender":	false
				}],
			"sum":	{
				"start":	409.001084,
				"end":	410.001096,
				"seconds":	1.0000120401382446,
				"bytes":	24003836,
				"bits_per_second":	192028375.95180663,
				"jitter_ms":	0.0063697414201010338,
				"lost_packets":	65655,
				"packets":	83462,
				"lost_percent":	78.664541947233474,
				"omitted":	false,
				"sender":	false
			}
		}, {
			"streams":	[{
					"socket":	5,
					"start":	410.001096,
					"end":	411.000822,
					"seconds":	0.99972599744796753,
					"bytes":	24025404,
					"bits_per_second":	192255910.61015052,
					"jitter_ms":	0.017251509360193495,
					"lost_packets":	66256,
					"packets":	84079,
					"lost_percent":	78.802078997133648,
					"omitted":	false,
					"sender":	false
				}],
			"sum":	{
				"start":	410.001096,
				"end":	411.000822,
				"seconds":	0.99972599744796753,
				"bytes":	24025404,
				"bits_per_second":	192255910.61015052,
				"jitter_ms":	0.017251509360193495,
				"lost_packets":	66256,
				"packets":	84079,
				"lost_percent":	78.802078997133648,
				"omitted":	false,
				"sender":	false
			}
		}, {
			"streams":	[{
					"socket":	5,
					"start":	411.000822,
					"end":	412.00109,
					"seconds":	1.00026798248291,
					"bytes":	24003836,
					"bits_per_second":	191979240.92634934,
					"jitter_ms":	0.0076233074688744473,
					"lost_packets":	65015,
					"packets":	82822,
					"lost_percent":	78.499673999661923,
					"omitted":	false,
					"sender":	false
				}],
			"sum":	{
				"start":	411.000822,
				"end":	412.00109,
				"seconds":	1.00026798248291,
				"bytes":	24003836,
				"bits_per_second":	191979240.92634934,
				"jitter_ms":	0.0076233074688744473,
				"lost_packets":	65015,
				"packets":	82822,
				"lost_percent":	78.499673999661923,
				"omitted":	false,
				"sender":	false
			}
		}, {
			"streams":	[{
					"socket":	5,
					"start":	412.00109,
					"end":	413.000919,
					"seconds":	0.9998289942741394,
					"bytes":	23979572,
					"bits_per_second":	191869386.76375395,
					"jitter_ms":	0.00922759688104026,
					"lost_packets":	65677,
					"packets":	83466,
					"lost_percent":	78.687130088898471,
					"omitted":	false,
					"sender":	false
				}],
			"sum":	{
				"start":	412.00109,
				"end":	413.000919,
				"seconds":	0.9998289942741394,
				"bytes":	23979572,
				"bits_per_second":	191869386.76375395,
				"jitter_ms":	0.00922759688104026,
				"lost_packets":	65677,
				"packets":	83466,
				"lost_percent":	78.687130088898471,
				"omitted":	false,
				"sender":	false
			}
		}, {
			"streams":	[{
					"socket":	5,
					"start":	413.000919,
					"end":	414.001966,
					"seconds":	1.0010470151901245,
					"bytes":	23952612,
					"bits_per_second":	191420475.8540799,
					"jitter_ms":	0.0062826494903638662,
					"lost_packets":	65678,
					"packets":	83447,
					"lost_percent":	78.7062446822534,
					"omitted":	false,
					"sender":	false
				}],
			"sum":	{
				"start":	413.000919,
				"end":	414.001966,
				"seconds":	1.0010470151901245,
				"bytes":	23952612,
				"bits_per_second":	191420475.8540799,
				"jitter_ms":	0.0062826494903638662,
				"lost_packets":	65678,
				"packets":	83447,
				"lost_percent":	78.7062446822534,
				"omitted":	false,
				"sender":	false
			}
		}, {
			"streams":	[{
					"socket":	5,
					"start":	414.001966,
					"end":	415.000142,
					"seconds":	0.9981759786605835,
					"bytes":	23944524,
					"bits_per_second":	191906233.06427628,
					"jitter_ms":	0.00835824635594892,
					"lost_packets":	65445,
					"packets":	83208,
					"lost_percent":	78.6522930487453,
					"omitted":	false,
					"sender":	false
				}],
			"sum":	{
				"start":	414.001966,
				"end":	415.000142,
				"seconds":	0.9981759786605835,
				"bytes":	23944524,
				"bits_per_second":	191906233.06427628,
				"jitter_ms":	0.00835824635594892,
				"lost_packets":	65445,
				"packets":	83208,
				"lost_percent":	78.6522930487453,
				"omitted":	false,
				"sender":	false
			}
		}, {
			"streams":	[{
					"socket":	5,
					"start":	415.000142,
					"end":	416.001091,
					"seconds":	1.0009490251541138,
					"bytes":	24007880,
					"bits_per_second":	191880940.161192,
					"jitter_ms":	0.00580693926024576,
					"lost_packets":	66400,
					"packets":	84210,
					"lost_percent":	78.8504928155801,
					"omitted":	false,
					"sender":	false
				}],
			"sum":	{
				"start":	415.000142,
				"end":	416.001091,
				"seconds":	1.0009490251541138,
				"bytes":	24007880,
				"bits_per_second":	191880940.161192,
				"jitter_ms":	0.00580693926024576,
				"lost_packets":	66400,
				"packets":	84210,
				"lost_percent":	78.8504928155801,
				"omitted":	false,
				"sender":	false
			}
		}, {
			"streams":	[{
					"socket":	5,
					"start":	416.001091,
					"end":	417.001104,
					"seconds":	1.000012993812561,
					"bytes":	23940480,
					"bits_per_second":	191521351.40745836,
					"jitter_ms":	0.022832751808303915,
					"lost_packets":	65823,
					"packets":	83583,
					"lost_percent":	78.75166002656043,
					"omitted":	false,
					"sender":	false
				}],
			"sum":	{
				"start":	416.001091,
				"end":	417.001104,
				"seconds":	1.000012993812561,
				"bytes":	23940480,
				"bits_per_second":	191521351.40745836,
				"jitter_ms":	0.022832751808303915,
				"lost_packets":	65823,
				"packets":	83583,
				"lost_percent":	78.75166002656043,
				"omitted":	false,
				"sender":	false
			}
		}, {
			"streams":	[{
					"socket":	5,
					"start":	417.001104,
					"end":	418.001099,
					"seconds":	0.999994993209839,
					"bytes":	24193904,
					"bits_per_second":	193552201.075256,
					"jitter_ms":	0.015381976475691396,
					"lost_packets":	66267,
					"packets":	84215,
					"lost_percent":	78.6878822062578,
					"omitted":	false,
					"sender":	false
				}],
			"sum":	{
				"start":	417.001104,
				"end":	418.001099,
				"seconds":	0.999994993209839,
				"bytes":	24193904,
				"bits_per_second":	193552201.075256,
				"jitter_ms":	0.015381976475691396,
				"lost_packets":	66267,
				"packets":	84215,
				"lost_percent":	78.6878822062578,
				"omitted":	false,
				"sender":	false
			}
		}, {
			"streams":	[{
					"socket":	5,
					"start":	418.001099,
					"end":	419.001097,
					"seconds":	0.99999797344207764,
					"bytes":	23789504,
					"bits_per_second":	190316417.687244,
					"jitter_ms":	0.028207702735124216,
					"lost_packets":	65047,
					"packets":	82695,
					"lost_percent":	78.6589273837596,
					"omitted":	false,
					"sender":	false
				}],
			"sum":	{
				"start":	418.001099,
				"end":	419.001097,
				"seconds":	0.99999797344207764,
				"bytes":	23789504,
				"bits_per_second":	190316417.687244,
				"jitter_ms":	0.028207702735124216,
				"lost_packets":	65047,
				"packets":	82695,
				"lost_percent":	78.6589273837596,
				"omitted":	false,
				"sender":	false
			}
		}, {
			"streams":	[{
					"socket":	5,
					"start":	419.001097,
					"end":	420.001102,
					"seconds":	1.0000050067901611,
					"bytes":	23982268,
					"bits_per_second":	191857183.41134176,
					"jitter_ms":	0.00783566959706104,
					"lost_packets":	65787,
					"packets":	83578,
					"lost_percent":	78.713297757783153,
					"omitted":	false,
					"sender":	false
				}],
			"sum":	{
				"start":	419.001097,
				"end":	420.001102,
				"seconds":	1.0000050067901611,
				"bytes":	23982268,
				"bits_per_second":	191857183.41134176,
				"jitter_ms":	0.00783566959706104,
				"lost_packets":	65787,
				"packets":	83578,
				"lost_percent":	78.713297757783153,
				"omitted":	false,
				"sender":	false
			}
		}, {
			"streams":	[{
					"socket":	5,
					"start":	420.001102,
					"end":	421.001101,
					"seconds":	0.99999898672103882,
					"bytes":	24060452,
					"bits_per_second":	192483811.03979608,
					"jitter_ms":	0.0064591491114720572,
					"lost_packets":	64871,
					"packets":	82720,
					"lost_percent":	78.422388781431337,
					"omitted":	false,
					"sender":	false
				}],
			"sum":	{
				"start":	420.001102,
				"end":	421.001101,
				"seconds":	0.99999898672103882,
				"bytes":	24060452,
				"bits_per_second":	192483811.03979608,
				"jitter_ms":	0.0064591491114720572,
				"lost_packets":	64871,
				"packets":	82720,
				"lost_percent":	78.422388781431337,
				"omitted":	false,
				"sender":	false
			}
		}, {
			"streams":	[{
					"socket":	5,
					"start":	421.001101,
					"end":	422.001098,
					"seconds":	0.99999701976776123,
					"bytes":	24010576,
					"bits_per_second":	192085180.4584474,
					"jitter_ms":	0.0071425036203188168,
					"lost_packets":	65640,
					"packets":	83452,
					"lost_percent":	78.6559938647366,
					"omitted":	false,
					"sender":	false
				}],
			"sum":	{
				"start":	421.001101,
				"end":	422.001098,
				"seconds":	0.99999701976776123,
				"bytes":	24010576,
				"bits_per_second":	192085180.4584474,
				"jitter_ms":	0.0071425036203188168,
				"lost_packets":	65640,
				"packets":	83452,
				"lost_percent":	78.6559938647366,
				"omitted":	false,
				"sender":	false
			}
		}, {
			"streams":	[{
					"socket":	5,
					"start":	422.001098,
					"end":	423.001104,
					"seconds":	1.0000059604644775,
					"bytes":	23986312,
					"bits_per_second":	191889352.2503323,
					"jitter_ms":	0.02132006396572984,
					"lost_packets":	65734,
					"packets":	83528,
					"lost_percent":	78.6969638923475,
					"omitted":	false,
					"sender":	false
				}],
			"sum":	{
				"start":	422.001098,
				"end":	423.001104,
				"seconds":	1.0000059604644775,
				"bytes":	23986312,
				"bits_per_second":	191889352.2503323,
				"jitter_ms":	0.02132006396572984,
				"lost_packets":	65734,
				"packets":	83528,
				"lost_percent":	78.6969638923475,
				"omitted":	false,
				"sender":	false
			}
		}, {
			"streams":	[{
					"socket":	5,
					"start":	423.001104,
					"end":	424.001103,
					"seconds":	0.99999898672103882,
					"bytes":	24017316,
					"bits_per_second":	192138722.69012532,
					"jitter_ms":	0.00787103592343745,
					"lost_packets":	65566,
					"packets":	83383,
					"lost_percent":	78.632335128263549,
					"omitted":	false,
					"sender":	false
				}],
			"sum":	{
				"start":	423.001104,
				"end":	424.001103,
				"seconds":	0.99999898672103882,
				"bytes":	24017316,
				"bits_per_second":	192138722.69012532,
				"jitter_ms":	0.00787103592343745,
				"lost_packets":	65566,
				"packets":	83383,
				"lost_percent":	78.632335128263549,
				"omitted":	false,
				"sender":	false
			}
		}, {
			"streams":	[{
					"socket":	5,
					"start":	424.001103,
					"end":	425.001095,
					"seconds":	0.9999920129776,
					"bytes":	24773544,
					"bits_per_second":	198189934.94744986,
					"jitter_ms":	0.0071370118337073145,
					"lost_packets":	65015,
					"packets":	83393,
					"lost_percent":	77.962179079778878,
					"omitted":	false,
					"sender":	false
				}],
			"sum":	{
				"start":	424.001103,
				"end":	425.001095,
				"seconds":	0.9999920129776,
				"bytes":	24773544,
				"bits_per_second":	198189934.94744986,
				"jitter_ms":	0.0071370118337073145,
				"lost_packets":	65015,
				"packets":	83393,
				"lost_percent":	77.962179079778878,
				"omitted":	false,
				"sender":	false
			}
		}, {
			"streams":	[{
					"socket":	5,
					"start":	425.001095,
					"end":	426.001085,
					"seconds":	0.99998998641967773,
					"bytes":	23126288,
					"bits_per_second":	185012156.63409105,
					"jitter_ms":	0.0062165462024172018,
					"lost_packets":	66366,
					"packets":	83522,
					"lost_percent":	79.459304135437364,
					"omitted":	false,
					"sender":	false
				}],
			"sum":	{
				"start":	425.001095,
				"end":	426.001085,
				"seconds":	0.99998998641967773,
				"bytes":	23126288,
				"bits_per_second":	185012156.63409105,
				"jitter_ms":	0.0062165462024172018,
				"lost_packets":	66366,
				"packets":	83522,
				"lost_percent":	79.459304135437364,
				"omitted":	false,
				"sender":	false
			}
		}, {
			"streams":	[{
					"socket":	5,
					"start":	426.001085,
					"end":	427.001108,
					"seconds":	1.0000230073928833,
					"bytes":	24049668,
					"bits_per_second":	192392917.54055819,
					"jitter_ms":	0.00638869039180774,
					"lost_packets":	65620,
					"packets":	83461,
					"lost_percent":	78.623548723355825,
					"omitted":	false,
					"sender":	false
				}],
			"sum":	{
				"start":	426.001085,
				"end":	427.001108,
				"seconds":	1.0000230073928833,
				"bytes":	24049668,
				"bits_per_second":	192392917.54055819,
				"jitter_ms":	0.00638869039180774,
				"lost_packets":	65620,
				"packets":	83461,
				"lost_percent":	78.623548723355825,
				"omitted":	false,
				"sender":	false
			}
		}, {
			"streams":	[{
					"socket":	5,
					"start":	427.001108,
					"end":	428.001104,
					"seconds":	0.9999960064888,
					"bytes":	23959352,
					"bits_per_second":	191675581.4585813,
					"jitter_ms":	0.00796077988425374,
					"lost_packets":	65676,
					"packets":	83450,
					"lost_percent":	78.7010185739964,
					"omitted":	false,
					"sender":	false
				}],
			"sum":	{
				"start":	427.001108,
				"end":	428.001104,
				"seconds":	0.9999960064888,
				"bytes":	23959352,
				"bits_per_second":	191675581.4585813,
				"jitter_ms":	0.00796077988425374,
				"lost_packets":	65676,
				"packets":	83450,
				"lost_percent":	78.7010185739964,
				"omitted":	false,
				"sender":	false
			}
		}, {
			"streams":	[{
					"socket":	5,
					"start":	428.001104,
					"end":	429.001083,
					"seconds":	0.999979019165039,
					"bytes":	23998444,
					"bits_per_second":	191991580.14365688,
					"jitter_ms":	0.019776404113083949,
					"lost_packets":	66286,
					"packets":	84089,
					"lost_percent":	78.8283842119659,
					"omitted":	false,
					"sender":	false
				}],
			"sum":	{
				"start":	428.001104,
				"end":	429.001083,
				"seconds":	0.999979019165039,
				"bytes":	23998444,
				"bits_per_second":	191991580.14365688,
				"jitter_ms":	0.019776404113083949,
				"lost_packets":	66286,
				"packets":	84089,
				"lost_percent":	78.8283842119659,
				"omitted":	false,
				"sender":	false
			}
		}, {
			"streams":	[{
					"socket":	5,
					"start":	429.001083,
					"end":	430.001097,
					"seconds":	1.0000139474868774,
					"bytes":	23745020,
					"bits_per_second":	189957510.57011405,
					"jitter_ms":	0.0071105368688220566,
					"lost_packets":	64302,
					"packets":	81917,
					"lost_percent":	78.4965269724233,
					"omitted":	false,
					"sender":	false
				}],
			"sum":	{
				"start":	429.001083,
				"end":	430.001097,
				"seconds":	1.0000139474868774,
				"bytes":	23745020,
				"bits_per_second":	189957510.57011405,
				"jitter_ms":	0.0071105368688220566,
				"lost_packets":	64302,
				"packets":	81917,
				"lost_percent":	78.4965269724233,
				"omitted":	false,
				"sender":	false
			}
		}, {
			"streams":	[{
					"socket":	5,
					"start":	430.001097,
					"end":	431.000477,
					"seconds":	0.99937999248504639,
					"bytes":	24265348,
					"bits_per_second":	194243216.25380611,
					"jitter_ms":	0.0060638016835821351,
					"lost_packets":	66377,
					"packets":	84378,
					"lost_percent":	78.666240015169834,
					"omitted":	false,
					"sender":	false
				}],
			"sum":	{
				"start":	430.001097,
				"end":	431.000477,
				"seconds":	0.99937999248504639,
				"bytes":	24265348,
				"bits_per_second":	194243216.25380611,
				"jitter_ms":	0.0060638016835821351,
				"lost_packets":	66377,
				"packets":	84378,
				"lost_percent":	78.666240015169834,
				"omitted":	false,
				"sender":	false
			}
		}, {
			"streams":	[{
					"socket":	5,
					"start":	431.000477,
					"end":	432.000667,
					"seconds":	1.0001900196075439,
					"bytes":	23952612,
					"bits_per_second":	191584491.19017252,
					"jitter_ms":	0.00755323327758654,
					"lost_packets":	65678,
					"packets":	83447,
					"lost_percent":	78.7062446822534,
					"omitted":	false,
					"sender":	false
				}],
			"sum":	{
				"start":	431.000477,
				"end":	432.000667,
				"seconds":	1.0001900196075439,
				"bytes":	23952612,
				"bits_per_second":	191584491.19017252,
				"jitter_ms":	0.00755323327758654,
				"lost_packets":	65678,
				"packets":	83447,
				"lost_percent":	78.7062446822534,
				"omitted":	false,
				"sender":	false
			}
		}, {
			"streams":	[{
					"socket":	5,
					"start":	432.000667,
					"end":	433.001779,
					"seconds":	1.00111198425293,
					"bytes":	23998444,
					"bits_per_second":	191774301.9960638,
					"jitter_ms":	0.00648746091298669,
					"lost_packets":	65660,
					"packets":	83463,
					"lost_percent":	78.669590117776735,
					"omitted":	false,
					"sender":	false
				}],
			"sum":	{
				"start":	432.000667,
				"end":	433.001779,
				"seconds":	1.00111198425293,
				"bytes":	23998444,
				"bits_per_second":	191774301.9960638,
				"jitter_ms":	0.00648746091298669,
				"lost_packets":	65660,
				"packets":	83463,
				"lost_percent":	78.669590117776735,
				"omitted":	false,
				"sender":	false
			}
		}, {
			"streams":	[{
					"socket":	5,
					"start":	433.001779,
					"end":	434.001104,
					"seconds":	0.9993249773979187,
					"bytes":	23998444,
					"bits_per_second":	192117235.47619581,
					"jitter_ms":	0.00658240550577751,
					"lost_packets":	65171,
					"packets":	82974,
					"lost_percent":	78.543881215802543,
					"omitted":	false,
					"sender":	false
				}],
			"sum":	{
				"start":	433.001779,
				"end":	434.001104,
				"seconds":	0.9993249773979187,
				"bytes":	23998444,
				"bits_per_second":	192117235.47619581,
				"jitter_ms":	0.00658240550577751,
				"lost_packets":	65171,
				"packets":	82974,
				"lost_percent":	78.543881215802543,
				"omitted":	false,
				"sender":	false
			}
		}, {
			"streams":	[{
					"socket":	5,
					"start":	434.001104,
					"end":	435.000828,
					"seconds":	0.999723970890045,
					"bytes":	23885212,
					"bits_per_second":	191134454.6734052,
					"jitter_ms":	0.0103401564131208,
					"lost_packets":	65956,
					"packets":	83675,
					"lost_percent":	78.8240215118016,
					"omitted":	false,
					"sender":	false
				}],
			"sum":	{
				"start":	434.001104,
				"end":	435.000828,
				"seconds":	0.999723970890045,
				"bytes":	23885212,
				"bits_per_second":	191134454.6734052,
				"jitter_ms":	0.0103401564131208,
				"lost_packets":	65956,
				"packets":	83675,
				"lost_percent":	78.8240215118016,
				"omitted":	false,
				"sender":	false
			}
		}, {
			"streams":	[{
					"socket":	5,
					"start":	435.000828,
					"end":	436.001501,
					"seconds":	1.0006730556488037,
					"bytes":	24006532,
					"bits_per_second":	191923081.08613917,
					"jitter_ms":	0.028268516920962918,
					"lost_packets":	65861,
					"packets":	83670,
					"lost_percent":	78.7151906298554,
					"omitted":	false,
					"sender":	false
				}],
			"sum":	{
				"start":	435.000828,
				"end":	436.001501,
				"seconds":	1.0006730556488037,
				"bytes":	24006532,
				"bits_per_second":	191923081.08613917,
				"jitter_ms":	0.028268516920962918,
				"lost_packets":	65861,
				"packets":	83670,
				"lost_percent":	78.7151906298554,
				"omitted":	false,
				"sender":	false
			}
		}, {
			"streams":	[{
					"socket":	5,
					"start":	436.001501,
					"end":	437.000743,
					"seconds":	0.99924200773239136,
					"bytes":	24020012,
					"bits_per_second":	192305862.35668218,
					"jitter_ms":	0.00750056152197933,
					"lost_packets":	65695,
					"packets":	83514,
					"lost_percent":	78.663457623871452,
					"omitted":	false,
					"sender":	false
				}],
			"sum":	{
				"start":	436.001501,
				"end":	437.000743,
				"seconds":	0.99924200773239136,
				"bytes":	24020012,
				"bits_per_second":	192305862.35668218,
				"jitter_ms":	0.00750056152197933,
				"lost_packets":	65695,
				"packets":	83514,
				"lost_percent":	78.663457623871452,
				"omitted":	false,
				"sender":	false
			}
		}, {
			"streams":	[{
					"socket":	5,
					"start":	437.000743,
					"end":	438.001085,
					"seconds":	1.0003420114517212,
					"bytes":	24056408,
					"bits_per_second":	192385465.9674944,
					"jitter_ms":	0.0041475611663874135,
					"lost_packets":	65601,
					"packets":	83447,
					"lost_percent":	78.613970544177747,
					"omitted":	false,
					"sender":	false
				}],
			"sum":	{
				"start":	437.000743,
				"end":	438.001085,
				"seconds":	1.0003420114517212,
				"bytes":	24056408,
				"bits_per_second":	192385465.9674944,
				"jitter_ms":	0.0041475611663874135,
				"lost_packets":	65601,
				"packets":	83447,
				"lost_percent":	78.613970544177747,
				"omitted":	false,
				"sender":	false
			}
		}, {
			"streams":	[{
					"socket":	5,
					"start":	438.001085,
					"end":	439.00154,
					"seconds":	1.0004550218582153,
					"bytes":	24005184,
					"bits_per_second":	191954128.6756779,
					"jitter_ms":	0.017458860509653035,
					"lost_packets":	66279,
					"packets":	84087,
					"lost_percent":	78.821934425059766,
					"omitted":	false,
					"sender":	false
				}],
			"sum":	{
				"start":	438.001085,
				"end":	439.00154,
				"seconds":	1.0004550218582153,
				"bytes":	24005184,
				"bits_per_second":	191954128.6756779,
				"jitter_ms":	0.017458860509653035,
				"lost_packets":	66279,
				"packets":	84087,
				"lost_percent":	78.821934425059766,
				"omitted":	false,
				"sender":	false
			}
		}, {
			"streams":	[{
					"socket":	5,
					"start":	439.00154,
					"end":	440.001093,
					"seconds":	0.99955302476882935,
					"bytes":	23991704,
					"bits_per_second":	192019459.94249707,
					"jitter_ms":	0.0062328302651376,
					"lost_packets":	65041,
					"packets":	82839,
					"lost_percent":	78.5149506874781,
					"omitted":	false,
					"sender":	false
				}],
			"sum":	{
				"start":	439.00154,
				"end":	440.001093,
				"seconds":	0.99955302476882935,
				"bytes":	23991704,
				"bits_per_second":	192019459.94249707,
				"jitter_ms":	0.0062328302651376,
				"lost_packets":	65041,
				"packets":	82839,
				"lost_percent":	78.5149506874781,
				"omitted":	false,
				"sender":	false
			}
		}, {
			"streams":	[{
					"socket":	5,
					"start":	440.001093,
					"end":	441.001099,
					"seconds":	1.0000059604644775,
					"bytes":	23940480,
					"bits_per_second":	191522698.43575934,
					"jitter_ms":	0.016934624454788664,
					"lost_packets":	66312,
					"packets":	84072,
					"lost_percent":	78.8752497858978,
					"omitted":	false,
					"sender":	false
				}],
			"sum":	{
				"start":	440.001093,
				"end":	441.001099,
				"seconds":	1.0000059604644775,
				"bytes":	23940480,
				"bits_per_second":	191522698.43575934,
				"jitter_ms":	0.016934624454788664,
				"lost_packets":	66312,
				"packets":	84072,
				"lost_percent":	78.8752497858978,
				"omitted":	false,
				"sender":	false
			}
		}, {
			"streams":	[{
					"socket":	5,
					"start":	441.001099,
					"end":	442.001098,
					"seconds":	0.99999898672103882,
					"bytes":	23991704,
					"bits_per_second":	191933826.4825083,
					"jitter_ms":	0.0072427838329277867,
					"lost_packets":	65042,
					"packets":	82840,
					"lost_percent":	78.515210043457273,
					"omitted":	false,
					"sender":	false
				}],
			"sum":	{
				"start":	441.001099,
				"end":	442.001098,
				"seconds":	0.99999898672103882,
				"bytes":	23991704,
				"bits_per_second":	191933826.4825083,
				"jitter_ms":	0.0072427838329277867,
				"lost_packets":	65042,
				"packets":	82840,
				"lost_percent":	78.515210043457273,
				"omitted":	false,
				"sender":	false
			}
		}, {
			"streams":	[{
					"socket":	5,
					"start":	442.001098,
					"end":	443.001097,
					"seconds":	0.99999898672103882,
					"bytes":	23457896,
					"bits_per_second":	187663358.1553326,
					"jitter_ms":	0.0059377886031495332,
					"lost_packets":	64381,
					"packets":	81783,
					"lost_percent":	78.7217392367607,
					"omitted":	false,
					"sender":	false
				}],
			"sum":	{
				"start":	442.001098,
				"end":	443.001097,
				"seconds":	0.99999898672103882,
				"bytes":	23457896,
				"bits_per_second":	187663358.1553326,
				"jitter_ms":	0.0059377886031495332,
				"lost_packets":	64381,
				"packets":	81783,
				"lost_percent":	78.7217392367607,
				"omitted":	false,
				"sender":	false
			}
		}, {
			"streams":	[{
					"socket":	5,
					"start":	443.001097,
					"end":	444.001099,
					"seconds":	1.0000020265579224,
					"bytes":	24370492,
					"bits_per_second":	194963540.89509162,
					"jitter_ms":	0.008116154489015856,
					"lost_packets":	67134,
					"packets":	85213,
					"lost_percent":	78.7837536526117,
					"omitted":	false,
					"sender":	false
				}],
			"sum":	{
				"start":	443.001097,
				"end":	444.001099,
				"seconds":	1.0000020265579224,
				"bytes":	24370492,
				"bits_per_second":	194963540.89509162,
				"jitter_ms":	0.008116154489015856,
				"lost_packets":	67134,
				"packets":	85213,
				"lost_percent":	78.7837536526117,
				"omitted":	false,
				"sender":	false
			}
		}, {
			"streams":	[{
					"socket":	5,
					"start":	444.001099,
					"end":	445.001086,
					"seconds":	0.999987006187439,
					"bytes":	23687056,
					"bits_per_second":	189498910.31332114,
					"jitter_ms":	0.0069946166074472925,
					"lost_packets":	64732,
					"packets":	82304,
					"lost_percent":	78.6498833592535,
					"omitted":	false,
					"sender":	false
				}],
			"sum":	{
				"start":	444.001099,
				"end":	445.001086,
				"seconds":	0.999987006187439,
				"bytes":	23687056,
				"bits_per_second":	189498910.31332114,
				"jitter_ms":	0.0069946166074472925,
				"lost_packets":	64732,
				"packets":	82304,
				"lost_percent":	78.6498833592535,
				"omitted":	false,
				"sender":	false
			}
		}, {
			"streams":	[{
					"socket":	5,
					"start":	445.001086,
					"end":	446.001103,
					"seconds":	1.0000170469284058,
					"bytes":	24505292,
					"bits_per_second":	196038994.13730219,
					"jitter_ms":	0.016654903281634426,
					"lost_packets":	67639,
					"packets":	85818,
					"lost_percent":	78.816798340674453,
					"omitted":	false,
					"sender":	false
				}],
			"sum":	{
				"start":	445.001086,
				"end":	446.001103,
				"seconds":	1.0000170469284058,
				"bytes":	24505292,
				"bits_per_second":	196038994.13730219,
				"jitter_ms":	0.016654903281634426,
				"lost_packets":	67639,
				"packets":	85818,
				"lost_percent":	78.816798340674453,
				"omitted":	false,
				"sender":	false
			}
		}, {
			"streams":	[{
					"socket":	5,
					"start":	446.001103,
					"end":	447.000911,
					"seconds":	0.99980801343917847,
					"bytes":	23719408,
					"bits_per_second":	189791701.456035,
					"jitter_ms":	0.014916807524089542,
					"lost_packets":	65196,
					"packets":	82792,
					"lost_percent":	78.746738815344472,
					"omitted":	false,
					"sender":	false
				}],
			"sum":	{
				"start":	446.001103,
				"end":	447.000911,
				"seconds":	0.99980801343917847,
				"bytes":	23719408,
				"bits_per_second":	189791701.456035,
				"jitter_ms":	0.014916807524089542,
				"lost_packets":	65196,
				"packets":	82792,
				"lost_percent":	78.746738815344472,
				"omitted":	false,
				"sender":	false
			}
		}, {
			"streams":	[{
					"socket":	5,
					"start":	447.000911,
					"end":	448.001086,
					"seconds":	1.0001749992370605,
					"bytes":	24331400,
					"bits_per_second":	194617142.14860508,
					"jitter_ms":	0.030751045291649036,
					"lost_packets":	66058,
					"packets":	84108,
					"lost_percent":	78.53949683739954,
					"omitted":	false,
					"sender":	false
				}],
			"sum":	{
				"start":	447.000911,
				"end":	448.001086,
				"seconds":	1.0001749992370605,
				"bytes":	24331400,
				"bits_per_second":	194617142.14860508,
				"jitter_ms":	0.030751045291649036,
				"lost_packets":	66058,
				"packets":	84108,
				"lost_percent":	78.53949683739954,
				"omitted":	false,
				"sender":	false
			}
		}, {
			"streams":	[{
					"socket":	5,
					"start":	448.001086,
					"end":	449.001101,
					"seconds":	1.0000150203704834,
					"bytes":	23677620,
					"bits_per_second":	189418114.8697384,
					"jitter_ms":	0.019414187078358,
					"lost_packets":	65234,
					"packets":	82799,
					"lost_percent":	78.785975676034738,
					"omitted":	false,
					"sender":	false
				}],
			"sum":	{
				"start":	448.001086,
				"end":	449.001101,
				"seconds":	1.0000150203704834,
				"bytes":	23677620,
				"bits_per_second":	189418114.8697384,
				"jitter_ms":	0.019414187078358,
				"lost_packets":	65234,
				"packets":	82799,
				"lost_percent":	78.785975676034738,
				"omitted":	false,
				"sender":	false
			}
		}, {
			"streams":	[{
					"socket":	5,
					"start":	449.001101,
					"end":	450.000468,
					"seconds":	0.99936699867248535,
					"bytes":	24025404,
					"bits_per_second":	192324973.96383333,
					"jitter_ms":	0.00850298485180232,
					"lost_packets":	64992,
					"packets":	82815,
					"lost_percent":	78.4785364970114,
					"omitted":	false,
					"sender":	false
				}],
			"sum":	{
				"start":	449.001101,
				"end":	450.000468,
				"seconds":	0.99936699867248535,
				"bytes":	24025404,
				"bits_per_second":	192324973.96383333,
				"jitter_ms":	0.00850298485180232,
				"lost_packets":	64992,
				"packets":	82815,
				"lost_percent":	78.4785364970114,
				"omitted":	false,
				"sender":	false
			}
		}, {
			"streams":	[{
					"socket":	5,
					"start":	450.000468,
					"end":	451.001105,
					"seconds":	1.0006370544433594,
					"bytes":	24036188,
					"bits_per_second":	192167083.10584,
					"jitter_ms":	0.0063544740938294639,
					"lost_packets":	65640,
					"packets":	83471,
					"lost_percent":	78.638089875525637,
					"omitted":	false,
					"sender":	false
				}],
			"sum":	{
				"start":	450.000468,
				"end":	451.001105,
				"seconds":	1.0006370544433594,
				"bytes":	24036188,
				"bits_per_second":	192167083.10584,
				"jitter_ms":	0.0063544740938294639,
				"lost_packets":	65640,
				"packets":	83471,
				"lost_percent":	78.638089875525637,
				"omitted":	false,
				"sender":	false
			}
		}, {
			"streams":	[{
					"socket":	5,
					"start":	451.001105,
					"end":	452.001092,
					"seconds":	0.999987006187439,
					"bytes":	23993052,
					"bits_per_second":	191946910.12217179,
					"jitter_ms":	0.014993563596189131,
					"lost_packets":	66287,
					"packets":	84086,
					"lost_percent":	78.832385890635777,
					"omitted":	false,
					"sender":	false
				}],
			"sum":	{
				"start":	451.001105,
				"end":	452.001092,
				"seconds":	0.999987006187439,
				"bytes":	23993052,
				"bits_per_second":	191946910.12217179,
				"jitter_ms":	0.014993563596189131,
				"lost_packets":	66287,
				"packets":	84086,
				"lost_percent":	78.832385890635777,
				"omitted":	false,
				"sender":	false
			}
		}, {
			"streams":	[{
					"socket":	5,
					"start":	452.001092,
					"end":	453.0011,
					"seconds":	1.0000079870224,
					"bytes":	23909476,
					"bits_per_second":	191274280.28803882,
					"jitter_ms":	0.0051801450163197647,
					"lost_packets":	64999,
					"packets":	82736,
					"lost_percent":	78.561931928060332,
					"omitted":	false,
					"sender":	false
				}],
			"sum":	{
				"start":	452.001092,
				"end":	453.0011,
				"seconds":	1.0000079870224,
				"bytes":	23909476,
				"bits_per_second":	191274280.28803882,
				"jitter_ms":	0.0051801450163197647,
				"lost_packets":	64999,
				"packets":	82736,
				"lost_percent":	78.561931928060332,
				"omitted":	false,
				"sender":	false
			}
		}, {
			"streams":	[{
					"socket":	5,
					"start":	453.0011,
					"end":	454.000653,
					"seconds":	0.99955302476882935,
					"bytes":	24145376,
					"bits_per_second":	193249385.68884185,
					"jitter_ms":	0.0067401240029108323,
					"lost_packets":	65641,
					"packets":	83553,
					"lost_percent":	78.562110277309,
					"omitted":	false,
					"sender":	false
				}],
			"sum":	{
				"start":	453.0011,
				"end":	454.000653,
				"seconds":	0.99955302476882935,
				"bytes":	24145376,
				"bits_per_second":	193249385.68884185,
				"jitter_ms":	0.0067401240029108323,
				"lost_packets":	65641,
				"packets":	83553,
				"lost_percent":	78.562110277309,
				"omitted":	false,
				"sender":	false
			}
		}, {
			"streams":	[{
					"socket":	5,
					"start":	454.000653,
					"end":	455.001408,
					"seconds":	1.0007549524307251,
					"bytes":	24036188,
					"bits_per_second":	192144444.0848878,
					"jitter_ms":	0.02202001901807692,
					"lost_packets":	65423,
					"packets":	83254,
					"lost_percent":	78.582410454752932,
					"omitted":	false,
					"sender":	false
				}],
			"sum":	{
				"start":	454.000653,
				"end":	455.001408,
				"seconds":	1.0007549524307251,
				"bytes":	24036188,
				"bits_per_second":	192144444.0848878,
				"jitter_ms":	0.02202001901807692,
				"lost_packets":	65423,
				"packets":	83254,
				"lost_percent":	78.582410454752932,
				"omitted":	false,
				"sender":	false
			}
		}, {
			"streams":	[{
					"socket":	5,
					"start":	455.001408,
					"end":	456.001104,
					"seconds":	0.99969601631164551,
					"bytes":	23986312,
					"bits_per_second":	191948845.31797513,
					"jitter_ms":	0.014249982568127392,
					"lost_packets":	66504,
					"packets":	84298,
					"lost_percent":	78.891551400982223,
					"omitted":	false,
					"sender":	false
				}],
			"sum":	{
				"start":	455.001408,
				"end":	456.001104,
				"seconds":	0.99969601631164551,
				"bytes":	23986312,
				"bits_per_second":	191948845.31797513,
				"jitter_ms":	0.014249982568127392,
				"lost_packets":	66504,
				"packets":	84298,
				"lost_percent":	78.891551400982223,
				"omitted":	false,
				"sender":	false
			}
		}, {
			"streams":	[{
					"socket":	5,
					"start":	456.001104,
					"end":	457.000155,
					"seconds":	0.99905097484588623,
					"bytes":	24010576,
					"bits_per_second":	192267074.2898089,
					"jitter_ms":	0.00783693266518838,
					"lost_packets":	65010,
					"packets":	82822,
					"lost_percent":	78.493636956364256,
					"omitted":	false,
					"sender":	false
				}],
			"sum":	{
				"start":	456.001104,
				"end":	457.000155,
				"seconds":	0.99905097484588623,
				"bytes":	24010576,
				"bits_per_second":	192267074.2898089,
				"jitter_ms":	0.00783693266518838,
				"lost_packets":	65010,
				"packets":	82822,
				"lost_percent":	78.493636956364256,
				"omitted":	false,
				"sender":	false
			}
		}, {
			"streams":	[{
					"socket":	5,
					"start":	457.000155,
					"end":	458.00109,
					"seconds":	1.0009349584579468,
					"bytes":	23972832,
					"bits_per_second":	191603514.6733838,
					"jitter_ms":	0.015176271574062147,
					"lost_packets":	66305,
					"packets":	84089,
					"lost_percent":	78.8509793195305,
					"omitted":	false,
					"sender":	false
				}],
			"sum":	{
				"start":	457.000155,
				"end":	458.00109,
				"seconds":	1.0009349584579468,
				"bytes":	23972832,
				"bits_per_second":	191603514.6733838,
				"jitter_ms":	0.015176271574062147,
				"lost_packets":	66305,
				"packets":	84089,
				"lost_percent":	78.8509793195305,
				"omitted":	false,
				"sender":	false
			}
		}, {
			"streams":	[{
					"socket":	5,
					"start":	458.00109,
					"end":	459.0012,
					"seconds":	1.0001100301742554,
					"bytes":	23927000,
					"bits_per_second":	191394940.78131422,
					"jitter_ms":	0.00784359727905887,
					"lost_packets":	65070,
					"packets":	82820,
					"lost_percent":	78.567978749094422,
					"omitted":	false,
					"sender":	false
				}],
			"sum":	{
				"start":	458.00109,
				"end":	459.0012,
				"seconds":	1.0001100301742554,
				"bytes":	23927000,
				"bits_per_second":	191394940.78131422,
				"jitter_ms":	0.00784359727905887,
				"lost_packets":	65070,
				"packets":	82820,
				"lost_percent":	78.567978749094422,
				"omitted":	false,
				"sender":	false
			}
		}, {
			"streams":	[{
					"socket":	5,
					"start":	459.0012,
					"end":	460.000454,
					"seconds":	0.99925398826599121,
					"bytes":	23304224,
					"bits_per_second":	186572977.63056135,
					"jitter_ms":	0.011371177900220844,
					"lost_packets":	64227,
					"packets":	81515,
					"lost_percent":	78.79163344169784,
					"omitted":	false,
					"sender":	false
				}],
			"sum":	{
				"start":	459.0012,
				"end":	460.000454,
				"seconds":	0.99925398826599121,
				"bytes":	23304224,
				"bits_per_second":	186572977.63056135,
				"jitter_ms":	0.011371177900220844,
				"lost_packets":	64227,
				"packets":	81515,
				"lost_percent":	78.79163344169784,
				"omitted":	false,
				"sender":	false
			}
		}, {
			"streams":	[{
					"socket":	5,
					"start":	460.000454,
					"end":	461.001094,
					"seconds":	1.0006400346755981,
					"bytes":	22821640,
					"bits_per_second":	182456341.61458388,
					"jitter_ms":	0.0063489455196133115,
					"lost_packets":	61796,
					"packets":	78726,
					"lost_percent":	78.495033407006574,
					"omitted":	false,
					"sender":	false
				}],
			"sum":	{
				"start":	460.000454,
				"end":	461.001094,
				"seconds":	1.0006400346755981,
				"bytes":	22821640,
				"bits_per_second":	182456341.61458388,
				"jitter_ms":	0.0063489455196133115,
				"lost_packets":	61796,
				"packets":	78726,
				"lost_percent":	78.495033407006574,
				"omitted":	false,
				"sender":	false
			}
		}, {
			"streams":	[{
					"socket":	5,
					"start":	461.001094,
					"end":	462.000398,
					"seconds":	0.99930399656295776,
					"bytes":	23820508,
					"bits_per_second":	190696789.62100914,
					"jitter_ms":	0.00714080176307865,
					"lost_packets":	67463,
					"packets":	85134,
					"lost_percent":	79.2433105457279,
					"omitted":	false,
					"sender":	false
				}],
			"sum":	{
				"start":	461.001094,
				"end":	462.000398,
				"seconds":	0.99930399656295776,
				"bytes":	23820508,
				"bits_per_second":	190696789.62100914,
				"jitter_ms":	0.00714080176307865,
				"lost_packets":	67463,
				"packets":	85134,
				"lost_percent":	79.2433105457279,
				"omitted":	false,
				"sender":	false
			}
		}, {
			"streams":	[{
					"socket":	5,
					"start":	462.000398,
					"end":	463.001087,
					"seconds":	1.0006890296936035,
					"bytes":	23994400,
					"bits_per_second":	191823028.23762733,
					"jitter_ms":	0.0045541566172020119,
					"lost_packets":	68803,
					"packets":	86603,
					"lost_percent":	79.4464394997864,
					"omitted":	false,
					"sender":	false
				}],
			"sum":	{
				"start":	462.000398,
				"end":	463.001087,
				"seconds":	1.0006890296936035,
				"bytes":	23994400,
				"bits_per_second":	191823028.23762733,
				"jitter_ms":	0.0045541566172020119,
				"lost_packets":	68803,
				"packets":	86603,
				"lost_percent":	79.4464394997864,
				"omitted":	false,
				"sender":	false
			}
		}, {
			"streams":	[{
					"socket":	5,
					"start":	463.001087,
					"end":	464.000342,
					"seconds":	0.99925500154495239,
					"bytes":	24192556,
					"bits_per_second":	193684742.83417776,
					"jitter_ms":	0.0085414304931496834,
					"lost_packets":	67265,
					"packets":	85212,
					"lost_percent":	78.938412430174154,
					"omitted":	false,
					"sender":	false
				}],
			"sum":	{
				"start":	463.001087,
				"end":	464.000342,
				"seconds":	0.99925500154495239,
				"bytes":	24192556,
				"bits_per_second":	193684742.83417776,
				"jitter_ms":	0.0085414304931496834,
				"lost_packets":	67265,
				"packets":	85212,
				"lost_percent":	78.938412430174154,
				"omitted":	false,
				"sender":	false
			}
		}, {
			"streams":	[{
					"socket":	5,
					"start":	464.000342,
					"end":	465.001097,
					"seconds":	1.0007549524307251,
					"bytes":	24053712,
					"bits_per_second":	192284530.32643923,
					"jitter_ms":	0.0122479085900145,
					"lost_packets":	65511,
					"packets":	83355,
					"lost_percent":	78.592765880870971,
					"omitted":	false,
					"sender":	false
				}],
			"sum":	{
				"start":	464.000342,
				"end":	465.001097,
				"seconds":	1.0007549524307251,
				"bytes":	24053712,
				"bits_per_second":	192284530.32643923,
				"jitter_ms":	0.0122479085900145,
				"lost_packets":	65511,
				"packets":	83355,
				"lost_percent":	78.592765880870971,
				"omitted":	false,
				"sender":	false
			}
		}, {
			"streams":	[{
					"socket":	5,
					"start":	465.001097,
					"end":	466.000611,
					"seconds":	0.99951398372650146,
					"bytes":	24017316,
					"bits_per_second":	192231955.85883385,
					"jitter_ms":	0.0076802199239259985,
					"lost_packets":	65832,
					"packets":	83649,
					"lost_percent":	78.700283326758239,
					"omitted":	false,
					"sender":	false
				}],
			"sum":	{
				"start":	465.001097,
				"end":	466.000611,
				"seconds":	0.99951398372650146,
				"bytes":	24017316,
				"bits_per_second":	192231955.85883385,
				"jitter_ms":	0.0076802199239259985,
				"lost_packets":	65832,
				"packets":	83649,
				"lost_percent":	78.700283326758239,
				"omitted":	false,
				"sender":	false
			}
		}, {
			"streams":	[{
					"socket":	5,
					"start":	466.000611,
					"end":	467.001088,
					"seconds":	1.0004769563674927,
					"bytes":	23953960,
					"bits_per_second":	191540323.62301639,
					"jitter_ms":	0.0073306785746213646,
					"lost_packets":	65694,
					"packets":	83464,
					"lost_percent":	78.709383686379752,
					"omitted":	false,
					"sender":	false
				}],
			"sum":	{
				"start":	466.000611,
				"end":	467.001088,
				"seconds":	1.0004769563674927,
				"bytes":	23953960,
				"bits_per_second":	191540323.62301639,
				"jitter_ms":	0.0073306785746213646,
				"lost_packets":	65694,
				"packets":	83464,
				"lost_percent":	78.709383686379752,
				"omitted":	false,
				"sender":	false
			}
		}, {
			"streams":	[{
					"socket":	5,
					"start":	467.001088,
					"end":	468.0011,
					"seconds":	1.0000120401382446,
					"bytes":	23991704,
					"bits_per_second":	191931321.12036023,
					"jitter_ms":	0.014664619374955197,
					"lost_packets":	66288,
					"packets":	84086,
					"lost_percent":	78.833575149251956,
					"omitted":	false,
					"sender":	false
				}],
			"sum":	{
				"start":	467.001088,
				"end":	468.0011,
				"seconds":	1.0000120401382446,
				"bytes":	23991704,
				"bits_per_second":	191931321.12036023,
				"jitter_ms":	0.014664619374955197,
				"lost_packets":	66288,
				"packets":	84086,
				"lost_percent":	78.833575149251956,
				"omitted":	false,
				"sender":	false
			}
		}, {
			"streams":	[{
					"socket":	5,
					"start":	468.0011,
					"end":	469.001085,
					"seconds":	0.9999849796295166,
					"bytes":	23925652,
					"bits_per_second":	191408091.02044064,
					"jitter_ms":	0.00839366246246503,
					"lost_packets":	66067,
					"packets":	83816,
					"lost_percent":	78.823852247780849,
					"omitted":	false,
					"sender":	false
				}],
			"sum":	{
				"start":	468.0011,
				"end":	469.001085,
				"seconds":	0.9999849796295166,
				"bytes":	23925652,
				"bits_per_second":	191408091.02044064,
				"jitter_ms":	0.00839366246246503,
				"lost_packets":	66067,
				"packets":	83816,
				"lost_percent":	78.823852247780849,
				"omitted":	false,
				"sender":	false
			}
		}, {
			"streams":	[{
					"socket":	5,
					"start":	469.001085,
					"end":	470.000625,
					"seconds":	0.99953997135162354,
					"bytes":	23976876,
					"bits_per_second":	191903289.01066259,
					"jitter_ms":	0.014880837087335929,
					"lost_packets":	65311,
					"packets":	83098,
					"lost_percent":	78.5951527112566,
					"omitted":	false,
					"sender":	false
				}],
			"sum":	{
				"start":	469.001085,
				"end":	470.000625,
				"seconds":	0.99953997135162354,
				"bytes":	23976876,
				"bits_per_second":	191903289.01066259,
				"jitter_ms":	0.014880837087335929,
				"lost_packets":	65311,
				"packets":	83098,
				"lost_percent":	78.5951527112566,
				"omitted":	false,
				"sender":	false
			}
		}, {
			"streams":	[{
					"socket":	5,
					"start":	470.000625,
					"end":	471.001101,
					"seconds":	1.0004760026931763,
					"bytes":	24003836,
					"bits_per_second":	191939324.364676,
					"jitter_ms":	0.0063083941151492575,
					"lost_packets":	65017,
					"packets":	82824,
					"lost_percent":	78.500193180720558,
					"omitted":	false,
					"sender":	false
				}],
			"sum":	{
				"start":	470.000625,
				"end":	471.001101,
				"seconds":	1.0004760026931763,
				"bytes":	24003836,
				"bits_per_second":	191939324.364676,
				"jitter_ms":	0.0063083941151492575,
				"lost_packets":	65017,
				"packets":	82824,
				"lost_percent":	78.500193180720558,
				"omitted":	false,
				"sender":	false
			}
		}, {
			"streams":	[{
					"socket":	5,
					"start":	471.001101,
					"end":	472.001102,
					"seconds":	1.0000009536743164,
					"bytes":	24005184,
					"bits_per_second":	192041288.85515514,
					"jitter_ms":	0.0055231668832141159,
					"lost_packets":	65656,
					"packets":	83464,
					"lost_percent":	78.663855075242026,
					"omitted":	false,
					"sender":	false
				}],
			"sum":	{
				"start":	471.001101,
				"end":	472.001102,
				"seconds":	1.0000009536743164,
				"bytes":	24005184,
				"bits_per_second":	192041288.85515514,
				"jitter_ms":	0.0055231668832141159,
				"lost_packets":	65656,
				"packets":	83464,
				"lost_percent":	78.663855075242026,
				"omitted":	false,
				"sender":	false
			}
		}, {
			"streams":	[{
					"socket":	5,
					"start":	472.001102,
					"end":	473.001142,
					"seconds":	1.0000400543212891,
					"bytes":	24018664,
					"bits_per_second":	192141615.89798382,
					"jitter_ms":	0.0070716297808259979,
					"lost_packets":	65626,
					"packets":	83444,
					"lost_percent":	78.6467571065625,
					"omitted":	false,
					"sender":	false
				}],
			"sum":	{
				"start":	472.001102,
				"end":	473.001142,
				"seconds":	1.0000400543212891,
				"bytes":	24018664,
				"bits_per_second":	192141615.89798382,
				"jitter_ms":	0.0070716297808259979,
				"lost_packets":	65626,
				"packets":	83444,
				"lost_percent":	78.6467571065625,
				"omitted":	false,
				"sender":	false
			}
		}, {
			"streams":	[{
					"socket":	5,
					"start":	473.001142,
					"end":	474.001088,
					"seconds":	0.9999459981918335,
					"bytes":	24042928,
					"bits_per_second":	192353811.45362622,
					"jitter_ms":	0.0072553737757634863,
					"lost_packets":	65631,
					"packets":	83467,
					"lost_percent":	78.6310757544898,
					"omitted":	false,
					"sender":	false
				}],
			"sum":	{
				"start":	473.001142,
				"end":	474.001088,
				"seconds":	0.9999459981918335,
				"bytes":	24042928,
				"bits_per_second":	192353811.45362622,
				"jitter_ms":	0.0072553737757634863,
				"lost_packets":	65631,
				"packets":	83467,
				"lost_percent":	78.6310757544898,
				"omitted":	false,
				"sender":	false
			}
		}, {
			"streams":	[{
					"socket":	5,
					"start":	474.001088,
					"end":	475.001102,
					"seconds":	1.0000139474868774,
					"bytes":	24069888,
					"bits_per_second":	192556418.32188228,
					"jitter_ms":	0.0064333328422123354,
					"lost_packets":	65441,
					"packets":	83297,
					"lost_percent":	78.5634536657983,
					"omitted":	false,
					"sender":	false
				}],
			"sum":	{
				"start":	474.001088,
				"end":	475.001102,
				"seconds":	1.0000139474868774,
				"bytes":	24069888,
				"bits_per_second":	192556418.32188228,
				"jitter_ms":	0.0064333328422123354,
				"lost_packets":	65441,
				"packets":	83297,
				"lost_percent":	78.5634536657983,
				"omitted":	false,
				"sender":	false
			}
		}, {
			"streams":	[{
					"socket":	5,
					"start":	475.001102,
					"end":	476.003861,
					"seconds":	1.0027589797973633,
					"bytes":	24049668,
					"bits_per_second":	191867984.108085,
					"jitter_ms":	0.0097417720497567327,
					"lost_packets":	65669,
					"packets":	83510,
					"lost_percent":	78.6360914860496,
					"omitted":	false,
					"sender":	false
				}],
			"sum":	{
				"start":	475.001102,
				"end":	476.003861,
				"seconds":	1.0027589797973633,
				"bytes":	24049668,
				"bits_per_second":	191867984.108085,
				"jitter_ms":	0.0097417720497567327,
				"lost_packets":	65669,
				"packets":	83510,
				"lost_percent":	78.6360914860496,
				"omitted":	false,
				"sender":	false
			}
		}, {
			"streams":	[{
					"socket":	5,
					"start":	476.003861,
					"end":	477.001083,
					"seconds":	0.99722200632095337,
					"bytes":	23972832,
					"bits_per_second":	192316911.16358623,
					"jitter_ms":	0.0060024224288182,
					"lost_packets":	65785,
					"packets":	83569,
					"lost_percent":	78.7193815888667,
					"omitted":	false,
					"sender":	false
				}],
			"sum":	{
				"start":	476.003861,
				"end":	477.001083,
				"seconds":	0.99722200632095337,
				"bytes":	23972832,
				"bits_per_second":	192316911.16358623,
				"jitter_ms":	0.0060024224288182,
				"lost_packets":	65785,
				"packets":	83569,
				"lost_percent":	78.7193815888667,
				"omitted":	false,
				"sender":	false
			}
		}, {
			"streams":	[{
					"socket":	5,
					"start":	477.001083,
					"end":	478.001726,
					"seconds":	1.0006430149078369,
					"bytes":	23959352,
					"bits_per_second":	191551645.43636373,
					"jitter_ms":	0.006498683907680867,
					"lost_packets":	65672,
					"packets":	83446,
					"lost_percent":	78.6999976032404,
					"omitted":	false,
					"sender":	false
				}],
			"sum":	{
				"start":	477.001083,
				"end":	478.001726,
				"seconds":	1.0006430149078369,
				"bytes":	23959352,
				"bits_per_second":	191551645.43636373,
				"jitter_ms":	0.006498683907680867,
				"lost_packets":	65672,
				"packets":	83446,
				"lost_percent":	78.6999976032404,
				"omitted":	false,
				"sender":	false
			}
		}, {
			"streams":	[{
					"socket":	5,
					"start":	478.001726,
					"end":	479.001172,
					"seconds":	0.99944597482681274,
					"bytes":	24214124,
					"bits_per_second":	193820373.36592126,
					"jitter_ms":	0.0074207659814499683,
					"lost_packets":	67517,
					"packets":	85480,
					"lost_percent":	78.985727655591958,
					"omitted":	false,
					"sender":	false
				}],
			"sum":	{
				"start":	478.001726,
				"end":	479.001172,
				"seconds":	0.99944597482681274,
				"bytes":	24214124,
				"bits_per_second":	193820373.36592126,
				"jitter_ms":	0.0074207659814499683,
				"lost_packets":	67517,
				"packets":	85480,
				"lost_percent":	78.985727655591958,
				"omitted":	false,
				"sender":	false
			}
		}, {
			"streams":	[{
					"socket":	5,
					"start":	479.001172,
					"end":	480.001098,
					"seconds":	0.999925971031189,
					"bytes":	23618308,
					"bits_per_second":	188960452.54744816,
					"jitter_ms":	0.00815655924451173,
					"lost_packets":	64651,
					"packets":	82172,
					"lost_percent":	78.677651754855674,
					"omitted":	false,
					"sender":	false
				}],
			"sum":	{
				"start":	479.001172,
				"end":	480.001098,
				"seconds":	0.999925971031189,
				"bytes":	23618308,
				"bits_per_second":	188960452.54744816,
				"jitter_ms":	0.00815655924451173,
				"lost_packets":	64651,
				"packets":	82172,
				"lost_percent":	78.677651754855674,
				"omitted":	false,
				"sender":	false
			}
		}, {
			"streams":	[{
					"socket":	5,
					"start":	480.001098,
					"end":	481.001086,
					"seconds":	0.9999880194664,
					"bytes":	23838032,
					"bits_per_second":	190706540.76611936,
					"jitter_ms":	0.0060698026880610422,
					"lost_packets":	64120,
					"packets":	81804,
					"lost_percent":	78.382475184587548,
					"omitted":	false,
					"sender":	false
				}],
			"sum":	{
				"start":	480.001098,
				"end":	481.001086,
				"seconds":	0.9999880194664,
				"bytes":	23838032,
				"bits_per_second":	190706540.76611936,
				"jitter_ms":	0.0060698026880610422,
				"lost_packets":	64120,
				"packets":	81804,
				"lost_percent":	78.382475184587548,
				"omitted":	false,
				"sender":	false
			}
		}, {
			"streams":	[{
					"socket":	5,
					"start":	481.001086,
					"end":	482.00012,
					"seconds":	0.99903398752212524,
					"bytes":	24175032,
					"bits_per_second":	193587263.71230373,
					"jitter_ms":	0.0076388489259270479,
					"lost_packets":	66521,
					"packets":	84455,
					"lost_percent":	78.7650227932035,
					"omitted":	false,
					"sender":	false
				}],
			"sum":	{
				"start":	481.001086,
				"end":	482.00012,
				"seconds":	0.99903398752212524,
				"bytes":	24175032,
				"bits_per_second":	193587263.71230373,
				"jitter_ms":	0.0076388489259270479,
				"lost_packets":	66521,
				"packets":	84455,
				"lost_percent":	78.7650227932035,
				"omitted":	false,
				"sender":	false
			}
		}, {
			"streams":	[{
					"socket":	5,
					"start":	482.00012,
					"end":	483.001099,
					"seconds":	1.000978946685791,
					"bytes":	24416324,
					"bits_per_second":	195139560.77371386,
					"jitter_ms":	0.00672429534665341,
					"lost_packets":	66605,
					"packets":	84718,
					"lost_percent":	78.619655799239837,
					"omitted":	false,
					"sender":	false
				}],
			"sum":	{
				"start":	482.00012,
				"end":	483.001099,
				"seconds":	1.000978946685791,
				"bytes":	24416324,
				"bits_per_second":	195139560.77371386,
				"jitter_ms":	0.00672429534665341,
				"lost_packets":	66605,
				"packets":	84718,
				"lost_percent":	78.619655799239837,
				"omitted":	false,
				"sender":	false
			}
		}, {
			"streams":	[{
					"socket":	5,
					"start":	483.001099,
					"end":	484.001106,
					"seconds":	1.0000070333480835,
					"bytes":	23664140,
					"bits_per_second":	189311788.50429514,
					"jitter_ms":	0.0073697864548103818,
					"lost_packets":	64563,
					"packets":	82118,
					"lost_percent":	78.622226552034874,
					"omitted":	false,
					"sender":	false
				}],
			"sum":	{
				"start":	483.001099,
				"end":	484.001106,
				"seconds":	1.0000070333480835,
				"bytes":	23664140,
				"bits_per_second":	189311788.50429514,
				"jitter_ms":	0.0073697864548103818,
				"lost_packets":	64563,
				"packets":	82118,
				"lost_percent":	78.622226552034874,
				"omitted":	false,
				"sender":	false
			}
		}, {
			"streams":	[{
					"socket":	5,
					"start":	484.001106,
					"end":	485.001093,
					"seconds":	0.999987006187439,
					"bytes":	24001140,
					"bits_per_second":	192011614.96293437,
					"jitter_ms":	0.0055087477189258247,
					"lost_packets":	66173,
					"packets":	83978,
					"lost_percent":	78.798018528662269,
					"omitted":	false,
					"sender":	false
				}],
			"sum":	{
				"start":	484.001106,
				"end":	485.001093,
				"seconds":	0.999987006187439,
				"bytes":	24001140,
				"bits_per_second":	192011614.96293437,
				"jitter_ms":	0.0055087477189258247,
				"lost_packets":	66173,
				"packets":	83978,
				"lost_percent":	78.798018528662269,
				"omitted":	false,
				"sender":	false
			}
		}, {
			"streams":	[{
					"socket":	5,
					"start":	485.001093,
					"end":	486.001099,
					"seconds":	1.0000059604644775,
					"bytes":	24009228,
					"bits_per_second":	192072679.15761876,
					"jitter_ms":	0.0066262179749404237,
					"lost_packets":	65126,
					"packets":	82937,
					"lost_percent":	78.524663298648377,
					"omitted":	false,
					"sender":	false
				}],
			"sum":	{
				"start":	485.001093,
				"end":	486.001099,
				"seconds":	1.0000059604644775,
				"bytes":	24009228,
				"bits_per_second":	192072679.15761876,
				"jitter_ms":	0.0066262179749404237,
				"lost_packets":	65126,
				"packets":	82937,
				"lost_percent":	78.524663298648377,
				"omitted":	false,
				"sender":	false
			}
		}, {
			"streams":	[{
					"socket":	5,
					"start":	486.001099,
					"end":	487.001088,
					"seconds":	0.99998897314071655,
					"bytes":	24042928,
					"bits_per_second":	192345544.96725816,
					"jitter_ms":	0.014963042505555534,
					"lost_packets":	66250,
					"packets":	84086,
					"lost_percent":	78.788383321837173,
					"omitted":	false,
					"sender":	false
				}],
			"sum":	{
				"start":	486.001099,
				"end":	487.001088,
				"seconds":	0.99998897314071655,
				"bytes":	24042928,
				"bits_per_second":	192345544.96725816,
				"jitter_ms":	0.014963042505555534,
				"lost_packets":	66250,
				"packets":	84086,
				"lost_percent":	78.788383321837173,
				"omitted":	false,
				"sender":	false
			}
		}, {
			"streams":	[{
					"socket":	5,
					"start":	487.001088,
					"end":	488.000277,
					"seconds":	0.999189019203186,
					"bytes":	23979572,
					"bits_per_second":	191992278.05063564,
					"jitter_ms":	0.0059567589490018081,
					"lost_packets":	65040,
					"packets":	82829,
					"lost_percent":	78.5232225428292,
					"omitted":	false,
					"sender":	false
				}],
			"sum":	{
				"start":	487.001088,
				"end":	488.000277,
				"seconds":	0.999189019203186,
				"bytes":	23979572,
				"bits_per_second":	191992278.05063564,
				"jitter_ms":	0.0059567589490018081,
				"lost_packets":	65040,
				"packets":	82829,
				"lost_percent":	78.5232225428292,
				"omitted":	false,
				"sender":	false
			}
		}, {
			"streams":	[{
					"socket":	5,
					"start":	488.000277,
					"end":	489.000787,
					"seconds":	1.0005099773406982,
					"bytes":	23901388,
					"bits_per_second":	191113640.373911,
					"jitter_ms":	0.013856393477059527,
					"lost_packets":	66355,
					"packets":	84086,
					"lost_percent":	78.913255476535923,
					"omitted":	false,
					"sender":	false
				}],
			"sum":	{
				"start":	488.000277,
				"end":	489.000787,
				"seconds":	1.0005099773406982,
				"bytes":	23901388,
				"bits_per_second":	191113640.373911,
				"jitter_ms":	0.013856393477059527,
				"lost_packets":	66355,
				"packets":	84086,
				"lost_percent":	78.913255476535923,
				"omitted":	false,
				"sender":	false
			}
		}, {
			"streams":	[{
					"socket":	5,
					"start":	489.000787,
					"end":	490.000647,
					"seconds":	0.99985998868942261,
					"bytes":	24017316,
					"bits_per_second":	192165433.33416879,
					"jitter_ms":	0.01507755821859539,
					"lost_packets":	65639,
					"packets":	83456,
					"lost_percent":	78.651025690184042,
					"omitted":	false,
					"sender":	false
				}],
			"sum":	{
				"start":	489.000787,
				"end":	490.000647,
				"seconds":	0.99985998868942261,
				"bytes":	24017316,
				"bits_per_second":	192165433.33416879,
				"jitter_ms":	0.01507755821859539,
				"lost_packets":	65639,
				"packets":	83456,
				"lost_percent":	78.651025690184042,
				"omitted":	false,
				"sender":	false
			}
		}, {
			"streams":	[{
					"socket":	5,
					"start":	490.000647,
					"end":	491.001102,
					"seconds":	1.0004550218582153,
					"bytes":	23998444,
					"bits_per_second":	191900233.1992977,
					"jitter_ms":	0.0073548921879619082,
					"lost_packets":	65018,
					"packets":	82821,
					"lost_percent":	78.5042440926818,
					"omitted":	false,
					"sender":	false
				}],
			"sum":	{
				"start":	490.000647,
				"end":	491.001102,
				"seconds":	1.0004550218582153,
				"bytes":	23998444,
				"bits_per_second":	191900233.1992977,
				"jitter_ms":	0.0073548921879619082,
				"lost_packets":	65018,
				"packets":	82821,
				"lost_percent":	78.5042440926818,
				"omitted":	false,
				"sender":	false
			}
		}, {
			"streams":	[{
					"socket":	5,
					"start":	491.001102,
					"end":	492.001097,
					"seconds":	0.999994993209839,
					"bytes":	23893300,
					"bits_per_second":	191147357.03470653,
					"jitter_ms":	0.0322557961438436,
					"lost_packets":	65684,
					"packets":	83409,
					"lost_percent":	78.749295639559278,
					"omitted":	false,
					"sender":	false
				}],
			"sum":	{
				"start":	491.001102,
				"end":	492.001097,
				"seconds":	0.999994993209839,
				"bytes":	23893300,
				"bits_per_second":	191147357.03470653,
				"jitter_ms":	0.0322557961438436,
				"lost_packets":	65684,
				"packets":	83409,
				"lost_percent":	78.749295639559278,
				"omitted":	false,
				"sender":	false
			}
		}, {
			"streams":	[{
					"socket":	5,
					"start":	492.001097,
					"end":	493.001101,
					"seconds":	1.0000040531158447,
					"bytes":	23994400,
					"bits_per_second":	191954421.98649079,
					"jitter_ms":	0.00804007900626384,
					"lost_packets":	65707,
					"packets":	83507,
					"lost_percent":	78.6844216652496,
					"omitted":	false,
					"sender":	false
				}],
			"sum":	{
				"start":	492.001097,
				"end":	493.001101,
				"seconds":	1.0000040531158447,
				"bytes":	23994400,
				"bits_per_second":	191954421.98649079,
				"jitter_ms":	0.00804007900626384,
				"lost_packets":	65707,
				"packets":	83507,
				"lost_percent":	78.6844216652496,
				"omitted":	false,
				"sender":	false
			}
		}, {
			"streams":	[{
					"socket":	5,
					"start":	493.001101,
					"end":	494.000225,
					"seconds":	0.999123990535736,
					"bytes":	24005184,
					"bits_per_second":	192209849.64741588,
					"jitter_ms":	0.017105490431904811,
					"lost_packets":	66279,
					"packets":	84087,
					"lost_percent":	78.821934425059766,
					"omitted":	false,
					"sender":	false
				}],
			"sum":	{
				"start":	493.001101,
				"end":	494.000225,
				"seconds":	0.999123990535736,
				"bytes":	24005184,
				"bits_per_second":	192209849.64741588,
				"jitter_ms":	0.017105490431904811,
				"lost_packets":	66279,
				"packets":	84087,
				"lost_percent":	78.821934425059766,
				"omitted":	false,
				"sender":	false
			}
		}, {
			"streams":	[{
					"socket":	5,
					"start":	494.000225,
					"end":	495.001087,
					"seconds":	1.0008620023727417,
					"bytes":	23991704,
					"bits_per_second":	191768327.24689648,
					"jitter_ms":	0.0031660785072879054,
					"lost_packets":	65454,
					"packets":	83252,
					"lost_percent":	78.621534617786963,
					"omitted":	false,
					"sender":	false
				}],
			"sum":	{
				"start":	494.000225,
				"end":	495.001087,
				"seconds":	1.0008620023727417,
				"bytes":	23991704,
				"bits_per_second":	191768327.24689648,
				"jitter_ms":	0.0031660785072879054,
				"lost_packets":	65454,
				"packets":	83252,
				"lost_percent":	78.621534617786963,
				"omitted":	false,
				"sender":	false
			}
		}, {
			"streams":	[{
					"socket":	5,
					"start":	495.001087,
					"end":	496.000285,
					"seconds":	0.999198019504547,
					"bytes":	23952612,
					"bits_per_second":	191774695.56536484,
					"jitter_ms":	0.0053263703678428287,
					"lost_packets":	65268,
					"packets":	83037,
					"lost_percent":	78.6011055312692,
					"omitted":	false,
					"sender":	false
				}],
			"sum":	{
				"start":	495.001087,
				"end":	496.000285,
				"seconds":	0.999198019504547,
				"bytes":	23952612,
				"bits_per_second":	191774695.56536484,
				"jitter_ms":	0.0053263703678428287,
				"lost_packets":	65268,
				"packets":	83037,
				"lost_percent":	78.6011055312692,
				"omitted":	false,
				"sender":	false
			}
		}, {
			"streams":	[{
					"socket":	5,
					"start":	496.000285,
					"end":	497.001109,
					"seconds":	1.000823974609375,
					"bytes":	24037536,
					"bits_per_second":	192141967.89705747,
					"jitter_ms":	0.0056873494412909417,
					"lost_packets":	65632,
					"packets":	83464,
					"lost_percent":	78.6351001629445,
					"omitted":	false,
					"sender":	false
				}],
			"sum":	{
				"start":	496.000285,
				"end":	497.001109,
				"seconds":	1.000823974609375,
				"bytes":	24037536,
				"bits_per_second":	192141967.89705747,
				"jitter_ms":	0.0056873494412909417,
				"lost_packets":	65632,
				"packets":	83464,
				"lost_percent":	78.6351001629445,
				"omitted":	false,
				"sender":	false
			}
		}, {
			"streams":	[{
					"socket":	5,
					"start":	497.001109,
					"end":	498.001087,
					"seconds":	0.999978005886078,
					"bytes":	23933740,
					"bits_per_second":	191474131.303857,
					"jitter_ms":	0.025762870772929505,
					"lost_packets":	65731,
					"packets":	83486,
					"lost_percent":	78.732961215054,
					"omitted":	false,
					"sender":	false
				}],
			"sum":	{
				"start":	497.001109,
				"end":	498.001087,
				"seconds":	0.999978005886078,
				"bytes":	23933740,
				"bits_per_second":	191474131.303857,
				"jitter_ms":	0.025762870772929505,
				"lost_packets":	65731,
				"packets":	83486,
				"lost_percent":	78.732961215054,
				"omitted":	false,
				"sender":	false
			}
		}, {
			"streams":	[{
					"socket":	5,
					"start":	498.001087,
					"end":	499.001355,
					"seconds":	1.00026798248291,
					"bytes":	23785460,
					"bits_per_second":	190232700.96846378,
					"jitter_ms":	0.0362241948628268,
					"lost_packets":	65635,
					"packets":	83280,
					"lost_percent":	78.8124399615754,
					"omitted":	false,
					"sender":	false
				}],
			"sum":	{
				"start":	498.001087,
				"end":	499.001355,
				"seconds":	1.00026798248291,
				"bytes":	23785460,
				"bits_per_second":	190232700.96846378,
				"jitter_ms":	0.0362241948628268,
				"lost_packets":	65635,
				"packets":	83280,
				"lost_percent":	78.8124399615754,
				"omitted":	false,
				"sender":	false
			}
		}, {
			"streams":	[{
					"socket":	5,
					"start":	499.001355,
					"end":	500.000245,
					"seconds":	0.998889982700348,
					"bytes":	24223560,
					"bits_per_second":	194003827.6048401,
					"jitter_ms":	0.0071065623729968039,
					"lost_packets":	65633,
					"packets":	83603,
					"lost_percent":	78.505556020716966,
					"omitted":	false,
					"sender":	false
				}],
			"sum":	{
				"start":	499.001355,
				"end":	500.000245,
				"seconds":	0.998889982700348,
				"bytes":	24223560,
				"bits_per_second":	194003827.6048401,
				"jitter_ms":	0.0071065623729968039,
				"lost_packets":	65633,
				"packets":	83603,
				"lost_percent":	78.505556020716966,
				"omitted":	false,
				"sender":	false
			}
		}, {
			"streams":	[{
					"socket":	5,
					"start":	500.000245,
					"end":	501.001649,
					"seconds":	1.0014040470123291,
					"bytes":	23687056,
					"bits_per_second":	189230759.11801958,
					"jitter_ms":	0.01248849804429227,
					"lost_packets":	65595,
					"packets":	83167,
					"lost_percent":	78.8714273690286,
					"omitted":	false,
					"sender":	false
				}],
			"sum":	{
				"start":	500.000245,
				"end":	501.001649,
				"seconds":	1.0014040470123291,
				"bytes":	23687056,
				"bits_per_second":	189230759.11801958,
				"jitter_ms":	0.01248849804429227,
				"lost_packets":	65595,
				"packets":	83167,
				"lost_percent":	78.8714273690286,
				"omitted":	false,
				"sender":	false
			}
		}, {
			"streams":	[{
					"socket":	5,
					"start":	501.001649,
					"end":	502.001094,
					"seconds":	0.99944502115249634,
					"bytes":	23966092,
					"bits_per_second":	191835200.47847217,
					"jitter_ms":	0.0061564800108266874,
					"lost_packets":	65048,
					"packets":	82827,
					"lost_percent":	78.534777306916823,
					"omitted":	false,
					"sender":	false
				}],
			"sum":	{
				"start":	501.001649,
				"end":	502.001094,
				"seconds":	0.99944502115249634,
				"bytes":	23966092,
				"bits_per_second":	191835200.47847217,
				"jitter_ms":	0.0061564800108266874,
				"lost_packets":	65048,
				"packets":	82827,
				"lost_percent":	78.534777306916823,
				"omitted":	false,
				"sender":	false
			}
		}, {
			"streams":	[{
					"socket":	5,
					"start":	502.001094,
					"end":	503.001087,
					"seconds":	0.99999302625656128,
					"bytes":	24251868,
					"bits_per_second":	194016297.01987836,
					"jitter_ms":	0.01619638538063152,
					"lost_packets":	67008,
					"packets":	84999,
					"lost_percent":	78.833868633748637,
					"omitted":	false,
					"sender":	false
				}],
			"sum":	{
				"start":	502.001094,
				"end":	503.001087,
				"seconds":	0.99999302625656128,
				"bytes":	24251868,
				"bits_per_second":	194016297.01987836,
				"jitter_ms":	0.01619638538063152,
				"lost_packets":	67008,
				"packets":	84999,
				"lost_percent":	78.833868633748637,
				"omitted":	false,
				"sender":	false
			}
		}, {
			"streams":	[{
					"socket":	5,
					"start":	503.001087,
					"end":	504.00025,
					"seconds":	0.99916297197341919,
					"bytes":	23939132,
					"bits_per_second":	191673492.0848276,
					"jitter_ms":	0.014426533011710633,
					"lost_packets":	65704,
					"packets":	83463,
					"lost_percent":	78.7223080886141,
					"omitted":	false,
					"sender":	false
				}],
			"sum":	{
				"start":	503.001087,
				"end":	504.00025,
				"seconds":	0.99916297197341919,
				"bytes":	23939132,
				"bits_per_second":	191673492.0848276,
				"jitter_ms":	0.014426533011710633,
				"lost_packets":	65704,
				"packets":	83463,
				"lost_percent":	78.7223080886141,
				"omitted":	false,
				"sender":	false
			}
		}, {
			"streams":	[{
					"socket":	5,
					"start":	504.00025,
					"end":	505.00109,
					"seconds":	1.0008399486541748,
					"bytes":	27693312,
					"bits_per_second":	221360564.49176776,
					"jitter_ms":	0.019043794593405605,
					"lost_packets":	60833,
					"packets":	81377,
					"lost_percent":	74.7545375228873,
					"omitted":	false,
					"sender":	false
				}],
			"sum":	{
				"start":	504.00025,
				"end":	505.00109,
				"seconds":	1.0008399486541748,
				"bytes":	27693312,
				"bits_per_second":	221360564.49176776,
				"jitter_ms":	0.019043794593405605,
				"lost_packets":	60833,
				"packets":	81377,
				"lost_percent":	74.7545375228873,
				"omitted":	false,
				"sender":	false
			}
		}, {
			"streams":	[{
					"socket":	5,
					"start":	505.00109,
					"end":	506.001103,
					"seconds":	1.000012993812561,
					"bytes":	19368064,
					"bits_per_second":	154942498.70621407,
					"jitter_ms":	0.0086343302156019538,
					"lost_packets":	67011,
					"packets":	81379,
					"lost_percent":	82.344339448752137,
					"omitted":	false,
					"sender":	false
				}],
			"sum":	{
				"start":	505.00109,
				"end":	506.001103,
				"seconds":	1.000012993812561,
				"bytes":	19368064,
				"bits_per_second":	154942498.70621407,
				"jitter_ms":	0.0086343302156019538,
				"lost_packets":	67011,
				"packets":	81379,
				"lost_percent":	82.344339448752137,
				"omitted":	false,
				"sender":	false
			}
		}, {
			"streams":	[{
					"socket":	5,
					"start":	506.001103,
					"end":	507.000212,
					"seconds":	0.99910902976989746,
					"bytes":	24367796,
					"bits_per_second":	195116210.73517546,
					"jitter_ms":	0.007449981779020628,
					"lost_packets":	66905,
					"packets":	84982,
					"lost_percent":	78.728436610105675,
					"omitted":	false,
					"sender":	false
				}],
			"sum":	{
				"start":	506.001103,
				"end":	507.000212,
				"seconds":	0.99910902976989746,
				"bytes":	24367796,
				"bits_per_second":	195116210.73517546,
				"jitter_ms":	0.007449981779020628,
				"lost_packets":	66905,
				"packets":	84982,
				"lost_percent":	78.728436610105675,
				"omitted":	false,
				"sender":	false
			}
		}, {
			"streams":	[{
					"socket":	5,
					"start":	507.000212,
					"end":	508.001087,
					"seconds":	1.0008749961853027,
					"bytes":	23811072,
					"bits_per_second":	190322044.93670136,
					"jitter_ms":	0.014749093703577257,
					"lost_packets":	65835,
					"packets":	83499,
					"lost_percent":	78.845255631804,
					"omitted":	false,
					"sender":	false
				}],
			"sum":	{
				"start":	507.000212,
				"end":	508.001087,
				"seconds":	1.0008749961853027,
				"bytes":	23811072,
				"bits_per_second":	190322044.93670136,
				"jitter_ms":	0.014749093703577257,
				"lost_packets":	65835,
				"packets":	83499,
				"lost_percent":	78.845255631804,
				"omitted":	false,
				"sender":	false
			}
		}, {
			"streams":	[{
					"socket":	5,
					"start":	508.001087,
					"end":	509.000293,
					"seconds":	0.999206006526947,
					"bytes":	24005184,
					"bits_per_second":	192194072.83939394,
					"jitter_ms":	0.020438522235987452,
					"lost_packets":	65557,
					"packets":	83365,
					"lost_percent":	78.6385173634019,
					"omitted":	false,
					"sender":	false
				}],
			"sum":	{
				"start":	508.001087,
				"end":	509.000293,
				"seconds":	0.999206006526947,
				"bytes":	24005184,
				"bits_per_second":	192194072.83939394,
				"jitter_ms":	0.020438522235987452,
				"lost_packets":	65557,
				"packets":	83365,
				"lost_percent":	78.6385173634019,
				"omitted":	false,
				"sender":	false
			}
		}, {
			"streams":	[{
					"socket":	5,
					"start":	509.000293,
					"end":	510.001085,
					"seconds":	1.0007920265197754,
					"bytes":	23986312,
					"bits_per_second":	191738633.91707218,
					"jitter_ms":	0.008564868719231275,
					"lost_packets":	65768,
					"packets":	83562,
					"lost_percent":	78.70563174648764,
					"omitted":	false,
					"sender":	false
				}],
			"sum":	{
				"start":	509.000293,
				"end":	510.001085,
				"seconds":	1.0007920265197754,
				"bytes":	23986312,
				"bits_per_second":	191738633.91707218,
				"jitter_ms":	0.008564868719231275,
				"lost_packets":	65768,
				"packets":	83562,
				"lost_percent":	78.70563174648764,
				"omitted":	false,
				"sender":	false
			}
		}, {
			"streams":	[{
					"socket":	5,
					"start":	510.001085,
					"end":	511.001098,
					"seconds":	1.000012993812561,
					"bytes":	24230300,
					"bits_per_second":	193839881.2809158,
					"jitter_ms":	0.0087413534374087762,
					"lost_packets":	65756,
					"packets":	83731,
					"lost_percent":	78.5324431811396,
					"omitted":	false,
					"sender":	false
				}],
			"sum":	{
				"start":	510.001085,
				"end":	511.001098,
				"seconds":	1.000012993812561,
				"bytes":	24230300,
				"bits_per_second":	193839881.2809158,
				"jitter_ms":	0.0087413534374087762,
				"lost_packets":	65756,
				"packets":	83731,
				"lost_percent":	78.5324431811396,
				"omitted":	false,
				"sender":	false
			}
		}, {
			"streams":	[{
					"socket":	5,
					"start":	511.001098,
					"end":	512.00203,
					"seconds":	1.000931978225708,
					"bytes":	24011924,
					"bits_per_second":	191916529.9729118,
					"jitter_ms":	0.0058773954391003721,
					"lost_packets":	65654,
					"packets":	83467,
					"lost_percent":	78.6586315549858,
					"omitted":	false,
					"sender":	false
				}],
			"sum":	{
				"start":	511.001098,
				"end":	512.00203,
				"seconds":	1.000931978225708,
				"bytes":	24011924,
				"bits_per_second":	191916529.9729118,
				"jitter_ms":	0.0058773954391003721,
				"lost_packets":	65654,
				"packets":	83467,
				"lost_percent":	78.6586315549858,
				"omitted":	false,
				"sender":	false
			}
		}, {
			"streams":	[{
					"socket":	5,
					"start":	512.00203,
					"end":	513.001097,
					"seconds":	0.99906700849533081,
					"bytes":	24017316,
					"bits_per_second":	192317959.02196282,
					"jitter_ms":	0.015023388084841252,
					"lost_packets":	66262,
					"packets":	84079,
					"lost_percent":	78.809215142901323,
					"omitted":	false,
					"sender":	false
				}],
			"sum":	{
				"start":	512.00203,
				"end":	513.001097,
				"seconds":	0.99906700849533081,
				"bytes":	24017316,
				"bits_per_second":	192317959.02196282,
				"jitter_ms":	0.015023388084841252,
				"lost_packets":	66262,
				"packets":	84079,
				"lost_percent":	78.809215142901323,
				"omitted":	false,
				"sender":	false
			}
		}, {
			"streams":	[{
					"socket":	5,
					"start":	513.001097,
					"end":	514.001096,
					"seconds":	0.99999898672103882,
					"bytes":	23998444,
					"bits_per_second":	191987746.53714436,
					"jitter_ms":	0.015243896517157437,
					"lost_packets":	65651,
					"packets":	83454,
					"lost_percent":	78.6672897644211,
					"omitted":	false,
					"sender":	false
				}],
			"sum":	{
				"start":	513.001097,
				"end":	514.001096,
				"seconds":	0.99999898672103882,
				"bytes":	23998444,
				"bits_per_second":	191987746.53714436,
				"jitter_ms":	0.015243896517157437,
				"lost_packets":	65651,
				"packets":	83454,
				"lost_percent":	78.6672897644211,
				"omitted":	false,
				"sender":	false
			}
		}, {
			"streams":	[{
					"socket":	5,
					"start":	514.001096,
					"end":	515.000145,
					"seconds":	0.99904900789260864,
					"bytes":	24030796,
					"bits_per_second":	192429366.80906573,
					"jitter_ms":	0.0061597287606525546,
					"lost_packets":	65414,
					"packets":	83241,
					"lost_percent":	78.5838709289893,
					"omitted":	false,
					"sender":	false
				}],
			"sum":	{
				"start":	514.001096,
				"end":	515.000145,
				"seconds":	0.99904900789260864,
				"bytes":	24030796,
				"bits_per_second":	192429366.80906573,
				"jitter_ms":	0.0061597287606525546,
				"lost_packets":	65414,
				"packets":	83241,
				"lost_percent":	78.5838709289893,
				"omitted":	false,
				"sender":	false
			}
		}, {
			"streams":	[{
					"socket":	5,
					"start":	515.000145,
					"end":	516.001103,
					"seconds":	1.00095796585083,
					"bytes":	23518556,
					"bits_per_second":	187968380.71024376,
					"jitter_ms":	0.0062227329704353735,
					"lost_packets":	63928,
					"packets":	81375,
					"lost_percent":	78.55975422427035,
					"omitted":	false,
					"sender":	false
				}],
			"sum":	{
				"start":	515.000145,
				"end":	516.001103,
				"seconds":	1.00095796585083,
				"bytes":	23518556,
				"bits_per_second":	187968380.71024376,
				"jitter_ms":	0.0062227329704353735,
				"lost_packets":	63928,
				"packets":	81375,
				"lost_percent":	78.55975422427035,
				"omitted":	false,
				"sender":	false
			}
		}, {
			"streams":	[{
					"socket":	5,
					"start":	516.001103,
					"end":	517.001097,
					"seconds":	0.99999397993087769,
					"bytes":	24005184,
					"bits_per_second":	192042628.10989565,
					"jitter_ms":	0.0061084655380478151,
					"lost_packets":	65657,
					"packets":	83465,
					"lost_percent":	78.66411070508596,
					"omitted":	false,
					"sender":	false
				}],
			"sum":	{
				"start":	516.001103,
				"end":	517.001097,
				"seconds":	0.99999397993087769,
				"bytes":	24005184,
				"bits_per_second":	192042628.10989565,
				"jitter_ms":	0.0061084655380478151,
				"lost_packets":	65657,
				"packets":	83465,
				"lost_percent":	78.66411070508596,
				"omitted":	false,
				"sender":	false
			}
		}, {
			"streams":	[{
					"socket":	5,
					"start":	517.001097,
					"end":	518.000535,
					"seconds":	0.999437987804413,
					"bytes":	24200644,
					"bits_per_second":	193714021.6426194,
					"jitter_ms":	0.0063660160011714383,
					"lost_packets":	66996,
					"packets":	84949,
					"lost_percent":	78.866143215340969,
					"omitted":	false,
					"sender":	false
				}],
			"sum":	{
				"start":	517.001097,
				"end":	518.000535,
				"seconds":	0.999437987804413,
				"bytes":	24200644,
				"bits_per_second":	193714021.6426194,
				"jitter_ms":	0.0063660160011714383,
				"lost_packets":	66996,
				"packets":	84949,
				"lost_percent":	78.866143215340969,
				"omitted":	false,
				"sender":	false
			}
		}, {
			"streams":	[{
					"socket":	5,
					"start":	518.000535,
					"end":	519.001101,
					"seconds":	1.0005660057067871,
					"bytes":	23838032,
					"bits_per_second":	190596377.36271974,
					"jitter_ms":	0.017708901200744365,
					"lost_packets":	65459,
					"packets":	83143,
					"lost_percent":	78.730620737765051,
					"omitted":	false,
					"sender":	false
				}],
			"sum":	{
				"start":	518.000535,
				"end":	519.001101,
				"seconds":	1.0005660057067871,
				"bytes":	23838032,
				"bits_per_second":	190596377.36271974,
				"jitter_ms":	0.017708901200744365,
				"lost_packets":	65459,
				"packets":	83143,
				"lost_percent":	78.730620737765051,
				"omitted":	false,
				"sender":	false
			}
		}, {
			"streams":	[{
					"socket":	5,
					"start":	519.001101,
					"end":	520.001083,
					"seconds":	0.99998199939727783,
					"bytes":	24022708,
					"bits_per_second":	192185123.44805631,
					"jitter_ms":	0.011373277495974348,
					"lost_packets":	65841,
					"packets":	83662,
					"lost_percent":	78.698811885921927,
					"omitted":	false,
					"sender":	false
				}],
			"sum":	{
				"start":	519.001101,
				"end":	520.001083,
				"seconds":	0.99998199939727783,
				"bytes":	24022708,
				"bits_per_second":	192185123.44805631,
				"jitter_ms":	0.011373277495974348,
				"lost_packets":	65841,
				"packets":	83662,
				"lost_percent":	78.698811885921927,
				"omitted":	false,
				"sender":	false
			}
		}, {
			"streams":	[{
					"socket":	5,
					"start":	520.001083,
					"end":	521.00175,
					"seconds":	1.0006669759750366,
					"bytes":	24106284,
					"bits_per_second":	192721731.23539853,
					"jitter_ms":	3.374828561659053,
					"lost_packets":	66327,
					"packets":	84210,
					"lost_percent":	78.763804773779839,
					"omitted":	false,
					"sender":	false
				}],
			"sum":	{
				"start":	520.001083,
				"end":	521.00175,
				"seconds":	1.0006669759750366,
				"bytes":	24106284,
				"bits_per_second":	192721731.23539853,
				"jitter_ms":	3.374828561659053,
				"lost_packets":	66327,
				"packets":	84210,
				"lost_percent":	78.763804773779839,
				"omitted":	false,
				"sender":	false
			}
		}, {
			"streams":	[{
					"socket":	5,
					"start":	521.00175,
					"end":	522.00109,
					"seconds":	0.999339997768402,
					"bytes":	23995748,
					"bits_per_second":	192092765.65400547,
					"jitter_ms":	0.0067380187426357083,
					"lost_packets":	64859,
					"packets":	82660,
					"lost_percent":	78.464795548028064,
					"omitted":	false,
					"sender":	false
				}],
			"sum":	{
				"start":	521.00175,
				"end":	522.00109,
				"seconds":	0.999339997768402,
				"bytes":	23995748,
				"bits_per_second":	192092765.65400547,
				"jitter_ms":	0.0067380187426357083,
				"lost_packets":	64859,
				"packets":	82660,
				"lost_percent":	78.464795548028064,
				"omitted":	false,
				"sender":	false
			}
		}, {
			"streams":	[{
					"socket":	5,
					"start":	522.00109,
					"end":	523.001086,
					"seconds":	0.9999960064888,
					"bytes":	24164248,
					"bits_per_second":	193314756.00464323,
					"jitter_ms":	0.01392559497666078,
					"lost_packets":	66485,
					"packets":	84411,
					"lost_percent":	78.763431306346334,
					"omitted":	false,
					"sender":	false
				}],
			"sum":	{
				"start":	522.00109,
				"end":	523.001086,
				"seconds":	0.9999960064888,
				"bytes":	24164248,
				"bits_per_second":	193314756.00464323,
				"jitter_ms":	0.01392559497666078,
				"lost_packets":	66485,
				"packets":	84411,
				"lost_percent":	78.763431306346334,
				"omitted":	false,
				"sender":	false
			}
		}, {
			"streams":	[{
					"socket":	5,
					"start":	523.001086,
					"end":	524.0011,
					"seconds":	1.0000139474868774,
					"bytes":	23997096,
					"bits_per_second":	191974090.44389272,
					"jitter_ms":	0.017952057894224348,
					"lost_packets":	65650,
					"packets":	83452,
					"lost_percent":	78.667976801035323,
					"omitted":	false,
					"sender":	false
				}],
			"sum":	{
				"start":	523.001086,
				"end":	524.0011,
				"seconds":	1.0000139474868774,
				"bytes":	23997096,
				"bits_per_second":	191974090.44389272,
				"jitter_ms":	0.017952057894224348,
				"lost_packets":	65650,
				"packets":	83452,
				"lost_percent":	78.667976801035323,
				"omitted":	false,
				"sender":	false
			}
		}, {
			"streams":	[{
					"socket":	5,
					"start":	524.0011,
					"end":	525.000596,
					"seconds":	0.9994959831237793,
					"bytes":	24030796,
					"bits_per_second":	192343312.275415,
					"jitter_ms":	0.00871148512538987,
					"lost_packets":	65480,
					"packets":	83307,
					"lost_percent":	78.600837864765268,
					"omitted":	false,
					"sender":	false
				}],
			"sum":	{
				"start":	524.0011,
				"end":	525.000596,
				"seconds":	0.9994959831237793,
				"bytes":	24030796,
				"bits_per_second":	192343312.275415,
				"jitter_ms":	0.00871148512538987,
				"lost_packets":	65480,
				"packets":	83307,
				"lost_percent":	78.600837864765268,
				"omitted":	false,
				"sender":	false
			}
		}, {
			"streams":	[{
					"socket":	5,
					"start":	525.000596,
					"end":	526.000204,
					"seconds":	0.99960798025131226,
					"bytes":	24044276,
					"bits_per_second":	192429644.2207675,
					"jitter_ms":	0.021480045609699027,
					"lost_packets":	65768,
					"packets":	83605,
					"lost_percent":	78.6651516057652,
					"omitted":	false,
					"sender":	false
				}],
			"sum":	{
				"start":	525.000596,
				"end":	526.000204,
				"seconds":	0.99960798025131226,
				"bytes":	24044276,
				"bits_per_second":	192429644.2207675,
				"jitter_ms":	0.021480045609699027,
				"lost_packets":	65768,
				"packets":	83605,
				"lost_percent":	78.6651516057652,
				"omitted":	false,
				"sender":	false
			}
		}, {
			"streams":	[{
					"socket":	5,
					"start":	526.000204,
					"end":	527.00109,
					"seconds":	1.0008859634399414,
					"bytes":	24003836,
					"bits_per_second":	191860706.428543,
					"jitter_ms":	0.018097672364587571,
					"lost_packets":	65651,
					"packets":	83458,
					"lost_percent":	78.663519375014971,
					"omitted":	false,
					"sender":	false
				}],
			"sum":	{
				"start":	526.000204,
				"end":	527.00109,
				"seconds":	1.0008859634399414,
				"bytes":	24003836,
				"bits_per_second":	191860706.428543,
				"jitter_ms":	0.018097672364587571,
				"lost_packets":	65651,
				"packets":	83458,
				"lost_percent":	78.663519375014971,
				"omitted":	false,
				"sender":	false
			}
		}, {
			"streams":	[{
					"socket":	5,
					"start":	527.00109,
					"end":	528.001102,
					"seconds":	1.0000120401382446,
					"bytes":	24044276,
					"bits_per_second":	192351892.056628,
					"jitter_ms":	0.0062910505970685052,
					"lost_packets":	64991,
					"packets":	82828,
					"lost_percent":	78.4650118317477,
					"omitted":	false,
					"sender":	false
				}],
			"sum":	{
				"start":	527.00109,
				"end":	528.001102,
				"seconds":	1.0000120401382446,
				"bytes":	24044276,
				"bits_per_second":	192351892.056628,
				"jitter_ms":	0.0062910505970685052,
				"lost_packets":	64991,
				"packets":	82828,
				"lost_percent":	78.4650118317477,
				"omitted":	false,
				"sender":	false
			}
		}, {
			"streams":	[{
					"socket":	5,
					"start":	528.001102,
					"end":	529.001102,
					"seconds":	1,
					"bytes":	24014620,
					"bits_per_second":	192116960,
					"jitter_ms":	0.0070354722224525278,
					"lost_packets":	65640,
					"packets":	83455,
					"lost_percent":	78.653166377089448,
					"omitted":	false,
					"sender":	false
				}],
			"sum":	{
				"start":	528.001102,
				"end":	529.001102,
				"seconds":	1,
				"bytes":	24014620,
				"bits_per_second":	192116960,
				"jitter_ms":	0.0070354722224525278,
				"lost_packets":	65640,
				"packets":	83455,
				"lost_percent":	78.653166377089448,
				"omitted":	false,
				"sender":	false
			}
		}, {
			"streams":	[{
					"socket":	5,
					"start":	529.001102,
					"end":	530.001096,
					"seconds":	0.99999397993087769,
					"bytes":	23998444,
					"bits_per_second":	191988707.78529158,
					"jitter_ms":	0.010141314856435728,
					"lost_packets":	65659,
					"packets":	83462,
					"lost_percent":	78.6693345474587,
					"omitted":	false,
					"sender":	false
				}],
			"sum":	{
				"start":	529.001102,
				"end":	530.001096,
				"seconds":	0.99999397993087769,
				"bytes":	23998444,
				"bits_per_second":	191988707.78529158,
				"jitter_ms":	0.010141314856435728,
				"lost_packets":	65659,
				"packets":	83462,
				"lost_percent":	78.6693345474587,
				"omitted":	false,
				"sender":	false
			}
		}, {
			"streams":	[{
					"socket":	5,
					"start":	530.001096,
					"end":	531.001103,
					"seconds":	1.0000070333480835,
					"bytes":	23864992,
					"bits_per_second":	190918593.20307839,
					"jitter_ms":	0.0063710409052873,
					"lost_packets":	65413,
					"packets":	83117,
					"lost_percent":	78.699904953258653,
					"omitted":	false,
					"sender":	false
				}],
			"sum":	{
				"start":	530.001096,
				"end":	531.001103,
				"seconds":	1.0000070333480835,
				"bytes":	23864992,
				"bits_per_second":	190918593.20307839,
				"jitter_ms":	0.0063710409052873,
				"lost_packets":	65413,
				"packets":	83117,
				"lost_percent":	78.699904953258653,
				"omitted":	false,
				"sender":	false
			}
		}, {
			"streams":	[{
					"socket":	5,
					"start":	531.001103,
					"end":	532.001088,
					"seconds":	0.9999849796295166,
					"bytes":	23991704,
					"bits_per_second":	191936514.957564,
					"jitter_ms":	0.0065851292120607261,
					"lost_packets":	65663,
					"packets":	83461,
					"lost_percent":	78.675069793077,
					"omitted":	false,
					"sender":	false
				}],
			"sum":	{
				"start":	531.001103,
				"end":	532.001088,
				"seconds":	0.9999849796295166,
				"bytes":	23991704,
				"bits_per_second":	191936514.957564,
				"jitter_ms":	0.0065851292120607261,
				"lost_packets":	65663,
				"packets":	83461,
				"lost_percent":	78.675069793077,
				"omitted":	false,
				"sender":	false
			}
		}, {
			"streams":	[{
					"socket":	5,
					"start":	532.001088,
					"end":	533.000205,
					"seconds":	0.99911701679229736,
					"bytes":	23972832,
					"bits_per_second":	191952146.52206147,
					"jitter_ms":	0.0068795518200099352,
					"lost_packets":	65684,
					"packets":	83468,
					"lost_percent":	78.693631092155073,
					"omitted":	false,
					"sender":	false
				}],
			"sum":	{
				"start":	532.001088,
				"end":	533.000205,
				"seconds":	0.99911701679229736,
				"bytes":	23972832,
				"bits_per_second":	191952146.52206147,
				"jitter_ms":	0.0068795518200099352,
				"lost_packets":	65684,
				"packets":	83468,
				"lost_percent":	78.693631092155073,
				"omitted":	false,
				"sender":	false
			}
		}, {
			"streams":	[{
					"socket":	5,
					"start":	533.000205,
					"end":	534.001094,
					"seconds":	1.00088894367218,
					"bytes":	24106284,
					"bits_per_second":	192678991.22998405,
					"jitter_ms":	0.016818310962622315,
					"lost_packets":	66525,
					"packets":	84408,
					"lost_percent":	78.8136195621268,
					"omitted":	false,
					"sender":	false
				}],
			"sum":	{
				"start":	533.000205,
				"end":	534.001094,
				"seconds":	1.00088894367218,
				"bytes":	24106284,
				"bits_per_second":	192678991.22998405,
				"jitter_ms":	0.016818310962622315,
				"lost_packets":	66525,
				"packets":	84408,
				"lost_percent":	78.8136195621268,
				"omitted":	false,
				"sender":	false
			}
		}, {
			"streams":	[{
					"socket":	5,
					"start":	534.001094,
					"end":	535.001087,
					"seconds":	0.99999302625656128,
					"bytes":	24022708,
					"bits_per_second":	192183004.23496482,
					"jitter_ms":	0.011845710689313357,
					"lost_packets":	64811,
					"packets":	82632,
					"lost_percent":	78.433294607416,
					"omitted":	false,
					"sender":	false
				}],
			"sum":	{
				"start":	534.001094,
				"end":	535.001087,
				"seconds":	0.99999302625656128,
				"bytes":	24022708,
				"bits_per_second":	192183004.23496482,
				"jitter_ms":	0.011845710689313357,
				"lost_packets":	64811,
				"packets":	82632,
				"lost_percent":	78.433294607416,
				"omitted":	false,
				"sender":	false
			}
		}, {
			"streams":	[{
					"socket":	5,
					"start":	535.001087,
					"end":	536.000106,
					"seconds":	0.99901902675628662,
					"bytes":	24090108,
					"bits_per_second":	192910103.65012273,
					"jitter_ms":	0.014767913852846258,
					"lost_packets":	66246,
					"packets":	84117,
					"lost_percent":	78.754591818538458,
					"omitted":	false,
					"sender":	false
				}],
			"sum":	{
				"start":	535.001087,
				"end":	536.000106,
				"seconds":	0.99901902675628662,
				"bytes":	24090108,
				"bits_per_second":	192910103.65012273,
				"jitter_ms":	0.014767913852846258,
				"lost_packets":	66246,
				"packets":	84117,
				"lost_percent":	78.754591818538458,
				"omitted":	false,
				"sender":	false
			}
		}, {
			"streams":	[{
					"socket":	5,
					"start":	536.000106,
					"end":	537.001098,
					"seconds":	1.0009919404983521,
					"bytes":	24063148,
					"bits_per_second":	192314419.53884235,
					"jitter_ms":	0.011020836385976613,
					"lost_packets":	65783,
					"packets":	83634,
					"lost_percent":	78.6558098381041,
					"omitted":	false,
					"sender":	false
				}],
			"sum":	{
				"start":	536.000106,
				"end":	537.001098,
				"seconds":	1.0009919404983521,
				"bytes":	24063148,
				"bits_per_second":	192314419.53884235,
				"jitter_ms":	0.011020836385976613,
				"lost_packets":	65783,
				"packets":	83634,
				"lost_percent":	78.6558098381041,
				"omitted":	false,
				"sender":	false
			}
		}, {
			"streams":	[{
					"socket":	5,
					"start":	537.001098,
					"end":	538.001101,
					"seconds":	1.0000029802322388,
					"bytes":	23971484,
					"bits_per_second":	191771300.47698784,
					"jitter_ms":	0.0165732960624914,
					"lost_packets":	65664,
					"packets":	83447,
					"lost_percent":	78.689467566239642,
					"omitted":	false,
					"sender":	false
				}],
			"sum":	{
				"start":	537.001098,
				"end":	538.001101,
				"seconds":	1.0000029802322388,
				"bytes":	23971484,
				"bits_per_second":	191771300.47698784,
				"jitter_ms":	0.0165732960624914,
				"lost_packets":	65664,
				"packets":	83447,
				"lost_percent":	78.689467566239642,
				"omitted":	false,
				"sender":	false
			}
		}, {
			"streams":	[{
					"socket":	5,
					"start":	538.001101,
					"end":	539.001086,
					"seconds":	0.9999849796295166,
					"bytes":	23993052,
					"bits_per_second":	191947299.11954606,
					"jitter_ms":	0.00634812738559061,
					"lost_packets":	65029,
					"packets":	82828,
					"lost_percent":	78.5108900371855,
					"omitted":	false,
					"sender":	false
				}],
			"sum":	{
				"start":	538.001101,
				"end":	539.001086,
				"seconds":	0.9999849796295166,
				"bytes":	23993052,
				"bits_per_second":	191947299.11954606,
				"jitter_ms":	0.00634812738559061,
				"lost_packets":	65029,
				"packets":	82828,
				"lost_percent":	78.5108900371855,
				"omitted":	false,
				"sender":	false
			}
		}, {
			"streams":	[{
					"socket":	5,
					"start":	539.001086,
					"end":	540.000772,
					"seconds":	0.99968600273132324,
					"bytes":	23870384,
					"bits_per_second":	191023052.71680737,
					"jitter_ms":	0.0062795720497690662,
					"lost_packets":	65425,
					"packets":	83133,
					"lost_percent":	78.699192859634564,
					"omitted":	false,
					"sender":	false
				}],
			"sum":	{
				"start":	539.001086,
				"end":	540.000772,
				"seconds":	0.99968600273132324,
				"bytes":	23870384,
				"bits_per_second":	191023052.71680737,
				"jitter_ms":	0.0062795720497690662,
				"lost_packets":	65425,
				"packets":	83133,
				"lost_percent":	78.699192859634564,
				"omitted":	false,
				"sender":	false
			}
		}, {
			"streams":	[{
					"socket":	5,
					"start":	540.000772,
					"end":	541.000225,
					"seconds":	0.99945300817489624,
					"bytes":	24067192,
					"bits_per_second":	192642910.09698725,
					"jitter_ms":	0.00811454695638125,
					"lost_packets":	66009,
					"packets":	83863,
					"lost_percent":	78.7105159605547,
					"omitted":	false,
					"sender":	false
				}],
			"sum":	{
				"start":	540.000772,
				"end":	541.000225,
				"seconds":	0.99945300817489624,
				"bytes":	24067192,
				"bits_per_second":	192642910.09698725,
				"jitter_ms":	0.00811454695638125,
				"lost_packets":	66009,
				"packets":	83863,
				"lost_percent":	78.7105159605547,
				"omitted":	false,
				"sender":	false
			}
		}, {
			"streams":	[{
					"socket":	5,
					"start":	541.000225,
					"end":	542.001113,
					"seconds":	1.0008879899978638,
					"bytes":	23870384,
					"bits_per_second":	190793649.14790073,
					"jitter_ms":	0.0199963582801496,
					"lost_packets":	65289,
					"packets":	82997,
					"lost_percent":	78.6642890706893,
					"omitted":	false,
					"sender":	false
				}],
			"sum":	{
				"start":	541.000225,
				"end":	542.001113,
				"seconds":	1.0008879899978638,
				"bytes":	23870384,
				"bits_per_second":	190793649.14790073,
				"jitter_ms":	0.0199963582801496,
				"lost_packets":	65289,
				"packets":	82997,
				"lost_percent":	78.6642890706893,
				"omitted":	false,
				"sender":	false
			}
		}, {
			"streams":	[{
					"socket":	5,
					"start":	542.001113,
					"end":	543.001087,
					"seconds":	0.999974012374878,
					"bytes":	24204688,
					"bits_per_second":	193642536.3096413,
					"jitter_ms":	0.0054719143428280017,
					"lost_packets":	65888,
					"packets":	83844,
					"lost_percent":	78.5840370211345,
					"omitted":	false,
					"sender":	false
				}],
			"sum":	{
				"start":	542.001113,
				"end":	543.001087,
				"seconds":	0.999974012374878,
				"bytes":	24204688,
				"bits_per_second":	193642536.3096413,
				"jitter_ms":	0.0054719143428280017,
				"lost_packets":	65888,
				"packets":	83844,
				"lost_percent":	78.5840370211345,
				"omitted":	false,
				"sender":	false
			}
		}, {
			"streams":	[{
					"socket":	5,
					"start":	543.001087,
					"end":	544.000143,
					"seconds":	0.99905598163604736,
					"bytes":	23998444,
					"bits_per_second":	192168963.03008214,
					"jitter_ms":	0.0068166819209097848,
					"lost_packets":	65652,
					"packets":	83455,
					"lost_percent":	78.667545383739736,
					"omitted":	false,
					"sender":	false
				}],
			"sum":	{
				"start":	543.001087,
				"end":	544.000143,
				"seconds":	0.99905598163604736,
				"bytes":	23998444,
				"bits_per_second":	192168963.03008214,
				"jitter_ms":	0.0068166819209097848,
				"lost_packets":	65652,
				"packets":	83455,
				"lost_percent":	78.667545383739736,
				"omitted":	false,
				"sender":	false
			}
		}, {
			"streams":	[{
					"socket":	5,
					"start":	544.000143,
					"end":	545.000281,
					"seconds":	1.0001380443573,
					"bytes":	24049668,
					"bits_per_second":	192370788.29816613,
					"jitter_ms":	0.0076011252398214086,
					"lost_packets":	66030,
					"packets":	83871,
					"lost_percent":	78.728046643059,
					"omitted":	false,
					"sender":	false
				}],
			"sum":	{
				"start":	544.000143,
				"end":	545.000281,
				"seconds":	1.0001380443573,
				"bytes":	24049668,
				"bits_per_second":	192370788.29816613,
				"jitter_ms":	0.0076011252398214086,
				"lost_packets":	66030,
				"packets":	83871,
				"lost_percent":	78.728046643059,
				"omitted":	false,
				"sender":	false
			}
		}, {
			"streams":	[{
					"socket":	5,
					"start":	545.000281,
					"end":	546.001464,
					"seconds":	1.001183032989502,
					"bytes":	24063148,
					"bits_per_second":	192277713.12223041,
					"jitter_ms":	0.0075164940757146822,
					"lost_packets":	65182,
					"packets":	83033,
					"lost_percent":	78.501318752785039,
					"omitted":	false,
					"sender":	false
				}],
			"sum":	{
				"start":	545.000281,
				"end":	546.001464,
				"seconds":	1.001183032989502,
				"bytes":	24063148,
				"bits_per_second":	192277713.12223041,
				"jitter_ms":	0.0075164940757146822,
				"lost_packets":	65182,
				"packets":	83033,
				"lost_percent":	78.501318752785039,
				"omitted":	false,
				"sender":	false
			}
		}, {
			"streams":	[{
					"socket":	5,
					"start":	546.001464,
					"end":	547.000325,
					"seconds":	0.998861014842987,
					"bytes":	24069888,
					"bits_per_second":	192778676.05061024,
					"jitter_ms":	0.017607428369838449,
					"lost_packets":	66231,
					"packets":	84087,
					"lost_percent":	78.7648506903564,
					"omitted":	false,
					"sender":	false
				}],
			"sum":	{
				"start":	546.001464,
				"end":	547.000325,
				"seconds":	0.998861014842987,
				"bytes":	24069888,
				"bits_per_second":	192778676.05061024,
				"jitter_ms":	0.017607428369838449,
				"lost_packets":	66231,
				"packets":	84087,
				"lost_percent":	78.7648506903564,
				"omitted":	false,
				"sender":	false
			}
		}, {
			"streams":	[{
					"socket":	5,
					"start":	547.000325,
					"end":	548.001142,
					"seconds":	1.0008169412612915,
					"bytes":	24056408,
					"bits_per_second":	192294170.957439,
					"jitter_ms":	0.0054977845321560427,
					"lost_packets":	64993,
					"packets":	82839,
					"lost_percent":	78.457006965318271,
					"omitted":	false,
					"sender":	false
				}],
			"sum":	{
				"start":	547.000325,
				"end":	548.001142,
				"seconds":	1.0008169412612915,
				"bytes":	24056408,
				"bits_per_second":	192294170.957439,
				"jitter_ms":	0.0054977845321560427,
				"lost_packets":	64993,
				"packets":	82839,
				"lost_percent":	78.457006965318271,
				"omitted":	false,
				"sender":	false
			}
		}, {
			"streams":	[{
					"socket":	5,
					"start":	548.001142,
					"end":	549.000113,
					"seconds":	0.99897098541259766,
					"bytes":	24063148,
					"bits_per_second":	192703478.69061583,
					"jitter_ms":	0.00578892438927001,
					"lost_packets":	65606,
					"packets":	83457,
					"lost_percent":	78.6105419557377,
					"omitted":	false,
					"sender":	false
				}],
			"sum":	{
				"start":	548.001142,
				"end":	549.000113,
				"seconds":	0.99897098541259766,
				"bytes":	24063148,
				"bits_per_second":	192703478.69061583,
				"jitter_ms":	0.00578892438927001,
				"lost_packets":	65606,
				"packets":	83457,
				"lost_percent":	78.6105419557377,
				"omitted":	false,
				"sender":	false
			}
		}, {
			"streams":	[{
					"socket":	5,
					"start":	549.000113,
					"end":	550.001108,
					"seconds":	1.0009950399398804,
					"bytes":	23979572,
					"bits_per_second":	191645880.69439554,
					"jitter_ms":	0.019248764017251088,
					"lost_packets":	66282,
					"packets":	84071,
					"lost_percent":	78.840503859832765,
					"omitted":	false,
					"sender":	false
				}],
			"sum":	{
				"start":	549.000113,
				"end":	550.001108,
				"seconds":	1.0009950399398804,
				"bytes":	23979572,
				"bits_per_second":	191645880.69439554,
				"jitter_ms":	0.019248764017251088,
				"lost_packets":	66282,
				"packets":	84071,
				"lost_percent":	78.840503859832765,
				"omitted":	false,
				"sender":	false
			}
		}, {
			"streams":	[{
					"socket":	5,
					"start":	550.001108,
					"end":	551.001088,
					"seconds":	0.99997997283935547,
					"bytes":	23978224,
					"bits_per_second":	191829633.80289257,
					"jitter_ms":	0.0069575168602708246,
					"lost_packets":	65044,
					"packets":	82832,
					"lost_percent":	78.5252076492177,
					"omitted":	false,
					"sender":	false
				}],
			"sum":	{
				"start":	550.001108,
				"end":	551.001088,
				"seconds":	0.99997997283935547,
				"bytes":	23978224,
				"bits_per_second":	191829633.80289257,
				"jitter_ms":	0.0069575168602708246,
				"lost_packets":	65044,
				"packets":	82832,
				"lost_percent":	78.5252076492177,
				"omitted":	false,
				"sender":	false
			}
		}, {
			"streams":	[{
					"socket":	5,
					"start":	551.001088,
					"end":	552.000183,
					"seconds":	0.99909502267837524,
					"bytes":	23878472,
					"bits_per_second":	191200808.39547423,
					"jitter_ms":	0.0029849256730756983,
					"lost_packets":	65418,
					"packets":	83132,
					"lost_percent":	78.691719193571672,
					"omitted":	false,
					"sender":	false
				}],
			"sum":	{
				"start":	551.001088,
				"end":	552.000183,
				"seconds":	0.99909502267837524,
				"bytes":	23878472,
				"bits_per_second":	191200808.39547423,
				"jitter_ms":	0.0029849256730756983,
				"lost_packets":	65418,
				"packets":	83132,
				"lost_percent":	78.691719193571672,
				"omitted":	false,
				"sender":	false
			}
		}, {
			"streams":	[{
					"socket":	5,
					"start":	552.000183,
					"end":	553.001086,
					"seconds":	1.0009030103683472,
					"bytes":	24037536,
					"bits_per_second":	192126795.51161569,
					"jitter_ms":	0.0063076712793297086,
					"lost_packets":	65625,
					"packets":	83457,
					"lost_percent":	78.633308170674724,
					"omitted":	false,
					"sender":	false
				}],
			"sum":	{
				"start":	552.000183,
				"end":	553.001086,
				"seconds":	1.0009030103683472,
				"bytes":	24037536,
				"bits_per_second":	192126795.51161569,
				"jitter_ms":	0.0063076712793297086,
				"lost_packets":	65625,
				"packets":	83457,
				"lost_percent":	78.633308170674724,
				"omitted":	false,
				"sender":	false
			}
		}, {
			"streams":	[{
					"socket":	5,
					"start":	553.001086,
					"end":	554.000145,
					"seconds":	0.999059021472931,
					"bytes":	24118416,
					"bits_per_second":	193129058.29681036,
					"jitter_ms":	0.0074261550575241654,
					"lost_packets":	65899,
					"packets":	83791,
					"lost_percent":	78.646871382368033,
					"omitted":	false,
					"sender":	false
				}],
			"sum":	{
				"start":	553.001086,
				"end":	554.000145,
				"seconds":	0.999059021472931,
				"bytes":	24118416,
				"bits_per_second":	193129058.29681036,
				"jitter_ms":	0.0074261550575241654,
				"lost_packets":	65899,
				"packets":	83791,
				"lost_percent":	78.646871382368033,
				"omitted":	false,
				"sender":	false
			}
		}, {
			"streams":	[{
					"socket":	5,
					"start":	554.000145,
					"end":	555.001087,
					"seconds":	1.00094199180603,
					"bytes":	23986312,
					"bits_per_second":	191709906.8386232,
					"jitter_ms":	0.0066402178036473617,
					"lost_packets":	66076,
					"packets":	83870,
					"lost_percent":	78.783832121139852,
					"omitted":	false,
					"sender":	false
				}],
			"sum":	{
				"start":	554.000145,
				"end":	555.001087,
				"seconds":	1.00094199180603,
				"bytes":	23986312,
				"bits_per_second":	191709906.8386232,
				"jitter_ms":	0.0066402178036473617,
				"lost_packets":	66076,
				"packets":	83870,
				"lost_percent":	78.783832121139852,
				"omitted":	false,
				"sender":	false
			}
		}, {
			"streams":	[{
					"socket":	5,
					"start":	555.001087,
					"end":	556.001103,
					"seconds":	1.0000159740448,
					"bytes":	23510468,
					"bits_per_second":	188080739.58983982,
					"jitter_ms":	0.01619926157863549,
					"lost_packets":	64555,
					"packets":	81996,
					"lost_percent":	78.729450217083766,
					"omitted":	false,
					"sender":	false
				}],
			"sum":	{
				"start":	555.001087,
				"end":	556.001103,
				"seconds":	1.0000159740448,
				"bytes":	23510468,
				"bits_per_second":	188080739.58983982,
				"jitter_ms":	0.01619926157863549,
				"lost_packets":	64555,
				"packets":	81996,
				"lost_percent":	78.729450217083766,
				"omitted":	false,
				"sender":	false
			}
		}, {
			"streams":	[{
					"socket":	5,
					"start":	556.001103,
					"end":	557.000339,
					"seconds":	0.999235987663269,
					"bytes":	23743672,
					"bits_per_second":	190094610.62766561,
					"jitter_ms":	0.016502068994752178,
					"lost_packets":	64925,
					"packets":	82539,
					"lost_percent":	78.659785071299623,
					"omitted":	false,
					"sender":	false
				}],
			"sum":	{
				"start":	556.001103,
				"end":	557.000339,
				"seconds":	0.999235987663269,
				"bytes":	23743672,
				"bits_per_second":	190094610.62766561,
				"jitter_ms":	0.016502068994752178,
				"lost_packets":	64925,
				"packets":	82539,
				"lost_percent":	78.659785071299623,
				"omitted":	false,
				"sender":	false
			}
		}, {
			"streams":	[{
					"socket":	5,
					"start":	557.000339,
					"end":	558.001086,
					"seconds":	1.0007469654083252,
					"bytes":	24207384,
					"bits_per_second":	193514523.34505272,
					"jitter_ms":	0.011383232745451437,
					"lost_packets":	67762,
					"packets":	85720,
					"lost_percent":	79.050396640224,
					"omitted":	false,
					"sender":	false
				}],
			"sum":	{
				"start":	557.000339,
				"end":	558.001086,
				"seconds":	1.0007469654083252,
				"bytes":	24207384,
				"bits_per_second":	193514523.34505272,
				"jitter_ms":	0.011383232745451437,
				"lost_packets":	67762,
				"packets":	85720,
				"lost_percent":	79.050396640224,
				"omitted":	false,
				"sender":	false
			}
		}, {
			"streams":	[{
					"socket":	5,
					"start":	558.001086,
					"end":	559.001103,
					"seconds":	1.0000170469284058,
					"bytes":	23978224,
					"bits_per_second":	191822522.01520059,
					"jitter_ms":	0.0078193206603288656,
					"lost_packets":	65039,
					"packets":	82827,
					"lost_percent":	78.523911284967468,
					"omitted":	false,
					"sender":	false
				}],
			"sum":	{
				"start":	558.001086,
				"end":	559.001103,
				"seconds":	1.0000170469284058,
				"bytes":	23978224,
				"bits_per_second":	191822522.01520059,
				"jitter_ms":	0.0078193206603288656,
				"lost_packets":	65039,
				"packets":	82827,
				"lost_percent":	78.523911284967468,
				"omitted":	false,
				"sender":	false
			}
		}, {
			"streams":	[{
					"socket":	5,
					"start":	559.001103,
					"end":	560.000134,
					"seconds":	0.99903100728988647,
					"bytes":	23940480,
					"bits_per_second":	191709605.20990714,
					"jitter_ms":	0.010923940461603544,
					"lost_packets":	65697,
					"packets":	83457,
					"lost_percent":	78.7195801430677,
					"omitted":	false,
					"sender":	false
				}],
			"sum":	{
				"start":	559.001103,
				"end":	560.000134,
				"seconds":	0.99903100728988647,
				"bytes":	23940480,
				"bits_per_second":	191709605.20990714,
				"jitter_ms":	0.010923940461603544,
				"lost_packets":	65697,
				"packets":	83457,
				"lost_percent":	78.7195801430677,
				"omitted":	false,
				"sender":	false
			}
		}, {
			"streams":	[{
					"socket":	5,
					"start":	560.000134,
					"end":	561.000233,
					"seconds":	1.0000989437103271,
					"bytes":	23920260,
					"bits_per_second":	191343147.79901108,
					"jitter_ms":	0.0060967949333072822,
					"lost_packets":	65704,
					"packets":	83449,
					"lost_percent":	78.7355151050342,
					"omitted":	false,
					"sender":	false
				}],
			"sum":	{
				"start":	560.000134,
				"end":	561.000233,
				"seconds":	1.0000989437103271,
				"bytes":	23920260,
				"bits_per_second":	191343147.79901108,
				"jitter_ms":	0.0060967949333072822,
				"lost_packets":	65704,
				"packets":	83449,
				"lost_percent":	78.7355151050342,
				"omitted":	false,
				"sender":	false
			}
		}, {
			"streams":	[{
					"socket":	5,
					"start":	561.000233,
					"end":	562.000228,
					"seconds":	0.999994993209839,
					"bytes":	23984964,
					"bits_per_second":	191880672.70626423,
					"jitter_ms":	0.00595262896982169,
					"lost_packets":	65660,
					"packets":	83453,
					"lost_percent":	78.6790169316861,
					"omitted":	false,
					"sender":	false
				}],
			"sum":	{
				"start":	561.000233,
				"end":	562.000228,
				"seconds":	0.999994993209839,
				"bytes":	23984964,
				"bits_per_second":	191880672.70626423,
				"jitter_ms":	0.00595262896982169,
				"lost_packets":	65660,
				"packets":	83453,
				"lost_percent":	78.6790169316861,
				"omitted":	false,
				"sender":	false
			}
		}, {
			"streams":	[{
					"socket":	5,
					"start":	562.000228,
					"end":	563.001104,
					"seconds":	1.0008759498596191,
					"bytes":	23976876,
					"bits_per_second":	191647134.71924627,
					"jitter_ms":	0.0058376131741812946,
					"lost_packets":	66263,
					"packets":	84050,
					"lost_percent":	78.8375966686496,
					"omitted":	false,
					"sender":	false
				}],
			"sum":	{
				"start":	562.000228,
				"end":	563.001104,
				"seconds":	1.0008759498596191,
				"bytes":	23976876,
				"bits_per_second":	191647134.71924627,
				"jitter_ms":	0.0058376131741812946,
				"lost_packets":	66263,
				"packets":	84050,
				"lost_percent":	78.8375966686496,
				"omitted":	false,
				"sender":	false
			}
		}, {
			"streams":	[{
					"socket":	5,
					"start":	563.001104,
					"end":	564.001083,
					"seconds":	0.999979019165039,
					"bytes":	24038884,
					"bits_per_second":	192315106.931519,
					"jitter_ms":	0.0080321968411110351,
					"lost_packets":	65045,
					"packets":	82878,
					"lost_percent":	78.482830184126058,
					"omitted":	false,
					"sender":	false
				}],
			"sum":	{
				"start":	563.001104,
				"end":	564.001083,
				"seconds":	0.999979019165039,
				"bytes":	24038884,
				"bits_per_second":	192315106.931519,
				"jitter_ms":	0.0080321968411110351,
				"lost_packets":	65045,
				"packets":	82878,
				"lost_percent":	78.482830184126058,
				"omitted":	false,
				"sender":	false
			}
		}, {
			"streams":	[{
					"socket":	5,
					"start":	564.001083,
					"end":	565.000179,
					"seconds":	0.99909597635269165,
					"bytes":	23998444,
					"bits_per_second":	192161270.33247736,
					"jitter_ms":	0.013809056416610744,
					"lost_packets":	65441,
					"packets":	83244,
					"lost_percent":	78.6134736437461,
					"omitted":	false,
					"sender":	false
				}],
			"sum":	{
				"start":	564.001083,
				"end":	565.000179,
				"seconds":	0.99909597635269165,
				"bytes":	23998444,
				"bits_per_second":	192161270.33247736,
				"jitter_ms":	0.013809056416610744,
				"lost_packets":	65441,
				"packets":	83244,
				"lost_percent":	78.6134736437461,
				"omitted":	false,
				"sender":	false
			}
		}, {
			"streams":	[{
					"socket":	5,
					"start":	565.000179,
					"end":	566.001792,
					"seconds":	1.0016130208969116,
					"bytes":	24049668,
					"bits_per_second":	192087502.84387726,
					"jitter_ms":	3.8777174578424365,
					"lost_packets":	66439,
					"packets":	84280,
					"lost_percent":	78.8312766967252,
					"omitted":	false,
					"sender":	false
				}],
			"sum":	{
				"start":	565.000179,
				"end":	566.001792,
				"seconds":	1.0016130208969116,
				"bytes":	24049668,
				"bits_per_second":	192087502.84387726,
				"jitter_ms":	3.8777174578424365,
				"lost_packets":	66439,
				"packets":	84280,
				"lost_percent":	78.8312766967252,
				"omitted":	false,
				"sender":	false
			}
		}, {
			"streams":	[{
					"socket":	5,
					"start":	566.001792,
					"end":	567.001377,
					"seconds":	0.999584972858429,
					"bytes":	23914868,
					"bits_per_second":	191398379.52235448,
					"jitter_ms":	0.012974303280191781,
					"lost_packets":	65728,
					"packets":	83469,
					"lost_percent":	78.7454024847548,
					"omitted":	false,
					"sender":	false
				}],
			"sum":	{
				"start":	566.001792,
				"end":	567.001377,
				"seconds":	0.999584972858429,
				"bytes":	23914868,
				"bits_per_second":	191398379.52235448,
				"jitter_ms":	0.012974303280191781,
				"lost_packets":	65728,
				"packets":	83469,
				"lost_percent":	78.7454024847548,
				"omitted":	false,
				"sender":	false
			}
		}, {
			"streams":	[{
					"socket":	5,
					"start":	567.001377,
					"end":	568.001108,
					"seconds":	0.99973100423812866,
					"bytes":	23979572,
					"bits_per_second":	191888193.11069992,
					"jitter_ms":	0.0063993944863814317,
					"lost_packets":	65046,
					"packets":	82835,
					"lost_percent":	78.5247781734774,
					"omitted":	false,
					"sender":	false
				}],
			"sum":	{
				"start":	567.001377,
				"end":	568.001108,
				"seconds":	0.99973100423812866,
				"bytes":	23979572,
				"bits_per_second":	191888193.11069992,
				"jitter_ms":	0.0063993944863814317,
				"lost_packets":	65046,
				"packets":	82835,
				"lost_percent":	78.5247781734774,
				"omitted":	false,
				"sender":	false
			}
		}, {
			"streams":	[{
					"socket":	5,
					"start":	568.001108,
					"end":	569.000147,
					"seconds":	0.99903899431228638,
					"bytes":	23933740,
					"bits_per_second":	191654100.68082792,
					"jitter_ms":	0.0072943620417615746,
					"lost_packets":	65706,
					"packets":	83461,
					"lost_percent":	78.7265908627982,
					"omitted":	false,
					"sender":	false
				}],
			"sum":	{
				"start":	568.001108,
				"end":	569.000147,
				"seconds":	0.99903899431228638,
				"bytes":	23933740,
				"bits_per_second":	191654100.68082792,
				"jitter_ms":	0.0072943620417615746,
				"lost_packets":	65706,
				"packets":	83461,
				"lost_percent":	78.7265908627982,
				"omitted":	false,
				"sender":	false
			}
		}, {
			"streams":	[{
					"socket":	5,
					"start":	569.000147,
					"end":	570.001088,
					"seconds":	1.0009410381317139,
					"bytes":	23978224,
					"bits_per_second":	191645446.32723674,
					"jitter_ms":	0.0055812013062878857,
					"lost_packets":	65656,
					"packets":	83444,
					"lost_percent":	78.6827093619673,
					"omitted":	false,
					"sender":	false
				}],
			"sum":	{
				"start":	569.000147,
				"end":	570.001088,
				"seconds":	1.0009410381317139,
				"bytes":	23978224,
				"bits_per_second":	191645446.32723674,
				"jitter_ms":	0.0055812013062878857,
				"lost_packets":	65656,
				"packets":	83444,
				"lost_percent":	78.6827093619673,
				"omitted":	false,
				"sender":	false
			}
		}, {
			"streams":	[{
					"socket":	5,
					"start":	570.001088,
					"end":	571.000173,
					"seconds":	0.999085009098053,
					"bytes":	23430936,
					"bits_per_second":	187619157.82243851,
					"jitter_ms":	0.0071580299653420413,
					"lost_packets":	63822,
					"packets":	81204,
					"lost_percent":	78.5946505098271,
					"omitted":	false,
					"sender":	false
				}],
			"sum":	{
				"start":	570.001088,
				"end":	571.000173,
				"seconds":	0.999085009098053,
				"bytes":	23430936,
				"bits_per_second":	187619157.82243851,
				"jitter_ms":	0.0071580299653420413,
				"lost_packets":	63822,
				"packets":	81204,
				"lost_percent":	78.5946505098271,
				"omitted":	false,
				"sender":	false
			}
		}, {
			"streams":	[{
					"socket":	5,
					"start":	571.000173,
					"end":	572.001086,
					"seconds":	1.0009130239486694,
					"bytes":	23978224,
					"bits_per_second":	191650810.22048679,
					"jitter_ms":	0.012852298616501055,
					"lost_packets":	66301,
					"packets":	84089,
					"lost_percent":	78.846222454780047,
					"omitted":	false,
					"sender":	false
				}],
			"sum":	{
				"start":	571.000173,
				"end":	572.001086,
				"seconds":	1.0009130239486694,
				"bytes":	23978224,
				"bits_per_second":	191650810.22048679,
				"jitter_ms":	0.012852298616501055,
				"lost_packets":	66301,
				"packets":	84089,
				"lost_percent":	78.846222454780047,
				"omitted":	false,
				"sender":	false
			}
		}, {
			"streams":	[{
					"socket":	5,
					"start":	572.001086,
					"end":	573.001096,
					"seconds":	1.0000100135803223,
					"bytes":	24103588,
					"bits_per_second":	192826773.11361915,
					"jitter_ms":	0.0095865328629278074,
					"lost_packets":	67262,
					"packets":	85143,
					"lost_percent":	78.998860740166549,
					"omitted":	false,
					"sender":	false
				}],
			"sum":	{
				"start":	572.001086,
				"end":	573.001096,
				"seconds":	1.0000100135803223,
				"bytes":	24103588,
				"bits_per_second":	192826773.11361915,
				"jitter_ms":	0.0095865328629278074,
				"lost_packets":	67262,
				"packets":	85143,
				"lost_percent":	78.998860740166549,
				"omitted":	false,
				"sender":	false
			}
		}, {
			"streams":	[{
					"socket":	5,
					"start":	573.001096,
					"end":	574.001121,
					"seconds":	1.0000250339508057,
					"bytes":	24110328,
					"bits_per_second":	192877795.50675577,
					"jitter_ms":	0.00832520801199946,
					"lost_packets":	66141,
					"packets":	84027,
					"lost_percent":	78.713984790603,
					"omitted":	false,
					"sender":	false
				}],
			"sum":	{
				"start":	573.001096,
				"end":	574.001121,
				"seconds":	1.0000250339508057,
				"bytes":	24110328,
				"bits_per_second":	192877795.50675577,
				"jitter_ms":	0.00832520801199946,
				"lost_packets":	66141,
				"packets":	84027,
				"lost_percent":	78.713984790603,
				"omitted":	false,
				"sender":	false
			}
		}, {
			"streams":	[{
					"socket":	5,
					"start":	574.001121,
					"end":	575.00038,
					"seconds":	0.99925899505615234,
					"bytes":	23990356,
					"bits_per_second":	192065169.23994774,
					"jitter_ms":	0.014663466313075363,
					"lost_packets":	65485,
					"packets":	83282,
					"lost_percent":	78.630436348790852,
					"omitted":	false,
					"sender":	false
				}],
			"sum":	{
				"start":	574.001121,
				"end":	575.00038,
				"seconds":	0.99925899505615234,
				"bytes":	23990356,
				"bits_per_second":	192065169.23994774,
				"jitter_ms":	0.014663466313075363,
				"lost_packets":	65485,
				"packets":	83282,
				"lost_percent":	78.630436348790852,
				"omitted":	false,
				"sender":	false
			}
		}, {
			"streams":	[{
					"socket":	5,
					"start":	575.00038,
					"end":	576.001099,
					"seconds":	1.0007189512252808,
					"bytes":	24084716,
					"bits_per_second":	192539301.63317612,
					"jitter_ms":	0.00835465792268003,
					"lost_packets":	65139,
					"packets":	83006,
					"lost_percent":	78.4750499963858,
					"omitted":	false,
					"sender":	false
				}],
			"sum":	{
				"start":	575.00038,
				"end":	576.001099,
				"seconds":	1.0007189512252808,
				"bytes":	24084716,
				"bits_per_second":	192539301.63317612,
				"jitter_ms":	0.00835465792268003,
				"lost_packets":	65139,
				"packets":	83006,
				"lost_percent":	78.4750499963858,
				"omitted":	false,
				"sender":	false
			}
		}, {
			"streams":	[{
					"socket":	5,
					"start":	576.001099,
					"end":	577.001089,
					"seconds":	0.99998998641967773,
					"bytes":	24056408,
					"bits_per_second":	192453191.14548782,
					"jitter_ms":	0.00785901074991881,
					"lost_packets":	65617,
					"packets":	83463,
					"lost_percent":	78.6180702826402,
					"omitted":	false,
					"sender":	false
				}],
			"sum":	{
				"start":	576.001099,
				"end":	577.001089,
				"seconds":	0.99998998641967773,
				"bytes":	24056408,
				"bits_per_second":	192453191.14548782,
				"jitter_ms":	0.00785901074991881,
				"lost_packets":	65617,
				"packets":	83463,
				"lost_percent":	78.6180702826402,
				"omitted":	false,
				"sender":	false
			}
		}, {
			"streams":	[{
					"socket":	5,
					"start":	577.001089,
					"end":	578.001098,
					"seconds":	1.0000089406967163,
					"bytes":	23991704,
					"bits_per_second":	191931915.99494892,
					"jitter_ms":	0.0062012490966382927,
					"lost_packets":	65651,
					"packets":	83449,
					"lost_percent":	78.672003259475844,
					"omitted":	false,
					"sender":	false
				}],
			"sum":	{
				"start":	577.001089,
				"end":	578.001098,
				"seconds":	1.0000089406967163,
				"bytes":	23991704,
				"bits_per_second":	191931915.99494892,
				"jitter_ms":	0.0062012490966382927,
				"lost_packets":	65651,
				"packets":	83449,
				"lost_percent":	78.672003259475844,
				"omitted":	false,
				"sender":	false
			}
		}, {
			"streams":	[{
					"socket":	5,
					"start":	578.001098,
					"end":	579.001091,
					"seconds":	0.99999302625656128,
					"bytes":	24024056,
					"bits_per_second":	192193788.3101702,
					"jitter_ms":	0.002823351505706811,
					"lost_packets":	65639,
					"packets":	83461,
					"lost_percent":	78.6463138471861,
					"omitted":	false,
					"sender":	false
				}],
			"sum":	{
				"start":	578.001098,
				"end":	579.001091,
				"seconds":	0.99999302625656128,
				"bytes":	24024056,
				"bits_per_second":	192193788.3101702,
				"jitter_ms":	0.002823351505706811,
				"lost_packets":	65639,
				"packets":	83461,
				"lost_percent":	78.6463138471861,
				"omitted":	false,
				"sender":	false
			}
		}, {
			"streams":	[{
					"socket":	5,
					"start":	579.001091,
					"end":	580.00113,
					"seconds":	1.0000389814376831,
					"bytes":	23966092,
					"bits_per_second":	191721262.42955607,
					"jitter_ms":	0.00600741512227067,
					"lost_packets":	65670,
					"packets":	83449,
					"lost_percent":	78.694771656940162,
					"omitted":	false,
					"sender":	false
				}],
			"sum":	{
				"start":	579.001091,
				"end":	580.00113,
				"seconds":	1.0000389814376831,
				"bytes":	23966092,
				"bits_per_second":	191721262.42955607,
				"jitter_ms":	0.00600741512227067,
				"lost_packets":	65670,
				"packets":	83449,
				"lost_percent":	78.694771656940162,
				"omitted":	false,
				"sender":	false
			}
		}, {
			"streams":	[{
					"socket":	5,
					"start":	580.00113,
					"end":	581.001099,
					"seconds":	0.9999690055847168,
					"bytes":	23978224,
					"bits_per_second":	191831737.71254316,
					"jitter_ms":	0.010190595310162493,
					"lost_packets":	66304,
					"packets":	84092,
					"lost_percent":	78.8469771202968,
					"omitted":	false,
					"sender":	false
				}],
			"sum":	{
				"start":	580.00113,
				"end":	581.001099,
				"seconds":	0.9999690055847168,
				"bytes":	23978224,
				"bits_per_second":	191831737.71254316,
				"jitter_ms":	0.010190595310162493,
				"lost_packets":	66304,
				"packets":	84092,
				"lost_percent":	78.8469771202968,
				"omitted":	false,
				"sender":	false
			}
		}, {
			"streams":	[{
					"socket":	5,
					"start":	581.001099,
					"end":	582.000194,
					"seconds":	0.99909502267837524,
					"bytes":	23966092,
					"bits_per_second":	191902403.32297257,
					"jitter_ms":	0.0070920985792386655,
					"lost_packets":	65047,
					"packets":	82826,
					"lost_percent":	78.534518146475747,
					"omitted":	false,
					"sender":	false
				}],
			"sum":	{
				"start":	581.001099,
				"end":	582.000194,
				"seconds":	0.99909502267837524,
				"bytes":	23966092,
				"bits_per_second":	191902403.32297257,
				"jitter_ms":	0.0070920985792386655,
				"lost_packets":	65047,
				"packets":	82826,
				"lost_percent":	78.534518146475747,
				"omitted":	false,
				"sender":	false
			}
		}, {
			"streams":	[{
					"socket":	5,
					"start":	582.000194,
					"end":	583.001106,
					"seconds":	1.0009119510650635,
					"bytes":	23940480,
					"bits_per_second":	191349338.76671252,
					"jitter_ms":	0.0062793871706092264,
					"lost_packets":	65698,
					"packets":	83458,
					"lost_percent":	78.719835126650537,
					"omitted":	false,
					"sender":	false
				}],
			"sum":	{
				"start":	582.000194,
				"end":	583.001106,
				"seconds":	1.0009119510650635,
				"bytes":	23940480,
				"bits_per_second":	191349338.76671252,
				"jitter_ms":	0.0062793871706092264,
				"lost_packets":	65698,
				"packets":	83458,
				"lost_percent":	78.719835126650537,
				"omitted":	false,
				"sender":	false
			}
		}, {
			"streams":	[{
					"socket":	5,
					"start":	583.001106,
					"end":	584.000732,
					"seconds":	0.99962598085403442,
					"bytes":	23901388,
					"bits_per_second":	191282647.37240827,
					"jitter_ms":	0.0066241499678032,
					"lost_packets":	65730,
					"packets":	83461,
					"lost_percent":	78.7553468086891,
					"omitted":	false,
					"sender":	false
				}],
			"sum":	{
				"start":	583.001106,
				"end":	584.000732,
				"seconds":	0.99962598085403442,
				"bytes":	23901388,
				"bits_per_second":	191282647.37240827,
				"jitter_ms":	0.0066241499678032,
				"lost_packets":	65730,
				"packets":	83461,
				"lost_percent":	78.7553468086891,
				"omitted":	false,
				"sender":	false
			}
		}, {
			"streams":	[{
					"socket":	5,
					"start":	584.000732,
					"end":	585.001095,
					"seconds":	1.0003629922866821,
					"bytes":	23754456,
					"bits_per_second":	189966691.55623856,
					"jitter_ms":	0.0080201345135081543,
					"lost_packets":	65567,
					"packets":	83189,
					"lost_percent":	78.8169108896609,
					"omitted":	false,
					"sender":	false
				}],
			"sum":	{
				"start":	584.000732,
				"end":	585.001095,
				"seconds":	1.0003629922866821,
				"bytes":	23754456,
				"bits_per_second":	189966691.55623856,
				"jitter_ms":	0.0080201345135081543,
				"lost_packets":	65567,
				"packets":	83189,
				"lost_percent":	78.8169108896609,
				"omitted":	false,
				"sender":	false
			}
		}, {
			"streams":	[{
					"socket":	5,
					"start":	585.001095,
					"end":	586.000247,
					"seconds":	0.99915200471878052,
					"bytes":	24121112,
					"bits_per_second":	193132671.59416115,
					"jitter_ms":	0.011701537112823636,
					"lost_packets":	66454,
					"packets":	84348,
					"lost_percent":	78.7855076587471,
					"omitted":	false,
					"sender":	false
				}],
			"sum":	{
				"start":	585.001095,
				"end":	586.000247,
				"seconds":	0.99915200471878052,
				"bytes":	24121112,
				"bits_per_second":	193132671.59416115,
				"jitter_ms":	0.011701537112823636,
				"lost_packets":	66454,
				"packets":	84348,
				"lost_percent":	78.7855076587471,
				"omitted":	false,
				"sender":	false
			}
		}, {
			"streams":	[{
					"socket":	5,
					"start":	586.000247,
					"end":	587.000137,
					"seconds":	0.9998900294303894,
					"bytes":	23408020,
					"bits_per_second":	187284755.811276,
					"jitter_ms":	0.026766947932133741,
					"lost_packets":	63152,
					"packets":	80517,
					"lost_percent":	78.433125923717967,
					"omitted":	false,
					"sender":	false
				}],
			"sum":	{
				"start":	586.000247,
				"end":	587.000137,
				"seconds":	0.9998900294303894,
				"bytes":	23408020,
				"bits_per_second":	187284755.811276,
				"jitter_ms":	0.026766947932133741,
				"lost_packets":	63152,
				"packets":	80517,
				"lost_percent":	78.433125923717967,
				"omitted":	false,
				"sender":	false
			}
		}, {
			"streams":	[{
					"socket":	5,
					"start":	587.000137,
					"end":	588.000603,
					"seconds":	1.000465989112854,
					"bytes":	23979572,
					"bits_per_second":	191747223.88125136,
					"jitter_ms":	0.018226288010635739,
					"lost_packets":	65676,
					"packets":	83465,
					"lost_percent":	78.6868747379141,
					"omitted":	false,
					"sender":	false
				}],
			"sum":	{
				"start":	587.000137,
				"end":	588.000603,
				"seconds":	1.000465989112854,
				"bytes":	23979572,
				"bits_per_second":	191747223.88125136,
				"jitter_ms":	0.018226288010635739,
				"lost_packets":	65676,
				"packets":	83465,
				"lost_percent":	78.6868747379141,
				"omitted":	false,
				"sender":	false
			}
		}, {
			"streams":	[{
					"socket":	5,
					"start":	588.000603,
					"end":	589.001146,
					"seconds":	1.0005429983139038,
					"bytes":	24017316,
					"bits_per_second":	192034253.72401607,
					"jitter_ms":	0.033955733075569483,
					"lost_packets":	67962,
					"packets":	85779,
					"lost_percent":	79.229181967614451,
					"omitted":	false,
					"sender":	false
				}],
			"sum":	{
				"start":	588.000603,
				"end":	589.001146,
				"seconds":	1.0005429983139038,
				"bytes":	24017316,
				"bits_per_second":	192034253.72401607,
				"jitter_ms":	0.033955733075569483,
				"lost_packets":	67962,
				"packets":	85779,
				"lost_percent":	79.229181967614451,
				"omitted":	false,
				"sender":	false
			}
		}, {
			"streams":	[{
					"socket":	5,
					"start":	589.001146,
					"end":	590.001084,
					"seconds":	0.99993801116943359,
					"bytes":	24034840,
					"bits_per_second":	192290639.87189454,
					"jitter_ms":	0.010969743048540532,
					"lost_packets":	65741,
					"packets":	83571,
					"lost_percent":	78.6648478539206,
					"omitted":	false,
					"sender":	false
				}],
			"sum":	{
				"start":	589.001146,
				"end":	590.001084,
				"seconds":	0.99993801116943359,
				"bytes":	24034840,
				"bits_per_second":	192290639.87189454,
				"jitter_ms":	0.010969743048540532,
				"lost_packets":	65741,
				"packets":	83571,
				"lost_percent":	78.6648478539206,
				"omitted":	false,
				"sender":	false
			}
		}, {
			"streams":	[{
					"socket":	5,
					"start":	590.001084,
					"end":	591.0011,
					"seconds":	1.0000159740448,
					"bytes":	23405324,
					"bits_per_second":	187239601.02622491,
					"jitter_ms":	0.011697510254235809,
					"lost_packets":	63708,
					"packets":	81071,
					"lost_percent":	78.582970482663342,
					"omitted":	false,
					"sender":	false
				}],
			"sum":	{
				"start":	590.001084,
				"end":	591.0011,
				"seconds":	1.0000159740448,
				"bytes":	23405324,
				"bits_per_second":	187239601.02622491,
				"jitter_ms":	0.011697510254235809,
				"lost_packets":	63708,
				"packets":	81071,
				"lost_percent":	78.582970482663342,
				"omitted":	false,
				"sender":	false
			}
		}, {
			"streams":	[{
					"socket":	5,
					"start":	591.0011,
					"end":	592.00016,
					"seconds":	0.99905997514724731,
					"bytes":	23924304,
					"bits_per_second":	191574516.80695263,
					"jitter_ms":	0.019163043112690743,
					"lost_packets":	65657,
					"packets":	83405,
					"lost_percent":	78.720700197829871,
					"omitted":	false,
					"sender":	false
				}],
			"sum":	{
				"start":	591.0011,
				"end":	592.00016,
				"seconds":	0.99905997514724731,
				"bytes":	23924304,
				"bits_per_second":	191574516.80695263,
				"jitter_ms":	0.019163043112690743,
				"lost_packets":	65657,
				"packets":	83405,
				"lost_percent":	78.720700197829871,
				"omitted":	false,
				"sender":	false
			}
		}, {
			"streams":	[{
					"socket":	5,
					"start":	592.00016,
					"end":	593.001085,
					"seconds":	1.0009249448776245,
					"bytes":	23991704,
					"bits_per_second":	191756268.02214053,
					"jitter_ms":	0.011726119182996033,
					"lost_packets":	68011,
					"packets":	85809,
					"lost_percent":	79.2585859292149,
					"omitted":	false,
					"sender":	false
				}],
			"sum":	{
				"start":	592.00016,
				"end":	593.001085,
				"seconds":	1.0009249448776245,
				"bytes":	23991704,
				"bits_per_second":	191756268.02214053,
				"jitter_ms":	0.011726119182996033,
				"lost_packets":	68011,
				"packets":	85809,
				"lost_percent":	79.2585859292149,
				"omitted":	false,
				"sender":	false
			}
		}, {
			"streams":	[{
					"socket":	5,
					"start":	593.001085,
					"end":	594.001116,
					"seconds":	1.0000309944152832,
					"bytes":	24042928,
					"bits_per_second":	192337462.61280927,
					"jitter_ms":	0.0049053754185371026,
					"lost_packets":	66249,
					"packets":	84085,
					"lost_percent":	78.788131057858124,
					"omitted":	false,
					"sender":	false
				}],
			"sum":	{
				"start":	593.001085,
				"end":	594.001116,
				"seconds":	1.0000309944152832,
				"bytes":	24042928,
				"bits_per_second":	192337462.61280927,
				"jitter_ms":	0.0049053754185371026,
				"lost_packets":	66249,
				"packets":	84085,
				"lost_percent":	78.788131057858124,
				"omitted":	false,
				"sender":	false
			}
		}, {
			"streams":	[{
					"socket":	5,
					"start":	594.001116,
					"end":	595.001097,
					"seconds":	0.99998098611831665,
					"bytes":	24005184,
					"bits_per_second":	192045123.52325654,
					"jitter_ms":	0.0069001766740819466,
					"lost_packets":	65395,
					"packets":	83203,
					"lost_percent":	78.5969255916253,
					"omitted":	false,
					"sender":	false
				}],
			"sum":	{
				"start":	594.001116,
				"end":	595.001097,
				"seconds":	0.99998098611831665,
				"bytes":	24005184,
				"bits_per_second":	192045123.52325654,
				"jitter_ms":	0.0069001766740819466,
				"lost_packets":	65395,
				"packets":	83203,
				"lost_percent":	78.5969255916253,
				"omitted":	false,
				"sender":	false
			}
		}, {
			"streams":	[{
					"socket":	5,
					"start":	595.001097,
					"end":	596.001133,
					"seconds":	1.0000360012054443,
					"bytes":	23913520,
					"bits_per_second":	191301272.92357171,
					"jitter_ms":	0.0090174659538621669,
					"lost_packets":	65854,
					"packets":	83594,
					"lost_percent":	78.7783812235328,
					"omitted":	false,
					"sender":	false
				}],
			"sum":	{
				"start":	595.001097,
				"end":	596.001133,
				"seconds":	1.0000360012054443,
				"bytes":	23913520,
				"bits_per_second":	191301272.92357171,
				"jitter_ms":	0.0090174659538621669,
				"lost_packets":	65854,
				"packets":	83594,
				"lost_percent":	78.7783812235328,
				"omitted":	false,
				"sender":	false
			}
		}, {
			"streams":	[{
					"socket":	5,
					"start":	596.001133,
					"end":	597.001083,
					"seconds":	0.99994999170303345,
					"bytes":	22109896,
					"bits_per_second":	176888013.86832735,
					"jitter_ms":	0.0094939764086189871,
					"lost_packets":	60127,
					"packets":	76529,
					"lost_percent":	78.5676018241451,
					"omitted":	false,
					"sender":	false
				}],
			"sum":	{
				"start":	596.001133,
				"end":	597.001083,
				"seconds":	0.99994999170303345,
				"bytes":	22109896,
				"bits_per_second":	176888013.86832735,
				"jitter_ms":	0.0094939764086189871,
				"lost_packets":	60127,
				"packets":	76529,
				"lost_percent":	78.5676018241451,
				"omitted":	false,
				"sender":	false
			}
		}, {
			"streams":	[{
					"socket":	5,
					"start":	597.001083,
					"end":	598.001096,
					"seconds":	1.000012993812561,
					"bytes":	23778720,
					"bits_per_second":	190227288.22227284,
					"jitter_ms":	0.037461703484967086,
					"lost_packets":	65780,
					"packets":	83420,
					"lost_percent":	78.853991848477577,
					"omitted":	false,
					"sender":	false
				}],
			"sum":	{
				"start":	597.001083,
				"end":	598.001096,
				"seconds":	1.000012993812561,
				"bytes":	23778720,
				"bits_per_second":	190227288.22227284,
				"jitter_ms":	0.037461703484967086,
				"lost_packets":	65780,
				"packets":	83420,
				"lost_percent":	78.853991848477577,
				"omitted":	false,
				"sender":	false
			}
		}, {
			"streams":	[{
					"socket":	5,
					"start":	598.001096,
					"end":	599.0011,
					"seconds":	1.0000040531158447,
					"bytes":	23782764,
					"bits_per_second":	190261340.84874478,
					"jitter_ms":	0.0053929534255741434,
					"lost_packets":	69875,
					"packets":	87518,
					"lost_percent":	79.840718480769667,
					"omitted":	false,
					"sender":	false
				}],
			"sum":	{
				"start":	598.001096,
				"end":	599.0011,
				"seconds":	1.0000040531158447,
				"bytes":	23782764,
				"bits_per_second":	190261340.84874478,
				"jitter_ms":	0.0053929534255741434,
				"lost_packets":	69875,
				"packets":	87518,
				"lost_percent":	79.840718480769667,
				"omitted":	false,
				"sender":	false
			}
		}, {
			"streams":	[{
					"socket":	5,
					"start":	599.0011,
					"end":	600.001088,
					"seconds":	0.9999880194664,
					"bytes":	24175032,
					"bits_per_second":	193402573.06602493,
					"jitter_ms":	0.0068504516441255372,
					"lost_packets":	68110,
					"packets":	86044,
					"lost_percent":	79.157175398633257,
					"omitted":	false,
					"sender":	false
				}],
			"sum":	{
				"start":	599.0011,
				"end":	600.001088,
				"seconds":	0.9999880194664,
				"bytes":	24175032,
				"bits_per_second":	193402573.06602493,
				"jitter_ms":	0.0068504516441255372,
				"lost_packets":	68110,
				"packets":	86044,
				"lost_percent":	79.157175398633257,
				"omitted":	false,
				"sender":	false
			}
		}, {
			"streams":	[{
					"socket":	5,
					"start":	600.001088,
					"end":	601.001097,
					"seconds":	1.0000089406967163,
					"bytes":	23979572,
					"bits_per_second":	191834860.86268941,
					"jitter_ms":	0.04170821180432261,
					"lost_packets":	65694,
					"packets":	83483,
					"lost_percent":	78.6914701196651,
					"omitted":	false,
					"sender":	false
				}],
			"sum":	{
				"start":	600.001088,
				"end":	601.001097,
				"seconds":	1.0000089406967163,
				"bytes":	23979572,
				"bits_per_second":	191834860.86268941,
				"jitter_ms":	0.04170821180432261,
				"lost_packets":	65694,
				"packets":	83483,
				"lost_percent":	78.6914701196651,
				"omitted":	false,
				"sender":	false
			}
		}, {
			"streams":	[{
					"socket":	5,
					"start":	601.001097,
					"end":	602.001031,
					"seconds":	0.99993401765823364,
					"bytes":	24068540,
					"bits_per_second":	192561025.62740383,
					"jitter_ms":	0.00655424862152739,
					"lost_packets":	65666,
					"packets":	83521,
					"lost_percent":	78.622142934112375,
					"omitted":	false,
					"sender":	false
				}],
			"sum":	{
				"start":	601.001097,
				"end":	602.001031,
				"seconds":	0.99993401765823364,
				"bytes":	24068540,
				"bits_per_second":	192561025.62740383,
				"jitter_ms":	0.00655424862152739,
				"lost_packets":	65666,
				"packets":	83521,
				"lost_percent":	78.622142934112375,
				"omitted":	false,
				"sender":	false
			}
		}, {
			"streams":	[{
					"socket":	5,
					"start":	602.001031,
					"end":	603.001094,
					"seconds":	1.0000629425048828,
					"bytes":	23794896,
					"bits_per_second":	190347187.07124835,
					"jitter_ms":	0.014408243195223396,
					"lost_packets":	64513,
					"packets":	82165,
					"lost_percent":	78.5163999269762,
					"omitted":	false,
					"sender":	false
				}],
			"sum":	{
				"start":	602.001031,
				"end":	603.001094,
				"seconds":	1.0000629425048828,
				"bytes":	23794896,
				"bits_per_second":	190347187.07124835,
				"jitter_ms":	0.014408243195223396,
				"lost_packets":	64513,
				"packets":	82165,
				"lost_percent":	78.5163999269762,
				"omitted":	false,
				"sender":	false
			}
		}, {
			"streams":	[{
					"socket":	5,
					"start":	603.001094,
					"end":	604.001601,
					"seconds":	1.0005069971084595,
					"bytes":	24230300,
					"bits_per_second":	193744172.26488084,
					"jitter_ms":	0.005691216370939,
					"lost_packets":	66367,
					"packets":	84342,
					"lost_percent":	78.687960921012063,
					"omitted":	false,
					"sender":	false
				}],
			"sum":	{
				"start":	603.001094,
				"end":	604.001601,
				"seconds":	1.0005069971084595,
				"bytes":	24230300,
				"bits_per_second":	193744172.26488084,
				"jitter_ms":	0.005691216370939,
				"lost_packets":	66367,
				"packets":	84342,
				"lost_percent":	78.687960921012063,
				"omitted":	false,
				"sender":	false
			}
		}, {
			"streams":	[{
					"socket":	5,
					"start":	604.001601,
					"end":	605.000114,
					"seconds":	0.99851298332214355,
					"bytes":	23738280,
					"bits_per_second":	190189054.29568341,
					"jitter_ms":	0.00823341747192092,
					"lost_packets":	64756,
					"packets":	82366,
					"lost_percent":	78.6198188572955,
					"omitted":	false,
					"sender":	false
				}],
			"sum":	{
				"start":	604.001601,
				"end":	605.000114,
				"seconds":	0.99851298332214355,
				"bytes":	23738280,
				"bits_per_second":	190189054.29568341,
				"jitter_ms":	0.00823341747192092,
				"lost_packets":	64756,
				"packets":	82366,
				"lost_percent":	78.6198188572955,
				"omitted":	false,
				"sender":	false
			}
		}, {
			"streams":	[{
					"socket":	5,
					"start":	605.000114,
					"end":	606.0011,
					"seconds":	1.0009859800338745,
					"bytes":	23726148,
					"bits_per_second":	189622220.27682808,
					"jitter_ms":	0.00960209125926104,
					"lost_packets":	65238,
					"packets":	82839,
					"lost_percent":	78.7527613805092,
					"omitted":	false,
					"sender":	false
				}],
			"sum":	{
				"start":	605.000114,
				"end":	606.0011,
				"seconds":	1.0009859800338745,
				"bytes":	23726148,
				"bits_per_second":	189622220.27682808,
				"jitter_ms":	0.00960209125926104,
				"lost_packets":	65238,
				"packets":	82839,
				"lost_percent":	78.7527613805092,
				"omitted":	false,
				"sender":	false
			}
		}, {
			"streams":	[{
					"socket":	5,
					"start":	606.0011,
					"end":	607.001127,
					"seconds":	1.0000269412994385,
					"bytes":	24276132,
					"bits_per_second":	194203823.89662829,
					"jitter_ms":	0.013854386791170424,
					"lost_packets":	66269,
					"packets":	84278,
					"lost_percent":	78.631434063456652,
					"omitted":	false,
					"sender":	false
				}],
			"sum":	{
				"start":	606.0011,
				"end":	607.001127,
				"seconds":	1.0000269412994385,
				"bytes":	24276132,
				"bits_per_second":	194203823.89662829,
				"jitter_ms":	0.013854386791170424,
				"lost_packets":	66269,
				"packets":	84278,
				"lost_percent":	78.631434063456652,
				"omitted":	false,
				"sender":	false
			}
		}, {
			"streams":	[{
					"socket":	5,
					"start":	607.001127,
					"end":	608.001097,
					"seconds":	0.999970018863678,
					"bytes":	23843424,
					"bits_per_second":	190753110.99502459,
					"jitter_ms":	0.0078325745393856162,
					"lost_packets":	66650,
					"packets":	84338,
					"lost_percent":	79.0272475040907,
					"omitted":	false,
					"sender":	false
				}],
			"sum":	{
				"start":	607.001127,
				"end":	608.001097,
				"seconds":	0.999970018863678,
				"bytes":	23843424,
				"bits_per_second":	190753110.99502459,
				"jitter_ms":	0.0078325745393856162,
				"lost_packets":	66650,
				"packets":	84338,
				"lost_percent":	79.0272475040907,
				"omitted":	false,
				"sender":	false
			}
		}, {
			"streams":	[{
					"socket":	5,
					"start":	608.001097,
					"end":	609.00121,
					"seconds":	1.0001130104064941,
					"bytes":	24094152,
					"bits_per_second":	192731435.3421478,
					"jitter_ms":	0.010653282448965141,
					"lost_packets":	66212,
					"packets":	84086,
					"lost_percent":	78.743191494422376,
					"omitted":	false,
					"sender":	false
				}],
			"sum":	{
				"start":	608.001097,
				"end":	609.00121,
				"seconds":	1.0001130104064941,
				"bytes":	24094152,
				"bits_per_second":	192731435.3421478,
				"jitter_ms":	0.010653282448965141,
				"lost_packets":	66212,
				"packets":	84086,
				"lost_percent":	78.743191494422376,
				"omitted":	false,
				"sender":	false
			}
		}, {
			"streams":	[{
					"socket":	5,
					"start":	609.00121,
					"end":	610.0011,
					"seconds":	0.9998900294303894,
					"bytes":	24037536,
					"bits_per_second":	192321437.698052,
					"jitter_ms":	0.00688287050692832,
					"lost_packets":	64992,
					"packets":	82824,
					"lost_percent":	78.470008693132428,
					"omitted":	false,
					"sender":	false
				}],
			"sum":	{
				"start":	609.00121,
				"end":	610.0011,
				"seconds":	0.9998900294303894,
				"bytes":	24037536,
				"bits_per_second":	192321437.698052,
				"jitter_ms":	0.00688287050692832,
				"lost_packets":	64992,
				"packets":	82824,
				"lost_percent":	78.470008693132428,
				"omitted":	false,
				"sender":	false
			}
		}, {
			"streams":	[{
					"socket":	5,
					"start":	610.0011,
					"end":	611.000997,
					"seconds":	0.999897003173828,
					"bytes":	23945872,
					"bits_per_second":	191586708.82294548,
					"jitter_ms":	0.0064357339458808232,
					"lost_packets":	65691,
					"packets":	83455,
					"lost_percent":	78.7142771553532,
					"omitted":	false,
					"sender":	false
				}],
			"sum":	{
				"start":	610.0011,
				"end":	611.000997,
				"seconds":	0.999897003173828,
				"bytes":	23945872,
				"bits_per_second":	191586708.82294548,
				"jitter_ms":	0.0064357339458808232,
				"lost_packets":	65691,
				"packets":	83455,
				"lost_percent":	78.7142771553532,
				"omitted":	false,
				"sender":	false
			}
		}, {
			"streams":	[{
					"socket":	5,
					"start":	611.000997,
					"end":	612.000462,
					"seconds":	0.999464988708496,
					"bytes":	23802984,
					"bits_per_second":	190525805.45724249,
					"jitter_ms":	0.012282546748010777,
					"lost_packets":	64932,
					"packets":	82590,
					"lost_percent":	78.619687613512525,
					"omitted":	false,
					"sender":	false
				}],
			"sum":	{
				"start":	611.000997,
				"end":	612.000462,
				"seconds":	0.999464988708496,
				"bytes":	23802984,
				"bits_per_second":	190525805.45724249,
				"jitter_ms":	0.012282546748010777,
				"lost_packets":	64932,
				"packets":	82590,
				"lost_percent":	78.619687613512525,
				"omitted":	false,
				"sender":	false
			}
		}, {
			"streams":	[{
					"socket":	5,
					"start":	612.000462,
					"end":	613.001088,
					"seconds":	1.0006259679794312,
					"bytes":	23018448,
					"bits_per_second":	184032385.61942393,
					"jitter_ms":	0.014786571333634809,
					"lost_packets":	63037,
					"packets":	80113,
					"lost_percent":	78.6851072859586,
					"omitted":	false,
					"sender":	false
				}],
			"sum":	{
				"start":	612.000462,
				"end":	613.001088,
				"seconds":	1.0006259679794312,
				"bytes":	23018448,
				"bits_per_second":	184032385.61942393,
				"jitter_ms":	0.014786571333634809,
				"lost_packets":	63037,
				"packets":	80113,
				"lost_percent":	78.6851072859586,
				"omitted":	false,
				"sender":	false
			}
		}, {
			"streams":	[{
					"socket":	5,
					"start":	613.001088,
					"end":	614.001109,
					"seconds":	1.0000209808349609,
					"bytes":	23519904,
					"bits_per_second":	188155284.34503213,
					"jitter_ms":	0.030991061835024081,
					"lost_packets":	64662,
					"packets":	82110,
					"lost_percent":	78.7504567044209,
					"omitted":	false,
					"sender":	false
				}],
			"sum":	{
				"start":	613.001088,
				"end":	614.001109,
				"seconds":	1.0000209808349609,
				"bytes":	23519904,
				"bits_per_second":	188155284.34503213,
				"jitter_ms":	0.030991061835024081,
				"lost_packets":	64662,
				"packets":	82110,
				"lost_percent":	78.7504567044209,
				"omitted":	false,
				"sender":	false
			}
		}, {
			"streams":	[{
					"socket":	5,
					"start":	614.001109,
					"end":	615.001097,
					"seconds":	0.9999880194664,
					"bytes":	24160204,
					"bits_per_second":	193283947.64482906,
					"jitter_ms":	0.03783221930655805,
					"lost_packets":	70363,
					"packets":	88286,
					"lost_percent":	79.698933013161763,
					"omitted":	false,
					"sender":	false
				}],
			"sum":	{
				"start":	614.001109,
				"end":	615.001097,
				"seconds":	0.9999880194664,
				"bytes":	24160204,
				"bits_per_second":	193283947.64482906,
				"jitter_ms":	0.03783221930655805,
				"lost_packets":	70363,
				"packets":	88286,
				"lost_percent":	79.698933013161763,
				"omitted":	false,
				"sender":	false
			}
		}, {
			"streams":	[{
					"socket":	5,
					"start":	615.001097,
					"end":	616.001089,
					"seconds":	0.9999920129776,
					"bytes":	23813768,
					"bits_per_second":	190511665.62094074,
					"jitter_ms":	0.018117628382096462,
					"lost_packets":	65642,
					"packets":	83308,
					"lost_percent":	78.794353483458977,
					"omitted":	false,
					"sender":	false
				}],
			"sum":	{
				"start":	615.001097,
				"end":	616.001089,
				"seconds":	0.9999920129776,
				"bytes":	23813768,
				"bits_per_second":	190511665.62094074,
				"jitter_ms":	0.018117628382096462,
				"lost_packets":	65642,
				"packets":	83308,
				"lost_percent":	78.794353483458977,
				"omitted":	false,
				"sender":	false
			}
		}, {
			"streams":	[{
					"socket":	5,
					"start":	616.001089,
					"end":	617.000256,
					"seconds":	0.999167025089264,
					"bytes":	24259956,
					"bits_per_second":	194241446.25135246,
					"jitter_ms":	0.011814752779697917,
					"lost_packets":	66969,
					"packets":	84966,
					"lost_percent":	78.818586258032624,
					"omitted":	false,
					"sender":	false
				}],
			"sum":	{
				"start":	616.001089,
				"end":	617.000256,
				"seconds":	0.999167025089264,
				"bytes":	24259956,
				"bits_per_second":	194241446.25135246,
				"jitter_ms":	0.011814752779697917,
				"lost_packets":	66969,
				"packets":	84966,
				"lost_percent":	78.818586258032624,
				"omitted":	false,
				"sender":	false
			}
		}, {
			"streams":	[{
					"socket":	5,
					"start":	617.000256,
					"end":	618.001105,
					"seconds":	1.0008490085601807,
					"bytes":	23971484,
					"bits_per_second":	191609194.153954,
					"jitter_ms":	0.006952080753280643,
					"lost_packets":	65041,
					"packets":	82824,
					"lost_percent":	78.529170288805176,
					"omitted":	false,
					"sender":	false
				}],
			"sum":	{
				"start":	617.000256,
				"end":	618.001105,
				"seconds":	1.0008490085601807,
				"bytes":	23971484,
				"bits_per_second":	191609194.153954,
				"jitter_ms":	0.006952080753280643,
				"lost_packets":	65041,
				"packets":	82824,
				"lost_percent":	78.529170288805176,
				"omitted":	false,
				"sender":	false
			}
		}, {
			"streams":	[{
					"socket":	5,
					"start":	618.001105,
					"end":	619.001088,
					"seconds":	0.999983012676239,
					"bytes":	23719408,
					"bits_per_second":	189758487.48886338,
					"jitter_ms":	0.0530259960411707,
					"lost_packets":	64963,
					"packets":	82559,
					"lost_percent":	78.6867573492896,
					"omitted":	false,
					"sender":	false
				}],
			"sum":	{
				"start":	618.001105,
				"end":	619.001088,
				"seconds":	0.999983012676239,
				"bytes":	23719408,
				"bits_per_second":	189758487.48886338,
				"jitter_ms":	0.0530259960411707,
				"lost_packets":	64963,
				"packets":	82559,
				"lost_percent":	78.6867573492896,
				"omitted":	false,
				"sender":	false
			}
		}, {
			"streams":	[{
					"socket":	5,
					"start":	619.001088,
					"end":	620.001041,
					"seconds":	0.99995297193527222,
					"bytes":	24226256,
					"bits_per_second":	193819162.94014025,
					"jitter_ms":	0.0070847408000544445,
					"lost_packets":	66390,
					"packets":	84362,
					"lost_percent":	78.69656954553,
					"omitted":	false,
					"sender":	false
				}],
			"sum":	{
				"start":	619.001088,
				"end":	620.001041,
				"seconds":	0.99995297193527222,
				"bytes":	24226256,
				"bits_per_second":	193819162.94014025,
				"jitter_ms":	0.0070847408000544445,
				"lost_packets":	66390,
				"packets":	84362,
				"lost_percent":	78.69656954553,
				"omitted":	false,
				"sender":	false
			}
		}, {
			"streams":	[{
					"socket":	5,
					"start":	620.001041,
					"end":	621.001137,
					"seconds":	1.0000959634780884,
					"bytes":	23998444,
					"bits_per_second":	191969129.974602,
					"jitter_ms":	0.005732336025193123,
					"lost_packets":	65652,
					"packets":	83455,
					"lost_percent":	78.667545383739736,
					"omitted":	false,
					"sender":	false
				}],
			"sum":	{
				"start":	620.001041,
				"end":	621.001137,
				"seconds":	1.0000959634780884,
				"bytes":	23998444,
				"bits_per_second":	191969129.974602,
				"jitter_ms":	0.005732336025193123,
				"lost_packets":	65652,
				"packets":	83455,
				"lost_percent":	78.667545383739736,
				"omitted":	false,
				"sender":	false
			}
		}, {
			"streams":	[{
					"socket":	5,
					"start":	621.001137,
					"end":	622.00038,
					"seconds":	0.99924302101135254,
					"bytes":	23966092,
					"bits_per_second":	191873980.571761,
					"jitter_ms":	0.0067488251101077475,
					"lost_packets":	65683,
					"packets":	83462,
					"lost_percent":	78.698090148810238,
					"omitted":	false,
					"sender":	false
				}],
			"sum":	{
				"start":	621.001137,
				"end":	622.00038,
				"seconds":	0.99924302101135254,
				"bytes":	23966092,
				"bits_per_second":	191873980.571761,
				"jitter_ms":	0.0067488251101077475,
				"lost_packets":	65683,
				"packets":	83462,
				"lost_percent":	78.698090148810238,
				"omitted":	false,
				"sender":	false
			}
		}, {
			"streams":	[{
					"socket":	5,
					"start":	622.00038,
					"end":	623.00015,
					"seconds":	0.99976998567581177,
					"bytes":	23645268,
					"bits_per_second":	189205664.01294053,
					"jitter_ms":	0.0057976449123132651,
					"lost_packets":	64911,
					"packets":	82452,
					"lost_percent":	78.725804104206077,
					"omitted":	false,
					"sender":	false
				}],
			"sum":	{
				"start":	622.00038,
				"end":	623.00015,
				"seconds":	0.99976998567581177,
				"bytes":	23645268,
				"bits_per_second":	189205664.01294053,
				"jitter_ms":	0.0057976449123132651,
				"lost_packets":	64911,
				"packets":	82452,
				"lost_percent":	78.725804104206077,
				"omitted":	false,
				"sender":	false
			}
		}, {
			"streams":	[{
					"socket":	5,
					"start":	623.00015,
					"end":	624.001098,
					"seconds":	1.0009479522705078,
					"bytes":	24280176,
					"bits_per_second":	194057450.79890621,
					"jitter_ms":	0.0082656251346098567,
					"lost_packets":	66438,
					"packets":	84450,
					"lost_percent":	78.6714031971581,
					"omitted":	false,
					"sender":	false
				}],
			"sum":	{
				"start":	623.00015,
				"end":	624.001098,
				"seconds":	1.0009479522705078,
				"bytes":	24280176,
				"bits_per_second":	194057450.79890621,
				"jitter_ms":	0.0082656251346098567,
				"lost_packets":	66438,
				"packets":	84450,
				"lost_percent":	78.6714031971581,
				"omitted":	false,
				"sender":	false
			}
		}, {
			"streams":	[{
					"socket":	5,
					"start":	624.001098,
					"end":	625.001086,
					"seconds":	0.9999880194664,
					"bytes":	23660096,
					"bits_per_second":	189283035.71176922,
					"jitter_ms":	0.0074106356652877264,
					"lost_packets":	64825,
					"packets":	82377,
					"lost_percent":	78.693081806815,
					"omitted":	false,
					"sender":	false
				}],
			"sum":	{
				"start":	624.001098,
				"end":	625.001086,
				"seconds":	0.9999880194664,
				"bytes":	23660096,
				"bits_per_second":	189283035.71176922,
				"jitter_ms":	0.0074106356652877264,
				"lost_packets":	64825,
				"packets":	82377,
				"lost_percent":	78.693081806815,
				"omitted":	false,
				"sender":	false
			}
		}, {
			"streams":	[{
					"socket":	5,
					"start":	625.001086,
					"end":	626.0011,
					"seconds":	1.0000139474868774,
					"bytes":	24148072,
					"bits_per_second":	193181881.59824145,
					"jitter_ms":	0.0056747112808411444,
					"lost_packets":	66473,
					"packets":	84387,
					"lost_percent":	78.771611741144966,
					"omitted":	false,
					"sender":	false
				}],
			"sum":	{
				"start":	625.001086,
				"end":	626.0011,
				"seconds":	1.0000139474868774,
				"bytes":	24148072,
				"bits_per_second":	193181881.59824145,
				"jitter_ms":	0.0056747112808411444,
				"lost_packets":	66473,
				"packets":	84387,
				"lost_percent":	78.771611741144966,
				"omitted":	false,
				"sender":	false
			}
		}, {
			"streams":	[{
					"socket":	5,
					"start":	626.0011,
					"end":	627.001083,
					"seconds":	0.999983012676239,
					"bytes":	23796244,
					"bits_per_second":	190373185.93094483,
					"jitter_ms":	0.0075261314594737717,
					"lost_packets":	65712,
					"packets":	83365,
					"lost_percent":	78.8244467102501,
					"omitted":	false,
					"sender":	false
				}],
			"sum":	{
				"start":	626.0011,
				"end":	627.001083,
				"seconds":	0.999983012676239,
				"bytes":	23796244,
				"bits_per_second":	190373185.93094483,
				"jitter_ms":	0.0075261314594737717,
				"lost_packets":	65712,
				"packets":	83365,
				"lost_percent":	78.8244467102501,
				"omitted":	false,
				"sender":	false
			}
		}, {
			"streams":	[{
					"socket":	5,
					"start":	627.001083,
					"end":	628.001396,
					"seconds":	1.0003130435943604,
					"bytes":	23732888,
					"bits_per_second":	189803687.171545,
					"jitter_ms":	0.0081737667108783829,
					"lost_packets":	65016,
					"packets":	82622,
					"lost_percent":	78.690905569945045,
					"omitted":	false,
					"sender":	false
				}],
			"sum":	{
				"start":	627.001083,
				"end":	628.001396,
				"seconds":	1.0003130435943604,
				"bytes":	23732888,
				"bits_per_second":	189803687.171545,
				"jitter_ms":	0.0081737667108783829,
				"lost_packets":	65016,
				"packets":	82622,
				"lost_percent":	78.690905569945045,
				"omitted":	false,
				"sender":	false
			}
		}, {
			"streams":	[{
					"socket":	5,
					"start":	628.001396,
					"end":	629.001547,
					"seconds":	1.0001510381698608,
					"bytes":	23991704,
					"bits_per_second":	191904647.07331824,
					"jitter_ms":	0.0099965894598916631,
					"lost_packets":	65039,
					"packets":	82837,
					"lost_percent":	78.5144319567343,
					"omitted":	false,
					"sender":	false
				}],
			"sum":	{
				"start":	628.001396,
				"end":	629.001547,
				"seconds":	1.0001510381698608,
				"bytes":	23991704,
				"bits_per_second":	191904647.07331824,
				"jitter_ms":	0.0099965894598916631,
				"lost_packets":	65039,
				"packets":	82837,
				"lost_percent":	78.5144319567343,
				"omitted":	false,
				"sender":	false
			}
		}, {
			"streams":	[{
					"socket":	5,
					"start":	629.001547,
					"end":	630.001102,
					"seconds":	0.999554991722107,
					"bytes":	24080672,
					"bits_per_second":	192731142.95402232,
					"jitter_ms":	0.010359800381466031,
					"lost_packets":	67931,
					"packets":	85795,
					"lost_percent":	79.178273792179027,
					"omitted":	false,
					"sender":	false
				}],
			"sum":	{
				"start":	629.001547,
				"end":	630.001102,
				"seconds":	0.999554991722107,
				"bytes":	24080672,
				"bits_per_second":	192731142.95402232,
				"jitter_ms":	0.010359800381466031,
				"lost_packets":	67931,
				"packets":	85795,
				"lost_percent":	79.178273792179027,
				"omitted":	false,
				"sender":	false
			}
		}, {
			"streams":	[{
					"socket":	5,
					"start":	630.001102,
					"end":	631.000269,
					"seconds":	0.999167025089264,
					"bytes":	23692448,
					"bits_per_second":	189697597.33921048,
					"jitter_ms":	0.012197138769549141,
					"lost_packets":	64372,
					"packets":	81948,
					"lost_percent":	78.5522526480207,
					"omitted":	false,
					"sender":	false
				}],
			"sum":	{
				"start":	630.001102,
				"end":	631.000269,
				"seconds":	0.999167025089264,
				"bytes":	23692448,
				"bits_per_second":	189697597.33921048,
				"jitter_ms":	0.012197138769549141,
				"lost_packets":	64372,
				"packets":	81948,
				"lost_percent":	78.5522526480207,
				"omitted":	false,
				"sender":	false
			}
		}, {
			"streams":	[{
					"socket":	5,
					"start":	631.000269,
					"end":	632.001082,
					"seconds":	1.0008130073547363,
					"bytes":	24207384,
					"bits_per_second":	193501753.65112725,
					"jitter_ms":	0.0060854296076839473,
					"lost_packets":	66372,
					"packets":	84330,
					"lost_percent":	78.705087157595159,
					"omitted":	false,
					"sender":	false
				}],
			"sum":	{
				"start":	631.000269,
				"end":	632.001082,
				"seconds":	1.0008130073547363,
				"bytes":	24207384,
				"bits_per_second":	193501753.65112725,
				"jitter_ms":	0.0060854296076839473,
				"lost_packets":	66372,
				"packets":	84330,
				"lost_percent":	78.705087157595159,
				"omitted":	false,
				"sender":	false
			}
		}, {
			"streams":	[{
					"socket":	5,
					"start":	632.001082,
					"end":	633.001196,
					"seconds":	1.0001139640808105,
					"bytes":	23937784,
					"bits_per_second":	191480450.10651043,
					"jitter_ms":	0.0225812734505426,
					"lost_packets":	65654,
					"packets":	83412,
					"lost_percent":	78.7104972905577,
					"omitted":	false,
					"sender":	false
				}],
			"sum":	{
				"start":	632.001082,
				"end":	633.001196,
				"seconds":	1.0001139640808105,
				"bytes":	23937784,
				"bits_per_second":	191480450.10651043,
				"jitter_ms":	0.0225812734505426,
				"lost_packets":	65654,
				"packets":	83412,
				"lost_percent":	78.7104972905577,
				"omitted":	false,
				"sender":	false
			}
		}, {
			"streams":	[{
					"socket":	5,
					"start":	633.001196,
					"end":	634.001155,
					"seconds":	0.99995899200439453,
					"bytes":	23875776,
					"bits_per_second":	191014041.10295814,
					"jitter_ms":	0.011301849723047853,
					"lost_packets":	64928,
					"packets":	82640,
					"lost_percent":	78.567279767667,
					"omitted":	false,
					"sender":	false
				}],
			"sum":	{
				"start":	633.001196,
				"end":	634.001155,
				"seconds":	0.99995899200439453,
				"bytes":	23875776,
				"bits_per_second":	191014041.10295814,
				"jitter_ms":	0.011301849723047853,
				"lost_packets":	64928,
				"packets":	82640,
				"lost_percent":	78.567279767667,
				"omitted":	false,
				"sender":	false
			}
		}, {
			"streams":	[{
					"socket":	5,
					"start":	634.001155,
					"end":	635.001084,
					"seconds":	0.99992901086807251,
					"bytes":	23991704,
					"bits_per_second":	191947258.16923329,
					"jitter_ms":	0.00647872589690793,
					"lost_packets":	65440,
					"packets":	83238,
					"lost_percent":	78.6179389221269,
					"omitted":	false,
					"sender":	false
				}],
			"sum":	{
				"start":	634.001155,
				"end":	635.001084,
				"seconds":	0.99992901086807251,
				"bytes":	23991704,
				"bits_per_second":	191947258.16923329,
				"jitter_ms":	0.00647872589690793,
				"lost_packets":	65440,
				"packets":	83238,
				"lost_percent":	78.6179389221269,
				"omitted":	false,
				"sender":	false
			}
		}, {
			"streams":	[{
					"socket":	5,
					"start":	635.001084,
					"end":	636.002196,
					"seconds":	1.00111198425293,
					"bytes":	23279960,
					"bits_per_second":	186032814.43981475,
					"jitter_ms":	0.0068800292863106915,
					"lost_packets":	64838,
					"packets":	82108,
					"lost_percent":	78.966726750133972,
					"omitted":	false,
					"sender":	false
				}],
			"sum":	{
				"start":	635.001084,
				"end":	636.002196,
				"seconds":	1.00111198425293,
				"bytes":	23279960,
				"bits_per_second":	186032814.43981475,
				"jitter_ms":	0.0068800292863106915,
				"lost_packets":	64838,
				"packets":	82108,
				"lost_percent":	78.966726750133972,
				"omitted":	false,
				"sender":	false
			}
		}, {
			"streams":	[{
					"socket":	5,
					"start":	636.002196,
					"end":	637.00102,
					"seconds":	0.99882400035858154,
					"bytes":	23971484,
					"bits_per_second":	191997661.18070167,
					"jitter_ms":	0.0075611689939226821,
					"lost_packets":	65680,
					"packets":	83463,
					"lost_percent":	78.693552831793724,
					"omitted":	false,
					"sender":	false
				}],
			"sum":	{
				"start":	636.002196,
				"end":	637.00102,
				"seconds":	0.99882400035858154,
				"bytes":	23971484,
				"bits_per_second":	191997661.18070167,
				"jitter_ms":	0.0075611689939226821,
				"lost_packets":	65680,
				"packets":	83463,
				"lost_percent":	78.693552831793724,
				"omitted":	false,
				"sender":	false
			}
		}, {
			"streams":	[{
					"socket":	5,
					"start":	637.00102,
					"end":	638.001769,
					"seconds":	1.0007489919662476,
					"bytes":	23940480,
					"bits_per_second":	191380497.54484245,
					"jitter_ms":	0.011551793375795953,
					"lost_packets":	67253,
					"packets":	85013,
					"lost_percent":	79.1090774352158,
					"omitted":	false,
					"sender":	false
				}],
			"sum":	{
				"start":	637.00102,
				"end":	638.001769,
				"seconds":	1.0007489919662476,
				"bytes":	23940480,
				"bits_per_second":	191380497.54484245,
				"jitter_ms":	0.011551793375795953,
				"lost_packets":	67253,
				"packets":	85013,
				"lost_percent":	79.1090774352158,
				"omitted":	false,
				"sender":	false
			}
		}, {
			"streams":	[{
					"socket":	5,
					"start":	638.001769,
					"end":	639.001629,
					"seconds":	0.99985998868942261,
					"bytes":	24214124,
					"bits_per_second":	193740117.80780569,
					"jitter_ms":	0.0067582224568521121,
					"lost_packets":	66360,
					"packets":	84323,
					"lost_percent":	78.697389798750038,
					"omitted":	false,
					"sender":	false
				}],
			"sum":	{
				"start":	638.001769,
				"end":	639.001629,
				"seconds":	0.99985998868942261,
				"bytes":	24214124,
				"bits_per_second":	193740117.80780569,
				"jitter_ms":	0.0067582224568521121,
				"lost_packets":	66360,
				"packets":	84323,
				"lost_percent":	78.697389798750038,
				"omitted":	false,
				"sender":	false
			}
		}, {
			"streams":	[{
					"socket":	5,
					"start":	639.001629,
					"end":	640.000796,
					"seconds":	0.999167025089264,
					"bytes":	23704580,
					"bits_per_second":	189794734.25182158,
					"jitter_ms":	0.012532374640044924,
					"lost_packets":	65001,
					"packets":	82586,
					"lost_percent":	78.7070447775652,
					"omitted":	false,
					"sender":	false
				}],
			"sum":	{
				"start":	639.001629,
				"end":	640.000796,
				"seconds":	0.999167025089264,
				"bytes":	23704580,
				"bits_per_second":	189794734.25182158,
				"jitter_ms":	0.012532374640044924,
				"lost_packets":	65001,
				"packets":	82586,
				"lost_percent":	78.7070447775652,
				"omitted":	false,
				"sender":	false
			}
		}, {
			"streams":	[{
					"socket":	5,
					"start":	640.000796,
					"end":	641.001679,
					"seconds":	1.0008829832077026,
					"bytes":	24220864,
					"bits_per_second":	193595970.00940278,
					"jitter_ms":	0.0072968672227439581,
					"lost_packets":	66358,
					"packets":	84326,
					"lost_percent":	78.692218295662073,
					"omitted":	false,
					"sender":	false
				}],
			"sum":	{
				"start":	640.000796,
				"end":	641.001679,
				"seconds":	1.0008829832077026,
				"bytes":	24220864,
				"bits_per_second":	193595970.00940278,
				"jitter_ms":	0.0072968672227439581,
				"lost_packets":	66358,
				"packets":	84326,
				"lost_percent":	78.692218295662073,
				"omitted":	false,
				"sender":	false
			}
		}, {
			"streams":	[{
					"socket":	5,
					"start":	641.001679,
					"end":	642.001085,
					"seconds":	0.99940598011016846,
					"bytes":	24045624,
					"bits_per_second":	192479328.54953983,
					"jitter_ms":	0.028815911493707512,
					"lost_packets":	65984,
					"packets":	83822,
					"lost_percent":	78.71919066593496,
					"omitted":	false,
					"sender":	false
				}],
			"sum":	{
				"start":	641.001679,
				"end":	642.001085,
				"seconds":	0.99940598011016846,
				"bytes":	24045624,
				"bits_per_second":	192479328.54953983,
				"jitter_ms":	0.028815911493707512,
				"lost_packets":	65984,
				"packets":	83822,
				"lost_percent":	78.71919066593496,
				"omitted":	false,
				"sender":	false
			}
		}, {
			"streams":	[{
					"socket":	5,
					"start":	642.001085,
					"end":	643.001096,
					"seconds":	1.0000109672546387,
					"bytes":	23991704,
					"bits_per_second":	191931527.03806978,
					"jitter_ms":	0.015798134485311466,
					"lost_packets":	65587,
					"packets":	83385,
					"lost_percent":	78.6556335072255,
					"omitted":	false,
					"sender":	false
				}],
			"sum":	{
				"start":	642.001085,
				"end":	643.001096,
				"seconds":	1.0000109672546387,
				"bytes":	23991704,
				"bits_per_second":	191931527.03806978,
				"jitter_ms":	0.015798134485311466,
				"lost_packets":	65587,
				"packets":	83385,
				"lost_percent":	78.6556335072255,
				"omitted":	false,
				"sender":	false
			}
		}, {
			"streams":	[{
					"socket":	5,
					"start":	643.001096,
					"end":	644.00015,
					"seconds":	0.99905401468276978,
					"bytes":	23944524,
					"bits_per_second":	191737572.92875195,
					"jitter_ms":	0.00612792626906954,
					"lost_packets":	65409,
					"packets":	83172,
					"lost_percent":	78.6430529505122,
					"omitted":	false,
					"sender":	false
				}],
			"sum":	{
				"start":	643.001096,
				"end":	644.00015,
				"seconds":	0.99905401468276978,
				"bytes":	23944524,
				"bits_per_second":	191737572.92875195,
				"jitter_ms":	0.00612792626906954,
				"lost_packets":	65409,
				"packets":	83172,
				"lost_percent":	78.6430529505122,
				"omitted":	false,
				"sender":	false
			}
		}, {
			"streams":	[{
					"socket":	5,
					"start":	644.00015,
					"end":	645.000147,
					"seconds":	0.99999701976776123,
					"bytes":	24005184,
					"bits_per_second":	192042044.32989171,
					"jitter_ms":	0.00717387459454086,
					"lost_packets":	66075,
					"packets":	83883,
					"lost_percent":	78.770430242122956,
					"omitted":	false,
					"sender":	false
				}],
			"sum":	{
				"start":	644.00015,
				"end":	645.000147,
				"seconds":	0.99999701976776123,
				"bytes":	24005184,
				"bits_per_second":	192042044.32989171,
				"jitter_ms":	0.00717387459454086,
				"lost_packets":	66075,
				"packets":	83883,
				"lost_percent":	78.770430242122956,
				"omitted":	false,
				"sender":	false
			}
		}, {
			"streams":	[{
					"socket":	5,
					"start":	645.000147,
					"end":	646.001103,
					"seconds":	1.0009560585021973,
					"bytes":	23770632,
					"bits_per_second":	189983420.73532948,
					"jitter_ms":	0.0065899717502778286,
					"lost_packets":	65161,
					"packets":	82795,
					"lost_percent":	78.7016124162087,
					"omitted":	false,
					"sender":	false
				}],
			"sum":	{
				"start":	645.000147,
				"end":	646.001103,
				"seconds":	1.0009560585021973,
				"bytes":	23770632,
				"bits_per_second":	189983420.73532948,
				"jitter_ms":	0.0065899717502778286,
				"lost_packets":	65161,
				"packets":	82795,
				"lost_percent":	78.7016124162087,
				"omitted":	false,
				"sender":	false
			}
		}, {
			"streams":	[{
					"socket":	5,
					"start":	646.001103,
					"end":	647.001105,
					"seconds":	1.0000020265579224,
					"bytes":	23901388,
					"bits_per_second":	191210716.50040764,
					"jitter_ms":	0.010924577613700238,
					"lost_packets":	65094,
					"packets":	82825,
					"lost_percent":	78.592212496226978,
					"omitted":	false,
					"sender":	false
				}],
			"sum":	{
				"start":	646.001103,
				"end":	647.001105,
				"seconds":	1.0000020265579224,
				"bytes":	23901388,
				"bits_per_second":	191210716.50040764,
				"jitter_ms":	0.010924577613700238,
				"lost_packets":	65094,
				"packets":	82825,
				"lost_percent":	78.592212496226978,
				"omitted":	false,
				"sender":	false
			}
		}, {
			"streams":	[{
					"socket":	5,
					"start":	647.001105,
					"end":	648.001098,
					"seconds":	0.99999302625656128,
					"bytes":	23952612,
					"bits_per_second":	191622232.32428539,
					"jitter_ms":	0.00883370974803725,
					"lost_packets":	65689,
					"packets":	83458,
					"lost_percent":	78.70905125931607,
					"omitted":	false,
					"sender":	false
				}],
			"sum":	{
				"start":	647.001105,
				"end":	648.001098,
				"seconds":	0.99999302625656128,
				"bytes":	23952612,
				"bits_per_second":	191622232.32428539,
				"jitter_ms":	0.00883370974803725,
				"lost_packets":	65689,
				"packets":	83458,
				"lost_percent":	78.70905125931607,
				"omitted":	false,
				"sender":	false
			}
		}, {
			"streams":	[{
					"socket":	5,
					"start":	648.001098,
					"end":	649.001555,
					"seconds":	1.0004570484161377,
					"bytes":	24203340,
					"bits_per_second":	193538263.64313987,
					"jitter_ms":	3.2340570157547535,
					"lost_packets":	67276,
					"packets":	85231,
					"lost_percent":	78.933721298588537,
					"omitted":	false,
					"sender":	false
				}],
			"sum":	{
				"start":	648.001098,
				"end":	649.001555,
				"seconds":	1.0004570484161377,
				"bytes":	24203340,
				"bits_per_second":	193538263.64313987,
				"jitter_ms":	3.2340570157547535,
				"lost_packets":	67276,
				"packets":	85231,
				"lost_percent":	78.933721298588537,
				"omitted":	false,
				"sender":	false
			}
		}, {
			"streams":	[{
					"socket":	5,
					"start":	649.001555,
					"end":	650.0011,
					"seconds":	0.99954497814178467,
					"bytes":	23912172,
					"bits_per_second":	191384460.112674,
					"jitter_ms":	0.0055627543632699962,
					"lost_packets":	64818,
					"packets":	82557,
					"lost_percent":	78.5130273629129,
					"omitted":	false,
					"sender":	false
				}],
			"sum":	{
				"start":	649.001555,
				"end":	650.0011,
				"seconds":	0.99954497814178467,
				"bytes":	23912172,
				"bits_per_second":	191384460.112674,
				"jitter_ms":	0.0055627543632699962,
				"lost_packets":	64818,
				"packets":	82557,
				"lost_percent":	78.5130273629129,
				"omitted":	false,
				"sender":	false
			}
		}, {
			"streams":	[{
					"socket":	5,
					"start":	650.0011,
					"end":	651.000994,
					"seconds":	0.99989402294158936,
					"bytes":	24103588,
					"bits_per_second":	192849141.58474216,
					"jitter_ms":	0.018911590423803415,
					"lost_packets":	65934,
					"packets":	83815,
					"lost_percent":	78.666109884865477,
					"omitted":	false,
					"sender":	false
				}],
			"sum":	{
				"start":	650.0011,
				"end":	651.000994,
				"seconds":	0.99989402294158936,
				"bytes":	24103588,
				"bits_per_second":	192849141.58474216,
				"jitter_ms":	0.018911590423803415,
				"lost_packets":	65934,
				"packets":	83815,
				"lost_percent":	78.666109884865477,
				"omitted":	false,
				"sender":	false
			}
		}, {
			"streams":	[{
					"socket":	5,
					"start":	651.000994,
					"end":	652.001086,
					"seconds":	1.0000920295715332,
					"bytes":	24009228,
					"bits_per_second":	192056149.154883,
					"jitter_ms":	0.0063941973984720278,
					"lost_packets":	65283,
					"packets":	83094,
					"lost_percent":	78.565239367463349,
					"omitted":	false,
					"sender":	false
				}],
			"sum":	{
				"start":	651.000994,
				"end":	652.001086,
				"seconds":	1.0000920295715332,
				"bytes":	24009228,
				"bits_per_second":	192056149.154883,
				"jitter_ms":	0.0063941973984720278,
				"lost_packets":	65283,
				"packets":	83094,
				"lost_percent":	78.565239367463349,
				"omitted":	false,
				"sender":	false
			}
		}, {
			"streams":	[{
					"socket":	5,
					"start":	652.001086,
					"end":	653.001095,
					"seconds":	1.0000089406967163,
					"bytes":	24011924,
					"bits_per_second":	192093674.54871473,
					"jitter_ms":	0.011195715190354241,
					"lost_packets":	65600,
					"packets":	83413,
					"lost_percent":	78.644815556328155,
					"omitted":	false,
					"sender":	false
				}],
			"sum":	{
				"start":	652.001086,
				"end":	653.001095,
				"seconds":	1.0000089406967163,
				"bytes":	24011924,
				"bits_per_second":	192093674.54871473,
				"jitter_ms":	0.011195715190354241,
				"lost_packets":	65600,
				"packets":	83413,
				"lost_percent":	78.644815556328155,
				"omitted":	false,
				"sender":	false
			}
		}, {
			"streams":	[{
					"socket":	5,
					"start":	653.001095,
					"end":	654.001269,
					"seconds":	1.0001740455627441,
					"bytes":	23711320,
					"bits_per_second":	189657550.94481713,
					"jitter_ms":	0.00975922760265716,
					"lost_packets":	65041,
					"packets":	82631,
					"lost_percent":	78.712589706042522,
					"omitted":	false,
					"sender":	false
				}],
			"sum":	{
				"start":	653.001095,
				"end":	654.001269,
				"seconds":	1.0001740455627441,
				"bytes":	23711320,
				"bits_per_second":	189657550.94481713,
				"jitter_ms":	0.00975922760265716,
				"lost_packets":	65041,
				"packets":	82631,
				"lost_percent":	78.712589706042522,
				"omitted":	false,
				"sender":	false
			}
		}, {
			"streams":	[{
					"socket":	5,
					"start":	654.001269,
					"end":	655.000223,
					"seconds":	0.99895399808883667,
					"bytes":	24290960,
					"bits_per_second":	194531159.96510431,
					"jitter_ms":	0.013387072154323552,
					"lost_packets":	66094,
					"packets":	84114,
					"lost_percent":	78.576693534964448,
					"omitted":	false,
					"sender":	false
				}],
			"sum":	{
				"start":	654.001269,
				"end":	655.000223,
				"seconds":	0.99895399808883667,
				"bytes":	24290960,
				"bits_per_second":	194531159.96510431,
				"jitter_ms":	0.013387072154323552,
				"lost_packets":	66094,
				"packets":	84114,
				"lost_percent":	78.576693534964448,
				"omitted":	false,
				"sender":	false
			}
		}, {
			"streams":	[{
					"socket":	5,
					"start":	655.000223,
					"end":	656.000252,
					"seconds":	1.0000289678573608,
					"bytes":	23928348,
					"bits_per_second":	191421238.93685463,
					"jitter_ms":	0.037843860408893683,
					"lost_packets":	66352,
					"packets":	84103,
					"lost_percent":	78.893737440994968,
					"omitted":	false,
					"sender":	false
				}],
			"sum":	{
				"start":	655.000223,
				"end":	656.000252,
				"seconds":	1.0000289678573608,
				"bytes":	23928348,
				"bits_per_second":	191421238.93685463,
				"jitter_ms":	0.037843860408893683,
				"lost_packets":	66352,
				"packets":	84103,
				"lost_percent":	78.893737440994968,
				"omitted":	false,
				"sender":	false
			}
		}, {
			"streams":	[{
					"socket":	5,
					"start":	656.000252,
					"end":	657.001112,
					"seconds":	1.0008599758148193,
					"bytes":	24024056,
					"bits_per_second":	192027309.158339,
					"jitter_ms":	0.013526682263394792,
					"lost_packets":	65822,
					"packets":	83644,
					"lost_percent":	78.693032375304867,
					"omitted":	false,
					"sender":	false
				}],
			"sum":	{
				"start":	656.000252,
				"end":	657.001112,
				"seconds":	1.0008599758148193,
				"bytes":	24024056,
				"bits_per_second":	192027309.158339,
				"jitter_ms":	0.013526682263394792,
				"lost_packets":	65822,
				"packets":	83644,
				"lost_percent":	78.693032375304867,
				"omitted":	false,
				"sender":	false
			}
		}, {
			"streams":	[{
					"socket":	5,
					"start":	657.001112,
					"end":	658.00097,
					"seconds":	0.999858021736145,
					"bytes":	23685708,
					"bits_per_second":	189512570.66576183,
					"jitter_ms":	0.01380346976017633,
					"lost_packets":	64386,
					"packets":	81957,
					"lost_percent":	78.560708664299568,
					"omitted":	false,
					"sender":	false
				}],
			"sum":	{
				"start":	657.001112,
				"end":	658.00097,
				"seconds":	0.999858021736145,
				"bytes":	23685708,
				"bits_per_second":	189512570.66576183,
				"jitter_ms":	0.01380346976017633,
				"lost_packets":	64386,
				"packets":	81957,
				"lost_percent":	78.560708664299568,
				"omitted":	false,
				"sender":	false
			}
		}, {
			"streams":	[{
					"socket":	5,
					"start":	658.00097,
					"end":	659.001083,
					"seconds":	1.0001130104064941,
					"bytes":	24290960,
					"bits_per_second":	194305721.4314369,
					"jitter_ms":	0.00598205732796226,
					"lost_packets":	66319,
					"packets":	84339,
					"lost_percent":	78.633846737571,
					"omitted":	false,
					"sender":	false
				}],
			"sum":	{
				"start":	658.00097,
				"end":	659.001083,
				"seconds":	1.0001130104064941,
				"bytes":	24290960,
				"bits_per_second":	194305721.4314369,
				"jitter_ms":	0.00598205732796226,
				"lost_packets":	66319,
				"packets":	84339,
				"lost_percent":	78.633846737571,
				"omitted":	false,
				"sender":	false
			}
		}, {
			"streams":	[{
					"socket":	5,
					"start":	659.001083,
					"end":	660.000944,
					"seconds":	0.99986100196838379,
					"bytes":	23947220,
					"bits_per_second":	191604392.63342506,
					"jitter_ms":	0.01023924437006752,
					"lost_packets":	66321,
					"packets":	84086,
					"lost_percent":	78.872820683585857,
					"omitted":	false,
					"sender":	false
				}],
			"sum":	{
				"start":	659.001083,
				"end":	660.000944,
				"seconds":	0.99986100196838379,
				"bytes":	23947220,
				"bits_per_second":	191604392.63342506,
				"jitter_ms":	0.01023924437006752,
				"lost_packets":	66321,
				"packets":	84086,
				"lost_percent":	78.872820683585857,
				"omitted":	false,
				"sender":	false
			}
		}, {
			"streams":	[{
					"socket":	5,
					"start":	660.000944,
					"end":	661.000839,
					"seconds":	0.99989497661590576,
					"bytes":	23731540,
					"bits_per_second":	189872261.02739874,
					"jitter_ms":	0.0066299904130816944,
					"lost_packets":	64968,
					"packets":	82573,
					"lost_percent":	78.679471497947276,
					"omitted":	false,
					"sender":	false
				}],
			"sum":	{
				"start":	660.000944,
				"end":	661.000839,
				"seconds":	0.99989497661590576,
				"bytes":	23731540,
				"bits_per_second":	189872261.02739874,
				"jitter_ms":	0.0066299904130816944,
				"lost_packets":	64968,
				"packets":	82573,
				"lost_percent":	78.679471497947276,
				"omitted":	false,
				"sender":	false
			}
		}, {
			"streams":	[{
					"socket":	5,
					"start":	661.000839,
					"end":	662.001653,
					"seconds":	1.0008139610290527,
					"bytes":	24024056,
					"bits_per_second":	192036138.06744331,
					"jitter_ms":	0.012770891014798117,
					"lost_packets":	65016,
					"packets":	82838,
					"lost_percent":	78.4857191144161,
					"omitted":	false,
					"sender":	false
				}],
			"sum":	{
				"start":	661.000839,
				"end":	662.001653,
				"seconds":	1.0008139610290527,
				"bytes":	24024056,
				"bits_per_second":	192036138.06744331,
				"jitter_ms":	0.012770891014798117,
				"lost_packets":	65016,
				"packets":	82838,
				"lost_percent":	78.4857191144161,
				"omitted":	false,
				"sender":	false
			}
		}, {
			"streams":	[{
					"socket":	5,
					"start":	662.001653,
					"end":	663.000896,
					"seconds":	0.99924302101135254,
					"bytes":	23952612,
					"bits_per_second":	191766058.87730587,
					"jitter_ms":	0.0073685127001905,
					"lost_packets":	66312,
					"packets":	84081,
					"lost_percent":	78.86680700752845,
					"omitted":	false,
					"sender":	false
				}],
			"sum":	{
				"start":	662.001653,
				"end":	663.000896,
				"seconds":	0.99924302101135254,
				"bytes":	23952612,
				"bits_per_second":	191766058.87730587,
				"jitter_ms":	0.0073685127001905,
				"lost_packets":	66312,
				"packets":	84081,
				"lost_percent":	78.86680700752845,
				"omitted":	false,
				"sender":	false
			}
		}, {
			"streams":	[{
					"socket":	5,
					"start":	663.000896,
					"end":	664.001672,
					"seconds":	1.0007760524749756,
					"bytes":	24227604,
					"bits_per_second":	193670533.503145,
					"jitter_ms":	0.0057324917079454151,
					"lost_packets":	65733,
					"packets":	83706,
					"lost_percent":	78.528420901727472,
					"omitted":	false,
					"sender":	false
				}],
			"sum":	{
				"start":	663.000896,
				"end":	664.001672,
				"seconds":	1.0007760524749756,
				"bytes":	24227604,
				"bits_per_second":	193670533.503145,
				"jitter_ms":	0.0057324917079454151,
				"lost_packets":	65733,
				"packets":	83706,
				"lost_percent":	78.528420901727472,
				"omitted":	false,
				"sender":	false
			}
		}, {
			"streams":	[{
					"socket":	5,
					"start":	664.001672,
					"end":	665.00081,
					"seconds":	0.9991379976272583,
					"bytes":	23944524,
					"bits_per_second":	191721456.35027942,
					"jitter_ms":	0.0063175861438267717,
					"lost_packets":	65516,
					"packets":	83279,
					"lost_percent":	78.67049316154133,
					"omitted":	false,
					"sender":	false
				}],
			"sum":	{
				"start":	664.001672,
				"end":	665.00081,
				"seconds":	0.9991379976272583,
				"bytes":	23944524,
				"bits_per_second":	191721456.35027942,
				"jitter_ms":	0.0063175861438267717,
				"lost_packets":	65516,
				"packets":	83279,
				"lost_percent":	78.67049316154133,
				"omitted":	false,
				"sender":	false
			}
		}, {
			"streams":	[{
					"socket":	5,
					"start":	665.00081,
					"end":	666.001629,
					"seconds":	1.0008189678192139,
					"bytes":	23933740,
					"bits_per_second":	191313240.6125488,
					"jitter_ms":	0.01036922205179769,
					"lost_packets":	65876,
					"packets":	83631,
					"lost_percent":	78.7698341524076,
					"omitted":	false,
					"sender":	false
				}],
			"sum":	{
				"start":	665.00081,
				"end":	666.001629,
				"seconds":	1.0008189678192139,
				"bytes":	23933740,
				"bits_per_second":	191313240.6125488,
				"jitter_ms":	0.01036922205179769,
				"lost_packets":	65876,
				"packets":	83631,
				"lost_percent":	78.7698341524076,
				"omitted":	false,
				"sender":	false
			}
		}, {
			"streams":	[{
					"socket":	5,
					"start":	666.001629,
					"end":	667.001085,
					"seconds":	0.999455988407135,
					"bytes":	24049668,
					"bits_per_second":	192502067.35629231,
					"jitter_ms":	0.0056857827818309154,
					"lost_packets":	65622,
					"packets":	83463,
					"lost_percent":	78.624060961144465,
					"omitted":	false,
					"sender":	false
				}],
			"sum":	{
				"start":	666.001629,
				"end":	667.001085,
				"seconds":	0.999455988407135,
				"bytes":	24049668,
				"bits_per_second":	192502067.35629231,
				"jitter_ms":	0.0056857827818309154,
				"lost_packets":	65622,
				"packets":	83463,
				"lost_percent":	78.624060961144465,
				"omitted":	false,
				"sender":	false
			}
		}, {
			"streams":	[{
					"socket":	5,
					"start":	667.001085,
					"end":	668.001037,
					"seconds":	0.99995201826095581,
					"bytes":	23972832,
					"bits_per_second":	191791858.50690567,
					"jitter_ms":	0.0063029444246755452,
					"lost_packets":	65664,
					"packets":	83448,
					"lost_percent":	78.688524590163937,
					"omitted":	false,
					"sender":	false
				}],
			"sum":	{
				"start":	667.001085,
				"end":	668.001037,
				"seconds":	0.99995201826095581,
				"bytes":	23972832,
				"bits_per_second":	191791858.50690567,
				"jitter_ms":	0.0063029444246755452,
				"lost_packets":	65664,
				"packets":	83448,
				"lost_percent":	78.688524590163937,
				"omitted":	false,
				"sender":	false
			}
		}, {
			"streams":	[{
					"socket":	5,
					"start":	668.001037,
					"end":	669.001611,
					"seconds":	1.000573992729187,
					"bytes":	24030796,
					"bits_per_second":	192136083.28517982,
					"jitter_ms":	0.00738050123216519,
					"lost_packets":	65867,
					"packets":	83694,
					"lost_percent":	78.699787320476972,
					"omitted":	false,
					"sender":	false
				}],
			"sum":	{
				"start":	668.001037,
				"end":	669.001611,
				"seconds":	1.000573992729187,
				"bytes":	24030796,
				"bits_per_second":	192136083.28517982,
				"jitter_ms":	0.00738050123216519,
				"lost_packets":	65867,
				"packets":	83694,
				"lost_percent":	78.699787320476972,
				"omitted":	false,
				"sender":	false
			}
		}, {
			"streams":	[{
					"socket":	5,
					"start":	669.001611,
					"end":	670.001087,
					"seconds":	0.99947601556777954,
					"bytes":	24071236,
					"bits_per_second":	192670844.52307287,
					"jitter_ms":	0.019650911511971392,
					"lost_packets":	65647,
					"packets":	83504,
					"lost_percent":	78.6153956696685,
					"omitted":	false,
					"sender":	false
				}],
			"sum":	{
				"start":	669.001611,
				"end":	670.001087,
				"seconds":	0.99947601556777954,
				"bytes":	24071236,
				"bits_per_second":	192670844.52307287,
				"jitter_ms":	0.019650911511971392,
				"lost_packets":	65647,
				"packets":	83504,
				"lost_percent":	78.6153956696685,
				"omitted":	false,
				"sender":	false
			}
		}, {
			"streams":	[{
					"socket":	5,
					"start":	670.001087,
					"end":	671.001146,
					"seconds":	1.0000590085983276,
					"bytes":	24034840,
					"bits_per_second":	192267374.57172239,
					"jitter_ms":	0.0061765127767512982,
					"lost_packets":	65346,
					"packets":	83176,
					"lost_percent":	78.563527940752138,
					"omitted":	false,
					"sender":	false
				}],
			"sum":	{
				"start":	670.001087,
				"end":	671.001146,
				"seconds":	1.0000590085983276,
				"bytes":	24034840,
				"bits_per_second":	192267374.57172239,
				"jitter_ms":	0.0061765127767512982,
				"lost_packets":	65346,
				"packets":	83176,
				"lost_percent":	78.563527940752138,
				"omitted":	false,
				"sender":	false
			}
		}, {
			"streams":	[{
					"socket":	5,
					"start":	671.001146,
					"end":	672.001087,
					"seconds":	0.99994099140167236,
					"bytes":	23960700,
					"bits_per_second":	191696911.76606706,
					"jitter_ms":	0.006512243425682328,
					"lost_packets":	65681,
					"packets":	83456,
					"lost_percent":	78.701351610429441,
					"omitted":	false,
					"sender":	false
				}],
			"sum":	{
				"start":	671.001146,
				"end":	672.001087,
				"seconds":	0.99994099140167236,
				"bytes":	23960700,
				"bits_per_second":	191696911.76606706,
				"jitter_ms":	0.006512243425682328,
				"lost_packets":	65681,
				"packets":	83456,
				"lost_percent":	78.701351610429441,
				"omitted":	false,
				"sender":	false
			}
		}, {
			"streams":	[{
					"socket":	5,
					"start":	672.001087,
					"end":	673.000366,
					"seconds":	0.999279022216797,
					"bytes":	23782764,
					"bits_per_second":	190399385.72704473,
					"jitter_ms":	0.006466399919490857,
					"lost_packets":	65566,
					"packets":	83209,
					"lost_percent":	78.796764773041374,
					"omitted":	false,
					"sender":	false
				}],
			"sum":	{
				"start":	672.001087,
				"end":	673.000366,
				"seconds":	0.999279022216797,
				"bytes":	23782764,
				"bits_per_second":	190399385.72704473,
				"jitter_ms":	0.006466399919490857,
				"lost_packets":	65566,
				"packets":	83209,
				"lost_percent":	78.796764773041374,
				"omitted":	false,
				"sender":	false
			}
		}, {
			"streams":	[{
					"socket":	5,
					"start":	673.000366,
					"end":	674.000798,
					"seconds":	1.000432014465332,
					"bytes":	23978224,
					"bits_per_second":	191742956.26926616,
					"jitter_ms":	0.0084539911385031943,
					"lost_packets":	65677,
					"packets":	83465,
					"lost_percent":	78.688072844905051,
					"omitted":	false,
					"sender":	false
				}],
			"sum":	{
				"start":	673.000366,
				"end":	674.000798,
				"seconds":	1.000432014465332,
				"bytes":	23978224,
				"bits_per_second":	191742956.26926616,
				"jitter_ms":	0.0084539911385031943,
				"lost_packets":	65677,
				"packets":	83465,
				"lost_percent":	78.688072844905051,
				"omitted":	false,
				"sender":	false
			}
		}, {
			"streams":	[{
					"socket":	5,
					"start":	674.000798,
					"end":	675.001102,
					"seconds":	1.0003039836883545,
					"bytes":	23952612,
					"bits_per_second":	191562664.07482353,
					"jitter_ms":	0.00765895020064392,
					"lost_packets":	64848,
					"packets":	82617,
					"lost_percent":	78.4923199825702,
					"omitted":	false,
					"sender":	false
				}],
			"sum":	{
				"start":	674.000798,
				"end":	675.001102,
				"seconds":	1.0003039836883545,
				"bytes":	23952612,
				"bits_per_second":	191562664.07482353,
				"jitter_ms":	0.00765895020064392,
				"lost_packets":	64848,
				"packets":	82617,
				"lost_percent":	78.4923199825702,
				"omitted":	false,
				"sender":	false
			}
		}, {
			"streams":	[{
					"socket":	5,
					"start":	675.001102,
					"end":	676.001621,
					"seconds":	1.0005190372467041,
					"bytes":	24187164,
					"bits_per_second":	193396931.78900322,
					"jitter_ms":	0.013157223190569525,
					"lost_packets":	67225,
					"packets":	85168,
					"lost_percent":	78.932228066879574,
					"omitted":	false,
					"sender":	false
				}],
			"sum":	{
				"start":	675.001102,
				"end":	676.001621,
				"seconds":	1.0005190372467041,
				"bytes":	24187164,
				"bits_per_second":	193396931.78900322,
				"jitter_ms":	0.013157223190569525,
				"lost_packets":	67225,
				"packets":	85168,
				"lost_percent":	78.932228066879574,
				"omitted":	false,
				"sender":	false
			}
		}, {
			"streams":	[{
					"socket":	5,
					"start":	676.001621,
					"end":	677.0011,
					"seconds":	0.99947899580001831,
					"bytes":	23564388,
					"bits_per_second":	188613372.35917184,
					"jitter_ms":	0.01435083275265164,
					"lost_packets":	63630,
					"packets":	81111,
					"lost_percent":	78.4480526685653,
					"omitted":	false,
					"sender":	false
				}],
			"sum":	{
				"start":	676.001621,
				"end":	677.0011,
				"seconds":	0.99947899580001831,
				"bytes":	23564388,
				"bits_per_second":	188613372.35917184,
				"jitter_ms":	0.01435083275265164,
				"lost_packets":	63630,
				"packets":	81111,
				"lost_percent":	78.4480526685653,
				"omitted":	false,
				"sender":	false
			}
		}, {
			"streams":	[{
					"socket":	5,
					"start":	677.0011,
					"end":	678.001984,
					"seconds":	1.0008840560913086,
					"bytes":	23998444,
					"bits_per_second":	191817974.15152887,
					"jitter_ms":	0.01262441264724997,
					"lost_packets":	65746,
					"packets":	83549,
					"lost_percent":	78.691546278231939,
					"omitted":	false,
					"sender":	false
				}],
			"sum":	{
				"start":	677.0011,
				"end":	678.001984,
				"seconds":	1.0008840560913086,
				"bytes":	23998444,
				"bits_per_second":	191817974.15152887,
				"jitter_ms":	0.01262441264724997,
				"lost_packets":	65746,
				"packets":	83549,
				"lost_percent":	78.691546278231939,
				"omitted":	false,
				"sender":	false
			}
		}, {
			"streams":	[{
					"socket":	5,
					"start":	678.001984,
					"end":	679.001214,
					"seconds":	0.9992300271987915,
					"bytes":	23983616,
					"bits_per_second":	192016775.69466063,
					"jitter_ms":	0.047374601878849162,
					"lost_packets":	67393,
					"packets":	85185,
					"lost_percent":	79.113693725421143,
					"omitted":	false,
					"sender":	false
				}],
			"sum":	{
				"start":	678.001984,
				"end":	679.001214,
				"seconds":	0.9992300271987915,
				"bytes":	23983616,
				"bits_per_second":	192016775.69466063,
				"jitter_ms":	0.047374601878849162,
				"lost_packets":	67393,
				"packets":	85185,
				"lost_percent":	79.113693725421143,
				"omitted":	false,
				"sender":	false
			}
		}, {
			"streams":	[{
					"socket":	5,
					"start":	679.001214,
					"end":	680.001088,
					"seconds":	0.99987399578094482,
					"bytes":	24115720,
					"bits_per_second":	192950072.52320492,
					"jitter_ms":	0.00506270116986627,
					"lost_packets":	65459,
					"packets":	83349,
					"lost_percent":	78.536035225377631,
					"omitted":	false,
					"sender":	false
				}],
			"sum":	{
				"start":	679.001214,
				"end":	680.001088,
				"seconds":	0.99987399578094482,
				"bytes":	24115720,
				"bits_per_second":	192950072.52320492,
				"jitter_ms":	0.00506270116986627,
				"lost_packets":	65459,
				"packets":	83349,
				"lost_percent":	78.536035225377631,
				"omitted":	false,
				"sender":	false
			}
		}, {
			"streams":	[{
					"socket":	5,
					"start":	680.001088,
					"end":	681.0014,
					"seconds":	1.0003119707107544,
					"bytes":	24072584,
					"bits_per_second":	192520611.20808655,
					"jitter_ms":	0.024182109222183251,
					"lost_packets":	65879,
					"packets":	83737,
					"lost_percent":	78.6737045750385,
					"omitted":	false,
					"sender":	false
				}],
			"sum":	{
				"start":	680.001088,
				"end":	681.0014,
				"seconds":	1.0003119707107544,
				"bytes":	24072584,
				"bits_per_second":	192520611.20808655,
				"jitter_ms":	0.024182109222183251,
				"lost_packets":	65879,
				"packets":	83737,
				"lost_percent":	78.6737045750385,
				"omitted":	false,
				"sender":	false
			}
		}, {
			"streams":	[{
					"socket":	5,
					"start":	681.0014,
					"end":	682.001184,
					"seconds":	0.999783992767334,
					"bytes":	23728844,
					"bits_per_second":	189871765.6746648,
					"jitter_ms":	0.00683556194696249,
					"lost_packets":	65332,
					"packets":	82935,
					"lost_percent":	78.7749442334358,
					"omitted":	false,
					"sender":	false
				}],
			"sum":	{
				"start":	681.0014,
				"end":	682.001184,
				"seconds":	0.999783992767334,
				"bytes":	23728844,
				"bits_per_second":	189871765.6746648,
				"jitter_ms":	0.00683556194696249,
				"lost_packets":	65332,
				"packets":	82935,
				"lost_percent":	78.7749442334358,
				"omitted":	false,
				"sender":	false
			}
		}, {
			"streams":	[{
					"socket":	5,
					"start":	682.001184,
					"end":	683.000213,
					"seconds":	0.999028980731964,
					"bytes":	24220864,
					"bits_per_second":	193955246.28127578,
					"jitter_ms":	0.0058090959090663268,
					"lost_packets":	65737,
					"packets":	83705,
					"lost_percent":	78.534137745654377,
					"omitted":	false,
					"sender":	false
				}],
			"sum":	{
				"start":	682.001184,
				"end":	683.000213,
				"seconds":	0.999028980731964,
				"bytes":	24220864,
				"bits_per_second":	193955246.28127578,
				"jitter_ms":	0.0058090959090663268,
				"lost_packets":	65737,
				"packets":	83705,
				"lost_percent":	78.534137745654377,
				"omitted":	false,
				"sender":	false
			}
		}, {
			"streams":	[{
					"socket":	5,
					"start":	683.000213,
					"end":	684.001129,
					"seconds":	1.0009160041809082,
					"bytes":	23978224,
					"bits_per_second":	191650239.57927331,
					"jitter_ms":	0.0070451437204285313,
					"lost_packets":	65675,
					"packets":	83463,
					"lost_percent":	78.687562153289477,
					"omitted":	false,
					"sender":	false
				}],
			"sum":	{
				"start":	683.000213,
				"end":	684.001129,
				"seconds":	1.0009160041809082,
				"bytes":	23978224,
				"bits_per_second":	191650239.57927331,
				"jitter_ms":	0.0070451437204285313,
				"lost_packets":	65675,
				"packets":	83463,
				"lost_percent":	78.687562153289477,
				"omitted":	false,
				"sender":	false
			}
		}, {
			"streams":	[{
					"socket":	5,
					"start":	684.001129,
					"end":	685.001093,
					"seconds":	0.99996399879455566,
					"bytes":	23738280,
					"bits_per_second":	189913077.09970522,
					"jitter_ms":	0.0079168267570096946,
					"lost_packets":	65393,
					"packets":	83003,
					"lost_percent":	78.78389937713095,
					"omitted":	false,
					"sender":	false
				}],
			"sum":	{
				"start":	684.001129,
				"end":	685.001093,
				"seconds":	0.99996399879455566,
				"bytes":	23738280,
				"bits_per_second":	189913077.09970522,
				"jitter_ms":	0.0079168267570096946,
				"lost_packets":	65393,
				"packets":	83003,
				"lost_percent":	78.78389937713095,
				"omitted":	false,
				"sender":	false
			}
		}, {
			"streams":	[{
					"socket":	5,
					"start":	685.001093,
					"end":	686.001172,
					"seconds":	1.0000790357589722,
					"bytes":	24011924,
					"bits_per_second":	192080210.79475629,
					"jitter_ms":	0.0062100207035027544,
					"lost_packets":	65000,
					"packets":	82813,
					"lost_percent":	78.49009213529277,
					"omitted":	false,
					"sender":	false
				}],
			"sum":	{
				"start":	685.001093,
				"end":	686.001172,
				"seconds":	1.0000790357589722,
				"bytes":	24011924,
				"bits_per_second":	192080210.79475629,
				"jitter_ms":	0.0062100207035027544,
				"lost_packets":	65000,
				"packets":	82813,
				"lost_percent":	78.49009213529277,
				"omitted":	false,
				"sender":	false
			}
		}, {
			"streams":	[{
					"socket":	5,
					"start":	686.001172,
					"end":	687.001167,
					"seconds":	0.999994993209839,
					"bytes":	24154812,
					"bits_per_second":	193239463.50944465,
					"jitter_ms":	0.0048949364904726355,
					"lost_packets":	66618,
					"packets":	84537,
					"lost_percent":	78.8033642073885,
					"omitted":	false,
					"sender":	false
				}],
			"sum":	{
				"start":	686.001172,
				"end":	687.001167,
				"seconds":	0.999994993209839,
				"bytes":	24154812,
				"bits_per_second":	193239463.50944465,
				"jitter_ms":	0.0048949364904726355,
				"lost_packets":	66618,
				"packets":	84537,
				"lost_percent":	78.8033642073885,
				"omitted":	false,
				"sender":	false
			}
		}, {
			"streams":	[{
					"socket":	5,
					"start":	687.001167,
					"end":	688.001118,
					"seconds":	0.99995100498199463,
					"bytes":	23890604,
					"bits_per_second":	191134196.623405,
					"jitter_ms":	0.0061622790388164272,
					"lost_packets":	65657,
					"packets":	83380,
					"lost_percent":	78.7443031902135,
					"omitted":	false,
					"sender":	false
				}],
			"sum":	{
				"start":	687.001167,
				"end":	688.001118,
				"seconds":	0.99995100498199463,
				"bytes":	23890604,
				"bits_per_second":	191134196.623405,
				"jitter_ms":	0.0061622790388164272,
				"lost_packets":	65657,
				"packets":	83380,
				"lost_percent":	78.7443031902135,
				"omitted":	false,
				"sender":	false
			}
		}, {
			"streams":	[{
					"socket":	5,
					"start":	688.001118,
					"end":	689.002166,
					"seconds":	1.0010479688644409,
					"bytes":	23972832,
					"bits_per_second":	191581884.15041944,
					"jitter_ms":	0.27712837837905391,
					"lost_packets":	65874,
					"packets":	83659,
					"lost_percent":	78.7410798599075,
					"omitted":	false,
					"sender":	false
				}],
			"sum":	{
				"start":	688.001118,
				"end":	689.002166,
				"seconds":	1.0010479688644409,
				"bytes":	23972832,
				"bits_per_second":	191581884.15041944,
				"jitter_ms":	0.27712837837905391,
				"lost_packets":	65874,
				"packets":	83659,
				"lost_percent":	78.7410798599075,
				"omitted":	false,
				"sender":	false
			}
		}, {
			"streams":	[{
					"socket":	5,
					"start":	689.002166,
					"end":	690.001099,
					"seconds":	0.99893301725387573,
					"bytes":	23850164,
					"bits_per_second":	191005111.15802717,
					"jitter_ms":	0.012385616310670934,
					"lost_packets":	64780,
					"packets":	82473,
					"lost_percent":	78.546918385411,
					"omitted":	false,
					"sender":	false
				}],
			"sum":	{
				"start":	689.002166,
				"end":	690.001099,
				"seconds":	0.99893301725387573,
				"bytes":	23850164,
				"bits_per_second":	191005111.15802717,
				"jitter_ms":	0.012385616310670934,
				"lost_packets":	64780,
				"packets":	82473,
				"lost_percent":	78.546918385411,
				"omitted":	false,
				"sender":	false
			}
		}, {
			"streams":	[{
					"socket":	5,
					"start":	690.001099,
					"end":	691.001607,
					"seconds":	1.0005079507827759,
					"bytes":	24208732,
					"bits_per_second":	193571531.18920931,
					"jitter_ms":	5.2030226454670867,
					"lost_packets":	67270,
					"packets":	85229,
					"lost_percent":	78.928533715050037,
					"omitted":	false,
					"sender":	false
				}],
			"sum":	{
				"start":	690.001099,
				"end":	691.001607,
				"seconds":	1.0005079507827759,
				"bytes":	24208732,
				"bits_per_second":	193571531.18920931,
				"jitter_ms":	5.2030226454670867,
				"lost_packets":	67270,
				"packets":	85229,
				"lost_percent":	78.928533715050037,
				"omitted":	false,
				"sender":	false
			}
		}, {
			"streams":	[{
					"socket":	5,
					"start":	691.001607,
					"end":	692.001087,
					"seconds":	0.99948000907897949,
					"bytes":	23925652,
					"bits_per_second":	191504796.7556448,
					"jitter_ms":	0.0027486310164106381,
					"lost_packets":	64806,
					"packets":	82555,
					"lost_percent":	78.50039367694265,
					"omitted":	false,
					"sender":	false
				}],
			"sum":	{
				"start":	691.001607,
				"end":	692.001087,
				"seconds":	0.99948000907897949,
				"bytes":	23925652,
				"bits_per_second":	191504796.7556448,
				"jitter_ms":	0.0027486310164106381,
				"lost_packets":	64806,
				"packets":	82555,
				"lost_percent":	78.50039367694265,
				"omitted":	false,
				"sender":	false
			}
		}, {
			"streams":	[{
					"socket":	5,
					"start":	692.001087,
					"end":	693.0011,
					"seconds":	1.000012993812561,
					"bytes":	23777372,
					"bits_per_second":	190216504.3623963,
					"jitter_ms":	0.0071033089876702624,
					"lost_packets":	65568,
					"packets":	83207,
					"lost_percent":	78.8010624106145,
					"omitted":	false,
					"sender":	false
				}],
			"sum":	{
				"start":	692.001087,
				"end":	693.0011,
				"seconds":	1.000012993812561,
				"bytes":	23777372,
				"bits_per_second":	190216504.3623963,
				"jitter_ms":	0.0071033089876702624,
				"lost_packets":	65568,
				"packets":	83207,
				"lost_percent":	78.8010624106145,
				"omitted":	false,
				"sender":	false
			}
		}, {
			"streams":	[{
					"socket":	5,
					"start":	693.0011,
					"end":	694.002095,
					"seconds":	1.0009950399398804,
					"bytes":	24024056,
					"bits_per_second":	192001398.93954226,
					"jitter_ms":	0.36978961690020784,
					"lost_packets":	66605,
					"packets":	84428,
					"lost_percent":	78.8897048372578,
					"omitted":	false,
					"sender":	false
				}],
			"sum":	{
				"start":	693.0011,
				"end":	694.002095,
				"seconds":	1.0009950399398804,
				"bytes":	24024056,
				"bits_per_second":	192001398.93954226,
				"jitter_ms":	0.36978961690020784,
				"lost_packets":	66605,
				"packets":	84428,
				"lost_percent":	78.8897048372578,
				"omitted":	false,
				"sender":	false
			}
		}, {
			"streams":	[{
					"socket":	5,
					"start":	694.002095,
					"end":	695.001082,
					"seconds":	0.99898701906204224,
					"bytes":	23922956,
					"bits_per_second":	191577712.57097194,
					"jitter_ms":	0.0072861627563449976,
					"lost_packets":	63900,
					"packets":	81649,
					"lost_percent":	78.2618280689292,
					"omitted":	false,
					"sender":	false
				}],
			"sum":	{
				"start":	694.002095,
				"end":	695.001082,
				"seconds":	0.99898701906204224,
				"bytes":	23922956,
				"bits_per_second":	191577712.57097194,
				"jitter_ms":	0.0072861627563449976,
				"lost_packets":	63900,
				"packets":	81649,
				"lost_percent":	78.2618280689292,
				"omitted":	false,
				"sender":	false
			}
		}, {
			"streams":	[{
					"socket":	5,
					"start":	695.001082,
					"end":	696.001103,
					"seconds":	1.0000209808349609,
					"bytes":	24175032,
					"bits_per_second":	193396198.38627958,
					"jitter_ms":	0.0051537490856783143,
					"lost_packets":	66610,
					"packets":	84544,
					"lost_percent":	78.787376987130955,
					"omitted":	false,
					"sender":	false
				}],
			"sum":	{
				"start":	695.001082,
				"end":	696.001103,
				"seconds":	1.0000209808349609,
				"bytes":	24175032,
				"bits_per_second":	193396198.38627958,
				"jitter_ms":	0.0051537490856783143,
				"lost_packets":	66610,
				"packets":	84544,
				"lost_percent":	78.787376987130955,
				"omitted":	false,
				"sender":	false
			}
		}, {
			"streams":	[{
					"socket":	5,
					"start":	696.001103,
					"end":	697.001362,
					"seconds":	1.0002590417861938,
					"bytes":	24084716,
					"bits_per_second":	192627829.34301636,
					"jitter_ms":	0.017516606170461069,
					"lost_packets":	65872,
					"packets":	83739,
					"lost_percent":	78.66346624631295,
					"omitted":	false,
					"sender":	false
				}],
			"sum":	{
				"start":	696.001103,
				"end":	697.001362,
				"seconds":	1.0002590417861938,
				"bytes":	24084716,
				"bits_per_second":	192627829.34301636,
				"jitter_ms":	0.017516606170461069,
				"lost_packets":	65872,
				"packets":	83739,
				"lost_percent":	78.66346624631295,
				"omitted":	false,
				"sender":	false
			}
		}, {
			"streams":	[{
					"socket":	5,
					"start":	697.001362,
					"end":	698.001577,
					"seconds":	1.0002150535583496,
					"bytes":	23762544,
					"bits_per_second":	190059479.03273594,
					"jitter_ms":	4.67917896016953,
					"lost_packets":	65617,
					"packets":	83245,
					"lost_percent":	78.823953390594028,
					"omitted":	false,
					"sender":	false
				}],
			"sum":	{
				"start":	697.001362,
				"end":	698.001577,
				"seconds":	1.0002150535583496,
				"bytes":	23762544,
				"bits_per_second":	190059479.03273594,
				"jitter_ms":	4.67917896016953,
				"lost_packets":	65617,
				"packets":	83245,
				"lost_percent":	78.823953390594028,
				"omitted":	false,
				"sender":	false
			}
		}, {
			"streams":	[{
					"socket":	5,
					"start":	698.001577,
					"end":	699.001102,
					"seconds":	0.999525010585785,
					"bytes":	24231648,
					"bits_per_second":	193945305.96727115,
					"jitter_ms":	0.0071293897754836459,
					"lost_packets":	65411,
					"packets":	83387,
					"lost_percent":	78.442682912204546,
					"omitted":	false,
					"sender":	false
				}],
			"sum":	{
				"start":	698.001577,
				"end":	699.001102,
				"seconds":	0.999525010585785,
				"bytes":	24231648,
				"bits_per_second":	193945305.96727115,
				"jitter_ms":	0.0071293897754836459,
				"lost_packets":	65411,
				"packets":	83387,
				"lost_percent":	78.442682912204546,
				"omitted":	false,
				"sender":	false
			}
		}, {
			"streams":	[{
					"socket":	5,
					"start":	699.001102,
					"end":	700.001102,
					"seconds":	1,
					"bytes":	23986312,
					"bits_per_second":	191890496,
					"jitter_ms":	0.015422980991678296,
					"lost_packets":	66283,
					"packets":	84077,
					"lost_percent":	78.836066938639576,
					"omitted":	false,
					"sender":	false
				}],
			"sum":	{
				"start":	699.001102,
				"end":	700.001102,
				"seconds":	1,
				"bytes":	23986312,
				"bits_per_second":	191890496,
				"jitter_ms":	0.015422980991678296,
				"lost_packets":	66283,
				"packets":	84077,
				"lost_percent":	78.836066938639576,
				"omitted":	false,
				"sender":	false
			}
		}, {
			"streams":	[{
					"socket":	5,
					"start":	700.001102,
					"end":	701.001013,
					"seconds":	0.99991101026535034,
					"bytes":	23920260,
					"bits_per_second":	191379110.77628547,
					"jitter_ms":	0.00724037136016283,
					"lost_packets":	65091,
					"packets":	82836,
					"lost_percent":	78.578154425612055,
					"omitted":	false,
					"sender":	false
				}],
			"sum":	{
				"start":	700.001102,
				"end":	701.001013,
				"seconds":	0.99991101026535034,
				"bytes":	23920260,
				"bits_per_second":	191379110.77628547,
				"jitter_ms":	0.00724037136016283,
				"lost_packets":	65091,
				"packets":	82836,
				"lost_percent":	78.578154425612055,
				"omitted":	false,
				"sender":	false
			}
		}, {
			"streams":	[{
					"socket":	5,
					"start":	701.001013,
					"end":	702.00157,
					"seconds":	1.0005569458007812,
					"bytes":	23777372,
					"bits_per_second":	190113093.3110069,
					"jitter_ms":	0.010791075362863417,
					"lost_packets":	64940,
					"packets":	82579,
					"lost_percent":	78.639847903219945,
					"omitted":	false,
					"sender":	false
				}],
			"sum":	{
				"start":	701.001013,
				"end":	702.00157,
				"seconds":	1.0005569458007812,
				"bytes":	23777372,
				"bits_per_second":	190113093.3110069,
				"jitter_ms":	0.010791075362863417,
				"lost_packets":	64940,
				"packets":	82579,
				"lost_percent":	78.639847903219945,
				"omitted":	false,
				"sender":	false
			}
		}, {
			"streams":	[{
					"socket":	5,
					"start":	702.00157,
					"end":	703.001159,
					"seconds":	0.99958902597427368,
					"bytes":	24227604,
					"bits_per_second":	193900520.0773266,
					"jitter_ms":	0.020252896615430442,
					"lost_packets":	66640,
					"packets":	84613,
					"lost_percent":	78.758583196435538,
					"omitted":	false,
					"sender":	false
				}],
			"sum":	{
				"start":	702.00157,
				"end":	703.001159,
				"seconds":	0.99958902597427368,
				"bytes":	24227604,
				"bits_per_second":	193900520.0773266,
				"jitter_ms":	0.020252896615430442,
				"lost_packets":	66640,
				"packets":	84613,
				"lost_percent":	78.758583196435538,
				"omitted":	false,
				"sender":	false
			}
		}, {
			"streams":	[{
					"socket":	5,
					"start":	703.001159,
					"end":	704.001097,
					"seconds":	0.99993801116943359,
					"bytes":	23990356,
					"bits_per_second":	191934745.81043786,
					"jitter_ms":	0.01080535387947759,
					"lost_packets":	66011,
					"packets":	83808,
					"lost_percent":	78.764557082856058,
					"omitted":	false,
					"sender":	false
				}],
			"sum":	{
				"start":	703.001159,
				"end":	704.001097,
				"seconds":	0.99993801116943359,
				"bytes":	23990356,
				"bits_per_second":	191934745.81043786,
				"jitter_ms":	0.01080535387947759,
				"lost_packets":	66011,
				"packets":	83808,
				"lost_percent":	78.764557082856058,
				"omitted":	false,
				"sender":	false
			}
		}, {
			"streams":	[{
					"socket":	5,
					"start":	704.001097,
					"end":	705.001096,
					"seconds":	0.99999898672103882,
					"bytes":	23789504,
					"bits_per_second":	190316224.84342661,
					"jitter_ms":	0.00273234535620303,
					"lost_packets":	64104,
					"packets":	81752,
					"lost_percent":	78.412760544084549,
					"omitted":	false,
					"sender":	false
				}],
			"sum":	{
				"start":	704.001097,
				"end":	705.001096,
				"seconds":	0.99999898672103882,
				"bytes":	23789504,
				"bits_per_second":	190316224.84342661,
				"jitter_ms":	0.00273234535620303,
				"lost_packets":	64104,
				"packets":	81752,
				"lost_percent":	78.412760544084549,
				"omitted":	false,
				"sender":	false
			}
		}, {
			"streams":	[{
					"socket":	5,
					"start":	705.001096,
					"end":	706.001188,
					"seconds":	1.0000920295715332,
					"bytes":	24005184,
					"bits_per_second":	192023800.13194969,
					"jitter_ms":	0.010859297534825157,
					"lost_packets":	65940,
					"packets":	83748,
					"lost_percent":	78.736208625877637,
					"omitted":	false,
					"sender":	false
				}],
			"sum":	{
				"start":	705.001096,
				"end":	706.001188,
				"seconds":	1.0000920295715332,
				"bytes":	24005184,
				"bits_per_second":	192023800.13194969,
				"jitter_ms":	0.010859297534825157,
				"lost_packets":	65940,
				"packets":	83748,
				"lost_percent":	78.736208625877637,
				"omitted":	false,
				"sender":	false
			}
		}, {
			"streams":	[{
					"socket":	5,
					"start":	706.001188,
					"end":	707.00177,
					"seconds":	1.0005819797515869,
					"bytes":	23259740,
					"bits_per_second":	185969689.4063566,
					"jitter_ms":	4.4919821372768514,
					"lost_packets":	64961,
					"packets":	82216,
					"lost_percent":	79.012600953585675,
					"omitted":	false,
					"sender":	false
				}],
			"sum":	{
				"start":	706.001188,
				"end":	707.00177,
				"seconds":	1.0005819797515869,
				"bytes":	23259740,
				"bits_per_second":	185969689.4063566,
				"jitter_ms":	4.4919821372768514,
				"lost_packets":	64961,
				"packets":	82216,
				"lost_percent":	79.012600953585675,
				"omitted":	false,
				"sender":	false
			}
		}, {
			"streams":	[{
					"socket":	5,
					"start":	707.00177,
					"end":	708.001577,
					"seconds":	0.99980700016021729,
					"bytes":	24044276,
					"bits_per_second":	192391339.49769863,
					"jitter_ms":	0.0097325341639529963,
					"lost_packets":	64605,
					"packets":	82442,
					"lost_percent":	78.3641833046263,
					"omitted":	false,
					"sender":	false
				}],
			"sum":	{
				"start":	707.00177,
				"end":	708.001577,
				"seconds":	0.99980700016021729,
				"bytes":	24044276,
				"bits_per_second":	192391339.49769863,
				"jitter_ms":	0.0097325341639529963,
				"lost_packets":	64605,
				"packets":	82442,
				"lost_percent":	78.3641833046263,
				"omitted":	false,
				"sender":	false
			}
		}, {
			"streams":	[{
					"socket":	5,
					"start":	708.001577,
					"end":	709.000217,
					"seconds":	0.99864000082016,
					"bytes":	23998444,
					"bits_per_second":	192249010.49660045,
					"jitter_ms":	0.005796478985538733,
					"lost_packets":	68704,
					"packets":	86507,
					"lost_percent":	79.420162530199875,
					"omitted":	false,
					"sender":	false
				}],
			"sum":	{
				"start":	708.001577,
				"end":	709.000217,
				"seconds":	0.99864000082016,
				"bytes":	23998444,
				"bits_per_second":	192249010.49660045,
				"jitter_ms":	0.005796478985538733,
				"lost_packets":	68704,
				"packets":	86507,
				"lost_percent":	79.420162530199875,
				"omitted":	false,
				"sender":	false
			}
		}, {
			"streams":	[{
					"socket":	5,
					"start":	709.000217,
					"end":	710.0011,
					"seconds":	1.0008829832077026,
					"bytes":	24052364,
					"bits_per_second":	192249159.22071317,
					"jitter_ms":	0.0053927749918568219,
					"lost_packets":	66514,
					"packets":	84357,
					"lost_percent":	78.848228362791474,
					"omitted":	false,
					"sender":	false
				}],
			"sum":	{
				"start":	709.000217,
				"end":	710.0011,
				"seconds":	1.0008829832077026,
				"bytes":	24052364,
				"bits_per_second":	192249159.22071317,
				"jitter_ms":	0.0053927749918568219,
				"lost_packets":	66514,
				"packets":	84357,
				"lost_percent":	78.848228362791474,
				"omitted":	false,
				"sender":	false
			}
		}, {
			"streams":	[{
					"socket":	5,
					"start":	710.0011,
					"end":	711.001262,
					"seconds":	1.0001620054244995,
					"bytes":	24017316,
					"bits_per_second":	192107405.55821306,
					"jitter_ms":	0.028333907343654822,
					"lost_packets":	65004,
					"packets":	82821,
					"lost_percent":	78.487340167348862,
					"omitted":	false,
					"sender":	false
				}],
			"sum":	{
				"start":	710.0011,
				"end":	711.001262,
				"seconds":	1.0001620054244995,
				"bytes":	24017316,
				"bits_per_second":	192107405.55821306,
				"jitter_ms":	0.028333907343654822,
				"lost_packets":	65004,
				"packets":	82821,
				"lost_percent":	78.487340167348862,
				"omitted":	false,
				"sender":	false
			}
		}, {
			"streams":	[{
					"socket":	5,
					"start":	711.001262,
					"end":	712.001097,
					"seconds":	0.99983501434326172,
					"bytes":	23983616,
					"bits_per_second":	191900588.844679,
					"jitter_ms":	0.0066542282098167,
					"lost_packets":	65398,
					"packets":	83190,
					"lost_percent":	78.612814040149061,
					"omitted":	false,
					"sender":	false
				}],
			"sum":	{
				"start":	711.001262,
				"end":	712.001097,
				"seconds":	0.99983501434326172,
				"bytes":	23983616,
				"bits_per_second":	191900588.844679,
				"jitter_ms":	0.0066542282098167,
				"lost_packets":	65398,
				"packets":	83190,
				"lost_percent":	78.612814040149061,
				"omitted":	false,
				"sender":	false
			}
		}, {
			"streams":	[{
					"socket":	5,
					"start":	712.001097,
					"end":	713.00132,
					"seconds":	1.0002230405807495,
					"bytes":	24071236,
					"bits_per_second":	192526946.678003,
					"jitter_ms":	0.00645869890875955,
					"lost_packets":	66500,
					"packets":	84357,
					"lost_percent":	78.8316322296905,
					"omitted":	false,
					"sender":	false
				}],
			"sum":	{
				"start":	712.001097,
				"end":	713.00132,
				"seconds":	1.0002230405807495,
				"bytes":	24071236,
				"bits_per_second":	192526946.678003,
				"jitter_ms":	0.00645869890875955,
				"lost_packets":	66500,
				"packets":	84357,
				"lost_percent":	78.8316322296905,
				"omitted":	false,
				"sender":	false
			}
		}, {
			"streams":	[{
					"socket":	5,
					"start":	713.00132,
					"end":	714.001088,
					"seconds":	0.99976801872253418,
					"bytes":	24017316,
					"bits_per_second":	192183110.88357013,
					"jitter_ms":	0.0074892625064534634,
					"lost_packets":	65653,
					"packets":	83470,
					"lost_percent":	78.6546064454295,
					"omitted":	false,
					"sender":	false
				}],
			"sum":	{
				"start":	713.00132,
				"end":	714.001088,
				"seconds":	0.99976801872253418,
				"bytes":	24017316,
				"bits_per_second":	192183110.88357013,
				"jitter_ms":	0.0074892625064534634,
				"lost_packets":	65653,
				"packets":	83470,
				"lost_percent":	78.6546064454295,
				"omitted":	false,
				"sender":	false
			}
		}, {
			"streams":	[{
					"socket":	5,
					"start":	714.001088,
					"end":	715.0011,
					"seconds":	1.0000120401382446,
					"bytes":	28587036,
					"bits_per_second":	228693534.498229,
					"jitter_ms":	0.0036706718450847274,
					"lost_packets":	40894,
					"packets":	62101,
					"lost_percent":	65.8507914526336,
					"omitted":	false,
					"sender":	false
				}],
			"sum":	{
				"start":	714.001088,
				"end":	715.0011,
				"seconds":	1.0000120401382446,
				"bytes":	28587036,
				"bits_per_second":	228693534.498229,
				"jitter_ms":	0.0036706718450847274,
				"lost_packets":	40894,
				"packets":	62101,
				"lost_percent":	65.8507914526336,
				"omitted":	false,
				"sender":	false
			}
		}, {
			"streams":	[{
					"socket":	5,
					"start":	715.0011,
					"end":	716.001086,
					"seconds":	0.99998599290847778,
					"bytes":	20468032,
					"bits_per_second":	163746549.61290687,
					"jitter_ms":	0.02728130240798466,
					"lost_packets":	92572,
					"packets":	107756,
					"lost_percent":	85.908905304577,
					"omitted":	false,
					"sender":	false
				}],
			"sum":	{
				"start":	715.0011,
				"end":	716.001086,
				"seconds":	0.99998599290847778,
				"bytes":	20468032,
				"bits_per_second":	163746549.61290687,
				"jitter_ms":	0.02728130240798466,
				"lost_packets":	92572,
				"packets":	107756,
				"lost_percent":	85.908905304577,
				"omitted":	false,
				"sender":	false
			}
		}, {
			"streams":	[{
					"socket":	5,
					"start":	716.001086,
					"end":	717.001104,
					"seconds":	1.0000180006027222,
					"bytes":	23970136,
					"bits_per_second":	191757636.246971,
					"jitter_ms":	0.036808046963880042,
					"lost_packets":	65336,
					"packets":	83118,
					"lost_percent":	78.6063187275921,
					"omitted":	false,
					"sender":	false
				}],
			"sum":	{
				"start":	716.001086,
				"end":	717.001104,
				"seconds":	1.0000180006027222,
				"bytes":	23970136,
				"bits_per_second":	191757636.246971,
				"jitter_ms":	0.036808046963880042,
				"lost_packets":	65336,
				"packets":	83118,
				"lost_percent":	78.6063187275921,
				"omitted":	false,
				"sender":	false
			}
		}, {
			"streams":	[{
					"socket":	5,
					"start":	717.001104,
					"end":	718.000746,
					"seconds":	0.999642014503479,
					"bytes":	23823204,
					"bits_per_second":	190653883.32508579,
					"jitter_ms":	0.012289671657558277,
					"lost_packets":	64809,
					"packets":	82482,
					"lost_percent":	78.573506946970241,
					"omitted":	false,
					"sender":	false
				}],
			"sum":	{
				"start":	717.001104,
				"end":	718.000746,
				"seconds":	0.999642014503479,
				"bytes":	23823204,
				"bits_per_second":	190653883.32508579,
				"jitter_ms":	0.012289671657558277,
				"lost_packets":	64809,
				"packets":	82482,
				"lost_percent":	78.573506946970241,
				"omitted":	false,
				"sender":	false
			}
		}, {
			"streams":	[{
					"socket":	5,
					"start":	718.000746,
					"end":	719.001866,
					"seconds":	1.0011199712753296,
					"bytes":	23912172,
					"bits_per_second":	191083368.11651626,
					"jitter_ms":	0.0163218119963162,
					"lost_packets":	65540,
					"packets":	83279,
					"lost_percent":	78.6993119513923,
					"omitted":	false,
					"sender":	false
				}],
			"sum":	{
				"start":	718.000746,
				"end":	719.001866,
				"seconds":	1.0011199712753296,
				"bytes":	23912172,
				"bits_per_second":	191083368.11651626,
				"jitter_ms":	0.0163218119963162,
				"lost_packets":	65540,
				"packets":	83279,
				"lost_percent":	78.6993119513923,
				"omitted":	false,
				"sender":	false
			}
		}, {
			"streams":	[{
					"socket":	5,
					"start":	719.001866,
					"end":	720.00109,
					"seconds":	0.99922400712966919,
					"bytes":	24207384,
					"bits_per_second":	193809466.76441181,
					"jitter_ms":	0.0088587266324201049,
					"lost_packets":	66024,
					"packets":	83982,
					"lost_percent":	78.6168464671001,
					"omitted":	false,
					"sender":	false
				}],
			"sum":	{
				"start":	719.001866,
				"end":	720.00109,
				"seconds":	0.99922400712966919,
				"bytes":	24207384,
				"bits_per_second":	193809466.76441181,
				"jitter_ms":	0.0088587266324201049,
				"lost_packets":	66024,
				"packets":	83982,
				"lost_percent":	78.6168464671001,
				"omitted":	false,
				"sender":	false
			}
		}, {
			"streams":	[{
					"socket":	5,
					"start":	720.00109,
					"end":	721.001094,
					"seconds":	1.0000040531158447,
					"bytes":	23763892,
					"bits_per_second":	190110365.46066549,
					"jitter_ms":	0.011477051666100808,
					"lost_packets":	65400,
					"packets":	83029,
					"lost_percent":	78.7676594924665,
					"omitted":	false,
					"sender":	false
				}],
			"sum":	{
				"start":	720.00109,
				"end":	721.001094,
				"seconds":	1.0000040531158447,
				"bytes":	23763892,
				"bits_per_second":	190110365.46066549,
				"jitter_ms":	0.011477051666100808,
				"lost_packets":	65400,
				"packets":	83029,
				"lost_percent":	78.7676594924665,
				"omitted":	false,
				"sender":	false
			}
		}, {
			"streams":	[{
					"socket":	5,
					"start":	721.001094,
					"end":	722.001101,
					"seconds":	1.0000070333480835,
					"bytes":	23875776,
					"bits_per_second":	191004864.59630165,
					"jitter_ms":	0.0101307480012619,
					"lost_packets":	65742,
					"packets":	83454,
					"lost_percent":	78.776331871450139,
					"omitted":	false,
					"sender":	false
				}],
			"sum":	{
				"start":	721.001094,
				"end":	722.001101,
				"seconds":	1.0000070333480835,
				"bytes":	23875776,
				"bits_per_second":	191004864.59630165,
				"jitter_ms":	0.0101307480012619,
				"lost_packets":	65742,
				"packets":	83454,
				"lost_percent":	78.776331871450139,
				"omitted":	false,
				"sender":	false
			}
		}, {
			"streams":	[{
					"socket":	5,
					"start":	722.001101,
					"end":	723.001091,
					"seconds":	0.99998998641967773,
					"bytes":	23933740,
					"bits_per_second":	191471837.31862244,
					"jitter_ms":	0.0086417457526506,
					"lost_packets":	65710,
					"packets":	83465,
					"lost_percent":	78.727610375606545,
					"omitted":	false,
					"sender":	false
				}],
			"sum":	{
				"start":	722.001101,
				"end":	723.001091,
				"seconds":	0.99998998641967773,
				"bytes":	23933740,
				"bits_per_second":	191471837.31862244,
				"jitter_ms":	0.0086417457526506,
				"lost_packets":	65710,
				"packets":	83465,
				"lost_percent":	78.727610375606545,
				"omitted":	false,
				"sender":	false
			}
		}, {
			"streams":	[{
					"socket":	5,
					"start":	723.001091,
					"end":	724.000911,
					"seconds":	0.99981999397277832,
					"bytes":	24189860,
					"bits_per_second":	193553720.83634174,
					"jitter_ms":	0.015223572377201865,
					"lost_packets":	66664,
					"packets":	84609,
					"lost_percent":	78.7906723870983,
					"omitted":	false,
					"sender":	false
				}],
			"sum":	{
				"start":	723.001091,
				"end":	724.000911,
				"seconds":	0.99981999397277832,
				"bytes":	24189860,
				"bits_per_second":	193553720.83634174,
				"jitter_ms":	0.015223572377201865,
				"lost_packets":	66664,
				"packets":	84609,
				"lost_percent":	78.7906723870983,
				"omitted":	false,
				"sender":	false
			}
		}, {
			"streams":	[{
					"socket":	5,
					"start":	724.000911,
					"end":	725.0011,
					"seconds":	1.000188946723938,
					"bytes":	23998444,
					"bits_per_second":	191951283.43383947,
					"jitter_ms":	0.0063607578703545262,
					"lost_packets":	65450,
					"packets":	83253,
					"lost_percent":	78.6157856173351,
					"omitted":	false,
					"sender":	false
				}],
			"sum":	{
				"start":	724.000911,
				"end":	725.0011,
				"seconds":	1.000188946723938,
				"bytes":	23998444,
				"bits_per_second":	191951283.43383947,
				"jitter_ms":	0.0063607578703545262,
				"lost_packets":	65450,
				"packets":	83253,
				"lost_percent":	78.6157856173351,
				"omitted":	false,
				"sender":	false
			}
		}, {
			"streams":	[{
					"socket":	5,
					"start":	725.0011,
					"end":	726.001062,
					"seconds":	0.9999619722366333,
					"bytes":	24030796,
					"bits_per_second":	192253678.97741053,
					"jitter_ms":	0.0029022377360163219,
					"lost_packets":	66460,
					"packets":	84287,
					"lost_percent":	78.8496446664373,
					"omitted":	false,
					"sender":	false
				}],
			"sum":	{
				"start":	725.0011,
				"end":	726.001062,
				"seconds":	0.9999619722366333,
				"bytes":	24030796,
				"bits_per_second":	192253678.97741053,
				"jitter_ms":	0.0029022377360163219,
				"lost_packets":	66460,
				"packets":	84287,
				"lost_percent":	78.8496446664373,
				"omitted":	false,
				"sender":	false
			}
		}, {
			"streams":	[{
					"socket":	5,
					"start":	726.001062,
					"end":	727.00236,
					"seconds":	1.0012979507446289,
					"bytes":	24005184,
					"bits_per_second":	191792534.7367242,
					"jitter_ms":	0.0162870478323196,
					"lost_packets":	65020,
					"packets":	82828,
					"lost_percent":	78.5000241464239,
					"omitted":	false,
					"sender":	false
				}],
			"sum":	{
				"start":	726.001062,
				"end":	727.00236,
				"seconds":	1.0012979507446289,
				"bytes":	24005184,
				"bits_per_second":	191792534.7367242,
				"jitter_ms":	0.0162870478323196,
				"lost_packets":	65020,
				"packets":	82828,
				"lost_percent":	78.5000241464239,
				"omitted":	false,
				"sender":	false
			}
		}, {
			"streams":	[{
					"socket":	5,
					"start":	727.00236,
					"end":	728.0011,
					"seconds":	0.998740017414093,
					"bytes":	24036188,
					"bits_per_second":	192532091.08199155,
					"jitter_ms":	0.016620829715266031,
					"lost_packets":	65627,
					"packets":	83458,
					"lost_percent":	78.6347623954564,
					"omitted":	false,
					"sender":	false
				}],
			"sum":	{
				"start":	727.00236,
				"end":	728.0011,
				"seconds":	0.998740017414093,
				"bytes":	24036188,
				"bits_per_second":	192532091.08199155,
				"jitter_ms":	0.016620829715266031,
				"lost_packets":	65627,
				"packets":	83458,
				"lost_percent":	78.6347623954564,
				"omitted":	false,
				"sender":	false
			}
		}, {
			"streams":	[{
					"socket":	5,
					"start":	728.0011,
					"end":	729.001038,
					"seconds":	0.99993801116943359,
					"bytes":	24250520,
					"bits_per_second":	194016186.83653295,
					"jitter_ms":	0.0068830827267556769,
					"lost_packets":	66022,
					"packets":	84012,
					"lost_percent":	78.586392420130451,
					"omitted":	false,
					"sender":	false
				}],
			"sum":	{
				"start":	728.0011,
				"end":	729.001038,
				"seconds":	0.99993801116943359,
				"bytes":	24250520,
				"bits_per_second":	194016186.83653295,
				"jitter_ms":	0.0068830827267556769,
				"lost_packets":	66022,
				"packets":	84012,
				"lost_percent":	78.586392420130451,
				"omitted":	false,
				"sender":	false
			}
		}, {
			"streams":	[{
					"socket":	5,
					"start":	729.001038,
					"end":	730.001084,
					"seconds":	1.0000460147857666,
					"bytes":	23895996,
					"bits_per_second":	191159171.85165992,
					"jitter_ms":	0.018131855459214429,
					"lost_packets":	65172,
					"packets":	82899,
					"lost_percent":	78.616147360040529,
					"omitted":	false,
					"sender":	false
				}],
			"sum":	{
				"start":	729.001038,
				"end":	730.001084,
				"seconds":	1.0000460147857666,
				"bytes":	23895996,
				"bits_per_second":	191159171.85165992,
				"jitter_ms":	0.018131855459214429,
				"lost_packets":	65172,
				"packets":	82899,
				"lost_percent":	78.616147360040529,
				"omitted":	false,
				"sender":	false
			}
		}, {
			"streams":	[{
					"socket":	5,
					"start":	730.001084,
					"end":	731.0009,
					"seconds":	0.99981600046157837,
					"bytes":	23742324,
					"bits_per_second":	189973547.04496861,
					"jitter_ms":	0.022605593666040983,
					"lost_packets":	65337,
					"packets":	82950,
					"lost_percent":	78.766726943942132,
					"omitted":	false,
					"sender":	false
				}],
			"sum":	{
				"start":	730.001084,
				"end":	731.0009,
				"seconds":	0.99981600046157837,
				"bytes":	23742324,
				"bits_per_second":	189973547.04496861,
				"jitter_ms":	0.022605593666040983,
				"lost_packets":	65337,
				"packets":	82950,
				"lost_percent":	78.766726943942132,
				"omitted":	false,
				"sender":	false
			}
		}, {
			"streams":	[{
					"socket":	5,
					"start":	731.0009,
					"end":	732.000587,
					"seconds":	0.99968701601028442,
					"bytes":	24017316,
					"bits_per_second":	192198683.11065805,
					"jitter_ms":	0.00648170617715003,
					"lost_packets":	65038,
					"packets":	82855,
					"lost_percent":	78.496168004344938,
					"omitted":	false,
					"sender":	false
				}],
			"sum":	{
				"start":	731.0009,
				"end":	732.000587,
				"seconds":	0.99968701601028442,
				"bytes":	24017316,
				"bits_per_second":	192198683.11065805,
				"jitter_ms":	0.00648170617715003,
				"lost_packets":	65038,
				"packets":	82855,
				"lost_percent":	78.496168004344938,
				"omitted":	false,
				"sender":	false
			}
		}, {
			"streams":	[{
					"socket":	5,
					"start":	732.000587,
					"end":	733.001598,
					"seconds":	1.00101101398468,
					"bytes":	23953960,
					"bits_per_second":	191438133.36996189,
					"jitter_ms":	0.014096256085177852,
					"lost_packets":	66303,
					"packets":	84073,
					"lost_percent":	78.86360662757366,
					"omitted":	false,
					"sender":	false
				}],
			"sum":	{
				"start":	732.000587,
				"end":	733.001598,
				"seconds":	1.00101101398468,
				"bytes":	23953960,
				"bits_per_second":	191438133.36996189,
				"jitter_ms":	0.014096256085177852,
				"lost_packets":	66303,
				"packets":	84073,
				"lost_percent":	78.86360662757366,
				"omitted":	false,
				"sender":	false
			}
		}, {
			"streams":	[{
					"socket":	5,
					"start":	733.001598,
					"end":	734.001118,
					"seconds":	0.99952000379562378,
					"bytes":	24206036,
					"bits_per_second":	193741283.08050963,
					"jitter_ms":	0.0075605194100512975,
					"lost_packets":	65720,
					"packets":	83677,
					"lost_percent":	78.5401006250224,
					"omitted":	false,
					"sender":	false
				}],
			"sum":	{
				"start":	733.001598,
				"end":	734.001118,
				"seconds":	0.99952000379562378,
				"bytes":	24206036,
				"bits_per_second":	193741283.08050963,
				"jitter_ms":	0.0075605194100512975,
				"lost_packets":	65720,
				"packets":	83677,
				"lost_percent":	78.5401006250224,
				"omitted":	false,
				"sender":	false
			}
		}, {
			"streams":	[{
					"socket":	5,
					"start":	734.001118,
					"end":	735.001095,
					"seconds":	0.9999769926071167,
					"bytes":	23901388,
					"bits_per_second":	191215503.37021142,
					"jitter_ms":	0.00910527030612005,
					"lost_packets":	65521,
					"packets":	83252,
					"lost_percent":	78.7020131648489,
					"omitted":	false,
					"sender":	false
				}],
			"sum":	{
				"start":	734.001118,
				"end":	735.001095,
				"seconds":	0.9999769926071167,
				"bytes":	23901388,
				"bits_per_second":	191215503.37021142,
				"jitter_ms":	0.00910527030612005,
				"lost_packets":	65521,
				"packets":	83252,
				"lost_percent":	78.7020131648489,
				"omitted":	false,
				"sender":	false
			}
		}, {
			"streams":	[{
					"socket":	5,
					"start":	735.001095,
					"end":	736.001086,
					"seconds":	0.999990999698639,
					"bytes":	23952612,
					"bits_per_second":	191622620.66133356,
					"jitter_ms":	0.00698800980771034,
					"lost_packets":	65971,
					"packets":	83740,
					"lost_percent":	78.780749940291372,
					"omitted":	false,
					"sender":	false
				}],
			"sum":	{
				"start":	735.001095,
				"end":	736.001086,
				"seconds":	0.999990999698639,
				"bytes":	23952612,
				"bits_per_second":	191622620.66133356,
				"jitter_ms":	0.00698800980771034,
				"lost_packets":	65971,
				"packets":	83740,
				"lost_percent":	78.780749940291372,
				"omitted":	false,
				"sender":	false
			}
		}, {
			"streams":	[{
					"socket":	5,
					"start":	736.001086,
					"end":	737.000953,
					"seconds":	0.999867022037506,
					"bytes":	23940480,
					"bits_per_second":	191549311.83720523,
					"jitter_ms":	0.0062788354855579168,
					"lost_packets":	65606,
					"packets":	83366,
					"lost_percent":	78.6963510303961,
					"omitted":	false,
					"sender":	false
				}],
			"sum":	{
				"start":	736.001086,
				"end":	737.000953,
				"seconds":	0.999867022037506,
				"bytes":	23940480,
				"bits_per_second":	191549311.83720523,
				"jitter_ms":	0.0062788354855579168,
				"lost_packets":	65606,
				"packets":	83366,
				"lost_percent":	78.6963510303961,
				"omitted":	false,
				"sender":	false
			}
		}, {
			"streams":	[{
					"socket":	5,
					"start":	737.000953,
					"end":	738.001081,
					"seconds":	1.0001280307769775,
					"bytes":	24193904,
					"bits_per_second":	193526454.65764448,
					"jitter_ms":	0.0060463372024676769,
					"lost_packets":	66356,
					"packets":	84304,
					"lost_percent":	78.710381476561,
					"omitted":	false,
					"sender":	false
				}],
			"sum":	{
				"start":	737.000953,
				"end":	738.001081,
				"seconds":	1.0001280307769775,
				"bytes":	24193904,
				"bits_per_second":	193526454.65764448,
				"jitter_ms":	0.0060463372024676769,
				"lost_packets":	66356,
				"packets":	84304,
				"lost_percent":	78.710381476561,
				"omitted":	false,
				"sender":	false
			}
		}, {
			"streams":	[{
					"socket":	5,
					"start":	738.001081,
					"end":	739.001101,
					"seconds":	1.0000200271606445,
					"bytes":	23828596,
					"bits_per_second":	190624950.323497,
					"jitter_ms":	0.0052459191996169869,
					"lost_packets":	64945,
					"packets":	82622,
					"lost_percent":	78.604972041344922,
					"omitted":	false,
					"sender":	false
				}],
			"sum":	{
				"start":	738.001081,
				"end":	739.001101,
				"seconds":	1.0000200271606445,
				"bytes":	23828596,
				"bits_per_second":	190624950.323497,
				"jitter_ms":	0.0052459191996169869,
				"lost_packets":	64945,
				"packets":	82622,
				"lost_percent":	78.604972041344922,
				"omitted":	false,
				"sender":	false
			}
		}, {
			"streams":	[{
					"socket":	5,
					"start":	739.001101,
					"end":	740.001083,
					"seconds":	0.99998199939727783,
					"bytes":	24056408,
					"bits_per_second":	192454728.30110615,
					"jitter_ms":	0.0064006964165019336,
					"lost_packets":	65603,
					"packets":	83449,
					"lost_percent":	78.6144830974607,
					"omitted":	false,
					"sender":	false
				}],
			"sum":	{
				"start":	739.001101,
				"end":	740.001083,
				"seconds":	0.99998199939727783,
				"bytes":	24056408,
				"bits_per_second":	192454728.30110615,
				"jitter_ms":	0.0064006964165019336,
				"lost_packets":	65603,
				"packets":	83449,
				"lost_percent":	78.6144830974607,
				"omitted":	false,
				"sender":	false
			}
		}, {
			"streams":	[{
					"socket":	5,
					"start":	740.001083,
					"end":	741.001758,
					"seconds":	1.0006749629974365,
					"bytes":	23998444,
					"bits_per_second":	191858054.91217414,
					"jitter_ms":	0.0057079074336731572,
					"lost_packets":	65661,
					"packets":	83464,
					"lost_percent":	78.669845681970671,
					"omitted":	false,
					"sender":	false
				}],
			"sum":	{
				"start":	740.001083,
				"end":	741.001758,
				"seconds":	1.0006749629974365,
				"bytes":	23998444,
				"bits_per_second":	191858054.91217414,
				"jitter_ms":	0.0057079074336731572,
				"lost_packets":	65661,
				"packets":	83464,
				"lost_percent":	78.669845681970671,
				"omitted":	false,
				"sender":	false
			}
		}, {
			"streams":	[{
					"socket":	5,
					"start":	741.001758,
					"end":	742.001289,
					"seconds":	0.99953097105026245,
					"bytes":	24024056,
					"bits_per_second":	192282634.121935,
					"jitter_ms":	0.0072456489132797118,
					"lost_packets":	65626,
					"packets":	83448,
					"lost_percent":	78.642987249544632,
					"omitted":	false,
					"sender":	false
				}],
			"sum":	{
				"start":	741.001758,
				"end":	742.001289,
				"seconds":	0.99953097105026245,
				"bytes":	24024056,
				"bits_per_second":	192282634.121935,
				"jitter_ms":	0.0072456489132797118,
				"lost_packets":	65626,
				"packets":	83448,
				"lost_percent":	78.642987249544632,
				"omitted":	false,
				"sender":	false
			}
		}, {
			"streams":	[{
					"socket":	5,
					"start":	742.001289,
					"end":	743.002051,
					"seconds":	1.0007619857788086,
					"bytes":	24011924,
					"bits_per_second":	191949129.49307159,
					"jitter_ms":	0.0064645134613054,
					"lost_packets":	65650,
					"packets":	83463,
					"lost_percent":	78.657608760768241,
					"omitted":	false,
					"sender":	false
				}],
			"sum":	{
				"start":	742.001289,
				"end":	743.002051,
				"seconds":	1.0007619857788086,
				"bytes":	24011924,
				"bits_per_second":	191949129.49307159,
				"jitter_ms":	0.0064645134613054,
				"lost_packets":	65650,
				"packets":	83463,
				"lost_percent":	78.657608760768241,
				"omitted":	false,
				"sender":	false
			}
		}, {
			"streams":	[{
					"socket":	5,
					"start":	743.002051,
					"end":	744.001357,
					"seconds":	0.99930602312088,
					"bytes":	23991704,
					"bits_per_second":	192066922.0031139,
					"jitter_ms":	0.014633764155587408,
					"lost_packets":	65357,
					"packets":	83155,
					"lost_percent":	78.5965967169743,
					"omitted":	false,
					"sender":	false
				}],
			"sum":	{
				"start":	743.002051,
				"end":	744.001357,
				"seconds":	0.99930602312088,
				"bytes":	23991704,
				"bits_per_second":	192066922.0031139,
				"jitter_ms":	0.014633764155587408,
				"lost_packets":	65357,
				"packets":	83155,
				"lost_percent":	78.5965967169743,
				"omitted":	false,
				"sender":	false
			}
		}, {
			"streams":	[{
					"socket":	5,
					"start":	744.001357,
					"end":	745.001085,
					"seconds":	0.99972802400589,
					"bytes":	27458760,
					"bits_per_second":	219729841.24200746,
					"jitter_ms":	0.00961597201977599,
					"lost_packets":	17366,
					"packets":	37736,
					"lost_percent":	46.019715921136317,
					"omitted":	false,
					"sender":	false
				}],
			"sum":	{
				"start":	744.001357,
				"end":	745.001085,
				"seconds":	0.99972802400589,
				"bytes":	27458760,
				"bits_per_second":	219729841.24200746,
				"jitter_ms":	0.00961597201977599,
				"lost_packets":	17366,
				"packets":	37736,
				"lost_percent":	46.019715921136317,
				"omitted":	false,
				"sender":	false
			}
		}, {
			"streams":	[{
					"socket":	5,
					"start":	745.001085,
					"end":	746.001103,
					"seconds":	1.0000180006027222,
					"bytes":	20032628,
					"bits_per_second":	160258139.25690225,
					"jitter_ms":	0.033875206181074084,
					"lost_packets":	112882,
					"packets":	127743,
					"lost_percent":	88.366485834840262,
					"omitted":	false,
					"sender":	false
				}],
			"sum":	{
				"start":	745.001085,
				"end":	746.001103,
				"seconds":	1.0000180006027222,
				"bytes":	20032628,
				"bits_per_second":	160258139.25690225,
				"jitter_ms":	0.033875206181074084,
				"lost_packets":	112882,
				"packets":	127743,
				"lost_percent":	88.366485834840262,
				"omitted":	false,
				"sender":	false
			}
		}, {
			"streams":	[{
					"socket":	5,
					"start":	746.001103,
					"end":	747.001121,
					"seconds":	1.0000180006027222,
					"bytes":	23576520,
					"bits_per_second":	188608764.9285526,
					"jitter_ms":	0.013177144349069097,
					"lost_packets":	65151,
					"packets":	82641,
					"lost_percent":	78.836170907902854,
					"omitted":	false,
					"sender":	false
				}],
			"sum":	{
				"start":	746.001103,
				"end":	747.001121,
				"seconds":	1.0000180006027222,
				"bytes":	23576520,
				"bits_per_second":	188608764.9285526,
				"jitter_ms":	0.013177144349069097,
				"lost_packets":	65151,
				"packets":	82641,
				"lost_percent":	78.836170907902854,
				"omitted":	false,
				"sender":	false
			}
		}, {
			"streams":	[{
					"socket":	5,
					"start":	747.001121,
					"end":	748.001082,
					"seconds":	0.999961018562317,
					"bytes":	23922956,
					"bits_per_second":	191391108.7005769,
					"jitter_ms":	0.040449826591088048,
					"lost_packets":	65104,
					"packets":	82851,
					"lost_percent":	78.5796188338101,
					"omitted":	false,
					"sender":	false
				}],
			"sum":	{
				"start":	747.001121,
				"end":	748.001082,
				"seconds":	0.999961018562317,
				"bytes":	23922956,
				"bits_per_second":	191391108.7005769,
				"jitter_ms":	0.040449826591088048,
				"lost_packets":	65104,
				"packets":	82851,
				"lost_percent":	78.5796188338101,
				"omitted":	false,
				"sender":	false
			}
		}, {
			"streams":	[{
					"socket":	5,
					"start":	748.001082,
					"end":	749.000693,
					"seconds":	0.9996110200881958,
					"bytes":	24406888,
					"bits_per_second":	195331083.8677755,
					"jitter_ms":	0.01082884092936974,
					"lost_packets":	66554,
					"packets":	84660,
					"lost_percent":	78.6132766359556,
					"omitted":	false,
					"sender":	false
				}],
			"sum":	{
				"start":	748.001082,
				"end":	749.000693,
				"seconds":	0.9996110200881958,
				"bytes":	24406888,
				"bits_per_second":	195331083.8677755,
				"jitter_ms":	0.01082884092936974,
				"lost_packets":	66554,
				"packets":	84660,
				"lost_percent":	78.6132766359556,
				"omitted":	false,
				"sender":	false
			}
		}, {
			"streams":	[{
					"socket":	5,
					"start":	749.000693,
					"end":	750.001098,
					"seconds":	1.000404953956604,
					"bytes":	23558996,
					"bits_per_second":	188395676.42542443,
					"jitter_ms":	0.0059774247065126915,
					"lost_packets":	64600,
					"packets":	82077,
					"lost_percent":	78.706580406203926,
					"omitted":	false,
					"sender":	false
				}],
			"sum":	{
				"start":	749.000693,
				"end":	750.001098,
				"seconds":	1.000404953956604,
				"bytes":	23558996,
				"bits_per_second":	188395676.42542443,
				"jitter_ms":	0.0059774247065126915,
				"lost_packets":	64600,
				"packets":	82077,
				"lost_percent":	78.706580406203926,
				"omitted":	false,
				"sender":	false
			}
		}, {
			"streams":	[{
					"socket":	5,
					"start":	750.001098,
					"end":	751.001085,
					"seconds":	0.999987006187439,
					"bytes":	24188512,
					"bits_per_second":	193510610.44060063,
					"jitter_ms":	0.0087818636790172357,
					"lost_packets":	66979,
					"packets":	84923,
					"lost_percent":	78.87027071582493,
					"omitted":	false,
					"sender":	false
				}],
			"sum":	{
				"start":	750.001098,
				"end":	751.001085,
				"seconds":	0.999987006187439,
				"bytes":	24188512,
				"bits_per_second":	193510610.44060063,
				"jitter_ms":	0.0087818636790172357,
				"lost_packets":	66979,
				"packets":	84923,
				"lost_percent":	78.87027071582493,
				"omitted":	false,
				"sender":	false
			}
		}, {
			"streams":	[{
					"socket":	5,
					"start":	751.001085,
					"end":	752.000485,
					"seconds":	0.999400019645691,
					"bytes":	24226256,
					"bits_per_second":	193926400.0302,
					"jitter_ms":	0.011096857003192382,
					"lost_packets":	66309,
					"packets":	84281,
					"lost_percent":	78.676095442626448,
					"omitted":	false,
					"sender":	false
				}],
			"sum":	{
				"start":	751.001085,
				"end":	752.000485,
				"seconds":	0.999400019645691,
				"bytes":	24226256,
				"bits_per_second":	193926400.0302,
				"jitter_ms":	0.011096857003192382,
				"lost_packets":	66309,
				"packets":	84281,
				"lost_percent":	78.676095442626448,
				"omitted":	false,
				"sender":	false
			}
		}, {
			"streams":	[{
					"socket":	5,
					"start":	752.000485,
					"end":	753.000427,
					"seconds":	0.99994200468063354,
					"bytes":	24037536,
					"bits_per_second":	192311441.1634481,
					"jitter_ms":	0.00911322842348553,
					"lost_packets":	65004,
					"packets":	82836,
					"lost_percent":	78.47312762567,
					"omitted":	false,
					"sender":	false
				}],
			"sum":	{
				"start":	752.000485,
				"end":	753.000427,
				"seconds":	0.99994200468063354,
				"bytes":	24037536,
				"bits_per_second":	192311441.1634481,
				"jitter_ms":	0.00911322842348553,
				"lost_packets":	65004,
				"packets":	82836,
				"lost_percent":	78.47312762567,
				"omitted":	false,
				"sender":	false
			}
		}, {
			"streams":	[{
					"socket":	5,
					"start":	753.000427,
					"end":	754.00142,
					"seconds":	1.000993013381958,
					"bytes":	23560344,
					"bits_per_second":	188295771.77885747,
					"jitter_ms":	0.011326781082341624,
					"lost_packets":	64348,
					"packets":	81826,
					"lost_percent":	78.6400410627429,
					"omitted":	false,
					"sender":	false
				}],
			"sum":	{
				"start":	753.000427,
				"end":	754.00142,
				"seconds":	1.000993013381958,
				"bytes":	23560344,
				"bits_per_second":	188295771.77885747,
				"jitter_ms":	0.011326781082341624,
				"lost_packets":	64348,
				"packets":	81826,
				"lost_percent":	78.6400410627429,
				"omitted":	false,
				"sender":	false
			}
		}, {
			"streams":	[{
					"socket":	5,
					"start":	754.00142,
					"end":	755.000572,
					"seconds":	0.99915200471878052,
					"bytes":	24069888,
					"bits_per_second":	192722531.797549,
					"jitter_ms":	0.0065958051030533624,
					"lost_packets":	65392,
					"packets":	83248,
					"lost_percent":	78.550836056121469,
					"omitted":	false,
					"sender":	false
				}],
			"sum":	{
				"start":	754.00142,
				"end":	755.000572,
				"seconds":	0.99915200471878052,
				"bytes":	24069888,
				"bits_per_second":	192722531.797549,
				"jitter_ms":	0.0065958051030533624,
				"lost_packets":	65392,
				"packets":	83248,
				"lost_percent":	78.550836056121469,
				"omitted":	false,
				"sender":	false
			}
		}, {
			"streams":	[{
					"socket":	5,
					"start":	755.000572,
					"end":	756.001085,
					"seconds":	1.000512957572937,
					"bytes":	23978224,
					"bits_per_second":	191727443.95568308,
					"jitter_ms":	0.012963371826110804,
					"lost_packets":	65838,
					"packets":	83626,
					"lost_percent":	78.7291033888982,
					"omitted":	false,
					"sender":	false
				}],
			"sum":	{
				"start":	755.000572,
				"end":	756.001085,
				"seconds":	1.000512957572937,
				"bytes":	23978224,
				"bits_per_second":	191727443.95568308,
				"jitter_ms":	0.012963371826110804,
				"lost_packets":	65838,
				"packets":	83626,
				"lost_percent":	78.7291033888982,
				"omitted":	false,
				"sender":	false
			}
		}, {
			"streams":	[{
					"socket":	5,
					"start":	756.001085,
					"end":	757.001396,
					"seconds":	1.000311017036438,
					"bytes":	23972832,
					"bits_per_second":	191723026.87236524,
					"jitter_ms":	0.006054357896062664,
					"lost_packets":	65673,
					"packets":	83457,
					"lost_percent":	78.6908228189367,
					"omitted":	false,
					"sender":	false
				}],
			"sum":	{
				"start":	756.001085,
				"end":	757.001396,
				"seconds":	1.000311017036438,
				"bytes":	23972832,
				"bits_per_second":	191723026.87236524,
				"jitter_ms":	0.006054357896062664,
				"lost_packets":	65673,
				"packets":	83457,
				"lost_percent":	78.6908228189367,
				"omitted":	false,
				"sender":	false
			}
		}, {
			"streams":	[{
					"socket":	5,
					"start":	757.001396,
					"end":	758.000645,
					"seconds":	0.99924898147583,
					"bytes":	24239736,
					"bits_per_second":	194063633.38353875,
					"jitter_ms":	0.043668481142578215,
					"lost_packets":	66319,
					"packets":	84301,
					"lost_percent":	78.669292179214949,
					"omitted":	false,
					"sender":	false
				}],
			"sum":	{
				"start":	757.001396,
				"end":	758.000645,
				"seconds":	0.99924898147583,
				"bytes":	24239736,
				"bits_per_second":	194063633.38353875,
				"jitter_ms":	0.043668481142578215,
				"lost_packets":	66319,
				"packets":	84301,
				"lost_percent":	78.669292179214949,
				"omitted":	false,
				"sender":	false
			}
		}, {
			"streams":	[{
					"socket":	5,
					"start":	758.000645,
					"end":	759.00112,
					"seconds":	1.00047504901886,
					"bytes":	23998444,
					"bits_per_second":	191896391.80734918,
					"jitter_ms":	0.011803697304838994,
					"lost_packets":	66269,
					"packets":	84072,
					"lost_percent":	78.8241031496812,
					"omitted":	false,
					"sender":	false
				}],
			"sum":	{
				"start":	758.000645,
				"end":	759.00112,
				"seconds":	1.00047504901886,
				"bytes":	23998444,
				"bits_per_second":	191896391.80734918,
				"jitter_ms":	0.011803697304838994,
				"lost_packets":	66269,
				"packets":	84072,
				"lost_percent":	78.8241031496812,
				"omitted":	false,
				"sender":	false
			}
		}, {
			"streams":	[{
					"socket":	5,
					"start":	759.00112,
					"end":	760.001103,
					"seconds":	0.999983012676239,
					"bytes":	24092804,
					"bits_per_second":	192745706.23371533,
					"jitter_ms":	0.017610899214565372,
					"lost_packets":	65497,
					"packets":	83370,
					"lost_percent":	78.561832793570829,
					"omitted":	false,
					"sender":	false
				}],
			"sum":	{
				"start":	759.00112,
				"end":	760.001103,
				"seconds":	0.999983012676239,
				"bytes":	24092804,
				"bits_per_second":	192745706.23371533,
				"jitter_ms":	0.017610899214565372,
				"lost_packets":	65497,
				"packets":	83370,
				"lost_percent":	78.561832793570829,
				"omitted":	false,
				"sender":	false
			}
		}, {
			"streams":	[{
					"socket":	5,
					"start":	760.001103,
					"end":	761.001104,
					"seconds":	1.0000009536743164,
					"bytes":	23681664,
					"bits_per_second":	189453131.3234145,
					"jitter_ms":	0.00353321930476611,
					"lost_packets":	64524,
					"packets":	82092,
					"lost_percent":	78.599619938605471,
					"omitted":	false,
					"sender":	false
				}],
			"sum":	{
				"start":	760.001103,
				"end":	761.001104,
				"seconds":	1.0000009536743164,
				"bytes":	23681664,
				"bits_per_second":	189453131.3234145,
				"jitter_ms":	0.00353321930476611,
				"lost_packets":	64524,
				"packets":	82092,
				"lost_percent":	78.599619938605471,
				"omitted":	false,
				"sender":	false
			}
		}, {
			"streams":	[{
					"socket":	5,
					"start":	761.001104,
					"end":	762.001265,
					"seconds":	1.0001610517501831,
					"bytes":	24181772,
					"bits_per_second":	193423024.88331684,
					"jitter_ms":	0.0033877651149147015,
					"lost_packets":	66357,
					"packets":	84296,
					"lost_percent":	78.7190376767581,
					"omitted":	false,
					"sender":	false
				}],
			"sum":	{
				"start":	761.001104,
				"end":	762.001265,
				"seconds":	1.0001610517501831,
				"bytes":	24181772,
				"bits_per_second":	193423024.88331684,
				"jitter_ms":	0.0033877651149147015,
				"lost_packets":	66357,
				"packets":	84296,
				"lost_percent":	78.7190376767581,
				"omitted":	false,
				"sender":	false
			}
		}, {
			"streams":	[{
					"socket":	5,
					"start":	762.001265,
					"end":	763.001089,
					"seconds":	0.99982398748397827,
					"bytes":	23724800,
					"bits_per_second":	189831812.77498749,
					"jitter_ms":	0.00732911434311191,
					"lost_packets":	65011,
					"packets":	82611,
					"lost_percent":	78.6953311302369,
					"omitted":	false,
					"sender":	false
				}],
			"sum":	{
				"start":	762.001265,
				"end":	763.001089,
				"seconds":	0.99982398748397827,
				"bytes":	23724800,
				"bits_per_second":	189831812.77498749,
				"jitter_ms":	0.00732911434311191,
				"lost_packets":	65011,
				"packets":	82611,
				"lost_percent":	78.6953311302369,
				"omitted":	false,
				"sender":	false
			}
		}, {
			"streams":	[{
					"socket":	5,
					"start":	763.001089,
					"end":	764.001825,
					"seconds":	1.0007359981536865,
					"bytes":	23959352,
					"bits_per_second":	191533847.44191426,
					"jitter_ms":	0.00785900411317043,
					"lost_packets":	65658,
					"packets":	83432,
					"lost_percent":	78.696423434653369,
					"omitted":	false,
					"sender":	false
				}],
			"sum":	{
				"start":	763.001089,
				"end":	764.001825,
				"seconds":	1.0007359981536865,
				"bytes":	23959352,
				"bits_per_second":	191533847.44191426,
				"jitter_ms":	0.00785900411317043,
				"lost_packets":	65658,
				"packets":	83432,
				"lost_percent":	78.696423434653369,
				"omitted":	false,
				"sender":	false
			}
		}, {
			"streams":	[{
					"socket":	5,
					"start":	764.001825,
					"end":	765.001082,
					"seconds":	0.99925702810287476,
					"bytes":	24295004,
					"bits_per_second":	194504543.40961653,
					"jitter_ms":	0.013098742744060541,
					"lost_packets":	66914,
					"packets":	84937,
					"lost_percent":	78.7807433745011,
					"omitted":	false,
					"sender":	false
				}],
			"sum":	{
				"start":	764.001825,
				"end":	765.001082,
				"seconds":	0.99925702810287476,
				"bytes":	24295004,
				"bits_per_second":	194504543.40961653,
				"jitter_ms":	0.013098742744060541,
				"lost_packets":	66914,
				"packets":	84937,
				"lost_percent":	78.7807433745011,
				"omitted":	false,
				"sender":	false
			}
		}, {
			"streams":	[{
					"socket":	5,
					"start":	765.001082,
					"end":	766.001306,
					"seconds":	1.0002239942550659,
					"bytes":	23724800,
					"bits_per_second":	189755895.76948276,
					"jitter_ms":	0.00583661552988536,
					"lost_packets":	65233,
					"packets":	82833,
					"lost_percent":	78.7524295872418,
					"omitted":	false,
					"sender":	false
				}],
			"sum":	{
				"start":	765.001082,
				"end":	766.001306,
				"seconds":	1.0002239942550659,
				"bytes":	23724800,
				"bits_per_second":	189755895.76948276,
				"jitter_ms":	0.00583661552988536,
				"lost_packets":	65233,
				"packets":	82833,
				"lost_percent":	78.7524295872418,
				"omitted":	false,
				"sender":	false
			}
		}, {
			"streams":	[{
					"socket":	5,
					"start":	766.001306,
					"end":	767.001102,
					"seconds":	0.999795973300934,
					"bytes":	23922956,
					"bits_per_second":	191422703.34228924,
					"jitter_ms":	0.0062258580338418,
					"lost_packets":	64880,
					"packets":	82627,
					"lost_percent":	78.521548646326266,
					"omitted":	false,
					"sender":	false
				}],
			"sum":	{
				"start":	766.001306,
				"end":	767.001102,
				"seconds":	0.999795973300934,
				"bytes":	23922956,
				"bits_per_second":	191422703.34228924,
				"jitter_ms":	0.0062258580338418,
				"lost_packets":	64880,
				"packets":	82627,
				"lost_percent":	78.521548646326266,
				"omitted":	false,
				"sender":	false
			}
		}, {
			"streams":	[{
					"socket":	5,
					"start":	767.001102,
					"end":	768.001396,
					"seconds":	1.0002939701080322,
					"bytes":	23998444,
					"bits_per_second":	191931129.98498356,
					"jitter_ms":	0.00741050252018065,
					"lost_packets":	66282,
					"packets":	84085,
					"lost_percent":	78.827377058928462,
					"omitted":	false,
					"sender":	false
				}],
			"sum":	{
				"start":	767.001102,
				"end":	768.001396,
				"seconds":	1.0002939701080322,
				"bytes":	23998444,
				"bits_per_second":	191931129.98498356,
				"jitter_ms":	0.00741050252018065,
				"lost_packets":	66282,
				"packets":	84085,
				"lost_percent":	78.827377058928462,
				"omitted":	false,
				"sender":	false
			}
		}, {
			"streams":	[{
					"socket":	5,
					"start":	768.001396,
					"end":	769.001187,
					"seconds":	0.99979102611541748,
					"bytes":	23933740,
					"bits_per_second":	191509940.57621837,
					"jitter_ms":	0.013547589174347646,
					"lost_packets":	65692,
					"packets":	83447,
					"lost_percent":	78.723021798267169,
					"omitted":	false,
					"sender":	false
				}],
			"sum":	{
				"start":	768.001396,
				"end":	769.001187,
				"seconds":	0.99979102611541748,
				"bytes":	23933740,
				"bits_per_second":	191509940.57621837,
				"jitter_ms":	0.013547589174347646,
				"lost_packets":	65692,
				"packets":	83447,
				"lost_percent":	78.723021798267169,
				"omitted":	false,
				"sender":	false
			}
		}, {
			"streams":	[{
					"socket":	5,
					"start":	769.001187,
					"end":	770.001103,
					"seconds":	0.99991601705551147,
					"bytes":	23959352,
					"bits_per_second":	191690914.76745388,
					"jitter_ms":	0.0051852460187511943,
					"lost_packets":	65067,
					"packets":	82841,
					"lost_percent":	78.544440554797745,
					"omitted":	false,
					"sender":	false
				}],
			"sum":	{
				"start":	769.001187,
				"end":	770.001103,
				"seconds":	0.99991601705551147,
				"bytes":	23959352,
				"bits_per_second":	191690914.76745388,
				"jitter_ms":	0.0051852460187511943,
				"lost_packets":	65067,
				"packets":	82841,
				"lost_percent":	78.544440554797745,
				"omitted":	false,
				"sender":	false
			}
		}, {
			"streams":	[{
					"socket":	5,
					"start":	770.001103,
					"end":	771.001074,
					"seconds":	0.99997097253799438,
					"bytes":	23984964,
					"bits_per_second":	191885281.942731,
					"jitter_ms":	0.00727980116897994,
					"lost_packets":	66289,
					"packets":	84082,
					"lost_percent":	78.838514783187847,
					"omitted":	false,
					"sender":	false
				}],
			"sum":	{
				"start":	770.001103,
				"end":	771.001074,
				"seconds":	0.99997097253799438,
				"bytes":	23984964,
				"bits_per_second":	191885281.942731,
				"jitter_ms":	0.00727980116897994,
				"lost_packets":	66289,
				"packets":	84082,
				"lost_percent":	78.838514783187847,
				"omitted":	false,
				"sender":	false
			}
		}, {
			"streams":	[{
					"socket":	5,
					"start":	771.001074,
					"end":	772.000871,
					"seconds":	0.999796986579895,
					"bytes":	24005184,
					"bits_per_second":	192080466.91252327,
					"jitter_ms":	0.0060542886922233244,
					"lost_packets":	65025,
					"packets":	82833,
					"lost_percent":	78.5013219369092,
					"omitted":	false,
					"sender":	false
				}],
			"sum":	{
				"start":	771.001074,
				"end":	772.000871,
				"seconds":	0.999796986579895,
				"bytes":	24005184,
				"bits_per_second":	192080466.91252327,
				"jitter_ms":	0.0060542886922233244,
				"lost_packets":	65025,
				"packets":	82833,
				"lost_percent":	78.5013219369092,
				"omitted":	false,
				"sender":	false
			}
		}, {
			"streams":	[{
					"socket":	5,
					"start":	772.000871,
					"end":	773.001095,
					"seconds":	1.0002239942550659,
					"bytes":	23978224,
					"bits_per_second":	191782833.74702039,
					"jitter_ms":	0.010845511622117431,
					"lost_packets":	66286,
					"packets":	84074,
					"lost_percent":	78.8424483193377,
					"omitted":	false,
					"sender":	false
				}],
			"sum":	{
				"start":	772.000871,
				"end":	773.001095,
				"seconds":	1.0002239942550659,
				"bytes":	23978224,
				"bits_per_second":	191782833.74702039,
				"jitter_ms":	0.010845511622117431,
				"lost_packets":	66286,
				"packets":	84074,
				"lost_percent":	78.8424483193377,
				"omitted":	false,
				"sender":	false
			}
		}, {
			"streams":	[{
					"socket":	5,
					"start":	773.001095,
					"end":	774.001095,
					"seconds":	1,
					"bytes":	23978224,
					"bits_per_second":	191825792,
					"jitter_ms":	0.023169628323076841,
					"lost_packets":	65571,
					"packets":	83359,
					"lost_percent":	78.6609724204945,
					"omitted":	false,
					"sender":	false
				}],
			"sum":	{
				"start":	773.001095,
				"end":	774.001095,
				"seconds":	1,
				"bytes":	23978224,
				"bits_per_second":	191825792,
				"jitter_ms":	0.023169628323076841,
				"lost_packets":	65571,
				"packets":	83359,
				"lost_percent":	78.6609724204945,
				"omitted":	false,
				"sender":	false
			}
		}, {
			"streams":	[{
					"socket":	5,
					"start":	774.001095,
					"end":	775.000665,
					"seconds":	0.99957001209259033,
					"bytes":	28533116,
					"bits_per_second":	228363121.380692,
					"jitter_ms":	0.0069847359099550737,
					"lost_packets":	15036,
					"packets":	36203,
					"lost_percent":	41.532469684832748,
					"omitted":	false,
					"sender":	false
				}],
			"sum":	{
				"start":	774.001095,
				"end":	775.000665,
				"seconds":	0.99957001209259033,
				"bytes":	28533116,
				"bits_per_second":	228363121.380692,
				"jitter_ms":	0.0069847359099550737,
				"lost_packets":	15036,
				"packets":	36203,
				"lost_percent":	41.532469684832748,
				"omitted":	false,
				"sender":	false
			}
		}, {
			"streams":	[{
					"socket":	5,
					"start":	775.000665,
					"end":	776.000389,
					"seconds":	0.999723970890045,
					"bytes":	20482860,
					"bits_per_second":	163908123.41342017,
					"jitter_ms":	0.040589681101706521,
					"lost_packets":	119642,
					"packets":	134837,
					"lost_percent":	88.73083797473987,
					"omitted":	false,
					"sender":	false
				}],
			"sum":	{
				"start":	775.000665,
				"end":	776.000389,
				"seconds":	0.999723970890045,
				"bytes":	20482860,
				"bits_per_second":	163908123.41342017,
				"jitter_ms":	0.040589681101706521,
				"lost_packets":	119642,
				"packets":	134837,
				"lost_percent":	88.73083797473987,
				"omitted":	false,
				"sender":	false
			}
		}, {
			"streams":	[{
					"socket":	5,
					"start":	776.000389,
					"end":	777.001105,
					"seconds":	1.000715970993042,
					"bytes":	24661660,
					"bits_per_second":	197152124.79742846,
					"jitter_ms":	0.0172999847180738,
					"lost_packets":	67801,
					"packets":	86096,
					"lost_percent":	78.750464597658421,
					"omitted":	false,
					"sender":	false
				}],
			"sum":	{
				"start":	776.000389,
				"end":	777.001105,
				"seconds":	1.000715970993042,
				"bytes":	24661660,
				"bits_per_second":	197152124.79742846,
				"jitter_ms":	0.0172999847180738,
				"lost_packets":	67801,
				"packets":	86096,
				"lost_percent":	78.750464597658421,
				"omitted":	false,
				"sender":	false
			}
		}, {
			"streams":	[{
					"socket":	5,
					"start":	777.001105,
					"end":	778.001099,
					"seconds":	0.99999397993087769,
					"bytes":	23940480,
					"bits_per_second":	191524992.99369648,
					"jitter_ms":	0.0065920604200660239,
					"lost_packets":	65497,
					"packets":	83258,
					"lost_percent":	78.6675154339523,
					"omitted":	false,
					"sender":	false
				}],
			"sum":	{
				"start":	777.001105,
				"end":	778.001099,
				"seconds":	0.99999397993087769,
				"bytes":	23940480,
				"bits_per_second":	191524992.99369648,
				"jitter_ms":	0.0065920604200660239,
				"lost_packets":	65497,
				"packets":	83258,
				"lost_percent":	78.6675154339523,
				"omitted":	false,
				"sender":	false
			}
		}, {
			"streams":	[{
					"socket":	5,
					"start":	778.001099,
					"end":	779.001091,
					"seconds":	0.9999920129776,
					"bytes":	23540124,
					"bits_per_second":	188322496.135995,
					"jitter_ms":	0.028185894661119947,
					"lost_packets":	63762,
					"packets":	81227,
					"lost_percent":	78.4985288143105,
					"omitted":	false,
					"sender":	false
				}],
			"sum":	{
				"start":	778.001099,
				"end":	779.001091,
				"seconds":	0.9999920129776,
				"bytes":	23540124,
				"bits_per_second":	188322496.135995,
				"jitter_ms":	0.028185894661119947,
				"lost_packets":	63762,
				"packets":	81227,
				"lost_percent":	78.4985288143105,
				"omitted":	false,
				"sender":	false
			}
		}, {
			"streams":	[{
					"socket":	5,
					"start":	779.001091,
					"end":	780.001099,
					"seconds":	1.0000079870224,
					"bytes":	24144028,
					"bits_per_second":	193150681.30118188,
					"jitter_ms":	0.59735254883981559,
					"lost_packets":	67020,
					"packets":	84931,
					"lost_percent":	78.911116082466947,
					"omitted":	false,
					"sender":	false
				}],
			"sum":	{
				"start":	779.001091,
				"end":	780.001099,
				"seconds":	1.0000079870224,
				"bytes":	24144028,
				"bits_per_second":	193150681.30118188,
				"jitter_ms":	0.59735254883981559,
				"lost_packets":	67020,
				"packets":	84931,
				"lost_percent":	78.911116082466947,
				"omitted":	false,
				"sender":	false
			}
		}, {
			"streams":	[{
					"socket":	5,
					"start":	780.001099,
					"end":	781.001086,
					"seconds":	0.999987006187439,
					"bytes":	24352968,
					"bits_per_second":	194826275.53610629,
					"jitter_ms":	0.025000847557801777,
					"lost_packets":	66260,
					"packets":	84326,
					"lost_percent":	78.576002656357474,
					"omitted":	false,
					"sender":	false
				}],
			"sum":	{
				"start":	780.001099,
				"end":	781.001086,
				"seconds":	0.999987006187439,
				"bytes":	24352968,
				"bits_per_second":	194826275.53610629,
				"jitter_ms":	0.025000847557801777,
				"lost_packets":	66260,
				"packets":	84326,
				"lost_percent":	78.576002656357474,
				"omitted":	false,
				"sender":	false
			}
		}, {
			"streams":	[{
					"socket":	5,
					"start":	781.001086,
					"end":	782.000621,
					"seconds":	0.99953502416610718,
					"bytes":	23352752,
					"bits_per_second":	186908924.13286069,
					"jitter_ms":	0.00528595397843305,
					"lost_packets":	63072,
					"packets":	80398,
					"lost_percent":	78.4497126794199,
					"omitted":	false,
					"sender":	false
				}],
			"sum":	{
				"start":	781.001086,
				"end":	782.000621,
				"seconds":	0.99953502416610718,
				"bytes":	23352752,
				"bits_per_second":	186908924.13286069,
				"jitter_ms":	0.00528595397843305,
				"lost_packets":	63072,
				"packets":	80398,
				"lost_percent":	78.4497126794199,
				"omitted":	false,
				"sender":	false
			}
		}, {
			"streams":	[{
					"socket":	5,
					"start":	782.000621,
					"end":	783.001402,
					"seconds":	1.0007810592651367,
					"bytes":	24552472,
					"bits_per_second":	196266480.24716717,
					"jitter_ms":	0.18693223399582282,
					"lost_packets":	68284,
					"packets":	86500,
					"lost_percent":	78.94104046242775,
					"omitted":	false,
					"sender":	false
				}],
			"sum":	{
				"start":	782.000621,
				"end":	783.001402,
				"seconds":	1.0007810592651367,
				"bytes":	24552472,
				"bits_per_second":	196266480.24716717,
				"jitter_ms":	0.18693223399582282,
				"lost_packets":	68284,
				"packets":	86500,
				"lost_percent":	78.94104046242775,
				"omitted":	false,
				"sender":	false
			}
		}, {
			"streams":	[{
					"socket":	5,
					"start":	783.001402,
					"end":	784.001414,
					"seconds":	1.0000120401382446,
					"bytes":	23460592,
					"bits_per_second":	187682476.27703953,
					"jitter_ms":	0.018460543234183772,
					"lost_packets":	64317,
					"packets":	81721,
					"lost_percent":	78.703148517516922,
					"omitted":	false,
					"sender":	false
				}],
			"sum":	{
				"start":	783.001402,
				"end":	784.001414,
				"seconds":	1.0000120401382446,
				"bytes":	23460592,
				"bits_per_second":	187682476.27703953,
				"jitter_ms":	0.018460543234183772,
				"lost_packets":	64317,
				"packets":	81721,
				"lost_percent":	78.703148517516922,
				"omitted":	false,
				"sender":	false
			}
		}, {
			"streams":	[{
					"socket":	5,
					"start":	784.001414,
					"end":	785.001088,
					"seconds":	0.99967402219772339,
					"bytes":	23533384,
					"bits_per_second":	188328462.89844176,
					"jitter_ms":	0.0080497601563996046,
					"lost_packets":	62715,
					"packets":	80174,
					"lost_percent":	78.223613640332275,
					"omitted":	false,
					"sender":	false
				}],
			"sum":	{
				"start":	784.001414,
				"end":	785.001088,
				"seconds":	0.99967402219772339,
				"bytes":	23533384,
				"bits_per_second":	188328462.89844176,
				"jitter_ms":	0.0080497601563996046,
				"lost_packets":	62715,
				"packets":	80174,
				"lost_percent":	78.223613640332275,
				"omitted":	false,
				"sender":	false
			}
		}, {
			"streams":	[{
					"socket":	5,
					"start":	785.001088,
					"end":	786.000508,
					"seconds":	0.99941998720169067,
					"bytes":	23312312,
					"bits_per_second":	186606730.2918199,
					"jitter_ms":	0.0688504585536094,
					"lost_packets":	65977,
					"packets":	83271,
					"lost_percent":	79.231665285633653,
					"omitted":	false,
					"sender":	false
				}],
			"sum":	{
				"start":	785.001088,
				"end":	786.000508,
				"seconds":	0.99941998720169067,
				"bytes":	23312312,
				"bits_per_second":	186606730.2918199,
				"jitter_ms":	0.0688504585536094,
				"lost_packets":	65977,
				"packets":	83271,
				"lost_percent":	79.231665285633653,
				"omitted":	false,
				"sender":	false
			}
		}, {
			"streams":	[{
					"socket":	5,
					"start":	786.000508,
					"end":	787.001906,
					"seconds":	1.001397967338562,
					"bytes":	24793764,
					"bits_per_second":	198073212.11881384,
					"jitter_ms":	0.0032039119240959463,
					"lost_packets":	66403,
					"packets":	84796,
					"lost_percent":	78.309118354639367,
					"omitted":	false,
					"sender":	false
				}],
			"sum":	{
				"start":	786.000508,
				"end":	787.001906,
				"seconds":	1.001397967338562,
				"bytes":	24793764,
				"bits_per_second":	198073212.11881384,
				"jitter_ms":	0.0032039119240959463,
				"lost_packets":	66403,
				"packets":	84796,
				"lost_percent":	78.309118354639367,
				"omitted":	false,
				"sender":	false
			}
		}, {
			"streams":	[{
					"socket":	5,
					"start":	787.001906,
					"end":	788.00111,
					"seconds":	0.99920397996902466,
					"bytes":	23320400,
					"bits_per_second":	186711826.35379761,
					"jitter_ms":	0.022828714526989643,
					"lost_packets":	64291,
					"packets":	81591,
					"lost_percent":	78.796681006483553,
					"omitted":	false,
					"sender":	false
				}],
			"sum":	{
				"start":	787.001906,
				"end":	788.00111,
				"seconds":	0.99920397996902466,
				"bytes":	23320400,
				"bits_per_second":	186711826.35379761,
				"jitter_ms":	0.022828714526989643,
				"lost_packets":	64291,
				"packets":	81591,
				"lost_percent":	78.796681006483553,
				"omitted":	false,
				"sender":	false
			}
		}, {
			"streams":	[{
					"socket":	5,
					"start":	788.00111,
					"end":	789.000639,
					"seconds":	0.999529004096985,
					"bytes":	24083368,
					"bits_per_second":	192757732.10209459,
					"jitter_ms":	0.075199428278163033,
					"lost_packets":	66333,
					"packets":	84199,
					"lost_percent":	78.7812206795805,
					"omitted":	false,
					"sender":	false
				}],
			"sum":	{
				"start":	788.00111,
				"end":	789.000639,
				"seconds":	0.999529004096985,
				"bytes":	24083368,
				"bits_per_second":	192757732.10209459,
				"jitter_ms":	0.075199428278163033,
				"lost_packets":	66333,
				"packets":	84199,
				"lost_percent":	78.7812206795805,
				"omitted":	false,
				"sender":	false
			}
		}, {
			"streams":	[{
					"socket":	5,
					"start":	789.000639,
					"end":	790.001105,
					"seconds":	1.000465989112854,
					"bytes":	24251868,
					"bits_per_second":	193924577.25828281,
					"jitter_ms":	0.027140643272659533,
					"lost_packets":	66732,
					"packets":	84723,
					"lost_percent":	78.7649162565065,
					"omitted":	false,
					"sender":	false
				}],
			"sum":	{
				"start":	789.000639,
				"end":	790.001105,
				"seconds":	1.000465989112854,
				"bytes":	24251868,
				"bits_per_second":	193924577.25828281,
				"jitter_ms":	0.027140643272659533,
				"lost_packets":	66732,
				"packets":	84723,
				"lost_percent":	78.7649162565065,
				"omitted":	false,
				"sender":	false
			}
		}, {
			"streams":	[{
					"socket":	5,
					"start":	790.001105,
					"end":	791.001108,
					"seconds":	1.0000029802322388,
					"bytes":	24952828,
					"bits_per_second":	199622029.07999337,
					"jitter_ms":	0.024716764902852382,
					"lost_packets":	68495,
					"packets":	87006,
					"lost_percent":	78.724455784658531,
					"omitted":	false,
					"sender":	false
				}],
			"sum":	{
				"start":	790.001105,
				"end":	791.001108,
				"seconds":	1.0000029802322388,
				"bytes":	24952828,
				"bits_per_second":	199622029.07999337,
				"jitter_ms":	0.024716764902852382,
				"lost_packets":	68495,
				"packets":	87006,
				"lost_percent":	78.724455784658531,
				"omitted":	false,
				"sender":	false
			}
		}, {
			"streams":	[{
					"socket":	5,
					"start":	791.001108,
					"end":	792.001105,
					"seconds":	0.99999701976776123,
					"bytes":	23782764,
					"bits_per_second":	190262679.02696988,
					"jitter_ms":	0.0057582529854098233,
					"lost_packets":	64484,
					"packets":	82127,
					"lost_percent":	78.517418145068,
					"omitted":	false,
					"sender":	false
				}],
			"sum":	{
				"start":	791.001108,
				"end":	792.001105,
				"seconds":	0.99999701976776123,
				"bytes":	23782764,
				"bits_per_second":	190262679.02696988,
				"jitter_ms":	0.0057582529854098233,
				"lost_packets":	64484,
				"packets":	82127,
				"lost_percent":	78.517418145068,
				"omitted":	false,
				"sender":	false
			}
		}, {
			"streams":	[{
					"socket":	5,
					"start":	792.001105,
					"end":	793.001095,
					"seconds":	0.99998998641967773,
					"bytes":	24021360,
					"bits_per_second":	192172804.337812,
					"jitter_ms":	0.016793519632005677,
					"lost_packets":	65326,
					"packets":	83146,
					"lost_percent":	78.567820460394969,
					"omitted":	false,
					"sender":	false
				}],
			"sum":	{
				"start":	792.001105,
				"end":	793.001095,
				"seconds":	0.99998998641967773,
				"bytes":	24021360,
				"bits_per_second":	192172804.337812,
				"jitter_ms":	0.016793519632005677,
				"lost_packets":	65326,
				"packets":	83146,
				"lost_percent":	78.567820460394969,
				"omitted":	false,
				"sender":	false
			}
		}, {
			"streams":	[{
					"socket":	5,
					"start":	793.001095,
					"end":	794.001078,
					"seconds":	0.999983012676239,
					"bytes":	24038884,
					"bits_per_second":	192314338.90593886,
					"jitter_ms":	0.010620490064797627,
					"lost_packets":	65238,
					"packets":	83071,
					"lost_percent":	78.532821321520146,
					"omitted":	false,
					"sender":	false
				}],
			"sum":	{
				"start":	793.001095,
				"end":	794.001078,
				"seconds":	0.999983012676239,
				"bytes":	24038884,
				"bits_per_second":	192314338.90593886,
				"jitter_ms":	0.010620490064797627,
				"lost_packets":	65238,
				"packets":	83071,
				"lost_percent":	78.532821321520146,
				"omitted":	false,
				"sender":	false
			}
		}, {
			"streams":	[{
					"socket":	5,
					"start":	794.001078,
					"end":	795.001094,
					"seconds":	1.0000159740448,
					"bytes":	24231648,
					"bits_per_second":	193850087.430019,
					"jitter_ms":	0.01071257318344915,
					"lost_packets":	67421,
					"packets":	85397,
					"lost_percent":	78.950080213590638,
					"omitted":	false,
					"sender":	false
				}],
			"sum":	{
				"start":	794.001078,
				"end":	795.001094,
				"seconds":	1.0000159740448,
				"bytes":	24231648,
				"bits_per_second":	193850087.430019,
				"jitter_ms":	0.01071257318344915,
				"lost_packets":	67421,
				"packets":	85397,
				"lost_percent":	78.950080213590638,
				"omitted":	false,
				"sender":	false
			}
		}, {
			"streams":	[{
					"socket":	5,
					"start":	795.001094,
					"end":	796.00111,
					"seconds":	1.0000159740448,
					"bytes":	22746152,
					"bits_per_second":	181966309.26202381,
					"jitter_ms":	0.021697858650264315,
					"lost_packets":	61190,
					"packets":	78064,
					"lost_percent":	78.3844025415044,
					"omitted":	false,
					"sender":	false
				}],
			"sum":	{
				"start":	795.001094,
				"end":	796.00111,
				"seconds":	1.0000159740448,
				"bytes":	22746152,
				"bits_per_second":	181966309.26202381,
				"jitter_ms":	0.021697858650264315,
				"lost_packets":	61190,
				"packets":	78064,
				"lost_percent":	78.3844025415044,
				"omitted":	false,
				"sender":	false
			}
		}, {
			"streams":	[{
					"socket":	5,
					"start":	796.00111,
					"end":	797.001104,
					"seconds":	0.99999397993087769,
					"bytes":	25137504,
					"bits_per_second":	201101242.6433813,
					"jitter_ms":	0.2371487309112314,
					"lost_packets":	69628,
					"packets":	88276,
					"lost_percent":	78.875345507272641,
					"omitted":	false,
					"sender":	false
				}],
			"sum":	{
				"start":	796.00111,
				"end":	797.001104,
				"seconds":	0.99999397993087769,
				"bytes":	25137504,
				"bits_per_second":	201101242.6433813,
				"jitter_ms":	0.2371487309112314,
				"lost_packets":	69628,
				"packets":	88276,
				"lost_percent":	78.875345507272641,
				"omitted":	false,
				"sender":	false
			}
		}, {
			"streams":	[{
					"socket":	5,
					"start":	797.001104,
					"end":	798.001078,
					"seconds":	0.999974012374878,
					"bytes":	23776024,
					"bits_per_second":	190213135.18765056,
					"jitter_ms":	0.011870568902253227,
					"lost_packets":	64363,
					"packets":	82001,
					"lost_percent":	78.490506213338861,
					"omitted":	false,
					"sender":	false
				}],
			"sum":	{
				"start":	797.001104,
				"end":	798.001078,
				"seconds":	0.999974012374878,
				"bytes":	23776024,
				"bits_per_second":	190213135.18765056,
				"jitter_ms":	0.011870568902253227,
				"lost_packets":	64363,
				"packets":	82001,
				"lost_percent":	78.490506213338861,
				"omitted":	false,
				"sender":	false
			}
		}, {
			"streams":	[{
					"socket":	5,
					"start":	798.001078,
					"end":	799.001085,
					"seconds":	1.0000070333480835,
					"bytes":	24134592,
					"bits_per_second":	193075378.03365993,
					"jitter_ms":	0.00645660449671846,
					"lost_packets":	67001,
					"packets":	84905,
					"lost_percent":	78.912902655909548,
					"omitted":	false,
					"sender":	false
				}],
			"sum":	{
				"start":	798.001078,
				"end":	799.001085,
				"seconds":	1.0000070333480835,
				"bytes":	24134592,
				"bits_per_second":	193075378.03365993,
				"jitter_ms":	0.00645660449671846,
				"lost_packets":	67001,
				"packets":	84905,
				"lost_percent":	78.912902655909548,
				"omitted":	false,
				"sender":	false
			}
		}, {
			"streams":	[{
					"socket":	5,
					"start":	799.001085,
					"end":	800.001084,
					"seconds":	0.99999898672103882,
					"bytes":	24401496,
					"bits_per_second":	195212165.80438057,
					"jitter_ms":	0.0127445998532924,
					"lost_packets":	66144,
					"packets":	84246,
					"lost_percent":	78.512926429741469,
					"omitted":	false,
					"sender":	false
				}],
			"sum":	{
				"start":	799.001085,
				"end":	800.001084,
				"seconds":	0.99999898672103882,
				"bytes":	24401496,
				"bits_per_second":	195212165.80438057,
				"jitter_ms":	0.0127445998532924,
				"lost_packets":	66144,
				"packets":	84246,
				"lost_percent":	78.512926429741469,
				"omitted":	false,
				"sender":	false
			}
		}, {
			"streams":	[{
					"socket":	5,
					"start":	800.001084,
					"end":	801.001117,
					"seconds":	1.0000330209732056,
					"bytes":	23226040,
					"bits_per_second":	185802184.63103977,
					"jitter_ms":	0.030609017840383147,
					"lost_packets":	62365,
					"packets":	79598,
					"lost_percent":	78.3499585416719,
					"omitted":	false,
					"sender":	false
				}],
			"sum":	{
				"start":	800.001084,
				"end":	801.001117,
				"seconds":	1.0000330209732056,
				"bytes":	23226040,
				"bits_per_second":	185802184.63103977,
				"jitter_ms":	0.030609017840383147,
				"lost_packets":	62365,
				"packets":	79598,
				"lost_percent":	78.3499585416719,
				"omitted":	false,
				"sender":	false
			}
		}, {
			"streams":	[{
					"socket":	5,
					"start":	801.001117,
					"end":	802.002745,
					"seconds":	1.001628041267395,
					"bytes":	23784112,
					"bits_per_second":	189963627.37532893,
					"jitter_ms":	0.019631727623281133,
					"lost_packets":	65662,
					"packets":	83306,
					"lost_percent":	78.8202530429981,
					"omitted":	false,
					"sender":	false
				}],
			"sum":	{
				"start":	801.001117,
				"end":	802.002745,
				"seconds":	1.001628041267395,
				"bytes":	23784112,
				"bits_per_second":	189963627.37532893,
				"jitter_ms":	0.019631727623281133,
				"lost_packets":	65662,
				"packets":	83306,
				"lost_percent":	78.8202530429981,
				"omitted":	false,
				"sender":	false
			}
		}, {
			"streams":	[{
					"socket":	5,
					"start":	802.002745,
					"end":	803.002602,
					"seconds":	0.999857008457184,
					"bytes":	24568648,
					"bits_per_second":	196577292.890393,
					"jitter_ms":	0.014696560735260111,
					"lost_packets":	66981,
					"packets":	85207,
					"lost_percent":	78.609738636497,
					"omitted":	false,
					"sender":	false
				}],
			"sum":	{
				"start":	802.002745,
				"end":	803.002602,
				"seconds":	0.999857008457184,
				"bytes":	24568648,
				"bits_per_second":	196577292.890393,
				"jitter_ms":	0.014696560735260111,
				"lost_packets":	66981,
				"packets":	85207,
				"lost_percent":	78.609738636497,
				"omitted":	false,
				"sender":	false
			}
		}, {
			"streams":	[{
					"socket":	5,
					"start":	803.002602,
					"end":	804.001032,
					"seconds":	0.99843001365661621,
					"bytes":	23478116,
					"bits_per_second":	188120274.26150417,
					"jitter_ms":	0.011129101503404286,
					"lost_packets":	62901,
					"packets":	80318,
					"lost_percent":	78.314948081376528,
					"omitted":	false,
					"sender":	false
				}],
			"sum":	{
				"start":	803.002602,
				"end":	804.001032,
				"seconds":	0.99843001365661621,
				"bytes":	23478116,
				"bits_per_second":	188120274.26150417,
				"jitter_ms":	0.011129101503404286,
				"lost_packets":	62901,
				"packets":	80318,
				"lost_percent":	78.314948081376528,
				"omitted":	false,
				"sender":	false
			}
		}, {
			"streams":	[{
					"socket":	5,
					"start":	804.001032,
					"end":	805.001704,
					"seconds":	1.0006719827651978,
					"bytes":	27690616,
					"bits_per_second":	221376167.03112954,
					"jitter_ms":	0.036662084099957776,
					"lost_packets":	50761,
					"packets":	71303,
					"lost_percent":	71.1905529921602,
					"omitted":	false,
					"sender":	false
				}],
			"sum":	{
				"start":	804.001032,
				"end":	805.001704,
				"seconds":	1.0006719827651978,
				"bytes":	27690616,
				"bits_per_second":	221376167.03112954,
				"jitter_ms":	0.036662084099957776,
				"lost_packets":	50761,
				"packets":	71303,
				"lost_percent":	71.1905529921602,
				"omitted":	false,
				"sender":	false
			}
		}, {
			"streams":	[{
					"socket":	5,
					"start":	805.001704,
					"end":	806.001104,
					"seconds":	0.999400019645691,
					"bytes":	21179776,
					"bits_per_second":	169539928.62644684,
					"jitter_ms":	0.019280911346995243,
					"lost_packets":	71770,
					"packets":	87482,
					"lost_percent":	82.039733888114128,
					"omitted":	false,
					"sender":	false
				}],
			"sum":	{
				"start":	805.001704,
				"end":	806.001104,
				"seconds":	0.999400019645691,
				"bytes":	21179776,
				"bits_per_second":	169539928.62644684,
				"jitter_ms":	0.019280911346995243,
				"lost_packets":	71770,
				"packets":	87482,
				"lost_percent":	82.039733888114128,
				"omitted":	false,
				"sender":	false
			}
		}, {
			"streams":	[{
					"socket":	5,
					"start":	806.001104,
					"end":	807.001123,
					"seconds":	1.0000189542770386,
					"bytes":	23819160,
					"bits_per_second":	190549668.268798,
					"jitter_ms":	0.00933499298363911,
					"lost_packets":	77822,
					"packets":	95492,
					"lost_percent":	81.4958321115905,
					"omitted":	false,
					"sender":	false
				}],
			"sum":	{
				"start":	806.001104,
				"end":	807.001123,
				"seconds":	1.0000189542770386,
				"bytes":	23819160,
				"bits_per_second":	190549668.268798,
				"jitter_ms":	0.00933499298363911,
				"lost_packets":	77822,
				"packets":	95492,
				"lost_percent":	81.4958321115905,
				"omitted":	false,
				"sender":	false
			}
		}, {
			"streams":	[{
					"socket":	5,
					"start":	807.001123,
					"end":	808.001458,
					"seconds":	1.0003349781036377,
					"bytes":	24339488,
					"bits_per_second":	194650700.27754927,
					"jitter_ms":	0.0343860790518082,
					"lost_packets":	66618,
					"packets":	84674,
					"lost_percent":	78.675862720551763,
					"omitted":	false,
					"sender":	false
				}],
			"sum":	{
				"start":	807.001123,
				"end":	808.001458,
				"seconds":	1.0003349781036377,
				"bytes":	24339488,
				"bits_per_second":	194650700.27754927,
				"jitter_ms":	0.0343860790518082,
				"lost_packets":	66618,
				"packets":	84674,
				"lost_percent":	78.675862720551763,
				"omitted":	false,
				"sender":	false
			}
		}, {
			"streams":	[{
					"socket":	5,
					"start":	808.001458,
					"end":	809.004266,
					"seconds":	1.0028079748153687,
					"bytes":	23897344,
					"bits_per_second":	190643430.04970494,
					"jitter_ms":	0.034386818918054958,
					"lost_packets":	65482,
					"packets":	83210,
					"lost_percent":	78.69486840523976,
					"omitted":	false,
					"sender":	false
				}],
			"sum":	{
				"start":	808.001458,
				"end":	809.004266,
				"seconds":	1.0028079748153687,
				"bytes":	23897344,
				"bits_per_second":	190643430.04970494,
				"jitter_ms":	0.034386818918054958,
				"lost_packets":	65482,
				"packets":	83210,
				"lost_percent":	78.69486840523976,
				"omitted":	false,
				"sender":	false
			}
		}, {
			"streams":	[{
					"socket":	5,
					"start":	809.004266,
					"end":	810.004725,
					"seconds":	1.0004589557647705,
					"bytes":	24049668,
					"bits_per_second":	192309082.6379056,
					"jitter_ms":	0.00616349991448496,
					"lost_packets":	65685,
					"packets":	83526,
					"lost_percent":	78.640183894835147,
					"omitted":	false,
					"sender":	false
				}],
			"sum":	{
				"start":	809.004266,
				"end":	810.004725,
				"seconds":	1.0004589557647705,
				"bytes":	24049668,
				"bits_per_second":	192309082.6379056,
				"jitter_ms":	0.00616349991448496,
				"lost_packets":	65685,
				"packets":	83526,
				"lost_percent":	78.640183894835147,
				"omitted":	false,
				"sender":	false
			}
		}, {
			"streams":	[{
					"socket":	5,
					"start":	810.004725,
					"end":	811.001119,
					"seconds":	0.99639397859573364,
					"bytes":	24011924,
					"bits_per_second":	192790599.02663136,
					"jitter_ms":	0.0057063691421991034,
					"lost_packets":	65638,
					"packets":	83451,
					"lost_percent":	78.6545397898168,
					"omitted":	false,
					"sender":	false
				}],
			"sum":	{
				"start":	810.004725,
				"end":	811.001119,
				"seconds":	0.99639397859573364,
				"bytes":	24011924,
				"bits_per_second":	192790599.02663136,
				"jitter_ms":	0.0057063691421991034,
				"lost_packets":	65638,
				"packets":	83451,
				"lost_percent":	78.6545397898168,
				"omitted":	false,
				"sender":	false
			}
		}, {
			"streams":	[{
					"socket":	5,
					"start":	811.001119,
					"end":	812.001199,
					"seconds":	1.0000799894332886,
					"bytes":	24131896,
					"bits_per_second":	193039726.86164615,
					"jitter_ms":	0.028883453071925861,
					"lost_packets":	65831,
					"packets":	83733,
					"lost_percent":	78.620137819019973,
					"omitted":	false,
					"sender":	false
				}],
			"sum":	{
				"start":	811.001119,
				"end":	812.001199,
				"seconds":	1.0000799894332886,
				"bytes":	24131896,
				"bits_per_second":	193039726.86164615,
				"jitter_ms":	0.028883453071925861,
				"lost_packets":	65831,
				"packets":	83733,
				"lost_percent":	78.620137819019973,
				"omitted":	false,
				"sender":	false
			}
		}, {
			"streams":	[{
					"socket":	5,
					"start":	812.001199,
					"end":	813.002178,
					"seconds":	1.000978946685791,
					"bytes":	23634484,
					"bits_per_second":	188890957.82286343,
					"jitter_ms":	0.011882590925489061,
					"lost_packets":	64825,
					"packets":	82358,
					"lost_percent":	78.711236309769546,
					"omitted":	false,
					"sender":	false
				}],
			"sum":	{
				"start":	812.001199,
				"end":	813.002178,
				"seconds":	1.000978946685791,
				"bytes":	23634484,
				"bits_per_second":	188890957.82286343,
				"jitter_ms":	0.011882590925489061,
				"lost_packets":	64825,
				"packets":	82358,
				"lost_percent":	78.711236309769546,
				"omitted":	false,
				"sender":	false
			}
		}, {
			"streams":	[{
					"socket":	5,
					"start":	813.002178,
					"end":	814.001173,
					"seconds":	0.998995006084442,
					"bytes":	24075280,
					"bits_per_second":	192795998.80574366,
					"jitter_ms":	0.042706645634618311,
					"lost_packets":	65601,
					"packets":	83461,
					"lost_percent":	78.600783599525528,
					"omitted":	false,
					"sender":	false
				}],
			"sum":	{
				"start":	813.002178,
				"end":	814.001173,
				"seconds":	0.998995006084442,
				"bytes":	24075280,
				"bits_per_second":	192795998.80574366,
				"jitter_ms":	0.042706645634618311,
				"lost_packets":	65601,
				"packets":	83461,
				"lost_percent":	78.600783599525528,
				"omitted":	false,
				"sender":	false
			}
		}, {
			"streams":	[{
					"socket":	5,
					"start":	814.001173,
					"end":	815.001003,
					"seconds":	0.99983000755310059,
					"bytes":	24181772,
					"bits_per_second":	193487067.34002051,
					"jitter_ms":	0.011408871434163779,
					"lost_packets":	65141,
					"packets":	83080,
					"lost_percent":	78.407558979297065,
					"omitted":	false,
					"sender":	false
				}],
			"sum":	{
				"start":	814.001173,
				"end":	815.001003,
				"seconds":	0.99983000755310059,
				"bytes":	24181772,
				"bits_per_second":	193487067.34002051,
				"jitter_ms":	0.011408871434163779,
				"lost_packets":	65141,
				"packets":	83080,
				"lost_percent":	78.407558979297065,
				"omitted":	false,
				"sender":	false
			}
		}, {
			"streams":	[{
					"socket":	5,
					"start":	815.001003,
					"end":	816.001436,
					"seconds":	1.0004329681396484,
					"bytes":	23928348,
					"bits_per_second":	191343938.17105708,
					"jitter_ms":	0.01603945619400398,
					"lost_packets":	66869,
					"packets":	84620,
					"lost_percent":	79.022689671472463,
					"omitted":	false,
					"sender":	false
				}],
			"sum":	{
				"start":	815.001003,
				"end":	816.001436,
				"seconds":	1.0004329681396484,
				"bytes":	23928348,
				"bits_per_second":	191343938.17105708,
				"jitter_ms":	0.01603945619400398,
				"lost_packets":	66869,
				"packets":	84620,
				"lost_percent":	79.022689671472463,
				"omitted":	false,
				"sender":	false
			}
		}, {
			"streams":	[{
					"socket":	5,
					"start":	816.001436,
					"end":	817.001102,
					"seconds":	0.99966597557067871,
					"bytes":	23769284,
					"bits_per_second":	190217809.39523,
					"jitter_ms":	0.0046984837998505944,
					"lost_packets":	65664,
					"packets":	83297,
					"lost_percent":	78.831170390290168,
					"omitted":	false,
					"sender":	false
				}],
			"sum":	{
				"start":	816.001436,
				"end":	817.001102,
				"seconds":	0.99966597557067871,
				"bytes":	23769284,
				"bits_per_second":	190217809.39523,
				"jitter_ms":	0.0046984837998505944,
				"lost_packets":	65664,
				"packets":	83297,
				"lost_percent":	78.831170390290168,
				"omitted":	false,
				"sender":	false
			}
		}, {
			"streams":	[{
					"socket":	5,
					"start":	817.001102,
					"end":	818.00116,
					"seconds":	1.0000580549240112,
					"bytes":	24264000,
					"bits_per_second":	194100731.49678242,
					"jitter_ms":	0.0066559838761910866,
					"lost_packets":	65658,
					"packets":	83658,
					"lost_percent":	78.483827009969161,
					"omitted":	false,
					"sender":	false
				}],
			"sum":	{
				"start":	817.001102,
				"end":	818.00116,
				"seconds":	1.0000580549240112,
				"bytes":	24264000,
				"bits_per_second":	194100731.49678242,
				"jitter_ms":	0.0066559838761910866,
				"lost_packets":	65658,
				"packets":	83658,
				"lost_percent":	78.483827009969161,
				"omitted":	false,
				"sender":	false
			}
		}, {
			"streams":	[{
					"socket":	5,
					"start":	818.00116,
					"end":	819.001434,
					"seconds":	1.0002739429473877,
					"bytes":	23987660,
					"bits_per_second":	191848724.39498666,
					"jitter_ms":	0.0050017188228566644,
					"lost_packets":	66291,
					"packets":	84086,
					"lost_percent":	78.8371429251005,
					"omitted":	false,
					"sender":	false
				}],
			"sum":	{
				"start":	818.00116,
				"end":	819.001434,
				"seconds":	1.0002739429473877,
				"bytes":	23987660,
				"bits_per_second":	191848724.39498666,
				"jitter_ms":	0.0050017188228566644,
				"lost_packets":	66291,
				"packets":	84086,
				"lost_percent":	78.8371429251005,
				"omitted":	false,
				"sender":	false
			}
		}, {
			"streams":	[{
					"socket":	5,
					"start":	819.001434,
					"end":	820.001099,
					"seconds":	0.9996650218963623,
					"bytes":	23986312,
					"bits_per_second":	191954796.65376723,
					"jitter_ms":	0.014410168596049608,
					"lost_packets":	65653,
					"packets":	83447,
					"lost_percent":	78.676285546514549,
					"omitted":	false,
					"sender":	false
				}],
			"sum":	{
				"start":	819.001434,
				"end":	820.001099,
				"seconds":	0.9996650218963623,
				"bytes":	23986312,
				"bits_per_second":	191954796.65376723,
				"jitter_ms":	0.014410168596049608,
				"lost_packets":	65653,
				"packets":	83447,
				"lost_percent":	78.676285546514549,
				"omitted":	false,
				"sender":	false
			}
		}, {
			"streams":	[{
					"socket":	5,
					"start":	820.001099,
					"end":	821.002121,
					"seconds":	1.0010219812393188,
					"bytes":	23754456,
					"bits_per_second":	189841633.41221106,
					"jitter_ms":	0.015104944636517837,
					"lost_packets":	64380,
					"packets":	82002,
					"lost_percent":	78.5102802370674,
					"omitted":	false,
					"sender":	false
				}],
			"sum":	{
				"start":	820.001099,
				"end":	821.002121,
				"seconds":	1.0010219812393188,
				"bytes":	23754456,
				"bits_per_second":	189841633.41221106,
				"jitter_ms":	0.015104944636517837,
				"lost_packets":	64380,
				"packets":	82002,
				"lost_percent":	78.5102802370674,
				"omitted":	false,
				"sender":	false
			}
		}, {
			"streams":	[{
					"socket":	5,
					"start":	821.002121,
					"end":	822.000385,
					"seconds":	0.99826401472091675,
					"bytes":	24235692,
					"bits_per_second":	194222703.75458169,
					"jitter_ms":	0.008642866158245513,
					"lost_packets":	66315,
					"packets":	84294,
					"lost_percent":	78.671079792156021,
					"omitted":	false,
					"sender":	false
				}],
			"sum":	{
				"start":	821.002121,
				"end":	822.000385,
				"seconds":	0.99826401472091675,
				"bytes":	24235692,
				"bits_per_second":	194222703.75458169,
				"jitter_ms":	0.008642866158245513,
				"lost_packets":	66315,
				"packets":	84294,
				"lost_percent":	78.671079792156021,
				"omitted":	false,
				"sender":	false
			}
		}, {
			"streams":	[{
					"socket":	5,
					"start":	822.000385,
					"end":	823.001124,
					"seconds":	1.0007389783859253,
					"bytes":	23724800,
					"bits_per_second":	189658246.65500945,
					"jitter_ms":	0.0067372985836637936,
					"lost_packets":	65024,
					"packets":	82624,
					"lost_percent":	78.698683191324548,
					"omitted":	false,
					"sender":	false
				}],
			"sum":	{
				"start":	822.000385,
				"end":	823.001124,
				"seconds":	1.0007389783859253,
				"bytes":	23724800,
				"bits_per_second":	189658246.65500945,
				"jitter_ms":	0.0067372985836637936,
				"lost_packets":	65024,
				"packets":	82624,
				"lost_percent":	78.698683191324548,
				"omitted":	false,
				"sender":	false
			}
		}, {
			"streams":	[{
					"socket":	5,
					"start":	823.001124,
					"end":	824.001264,
					"seconds":	1.0001399517059326,
					"bytes":	23594044,
					"bits_per_second":	188725939.48281565,
					"jitter_ms":	0.0133308459848125,
					"lost_packets":	65444,
					"packets":	82947,
					"lost_percent":	78.898573788081549,
					"omitted":	false,
					"sender":	false
				}],
			"sum":	{
				"start":	823.001124,
				"end":	824.001264,
				"seconds":	1.0001399517059326,
				"bytes":	23594044,
				"bits_per_second":	188725939.48281565,
				"jitter_ms":	0.0133308459848125,
				"lost_packets":	65444,
				"packets":	82947,
				"lost_percent":	78.898573788081549,
				"omitted":	false,
				"sender":	false
			}
		}, {
			"streams":	[{
					"socket":	5,
					"start":	824.001264,
					"end":	825.00112,
					"seconds":	0.99985599517822266,
					"bytes":	24377232,
					"bits_per_second":	195045943.55634022,
					"jitter_ms":	0.0061987306989590577,
					"lost_packets":	65420,
					"packets":	83504,
					"lost_percent":	78.343552404675222,
					"omitted":	false,
					"sender":	false
				}],
			"sum":	{
				"start":	824.001264,
				"end":	825.00112,
				"seconds":	0.99985599517822266,
				"bytes":	24377232,
				"bits_per_second":	195045943.55634022,
				"jitter_ms":	0.0061987306989590577,
				"lost_packets":	65420,
				"packets":	83504,
				"lost_percent":	78.343552404675222,
				"omitted":	false,
				"sender":	false
			}
		}, {
			"streams":	[{
					"socket":	5,
					"start":	825.00112,
					"end":	826.001108,
					"seconds":	0.9999880194664,
					"bytes":	23832640,
					"bits_per_second":	190663404.24932086,
					"jitter_ms":	0.018750825693307532,
					"lost_packets":	65932,
					"packets":	83612,
					"lost_percent":	78.854709850260733,
					"omitted":	false,
					"sender":	false
				}],
			"sum":	{
				"start":	825.00112,
				"end":	826.001108,
				"seconds":	0.9999880194664,
				"bytes":	23832640,
				"bits_per_second":	190663404.24932086,
				"jitter_ms":	0.018750825693307532,
				"lost_packets":	65932,
				"packets":	83612,
				"lost_percent":	78.854709850260733,
				"omitted":	false,
				"sender":	false
			}
		}, {
			"streams":	[{
					"socket":	5,
					"start":	826.001108,
					"end":	827.002141,
					"seconds":	1.0010329484939575,
					"bytes":	24409584,
					"bits_per_second":	195075169.39756227,
					"jitter_ms":	0.0061190242250432738,
					"lost_packets":	66472,
					"packets":	84580,
					"lost_percent":	78.5906833766848,
					"omitted":	false,
					"sender":	false
				}],
			"sum":	{
				"start":	826.001108,
				"end":	827.002141,
				"seconds":	1.0010329484939575,
				"bytes":	24409584,
				"bits_per_second":	195075169.39756227,
				"jitter_ms":	0.0061190242250432738,
				"lost_packets":	66472,
				"packets":	84580,
				"lost_percent":	78.5906833766848,
				"omitted":	false,
				"sender":	false
			}
		}, {
			"streams":	[{
					"socket":	5,
					"start":	827.002141,
					"end":	828.001781,
					"seconds":	0.99963998794555664,
					"bytes":	23521252,
					"bits_per_second":	188237783.87129536,
					"jitter_ms":	0.050455941259093841,
					"lost_packets":	64361,
					"packets":	81810,
					"lost_percent":	78.671311575602,
					"omitted":	false,
					"sender":	false
				}],
			"sum":	{
				"start":	827.002141,
				"end":	828.001781,
				"seconds":	0.99963998794555664,
				"bytes":	23521252,
				"bits_per_second":	188237783.87129536,
				"jitter_ms":	0.050455941259093841,
				"lost_packets":	64361,
				"packets":	81810,
				"lost_percent":	78.671311575602,
				"omitted":	false,
				"sender":	false
			}
		}, {
			"streams":	[{
					"socket":	5,
					"start":	828.001781,
					"end":	829.000643,
					"seconds":	0.99886202812194824,
					"bytes":	23809724,
					"bits_per_second":	190694797.3166371,
					"jitter_ms":	0.011082096998576096,
					"lost_packets":	66286,
					"packets":	83949,
					"lost_percent":	78.9598446675958,
					"omitted":	false,
					"sender":	false
				}],
			"sum":	{
				"start":	828.001781,
				"end":	829.000643,
				"seconds":	0.99886202812194824,
				"bytes":	23809724,
				"bits_per_second":	190694797.3166371,
				"jitter_ms":	0.011082096998576096,
				"lost_packets":	66286,
				"packets":	83949,
				"lost_percent":	78.9598446675958,
				"omitted":	false,
				"sender":	false
			}
		}, {
			"streams":	[{
					"socket":	5,
					"start":	829.000643,
					"end":	830.001206,
					"seconds":	1.0005630254745483,
					"bytes":	24667052,
					"bits_per_second":	197225373.09072262,
					"jitter_ms":	0.010259999900253608,
					"lost_packets":	67220,
					"packets":	85519,
					"lost_percent":	78.602415837416245,
					"omitted":	false,
					"sender":	false
				}],
			"sum":	{
				"start":	829.000643,
				"end":	830.001206,
				"seconds":	1.0005630254745483,
				"bytes":	24667052,
				"bits_per_second":	197225373.09072262,
				"jitter_ms":	0.010259999900253608,
				"lost_packets":	67220,
				"packets":	85519,
				"lost_percent":	78.602415837416245,
				"omitted":	false,
				"sender":	false
			}
		}, {
			"streams":	[{
					"socket":	5,
					"start":	830.001206,
					"end":	831.001105,
					"seconds":	0.99989902973175049,
					"bytes":	23982268,
					"bits_per_second":	191877517.92445588,
					"jitter_ms":	0.00618546927663241,
					"lost_packets":	65276,
					"packets":	83067,
					"lost_percent":	78.582349188004869,
					"omitted":	false,
					"sender":	false
				}],
			"sum":	{
				"start":	830.001206,
				"end":	831.001105,
				"seconds":	0.99989902973175049,
				"bytes":	23982268,
				"bits_per_second":	191877517.92445588,
				"jitter_ms":	0.00618546927663241,
				"lost_packets":	65276,
				"packets":	83067,
				"lost_percent":	78.582349188004869,
				"omitted":	false,
				"sender":	false
			}
		}, {
			"streams":	[{
					"socket":	5,
					"start":	831.001105,
					"end":	832.001521,
					"seconds":	1.0004160404205322,
					"bytes":	23656052,
					"bits_per_second":	189169713.75273836,
					"jitter_ms":	0.038132891570362024,
					"lost_packets":	64581,
					"packets":	82130,
					"lost_percent":	78.632655546085473,
					"omitted":	false,
					"sender":	false
				}],
			"sum":	{
				"start":	831.001105,
				"end":	832.001521,
				"seconds":	1.0004160404205322,
				"bytes":	23656052,
				"bits_per_second":	189169713.75273836,
				"jitter_ms":	0.038132891570362024,
				"lost_packets":	64581,
				"packets":	82130,
				"lost_percent":	78.632655546085473,
				"omitted":	false,
				"sender":	false
			}
		}, {
			"streams":	[{
					"socket":	5,
					"start":	832.001521,
					"end":	833.001282,
					"seconds":	0.99976098537445068,
					"bytes":	24265348,
					"bits_per_second":	194169193.27702433,
					"jitter_ms":	0.00561010326594223,
					"lost_packets":	66283,
					"packets":	84284,
					"lost_percent":	78.642446965023,
					"omitted":	false,
					"sender":	false
				}],
			"sum":	{
				"start":	832.001521,
				"end":	833.001282,
				"seconds":	0.99976098537445068,
				"bytes":	24265348,
				"bits_per_second":	194169193.27702433,
				"jitter_ms":	0.00561010326594223,
				"lost_packets":	66283,
				"packets":	84284,
				"lost_percent":	78.642446965023,
				"omitted":	false,
				"sender":	false
			}
		}, {
			"streams":	[{
					"socket":	5,
					"start":	833.001282,
					"end":	834.001127,
					"seconds":	0.999845027923584,
					"bytes":	24061800,
					"bits_per_second":	192524235.88059482,
					"jitter_ms":	0.03856177667558025,
					"lost_packets":	61526,
					"packets":	79376,
					"lost_percent":	77.5120943358194,
					"omitted":	false,
					"sender":	false
				}],
			"sum":	{
				"start":	833.001282,
				"end":	834.001127,
				"seconds":	0.999845027923584,
				"bytes":	24061800,
				"bits_per_second":	192524235.88059482,
				"jitter_ms":	0.03856177667558025,
				"lost_packets":	61526,
				"packets":	79376,
				"lost_percent":	77.5120943358194,
				"omitted":	false,
				"sender":	false
			}
		}, {
			"streams":	[{
					"socket":	5,
					"start":	834.001127,
					"end":	835.001092,
					"seconds":	0.999965012073517,
					"bytes":	26635132,
					"bits_per_second":	213088511.52517566,
					"jitter_ms":	0.0069668950035838223,
					"lost_packets":	4177,
					"packets":	23936,
					"lost_percent":	17.450701871657753,
					"omitted":	false,
					"sender":	false
				}],
			"sum":	{
				"start":	834.001127,
				"end":	835.001092,
				"seconds":	0.999965012073517,
				"bytes":	26635132,
				"bits_per_second":	213088511.52517566,
				"jitter_ms":	0.0069668950035838223,
				"lost_packets":	4177,
				"packets":	23936,
				"lost_percent":	17.450701871657753,
				"omitted":	false,
				"sender":	false
			}
		}, {
			"streams":	[{
					"socket":	5,
					"start":	835.001092,
					"end":	836.001944,
					"seconds":	1.0008519887924194,
					"bytes":	21418372,
					"bits_per_second":	171201114.56913739,
					"jitter_ms":	0.002659715318221045,
					"lost_packets":	115062,
					"packets":	130951,
					"lost_percent":	87.866453864422567,
					"omitted":	false,
					"sender":	false
				}],
			"sum":	{
				"start":	835.001092,
				"end":	836.001944,
				"seconds":	1.0008519887924194,
				"bytes":	21418372,
				"bits_per_second":	171201114.56913739,
				"jitter_ms":	0.002659715318221045,
				"lost_packets":	115062,
				"packets":	130951,
				"lost_percent":	87.866453864422567,
				"omitted":	false,
				"sender":	false
			}
		}, {
			"streams":	[{
					"socket":	5,
					"start":	836.001944,
					"end":	837.00135,
					"seconds":	0.99940598011016846,
					"bytes":	23736932,
					"bits_per_second":	190008324.72411969,
					"jitter_ms":	0.01206425933685085,
					"lost_packets":	80821,
					"packets":	98430,
					"lost_percent":	82.110129025703543,
					"omitted":	false,
					"sender":	false
				}],
			"sum":	{
				"start":	836.001944,
				"end":	837.00135,
				"seconds":	0.99940598011016846,
				"bytes":	23736932,
				"bits_per_second":	190008324.72411969,
				"jitter_ms":	0.01206425933685085,
				"lost_packets":	80821,
				"packets":	98430,
				"lost_percent":	82.110129025703543,
				"omitted":	false,
				"sender":	false
			}
		}, {
			"streams":	[{
					"socket":	5,
					"start":	837.00135,
					"end":	838.001386,
					"seconds":	1.0000360012054443,
					"bytes":	24321964,
					"bits_per_second":	194568707.29199573,
					"jitter_ms":	0.035092681153997718,
					"lost_packets":	66725,
					"packets":	84768,
					"lost_percent":	78.714845224613057,
					"omitted":	false,
					"sender":	false
				}],
			"sum":	{
				"start":	837.00135,
				"end":	838.001386,
				"seconds":	1.0000360012054443,
				"bytes":	24321964,
				"bits_per_second":	194568707.29199573,
				"jitter_ms":	0.035092681153997718,
				"lost_packets":	66725,
				"packets":	84768,
				"lost_percent":	78.714845224613057,
				"omitted":	false,
				"sender":	false
			}
		}, {
			"streams":	[{
					"socket":	5,
					"start":	838.001386,
					"end":	839.000711,
					"seconds":	0.9993249773979187,
					"bytes":	24010576,
					"bits_per_second":	192214357.03544345,
					"jitter_ms":	0.029270363143780179,
					"lost_packets":	65648,
					"packets":	83460,
					"lost_percent":	78.6580397795351,
					"omitted":	false,
					"sender":	false
				}],
			"sum":	{
				"start":	838.001386,
				"end":	839.000711,
				"seconds":	0.9993249773979187,
				"bytes":	24010576,
				"bits_per_second":	192214357.03544345,
				"jitter_ms":	0.029270363143780179,
				"lost_packets":	65648,
				"packets":	83460,
				"lost_percent":	78.6580397795351,
				"omitted":	false,
				"sender":	false
			}
		}, {
			"streams":	[{
					"socket":	5,
					"start":	839.000711,
					"end":	840.001091,
					"seconds":	1.0003800392150879,
					"bytes":	23533384,
					"bits_per_second":	188195550.31077686,
					"jitter_ms":	0.0027993923643929225,
					"lost_packets":	64150,
					"packets":	81608,
					"lost_percent":	78.607489461817465,
					"omitted":	false,
					"sender":	false
				}],
			"sum":	{
				"start":	839.000711,
				"end":	840.001091,
				"seconds":	1.0003800392150879,
				"bytes":	23533384,
				"bits_per_second":	188195550.31077686,
				"jitter_ms":	0.0027993923643929225,
				"lost_packets":	64150,
				"packets":	81608,
				"lost_percent":	78.607489461817465,
				"omitted":	false,
				"sender":	false
			}
		}, {
			"streams":	[{
					"socket":	5,
					"start":	840.001091,
					"end":	841.001318,
					"seconds":	1.0002269744873047,
					"bytes":	23972832,
					"bits_per_second":	191739136.10788566,
					"jitter_ms":	0.041304468774356319,
					"lost_packets":	65680,
					"packets":	83464,
					"lost_percent":	78.692609987539541,
					"omitted":	false,
					"sender":	false
				}],
			"sum":	{
				"start":	840.001091,
				"end":	841.001318,
				"seconds":	1.0002269744873047,
				"bytes":	23972832,
				"bits_per_second":	191739136.10788566,
				"jitter_ms":	0.041304468774356319,
				"lost_packets":	65680,
				"packets":	83464,
				"lost_percent":	78.692609987539541,
				"omitted":	false,
				"sender":	false
			}
		}, {
			"streams":	[{
					"socket":	5,
					"start":	841.001318,
					"end":	842.000489,
					"seconds":	0.999171018600464,
					"bytes":	24502596,
					"bits_per_second":	196183400.3898209,
					"jitter_ms":	0.058199434759766917,
					"lost_packets":	67864,
					"packets":	86041,
					"lost_percent":	78.874025174044931,
					"omitted":	false,
					"sender":	false
				}],
			"sum":	{
				"start":	841.001318,
				"end":	842.000489,
				"seconds":	0.999171018600464,
				"bytes":	24502596,
				"bits_per_second":	196183400.3898209,
				"jitter_ms":	0.058199434759766917,
				"lost_packets":	67864,
				"packets":	86041,
				"lost_percent":	78.874025174044931,
				"omitted":	false,
				"sender":	false
			}
		}, {
			"streams":	[{
					"socket":	5,
					"start":	842.000489,
					"end":	843.001242,
					"seconds":	1.0007530450820923,
					"bytes":	23943176,
					"bits_per_second":	191401274.21174866,
					"jitter_ms":	0.015407750015030225,
					"lost_packets":	65050,
					"packets":	82812,
					"lost_percent":	78.551417668936864,
					"omitted":	false,
					"sender":	false
				}],
			"sum":	{
				"start":	842.000489,
				"end":	843.001242,
				"seconds":	1.0007530450820923,
				"bytes":	23943176,
				"bits_per_second":	191401274.21174866,
				"jitter_ms":	0.015407750015030225,
				"lost_packets":	65050,
				"packets":	82812,
				"lost_percent":	78.551417668936864,
				"omitted":	false,
				"sender":	false
			}
		}, {
			"streams":	[{
					"socket":	5,
					"start":	843.001242,
					"end":	844.001314,
					"seconds":	1.0000720024108887,
					"bytes":	23341968,
					"bits_per_second":	186722299.54426613,
					"jitter_ms":	0.0265505722456873,
					"lost_packets":	64131,
					"packets":	81447,
					"lost_percent":	78.7395484179896,
					"omitted":	false,
					"sender":	false
				}],
			"sum":	{
				"start":	843.001242,
				"end":	844.001314,
				"seconds":	1.0000720024108887,
				"bytes":	23341968,
				"bits_per_second":	186722299.54426613,
				"jitter_ms":	0.0265505722456873,
				"lost_packets":	64131,
				"packets":	81447,
				"lost_percent":	78.7395484179896,
				"omitted":	false,
				"sender":	false
			}
		}, {
			"streams":	[{
					"socket":	5,
					"start":	844.001314,
					"end":	845.001086,
					"seconds":	0.999772012233734,
					"bytes":	24347576,
					"bits_per_second":	194825025.72242716,
					"jitter_ms":	0.0034400672370258349,
					"lost_packets":	66104,
					"packets":	84166,
					"lost_percent":	78.540028039826055,
					"omitted":	false,
					"sender":	false
				}],
			"sum":	{
				"start":	844.001314,
				"end":	845.001086,
				"seconds":	0.999772012233734,
				"bytes":	24347576,
				"bits_per_second":	194825025.72242716,
				"jitter_ms":	0.0034400672370258349,
				"lost_packets":	66104,
				"packets":	84166,
				"lost_percent":	78.540028039826055,
				"omitted":	false,
				"sender":	false
			}
		}, {
			"streams":	[{
					"socket":	5,
					"start":	845.001086,
					"end":	846.001136,
					"seconds":	1.0000499486923218,
					"bytes":	23709972,
					"bits_per_second":	189670302.216432,
					"jitter_ms":	0.019584976148058757,
					"lost_packets":	66727,
					"packets":	84317,
					"lost_percent":	79.1382520725358,
					"omitted":	false,
					"sender":	false
				}],
			"sum":	{
				"start":	845.001086,
				"end":	846.001136,
				"seconds":	1.0000499486923218,
				"bytes":	23709972,
				"bits_per_second":	189670302.216432,
				"jitter_ms":	0.019584976148058757,
				"lost_packets":	66727,
				"packets":	84317,
				"lost_percent":	79.1382520725358,
				"omitted":	false,
				"sender":	false
			}
		}, {
			"streams":	[{
					"socket":	5,
					"start":	846.001136,
					"end":	847.00152,
					"seconds":	1.0003839731216431,
					"bytes":	24053712,
					"bits_per_second":	192355836.52898172,
					"jitter_ms":	0.007856980129225824,
					"lost_packets":	64746,
					"packets":	82590,
					"lost_percent":	78.394478750454056,
					"omitted":	false,
					"sender":	false
				}],
			"sum":	{
				"start":	846.001136,
				"end":	847.00152,
				"seconds":	1.0003839731216431,
				"bytes":	24053712,
				"bits_per_second":	192355836.52898172,
				"jitter_ms":	0.007856980129225824,
				"lost_packets":	64746,
				"packets":	82590,
				"lost_percent":	78.394478750454056,
				"omitted":	false,
				"sender":	false
			}
		}, {
			"streams":	[{
					"socket":	5,
					"start":	847.00152,
					"end":	848.001488,
					"seconds":	0.99996799230575562,
					"bytes":	24056408,
					"bits_per_second":	192457424.11838624,
					"jitter_ms":	0.04093286760122767,
					"lost_packets":	64980,
					"packets":	82826,
					"lost_percent":	78.4536256730978,
					"omitted":	false,
					"sender":	false
				}],
			"sum":	{
				"start":	847.00152,
				"end":	848.001488,
				"seconds":	0.99996799230575562,
				"bytes":	24056408,
				"bits_per_second":	192457424.11838624,
				"jitter_ms":	0.04093286760122767,
				"lost_packets":	64980,
				"packets":	82826,
				"lost_percent":	78.4536256730978,
				"omitted":	false,
				"sender":	false
			}
		}, {
			"streams":	[{
					"socket":	5,
					"start":	848.001488,
					"end":	849.001479,
					"seconds":	0.999990999698639,
					"bytes":	24164248,
					"bits_per_second":	193315723.89977294,
					"jitter_ms":	0.0074215897081111246,
					"lost_packets":	66687,
					"packets":	84613,
					"lost_percent":	78.814130216397,
					"omitted":	false,
					"sender":	false
				}],
			"sum":	{
				"start":	848.001488,
				"end":	849.001479,
				"seconds":	0.999990999698639,
				"bytes":	24164248,
				"bits_per_second":	193315723.89977294,
				"jitter_ms":	0.0074215897081111246,
				"lost_packets":	66687,
				"packets":	84613,
				"lost_percent":	78.814130216397,
				"omitted":	false,
				"sender":	false
			}
		}, {
			"streams":	[{
					"socket":	5,
					"start":	849.001479,
					"end":	850.001104,
					"seconds":	0.999625027179718,
					"bytes":	23864992,
					"bits_per_second":	190991552.64114389,
					"jitter_ms":	0.042718745821668257,
					"lost_packets":	64596,
					"packets":	82300,
					"lost_percent":	78.4884568651276,
					"omitted":	false,
					"sender":	false
				}],
			"sum":	{
				"start":	849.001479,
				"end":	850.001104,
				"seconds":	0.999625027179718,
				"bytes":	23864992,
				"bits_per_second":	190991552.64114389,
				"jitter_ms":	0.042718745821668257,
				"lost_packets":	64596,
				"packets":	82300,
				"lost_percent":	78.4884568651276,
				"omitted":	false,
				"sender":	false
			}
		}, {
			"streams":	[{
					"socket":	5,
					"start":	850.001104,
					"end":	851.001101,
					"seconds":	0.99999701976776123,
					"bytes":	24444632,
					"bits_per_second":	195557638.80717972,
					"jitter_ms":	0.013187085709608975,
					"lost_packets":	67106,
					"packets":	85240,
					"lost_percent":	78.7259502580948,
					"omitted":	false,
					"sender":	false
				}],
			"sum":	{
				"start":	850.001104,
				"end":	851.001101,
				"seconds":	0.99999701976776123,
				"bytes":	24444632,
				"bits_per_second":	195557638.80717972,
				"jitter_ms":	0.013187085709608975,
				"lost_packets":	67106,
				"packets":	85240,
				"lost_percent":	78.7259502580948,
				"omitted":	false,
				"sender":	false
			}
		}, {
			"streams":	[{
					"socket":	5,
					"start":	851.001101,
					"end":	852.001502,
					"seconds":	1.0004010200500488,
					"bytes":	23577868,
					"bits_per_second":	188547332.73918834,
					"jitter_ms":	0.039608196354851126,
					"lost_packets":	64185,
					"packets":	81676,
					"lost_percent":	78.584896420000973,
					"omitted":	false,
					"sender":	false
				}],
			"sum":	{
				"start":	851.001101,
				"end":	852.001502,
				"seconds":	1.0004010200500488,
				"bytes":	23577868,
				"bits_per_second":	188547332.73918834,
				"jitter_ms":	0.039608196354851126,
				"lost_packets":	64185,
				"packets":	81676,
				"lost_percent":	78.584896420000973,
				"omitted":	false,
				"sender":	false
			}
		}, {
			"streams":	[{
					"socket":	5,
					"start":	852.001502,
					"end":	853.001129,
					"seconds":	0.99962699413299561,
					"bytes":	24024056,
					"bits_per_second":	192264163.66106027,
					"jitter_ms":	0.047572091365068229,
					"lost_packets":	65632,
					"packets":	83454,
					"lost_percent":	78.6445227310854,
					"omitted":	false,
					"sender":	false
				}],
			"sum":	{
				"start":	852.001502,
				"end":	853.001129,
				"seconds":	0.99962699413299561,
				"bytes":	24024056,
				"bits_per_second":	192264163.66106027,
				"jitter_ms":	0.047572091365068229,
				"lost_packets":	65632,
				"packets":	83454,
				"lost_percent":	78.6445227310854,
				"omitted":	false,
				"sender":	false
			}
		}, {
			"streams":	[{
					"socket":	5,
					"start":	853.001129,
					"end":	854.001788,
					"seconds":	1.0006589889526367,
					"bytes":	24063148,
					"bits_per_second":	192378408.75390536,
					"jitter_ms":	0.0368833974776446,
					"lost_packets":	65610,
					"packets":	83461,
					"lost_percent":	78.6115670792346,
					"omitted":	false,
					"sender":	false
				}],
			"sum":	{
				"start":	853.001129,
				"end":	854.001788,
				"seconds":	1.0006589889526367,
				"bytes":	24063148,
				"bits_per_second":	192378408.75390536,
				"jitter_ms":	0.0368833974776446,
				"lost_packets":	65610,
				"packets":	83461,
				"lost_percent":	78.6115670792346,
				"omitted":	false,
				"sender":	false
			}
		}, {
			"streams":	[{
					"socket":	5,
					"start":	854.001788,
					"end":	855.001093,
					"seconds":	0.999305009841919,
					"bytes":	23998444,
					"bits_per_second":	192121074.25576773,
					"jitter_ms":	0.040769909195891026,
					"lost_packets":	65651,
					"packets":	83454,
					"lost_percent":	78.6672897644211,
					"omitted":	false,
					"sender":	false
				}],
			"sum":	{
				"start":	854.001788,
				"end":	855.001093,
				"seconds":	0.999305009841919,
				"bytes":	23998444,
				"bits_per_second":	192121074.25576773,
				"jitter_ms":	0.040769909195891026,
				"lost_packets":	65651,
				"packets":	83454,
				"lost_percent":	78.6672897644211,
				"omitted":	false,
				"sender":	false
			}
		}, {
			"streams":	[{
					"socket":	5,
					"start":	855.001093,
					"end":	856.002411,
					"seconds":	1.0013179779052734,
					"bytes":	24018664,
					"bits_per_second":	191896396.78893059,
					"jitter_ms":	0.0338613501727437,
					"lost_packets":	65643,
					"packets":	83461,
					"lost_percent":	78.6511065048346,
					"omitted":	false,
					"sender":	false
				}],
			"sum":	{
				"start":	855.001093,
				"end":	856.002411,
				"seconds":	1.0013179779052734,
				"bytes":	24018664,
				"bits_per_second":	191896396.78893059,
				"jitter_ms":	0.0338613501727437,
				"lost_packets":	65643,
				"packets":	83461,
				"lost_percent":	78.6511065048346,
				"omitted":	false,
				"sender":	false
			}
		}, {
			"streams":	[{
					"socket":	5,
					"start":	856.002411,
					"end":	857.001588,
					"seconds":	0.99917697906494141,
					"bytes":	24099544,
					"bits_per_second":	192955158.13467237,
					"jitter_ms":	0.006193072981168223,
					"lost_packets":	66740,
					"packets":	84618,
					"lost_percent":	78.872107589401779,
					"omitted":	false,
					"sender":	false
				}],
			"sum":	{
				"start":	856.002411,
				"end":	857.001588,
				"seconds":	0.99917697906494141,
				"bytes":	24099544,
				"bits_per_second":	192955158.13467237,
				"jitter_ms":	0.006193072981168223,
				"lost_packets":	66740,
				"packets":	84618,
				"lost_percent":	78.872107589401779,
				"omitted":	false,
				"sender":	false
			}
		}, {
			"streams":	[{
					"socket":	5,
					"start":	857.001588,
					"end":	858.001136,
					"seconds":	0.99954801797866821,
					"bytes":	23877124,
					"bits_per_second":	191103367.28622934,
					"jitter_ms":	0.037709566717135018,
					"lost_packets":	64581,
					"packets":	82294,
					"lost_percent":	78.4759520742703,
					"omitted":	false,
					"sender":	false
				}],
			"sum":	{
				"start":	857.001588,
				"end":	858.001136,
				"seconds":	0.99954801797866821,
				"bytes":	23877124,
				"bits_per_second":	191103367.28622934,
				"jitter_ms":	0.037709566717135018,
				"lost_packets":	64581,
				"packets":	82294,
				"lost_percent":	78.4759520742703,
				"omitted":	false,
				"sender":	false
			}
		}, {
			"streams":	[{
					"socket":	5,
					"start":	858.001136,
					"end":	859.002194,
					"seconds":	1.0010579824447632,
					"bytes":	23953960,
					"bits_per_second":	191429151.31848913,
					"jitter_ms":	0.0073687484592400076,
					"lost_packets":	65680,
					"packets":	83450,
					"lost_percent":	78.705811863391247,
					"omitted":	false,
					"sender":	false
				}],
			"sum":	{
				"start":	858.001136,
				"end":	859.002194,
				"seconds":	1.0010579824447632,
				"bytes":	23953960,
				"bits_per_second":	191429151.31848913,
				"jitter_ms":	0.0073687484592400076,
				"lost_packets":	65680,
				"packets":	83450,
				"lost_percent":	78.705811863391247,
				"omitted":	false,
				"sender":	false
			}
		}, {
			"streams":	[{
					"socket":	5,
					"start":	859.002194,
					"end":	860.001101,
					"seconds":	0.99890702962875366,
					"bytes":	24207384,
					"bits_per_second":	193870967.22301963,
					"jitter_ms":	0.013726697430993112,
					"lost_packets":	66402,
					"packets":	84360,
					"lost_percent":	78.7126600284495,
					"omitted":	false,
					"sender":	false
				}],
			"sum":	{
				"start":	859.002194,
				"end":	860.001101,
				"seconds":	0.99890702962875366,
				"bytes":	24207384,
				"bits_per_second":	193870967.22301963,
				"jitter_ms":	0.013726697430993112,
				"lost_packets":	66402,
				"packets":	84360,
				"lost_percent":	78.7126600284495,
				"omitted":	false,
				"sender":	false
			}
		}, {
			"streams":	[{
					"socket":	5,
					"start":	860.001101,
					"end":	861.00143,
					"seconds":	1.00032901763916,
					"bytes":	23927000,
					"bits_per_second":	191353041.47404811,
					"jitter_ms":	0.010091171307767733,
					"lost_packets":	65094,
					"packets":	82844,
					"lost_percent":	78.574187629761965,
					"omitted":	false,
					"sender":	false
				}],
			"sum":	{
				"start":	860.001101,
				"end":	861.00143,
				"seconds":	1.00032901763916,
				"bytes":	23927000,
				"bits_per_second":	191353041.47404811,
				"jitter_ms":	0.010091171307767733,
				"lost_packets":	65094,
				"packets":	82844,
				"lost_percent":	78.574187629761965,
				"omitted":	false,
				"sender":	false
			}
		}, {
			"streams":	[{
					"socket":	5,
					"start":	861.00143,
					"end":	862.001893,
					"seconds":	1.0004630088806152,
					"bytes":	24135940,
					"bits_per_second":	192998160.13791373,
					"jitter_ms":	0.01643834715830839,
					"lost_packets":	65793,
					"packets":	83698,
					"lost_percent":	78.607613085139434,
					"omitted":	false,
					"sender":	false
				}],
			"sum":	{
				"start":	861.00143,
				"end":	862.001893,
				"seconds":	1.0004630088806152,
				"bytes":	24135940,
				"bits_per_second":	192998160.13791373,
				"jitter_ms":	0.01643834715830839,
				"lost_packets":	65793,
				"packets":	83698,
				"lost_percent":	78.607613085139434,
				"omitted":	false,
				"sender":	false
			}
		}, {
			"streams":	[{
					"socket":	5,
					"start":	862.001893,
					"end":	863.000995,
					"seconds":	0.999101996421814,
					"bytes":	23910824,
					"bits_per_second":	191458522.43822375,
					"jitter_ms":	0.03062901080227453,
					"lost_packets":	65197,
					"packets":	82935,
					"lost_percent":	78.612166154217164,
					"omitted":	false,
					"sender":	false
				}],
			"sum":	{
				"start":	862.001893,
				"end":	863.000995,
				"seconds":	0.999101996421814,
				"bytes":	23910824,
				"bits_per_second":	191458522.43822375,
				"jitter_ms":	0.03062901080227453,
				"lost_packets":	65197,
				"packets":	82935,
				"lost_percent":	78.612166154217164,
				"omitted":	false,
				"sender":	false
			}
		}, {
			"streams":	[{
					"socket":	5,
					"start":	863.000995,
					"end":	864.001835,
					"seconds":	1.0008399486541748,
					"bytes":	24237040,
					"bits_per_second":	193733593.72867915,
					"jitter_ms":	0.00943548770996488,
					"lost_packets":	66927,
					"packets":	84907,
					"lost_percent":	78.8238896675186,
					"omitted":	false,
					"sender":	false
				}],
			"sum":	{
				"start":	863.000995,
				"end":	864.001835,
				"seconds":	1.0008399486541748,
				"bytes":	24237040,
				"bits_per_second":	193733593.72867915,
				"jitter_ms":	0.00943548770996488,
				"lost_packets":	66927,
				"packets":	84907,
				"lost_percent":	78.8238896675186,
				"omitted":	false,
				"sender":	false
			}
		}, {
			"streams":	[{
					"socket":	5,
					"start":	864.001835,
					"end":	865.001101,
					"seconds":	0.999266028404236,
					"bytes":	23785460,
					"bits_per_second":	190423445.4000912,
					"jitter_ms":	0.012450057750295385,
					"lost_packets":	64132,
					"packets":	81777,
					"lost_percent":	78.423028479890434,
					"omitted":	false,
					"sender":	false
				}],
			"sum":	{
				"start":	864.001835,
				"end":	865.001101,
				"seconds":	0.999266028404236,
				"bytes":	23785460,
				"bits_per_second":	190423445.4000912,
				"jitter_ms":	0.012450057750295385,
				"lost_packets":	64132,
				"packets":	81777,
				"lost_percent":	78.423028479890434,
				"omitted":	false,
				"sender":	false
			}
		}, {
			"streams":	[{
					"socket":	5,
					"start":	865.001101,
					"end":	866.000476,
					"seconds":	0.99937498569488525,
					"bytes":	23984964,
					"bits_per_second":	191999714.56818306,
					"jitter_ms":	0.00804997922118339,
					"lost_packets":	65853,
					"packets":	83646,
					"lost_percent":	78.728211749515822,
					"omitted":	false,
					"sender":	false
				}],
			"sum":	{
				"start":	865.001101,
				"end":	866.000476,
				"seconds":	0.99937498569488525,
				"bytes":	23984964,
				"bits_per_second":	191999714.56818306,
				"jitter_ms":	0.00804997922118339,
				"lost_packets":	65853,
				"packets":	83646,
				"lost_percent":	78.728211749515822,
				"omitted":	false,
				"sender":	false
			}
		}, {
			"streams":	[{
					"socket":	5,
					"start":	866.000476,
					"end":	867.001519,
					"seconds":	1.00104296207428,
					"bytes":	24257260,
					"bits_per_second":	193855895.65295842,
					"jitter_ms":	0.012517781954469133,
					"lost_packets":	66950,
					"packets":	84945,
					"lost_percent":	78.8157042792395,
					"omitted":	false,
					"sender":	false
				}],
			"sum":	{
				"start":	866.000476,
				"end":	867.001519,
				"seconds":	1.00104296207428,
				"bytes":	24257260,
				"bits_per_second":	193855895.65295842,
				"jitter_ms":	0.012517781954469133,
				"lost_packets":	66950,
				"packets":	84945,
				"lost_percent":	78.8157042792395,
				"omitted":	false,
				"sender":	false
			}
		}, {
			"streams":	[{
					"socket":	5,
					"start":	867.001519,
					"end":	868.001103,
					"seconds":	0.99958401918411255,
					"bytes":	23785460,
					"bits_per_second":	190362867.30085447,
					"jitter_ms":	0.010011471842448483,
					"lost_packets":	64980,
					"packets":	82625,
					"lost_percent":	78.6444780635401,
					"omitted":	false,
					"sender":	false
				}],
			"sum":	{
				"start":	867.001519,
				"end":	868.001103,
				"seconds":	0.99958401918411255,
				"bytes":	23785460,
				"bits_per_second":	190362867.30085447,
				"jitter_ms":	0.010011471842448483,
				"lost_packets":	64980,
				"packets":	82625,
				"lost_percent":	78.6444780635401,
				"omitted":	false,
				"sender":	false
			}
		}, {
			"streams":	[{
					"socket":	5,
					"start":	868.001103,
					"end":	869.001465,
					"seconds":	1.0003620386123657,
					"bytes":	24030796,
					"bits_per_second":	192176792.5806852,
					"jitter_ms":	0.037217136058388285,
					"lost_packets":	65013,
					"packets":	82840,
					"lost_percent":	78.480202800579434,
					"omitted":	false,
					"sender":	false
				}],
			"sum":	{
				"start":	868.001103,
				"end":	869.001465,
				"seconds":	1.0003620386123657,
				"bytes":	24030796,
				"bits_per_second":	192176792.5806852,
				"jitter_ms":	0.037217136058388285,
				"lost_packets":	65013,
				"packets":	82840,
				"lost_percent":	78.480202800579434,
				"omitted":	false,
				"sender":	false
			}
		}, {
			"streams":	[{
					"socket":	5,
					"start":	869.001465,
					"end":	870.001082,
					"seconds":	0.99961698055267334,
					"bytes":	24501248,
					"bits_per_second":	196085088.40218881,
					"jitter_ms":	0.031659851297290612,
					"lost_packets":	67120,
					"packets":	85296,
					"lost_percent":	78.690677171262422,
					"omitted":	false,
					"sender":	false
				}],
			"sum":	{
				"start":	869.001465,
				"end":	870.001082,
				"seconds":	0.99961698055267334,
				"bytes":	24501248,
				"bits_per_second":	196085088.40218881,
				"jitter_ms":	0.031659851297290612,
				"lost_packets":	67120,
				"packets":	85296,
				"lost_percent":	78.690677171262422,
				"omitted":	false,
				"sender":	false
			}
		}, {
			"streams":	[{
					"socket":	5,
					"start":	870.001082,
					"end":	871.000327,
					"seconds":	0.99924498796463,
					"bytes":	23947220,
					"bits_per_second":	191722512.80461884,
					"jitter_ms":	0.0078779519005140429,
					"lost_packets":	65499,
					"packets":	83264,
					"lost_percent":	78.664248654880865,
					"omitted":	false,
					"sender":	false
				}],
			"sum":	{
				"start":	870.001082,
				"end":	871.000327,
				"seconds":	0.99924498796463,
				"bytes":	23947220,
				"bits_per_second":	191722512.80461884,
				"jitter_ms":	0.0078779519005140429,
				"lost_packets":	65499,
				"packets":	83264,
				"lost_percent":	78.664248654880865,
				"omitted":	false,
				"sender":	false
			}
		}, {
			"streams":	[{
					"socket":	5,
					"start":	871.000327,
					"end":	872.001087,
					"seconds":	1.0007599592208862,
					"bytes":	22650444,
					"bits_per_second":	181065949.26226962,
					"jitter_ms":	0.042120808370615243,
					"lost_packets":	61668,
					"packets":	78471,
					"lost_percent":	78.586993921321252,
					"omitted":	false,
					"sender":	false
				}],
			"sum":	{
				"start":	871.000327,
				"end":	872.001087,
				"seconds":	1.0007599592208862,
				"bytes":	22650444,
				"bits_per_second":	181065949.26226962,
				"jitter_ms":	0.042120808370615243,
				"lost_packets":	61668,
				"packets":	78471,
				"lost_percent":	78.586993921321252,
				"omitted":	false,
				"sender":	false
			}
		}, {
			"streams":	[{
					"socket":	5,
					"start":	872.001087,
					"end":	873.001107,
					"seconds":	1.0000200271606445,
					"bytes":	24044276,
					"bits_per_second":	192350355.768525,
					"jitter_ms":	0.0097723806310293249,
					"lost_packets":	65615,
					"packets":	83452,
					"lost_percent":	78.626036523989839,
					"omitted":	false,
					"sender":	false
				}],
			"sum":	{
				"start":	872.001087,
				"end":	873.001107,
				"seconds":	1.0000200271606445,
				"bytes":	24044276,
				"bits_per_second":	192350355.768525,
				"jitter_ms":	0.0097723806310293249,
				"lost_packets":	65615,
				"packets":	83452,
				"lost_percent":	78.626036523989839,
				"omitted":	false,
				"sender":	false
			}
		}, {
			"streams":	[{
					"socket":	5,
					"start":	873.001107,
					"end":	874.001127,
					"seconds":	1.0000200271606445,
					"bytes":	23557648,
					"bits_per_second":	188457409.73318061,
					"jitter_ms":	0.00678690533419092,
					"lost_packets":	67646,
					"packets":	85122,
					"lost_percent":	79.469467352740779,
					"omitted":	false,
					"sender":	false
				}],
			"sum":	{
				"start":	873.001107,
				"end":	874.001127,
				"seconds":	1.0000200271606445,
				"bytes":	23557648,
				"bits_per_second":	188457409.73318061,
				"jitter_ms":	0.00678690533419092,
				"lost_packets":	67646,
				"packets":	85122,
				"lost_percent":	79.469467352740779,
				"omitted":	false,
				"sender":	false
			}
		}, {
			"streams":	[{
					"socket":	5,
					"start":	874.001127,
					"end":	875.001122,
					"seconds":	0.999994993209839,
					"bytes":	24216820,
					"bits_per_second":	193735529.99314544,
					"jitter_ms":	0.01951001374894815,
					"lost_packets":	66184,
					"packets":	84149,
					"lost_percent":	78.650964360836142,
					"omitted":	false,
					"sender":	false
				}],
			"sum":	{
				"start":	874.001127,
				"end":	875.001122,
				"seconds":	0.999994993209839,
				"bytes":	24216820,
				"bits_per_second":	193735529.99314544,
				"jitter_ms":	0.01951001374894815,
				"lost_packets":	66184,
				"packets":	84149,
				"lost_percent":	78.650964360836142,
				"omitted":	false,
				"sender":	false
			}
		}, {
			"streams":	[{
					"socket":	5,
					"start":	875.001122,
					"end":	876.001159,
					"seconds":	1.0000369548797607,
					"bytes":	24014620,
					"bits_per_second":	192109860.60320055,
					"jitter_ms":	0.0064593149536753547,
					"lost_packets":	67790,
					"packets":	85605,
					"lost_percent":	79.189299690438645,
					"omitted":	false,
					"sender":	false
				}],
			"sum":	{
				"start":	875.001122,
				"end":	876.001159,
				"seconds":	1.0000369548797607,
				"bytes":	24014620,
				"bits_per_second":	192109860.60320055,
				"jitter_ms":	0.0064593149536753547,
				"lost_packets":	67790,
				"packets":	85605,
				"lost_percent":	79.189299690438645,
				"omitted":	false,
				"sender":	false
			}
		}, {
			"streams":	[{
					"socket":	5,
					"start":	876.001159,
					"end":	877.001006,
					"seconds":	0.99984699487686157,
					"bytes":	23858252,
					"bits_per_second":	190895223.94724658,
					"jitter_ms":	0.00518617213113593,
					"lost_packets":	65220,
					"packets":	82919,
					"lost_percent":	78.6550730230707,
					"omitted":	false,
					"sender":	false
				}],
			"sum":	{
				"start":	876.001159,
				"end":	877.001006,
				"seconds":	0.99984699487686157,
				"bytes":	23858252,
				"bits_per_second":	190895223.94724658,
				"jitter_ms":	0.00518617213113593,
				"lost_packets":	65220,
				"packets":	82919,
				"lost_percent":	78.6550730230707,
				"omitted":	false,
				"sender":	false
			}
		}, {
			"streams":	[{
					"socket":	5,
					"start":	877.001006,
					"end":	878.00161,
					"seconds":	1.0006040334701538,
					"bytes":	24199296,
					"bits_per_second":	193477501.11360565,
					"jitter_ms":	0.00712482718030218,
					"lost_packets":	65710,
					"packets":	83662,
					"lost_percent":	78.5422294470608,
					"omitted":	false,
					"sender":	false
				}],
			"sum":	{
				"start":	877.001006,
				"end":	878.00161,
				"seconds":	1.0006040334701538,
				"bytes":	24199296,
				"bits_per_second":	193477501.11360565,
				"jitter_ms":	0.00712482718030218,
				"lost_packets":	65710,
				"packets":	83662,
				"lost_percent":	78.5422294470608,
				"omitted":	false,
				"sender":	false
			}
		}, {
			"streams":	[{
					"socket":	5,
					"start":	878.00161,
					"end":	879.00034,
					"seconds":	0.99873000383377075,
					"bytes":	23727496,
					"bits_per_second":	190061345.17972663,
					"jitter_ms":	0.047486659685238734,
					"lost_packets":	65025,
					"packets":	82627,
					"lost_percent":	78.6970360777954,
					"omitted":	false,
					"sender":	false
				}],
			"sum":	{
				"start":	878.00161,
				"end":	879.00034,
				"seconds":	0.99873000383377075,
				"bytes":	23727496,
				"bits_per_second":	190061345.17972663,
				"jitter_ms":	0.047486659685238734,
				"lost_packets":	65025,
				"packets":	82627,
				"lost_percent":	78.6970360777954,
				"omitted":	false,
				"sender":	false
			}
		}, {
			"streams":	[{
					"socket":	5,
					"start":	879.00034,
					"end":	880.001082,
					"seconds":	1.0007419586181641,
					"bytes":	24146724,
					"bits_per_second":	193030571.30405182,
					"jitter_ms":	0.010332080147059813,
					"lost_packets":	66330,
					"packets":	84243,
					"lost_percent":	78.736512232470361,
					"omitted":	false,
					"sender":	false
				}],
			"sum":	{
				"start":	879.00034,
				"end":	880.001082,
				"seconds":	1.0007419586181641,
				"bytes":	24146724,
				"bits_per_second":	193030571.30405182,
				"jitter_ms":	0.010332080147059813,
				"lost_packets":	66330,
				"packets":	84243,
				"lost_percent":	78.736512232470361,
				"omitted":	false,
				"sender":	false
			}
		}, {
			"streams":	[{
					"socket":	5,
					"start":	880.001082,
					"end":	881.001675,
					"seconds":	1.0005929470062256,
					"bytes":	23746368,
					"bits_per_second":	189858368.04905844,
					"jitter_ms":	0.00691261841244925,
					"lost_packets":	65673,
					"packets":	83289,
					"lost_percent":	78.849547959514467,
					"omitted":	false,
					"sender":	false
				}],
			"sum":	{
				"start":	880.001082,
				"end":	881.001675,
				"seconds":	1.0005929470062256,
				"bytes":	23746368,
				"bits_per_second":	189858368.04905844,
				"jitter_ms":	0.00691261841244925,
				"lost_packets":	65673,
				"packets":	83289,
				"lost_percent":	78.849547959514467,
				"omitted":	false,
				"sender":	false
			}
		}, {
			"streams":	[{
					"socket":	5,
					"start":	881.001675,
					"end":	882.001095,
					"seconds":	0.99941998720169067,
					"bytes":	24005184,
					"bits_per_second":	192152923.15466225,
					"jitter_ms":	0.037922396477476167,
					"lost_packets":	65033,
					"packets":	82841,
					"lost_percent":	78.503398075832,
					"omitted":	false,
					"sender":	false
				}],
			"sum":	{
				"start":	881.001675,
				"end":	882.001095,
				"seconds":	0.99941998720169067,
				"bytes":	24005184,
				"bits_per_second":	192152923.15466225,
				"jitter_ms":	0.037922396477476167,
				"lost_packets":	65033,
				"packets":	82841,
				"lost_percent":	78.503398075832,
				"omitted":	false,
				"sender":	false
			}
		}, {
			"streams":	[{
					"socket":	5,
					"start":	882.001095,
					"end":	883.001299,
					"seconds":	1.0002039670944214,
					"bytes":	23971484,
					"bits_per_second":	191732764.82505324,
					"jitter_ms":	0.049862307485937521,
					"lost_packets":	65671,
					"packets":	83454,
					"lost_percent":	78.691255062669256,
					"omitted":	false,
					"sender":	false
				}],
			"sum":	{
				"start":	882.001095,
				"end":	883.001299,
				"seconds":	1.0002039670944214,
				"bytes":	23971484,
				"bits_per_second":	191732764.82505324,
				"jitter_ms":	0.049862307485937521,
				"lost_packets":	65671,
				"packets":	83454,
				"lost_percent":	78.691255062669256,
				"omitted":	false,
				"sender":	false
			}
		}, {
			"streams":	[{
					"socket":	5,
					"start":	883.001299,
					"end":	884.001722,
					"seconds":	1.0004229545593262,
					"bytes":	24044276,
					"bits_per_second":	192272885.30652481,
					"jitter_ms":	0.040347519709401175,
					"lost_packets":	65624,
					"packets":	83461,
					"lost_percent":	78.6283413810043,
					"omitted":	false,
					"sender":	false
				}],
			"sum":	{
				"start":	883.001299,
				"end":	884.001722,
				"seconds":	1.0004229545593262,
				"bytes":	24044276,
				"bits_per_second":	192272885.30652481,
				"jitter_ms":	0.040347519709401175,
				"lost_packets":	65624,
				"packets":	83461,
				"lost_percent":	78.6283413810043,
				"omitted":	false,
				"sender":	false
			}
		}, {
			"streams":	[{
					"socket":	5,
					"start":	884.001722,
					"end":	885.001097,
					"seconds":	0.99937498569488525,
					"bytes":	24010576,
					"bits_per_second":	192204738.71120533,
					"jitter_ms":	0.0036333100378364968,
					"lost_packets":	65471,
					"packets":	83283,
					"lost_percent":	78.6126820599642,
					"omitted":	false,
					"sender":	false
				}],
			"sum":	{
				"start":	884.001722,
				"end":	885.001097,
				"seconds":	0.99937498569488525,
				"bytes":	24010576,
				"bits_per_second":	192204738.71120533,
				"jitter_ms":	0.0036333100378364968,
				"lost_packets":	65471,
				"packets":	83283,
				"lost_percent":	78.6126820599642,
				"omitted":	false,
				"sender":	false
			}
		}, {
			"streams":	[{
					"socket":	5,
					"start":	885.001097,
					"end":	886.000593,
					"seconds":	0.9994959831237793,
					"bytes":	23986312,
					"bits_per_second":	191987260.8194724,
					"jitter_ms":	0.00659893407477888,
					"lost_packets":	65833,
					"packets":	83627,
					"lost_percent":	78.7221830270128,
					"omitted":	false,
					"sender":	false
				}],
			"sum":	{
				"start":	885.001097,
				"end":	886.000593,
				"seconds":	0.9994959831237793,
				"bytes":	23986312,
				"bits_per_second":	191987260.8194724,
				"jitter_ms":	0.00659893407477888,
				"lost_packets":	65833,
				"packets":	83627,
				"lost_percent":	78.7221830270128,
				"omitted":	false,
				"sender":	false
			}
		}, {
			"streams":	[{
					"socket":	5,
					"start":	886.000593,
					"end":	887.000645,
					"seconds":	1.0000519752502441,
					"bytes":	24118416,
					"bits_per_second":	192937300.03554922,
					"jitter_ms":	0.0093551027971564144,
					"lost_packets":	66311,
					"packets":	84203,
					"lost_percent":	78.751350901986868,
					"omitted":	false,
					"sender":	false
				}],
			"sum":	{
				"start":	886.000593,
				"end":	887.000645,
				"seconds":	1.0000519752502441,
				"bytes":	24118416,
				"bits_per_second":	192937300.03554922,
				"jitter_ms":	0.0093551027971564144,
				"lost_packets":	66311,
				"packets":	84203,
				"lost_percent":	78.751350901986868,
				"omitted":	false,
				"sender":	false
			}
		}, {
			"streams":	[{
					"socket":	5,
					"start":	887.000645,
					"end":	888.00171,
					"seconds":	1.0010650157928467,
					"bytes":	23858252,
					"bits_per_second":	190662956.93974832,
					"jitter_ms":	0.05111046945234235,
					"lost_packets":	65010,
					"packets":	82709,
					"lost_percent":	78.600877776300038,
					"omitted":	false,
					"sender":	false
				}],
			"sum":	{
				"start":	887.000645,
				"end":	888.00171,
				"seconds":	1.0010650157928467,
				"bytes":	23858252,
				"bits_per_second":	190662956.93974832,
				"jitter_ms":	0.05111046945234235,
				"lost_packets":	65010,
				"packets":	82709,
				"lost_percent":	78.600877776300038,
				"omitted":	false,
				"sender":	false
			}
		}, {
			"streams":	[{
					"socket":	5,
					"start":	888.00171,
					"end":	889.001098,
					"seconds":	0.99938797950744629,
					"bytes":	24063148,
					"bits_per_second":	192623073.26817879,
					"jitter_ms":	0.034889988884097278,
					"lost_packets":	65612,
					"packets":	83463,
					"lost_percent":	78.612079604135971,
					"omitted":	false,
					"sender":	false
				}],
			"sum":	{
				"start":	888.00171,
				"end":	889.001098,
				"seconds":	0.99938797950744629,
				"bytes":	24063148,
				"bits_per_second":	192623073.26817879,
				"jitter_ms":	0.034889988884097278,
				"lost_packets":	65612,
				"packets":	83463,
				"lost_percent":	78.612079604135971,
				"omitted":	false,
				"sender":	false
			}
		}, {
			"streams":	[{
					"socket":	5,
					"start":	889.001098,
					"end":	890.0011,
					"seconds":	1.0000020265579224,
					"bytes":	23660096,
					"bits_per_second":	189280384.41233742,
					"jitter_ms":	0.00823630523892386,
					"lost_packets":	66532,
					"packets":	84084,
					"lost_percent":	79.1256362684934,
					"omitted":	false,
					"sender":	false
				}],
			"sum":	{
				"start":	889.001098,
				"end":	890.0011,
				"seconds":	1.0000020265579224,
				"bytes":	23660096,
				"bits_per_second":	189280384.41233742,
				"jitter_ms":	0.00823630523892386,
				"lost_packets":	66532,
				"packets":	84084,
				"lost_percent":	79.1256362684934,
				"omitted":	false,
				"sender":	false
			}
		}, {
			"streams":	[{
					"socket":	5,
					"start":	890.0011,
					"end":	891.001104,
					"seconds":	1.0000040531158447,
					"bytes":	24436544,
					"bits_per_second":	195491559.65006208,
					"jitter_ms":	0.023437264741244156,
					"lost_packets":	66547,
					"packets":	84675,
					"lost_percent":	78.591083554768232,
					"omitted":	false,
					"sender":	false
				}],
			"sum":	{
				"start":	890.0011,
				"end":	891.001104,
				"seconds":	1.0000040531158447,
				"bytes":	24436544,
				"bits_per_second":	195491559.65006208,
				"jitter_ms":	0.023437264741244156,
				"lost_packets":	66547,
				"packets":	84675,
				"lost_percent":	78.591083554768232,
				"omitted":	false,
				"sender":	false
			}
		}, {
			"streams":	[{
					"socket":	5,
					"start":	891.001104,
					"end":	892.0011,
					"seconds":	0.9999960064888,
					"bytes":	23546864,
					"bits_per_second":	188375664.28032511,
					"jitter_ms":	0.032356982471786561,
					"lost_packets":	64146,
					"packets":	81614,
					"lost_percent":	78.596809370941259,
					"omitted":	false,
					"sender":	false
				}],
			"sum":	{
				"start":	891.001104,
				"end":	892.0011,
				"seconds":	0.9999960064888,
				"bytes":	23546864,
				"bits_per_second":	188375664.28032511,
				"jitter_ms":	0.032356982471786561,
				"lost_packets":	64146,
				"packets":	81614,
				"lost_percent":	78.596809370941259,
				"omitted":	false,
				"sender":	false
			}
		}, {
			"streams":	[{
					"socket":	5,
					"start":	892.0011,
					"end":	893.000568,
					"seconds":	0.99946802854537964,
					"bytes":	23986312,
					"bits_per_second":	191992630.59897614,
					"jitter_ms":	0.0086916584955859747,
					"lost_packets":	65648,
					"packets":	83442,
					"lost_percent":	78.675007789842041,
					"omitted":	false,
					"sender":	false
				}],
			"sum":	{
				"start":	892.0011,
				"end":	893.000568,
				"seconds":	0.99946802854537964,
				"bytes":	23986312,
				"bits_per_second":	191992630.59897614,
				"jitter_ms":	0.0086916584955859747,
				"lost_packets":	65648,
				"packets":	83442,
				"lost_percent":	78.675007789842041,
				"omitted":	false,
				"sender":	false
			}
		}, {
			"streams":	[{
					"socket":	5,
					"start":	893.000568,
					"end":	894.001131,
					"seconds":	1.0005630254745483,
					"bytes":	24413628,
					"bits_per_second":	195199121.92174858,
					"jitter_ms":	0.0092724360315245349,
					"lost_packets":	67060,
					"packets":	85171,
					"lost_percent":	78.7357199046624,
					"omitted":	false,
					"sender":	false
				}],
			"sum":	{
				"start":	893.000568,
				"end":	894.001131,
				"seconds":	1.0005630254745483,
				"bytes":	24413628,
				"bits_per_second":	195199121.92174858,
				"jitter_ms":	0.0092724360315245349,
				"lost_packets":	67060,
				"packets":	85171,
				"lost_percent":	78.7357199046624,
				"omitted":	false,
				"sender":	false
			}
		}, {
			"streams":	[{
					"socket":	5,
					"start":	894.001131,
					"end":	895.001098,
					"seconds":	0.99996697902679443,
					"bytes":	23595392,
					"bits_per_second":	188769369.34828728,
					"jitter_ms":	0.00892267096889828,
					"lost_packets":	64032,
					"packets":	81536,
					"lost_percent":	78.5321821036107,
					"omitted":	false,
					"sender":	false
				}],
			"sum":	{
				"start":	894.001131,
				"end":	895.001098,
				"seconds":	0.99996697902679443,
				"bytes":	23595392,
				"bits_per_second":	188769369.34828728,
				"jitter_ms":	0.00892267096889828,
				"lost_packets":	64032,
				"packets":	81536,
				"lost_percent":	78.5321821036107,
				"omitted":	false,
				"sender":	false
			}
		}, {
			"streams":	[{
					"socket":	5,
					"start":	895.001098,
					"end":	896.001364,
					"seconds":	1.0002659559249878,
					"bytes":	24018664,
					"bits_per_second":	192098222.33958918,
					"jitter_ms":	0.011684527444563634,
					"lost_packets":	65796,
					"packets":	83614,
					"lost_percent":	78.69017150238,
					"omitted":	false,
					"sender":	false
				}],
			"sum":	{
				"start":	895.001098,
				"end":	896.001364,
				"seconds":	1.0002659559249878,
				"bytes":	24018664,
				"bits_per_second":	192098222.33958918,
				"jitter_ms":	0.011684527444563634,
				"lost_packets":	65796,
				"packets":	83614,
				"lost_percent":	78.69017150238,
				"omitted":	false,
				"sender":	false
			}
		}, {
			"streams":	[{
					"socket":	5,
					"start":	896.001364,
					"end":	897.001104,
					"seconds":	0.99974000453948975,
					"bytes":	23984964,
					"bits_per_second":	191929612.82807279,
					"jitter_ms":	0.010721144167918429,
					"lost_packets":	66346,
					"packets":	84139,
					"lost_percent":	78.852850640012363,
					"omitted":	false,
					"sender":	false
				}],
			"sum":	{
				"start":	896.001364,
				"end":	897.001104,
				"seconds":	0.99974000453948975,
				"bytes":	23984964,
				"bits_per_second":	191929612.82807279,
				"jitter_ms":	0.010721144167918429,
				"lost_packets":	66346,
				"packets":	84139,
				"lost_percent":	78.852850640012363,
				"omitted":	false,
				"sender":	false
			}
		}, {
			"streams":	[{
					"socket":	5,
					"start":	897.001104,
					"end":	898.000287,
					"seconds":	0.99918299913406372,
					"bytes":	23979572,
					"bits_per_second":	191993434.8024877,
					"jitter_ms":	0.0050127238712514358,
					"lost_packets":	65043,
					"packets":	82832,
					"lost_percent":	78.524000386324133,
					"omitted":	false,
					"sender":	false
				}],
			"sum":	{
				"start":	897.001104,
				"end":	898.000287,
				"seconds":	0.99918299913406372,
				"bytes":	23979572,
				"bits_per_second":	191993434.8024877,
				"jitter_ms":	0.0050127238712514358,
				"lost_packets":	65043,
				"packets":	82832,
				"lost_percent":	78.524000386324133,
				"omitted":	false,
				"sender":	false
			}
		}, {
			"streams":	[{
					"socket":	5,
					"start":	898.000287,
					"end":	899.001133,
					"seconds":	1.0008460283279419,
					"bytes":	23952612,
					"bits_per_second":	191458916.33314511,
					"jitter_ms":	0.0026098076968295116,
					"lost_packets":	65680,
					"packets":	83449,
					"lost_percent":	78.706755024026648,
					"omitted":	false,
					"sender":	false
				}],
			"sum":	{
				"start":	898.000287,
				"end":	899.001133,
				"seconds":	1.0008460283279419,
				"bytes":	23952612,
				"bits_per_second":	191458916.33314511,
				"jitter_ms":	0.0026098076968295116,
				"lost_packets":	65680,
				"packets":	83449,
				"lost_percent":	78.706755024026648,
				"omitted":	false,
				"sender":	false
			}
		}, {
			"streams":	[{
					"socket":	5,
					"start":	899.001133,
					"end":	900.001101,
					"seconds":	0.99996799230575562,
					"bytes":	23906780,
					"bits_per_second":	191260361.80318168,
					"jitter_ms":	0.024279349357604667,
					"lost_packets":	65660,
					"packets":	83395,
					"lost_percent":	78.7337370345944,
					"omitted":	false,
					"sender":	false
				}],
			"sum":	{
				"start":	899.001133,
				"end":	900.001101,
				"seconds":	0.99996799230575562,
				"bytes":	23906780,
				"bits_per_second":	191260361.80318168,
				"jitter_ms":	0.024279349357604667,
				"lost_packets":	65660,
				"packets":	83395,
				"lost_percent":	78.7337370345944,
				"omitted":	false,
				"sender":	false
			}
		}, {
			"streams":	[{
					"socket":	5,
					"start":	900.001101,
					"end":	901.001092,
					"seconds":	0.999990999698639,
					"bytes":	23564388,
					"bits_per_second":	188516800.708018,
					"jitter_ms":	0.0027523150033992388,
					"lost_packets":	64374,
					"packets":	81855,
					"lost_percent":	78.6439435587319,
					"omitted":	false,
					"sender":	false
				}],
			"sum":	{
				"start":	900.001101,
				"end":	901.001092,
				"seconds":	0.999990999698639,
				"bytes":	23564388,
				"bits_per_second":	188516800.708018,
				"jitter_ms":	0.0027523150033992388,
				"lost_packets":	64374,
				"packets":	81855,
				"lost_percent":	78.6439435587319,
				"omitted":	false,
				"sender":	false
			}
		}, {
			"streams":	[{
					"socket":	5,
					"start":	901.001092,
					"end":	902.00123,
					"seconds":	1.0001380443573,
					"bytes":	24170988,
					"bits_per_second":	193341214.33632737,
					"jitter_ms":	0.0029904189120741548,
					"lost_packets":	66428,
					"packets":	84359,
					"lost_percent":	78.744413755497334,
					"omitted":	false,
					"sender":	false
				}],
			"sum":	{
				"start":	901.001092,
				"end":	902.00123,
				"seconds":	1.0001380443573,
				"bytes":	24170988,
				"bits_per_second":	193341214.33632737,
				"jitter_ms":	0.0029904189120741548,
				"lost_packets":	66428,
				"packets":	84359,
				"lost_percent":	78.744413755497334,
				"omitted":	false,
				"sender":	false
			}
		}, {
			"streams":	[{
					"socket":	5,
					"start":	902.00123,
					"end":	903.001639,
					"seconds":	1.0004090070724487,
					"bytes":	23673576,
					"bits_per_second":	189311178.38914523,
					"jitter_ms":	0.0450043625938526,
					"lost_packets":	66666,
					"packets":	84228,
					"lost_percent":	79.149451488816069,
					"omitted":	false,
					"sender":	false
				}],
			"sum":	{
				"start":	902.00123,
				"end":	903.001639,
				"seconds":	1.0004090070724487,
				"bytes":	23673576,
				"bits_per_second":	189311178.38914523,
				"jitter_ms":	0.0450043625938526,
				"lost_packets":	66666,
				"packets":	84228,
				"lost_percent":	79.149451488816069,
				"omitted":	false,
				"sender":	false
			}
		}, {
			"streams":	[{
					"socket":	5,
					"start":	903.001639,
					"end":	904.000917,
					"seconds":	0.99927800893783569,
					"bytes":	24055060,
					"bits_per_second":	192579520.692696,
					"jitter_ms":	0.0301328511176395,
					"lost_packets":	65620,
					"packets":	83465,
					"lost_percent":	78.619780746420659,
					"omitted":	false,
					"sender":	false
				}],
			"sum":	{
				"start":	903.001639,
				"end":	904.000917,
				"seconds":	0.99927800893783569,
				"bytes":	24055060,
				"bits_per_second":	192579520.692696,
				"jitter_ms":	0.0301328511176395,
				"lost_packets":	65620,
				"packets":	83465,
				"lost_percent":	78.619780746420659,
				"omitted":	false,
				"sender":	false
			}
		}, {
			"streams":	[{
					"socket":	5,
					"start":	904.000917,
					"end":	905.001084,
					"seconds":	1.0001670122146606,
					"bytes":	24429804,
					"bits_per_second":	195405796.84511137,
					"jitter_ms":	0.0096640839152932739,
					"lost_packets":	67703,
					"packets":	85826,
					"lost_percent":	78.8840211590893,
					"omitted":	false,
					"sender":	false
				}],
			"sum":	{
				"start":	904.000917,
				"end":	905.001084,
				"seconds":	1.0001670122146606,
				"bytes":	24429804,
				"bits_per_second":	195405796.84511137,
				"jitter_ms":	0.0096640839152932739,
				"lost_packets":	67703,
				"packets":	85826,
				"lost_percent":	78.8840211590893,
				"omitted":	false,
				"sender":	false
			}
		}, {
			"streams":	[{
					"socket":	5,
					"start":	905.001084,
					"end":	906.000152,
					"seconds":	0.999068021774292,
					"bytes":	23606176,
					"bits_per_second":	189025575.72067359,
					"jitter_ms":	0.038671710483449438,
					"lost_packets":	63572,
					"packets":	81084,
					"lost_percent":	78.4026441714765,
					"omitted":	false,
					"sender":	false
				}],
			"sum":	{
				"start":	905.001084,
				"end":	906.000152,
				"seconds":	0.999068021774292,
				"bytes":	23606176,
				"bits_per_second":	189025575.72067359,
				"jitter_ms":	0.038671710483449438,
				"lost_packets":	63572,
				"packets":	81084,
				"lost_percent":	78.4026441714765,
				"omitted":	false,
				"sender":	false
			}
		}, {
			"streams":	[{
					"socket":	5,
					"start":	906.000152,
					"end":	907.001762,
					"seconds":	1.0016100406646729,
					"bytes":	24010576,
					"bits_per_second":	191775841.09733146,
					"jitter_ms":	0.0287241138534891,
					"lost_packets":	65650,
					"packets":	83462,
					"lost_percent":	78.6585511969519,
					"omitted":	false,
					"sender":	false
				}],
			"sum":	{
				"start":	906.000152,
				"end":	907.001762,
				"seconds":	1.0016100406646729,
				"bytes":	24010576,
				"bits_per_second":	191775841.09733146,
				"jitter_ms":	0.0287241138534891,
				"lost_packets":	65650,
				"packets":	83462,
				"lost_percent":	78.6585511969519,
				"omitted":	false,
				"sender":	false
			}
		}, {
			"streams":	[{
					"socket":	5,
					"start":	907.001762,
					"end":	908.001377,
					"seconds":	0.99961501359939575,
					"bytes":	24024056,
					"bits_per_second":	192266467.97546276,
					"jitter_ms":	0.044239848237836214,
					"lost_packets":	65627,
					"packets":	83449,
					"lost_percent":	78.6432431784683,
					"omitted":	false,
					"sender":	false
				}],
			"sum":	{
				"start":	907.001762,
				"end":	908.001377,
				"seconds":	0.99961501359939575,
				"bytes":	24024056,
				"bits_per_second":	192266467.97546276,
				"jitter_ms":	0.044239848237836214,
				"lost_packets":	65627,
				"packets":	83449,
				"lost_percent":	78.6432431784683,
				"omitted":	false,
				"sender":	false
			}
		}, {
			"streams":	[{
					"socket":	5,
					"start":	908.001377,
					"end":	909.000219,
					"seconds":	0.99884200096130371,
					"bytes":	24489116,
					"bits_per_second":	196140057.99861223,
					"jitter_ms":	0.017974371899607475,
					"lost_packets":	67145,
					"packets":	85312,
					"lost_percent":	78.7052231807952,
					"omitted":	false,
					"sender":	false
				}],
			"sum":	{
				"start":	908.001377,
				"end":	909.000219,
				"seconds":	0.99884200096130371,
				"bytes":	24489116,
				"bits_per_second":	196140057.99861223,
				"jitter_ms":	0.017974371899607475,
				"lost_packets":	67145,
				"packets":	85312,
				"lost_percent":	78.7052231807952,
				"omitted":	false,
				"sender":	false
			}
		}, {
			"streams":	[{
					"socket":	5,
					"start":	909.000219,
					"end":	910.001105,
					"seconds":	1.0008859634399414,
					"bytes":	23514512,
					"bits_per_second":	187949579.54397169,
					"jitter_ms":	0.050505003118725834,
					"lost_packets":	64156,
					"packets":	81600,
					"lost_percent":	78.622549019607845,
					"omitted":	false,
					"sender":	false
				}],
			"sum":	{
				"start":	909.000219,
				"end":	910.001105,
				"seconds":	1.0008859634399414,
				"bytes":	23514512,
				"bits_per_second":	187949579.54397169,
				"jitter_ms":	0.050505003118725834,
				"lost_packets":	64156,
				"packets":	81600,
				"lost_percent":	78.622549019607845,
				"omitted":	false,
				"sender":	false
			}
		}, {
			"streams":	[{
					"socket":	5,
					"start":	910.001105,
					"end":	911.001094,
					"seconds":	0.99998897314071655,
					"bytes":	24181772,
					"bits_per_second":	193456309.21549922,
					"jitter_ms":	0.0075485765416700417,
					"lost_packets":	66402,
					"packets":	84341,
					"lost_percent":	78.730392098742,
					"omitted":	false,
					"sender":	false
				}],
			"sum":	{
				"start":	910.001105,
				"end":	911.001094,
				"seconds":	0.99998897314071655,
				"bytes":	24181772,
				"bits_per_second":	193456309.21549922,
				"jitter_ms":	0.0075485765416700417,
				"lost_packets":	66402,
				"packets":	84341,
				"lost_percent":	78.730392098742,
				"omitted":	false,
				"sender":	false
			}
		}, {
			"streams":	[{
					"socket":	5,
					"start":	911.001094,
					"end":	912.001161,
					"seconds":	1.0000669956207275,
					"bytes":	23893300,
					"bits_per_second":	191133594.88616872,
					"jitter_ms":	0.010407233138202654,
					"lost_packets":	65474,
					"packets":	83199,
					"lost_percent":	78.695657399728361,
					"omitted":	false,
					"sender":	false
				}],
			"sum":	{
				"start":	911.001094,
				"end":	912.001161,
				"seconds":	1.0000669956207275,
				"bytes":	23893300,
				"bits_per_second":	191133594.88616872,
				"jitter_ms":	0.010407233138202654,
				"lost_packets":	65474,
				"packets":	83199,
				"lost_percent":	78.695657399728361,
				"omitted":	false,
				"sender":	false
			}
		}, {
			"streams":	[{
					"socket":	5,
					"start":	912.001161,
					"end":	913.001095,
					"seconds":	0.99993401765823364,
					"bytes":	24503944,
					"bits_per_second":	196044487.47437394,
					"jitter_ms":	0.0085805381692654129,
					"lost_packets":	66952,
					"packets":	85130,
					"lost_percent":	78.646775519793252,
					"omitted":	false,
					"sender":	false
				}],
			"sum":	{
				"start":	912.001161,
				"end":	913.001095,
				"seconds":	0.99993401765823364,
				"bytes":	24503944,
				"bits_per_second":	196044487.47437394,
				"jitter_ms":	0.0085805381692654129,
				"lost_packets":	66952,
				"packets":	85130,
				"lost_percent":	78.646775519793252,
				"omitted":	false,
				"sender":	false
			}
		}, {
			"streams":	[{
					"socket":	5,
					"start":	913.001095,
					"end":	914.001394,
					"seconds":	1.0002989768981934,
					"bytes":	23569780,
					"bits_per_second":	188501882.29192874,
					"jitter_ms":	0.030032443418242009,
					"lost_packets":	63685,
					"packets":	81170,
					"lost_percent":	78.4587901934212,
					"omitted":	false,
					"sender":	false
				}],
			"sum":	{
				"start":	913.001095,
				"end":	914.001394,
				"seconds":	1.0002989768981934,
				"bytes":	23569780,
				"bits_per_second":	188501882.29192874,
				"jitter_ms":	0.030032443418242009,
				"lost_packets":	63685,
				"packets":	81170,
				"lost_percent":	78.4587901934212,
				"omitted":	false,
				"sender":	false
			}
		}, {
			"streams":	[{
					"socket":	5,
					"start":	914.001394,
					"end":	915.00109,
					"seconds":	0.99969601631164551,
					"bytes":	24203340,
					"bits_per_second":	193685597.26223692,
					"jitter_ms":	0.0064692510494571342,
					"lost_packets":	65821,
					"packets":	83776,
					"lost_percent":	78.5678475935829,
					"omitted":	false,
					"sender":	false
				}],
			"sum":	{
				"start":	914.001394,
				"end":	915.00109,
				"seconds":	0.99969601631164551,
				"bytes":	24203340,
				"bits_per_second":	193685597.26223692,
				"jitter_ms":	0.0064692510494571342,
				"lost_packets":	65821,
				"packets":	83776,
				"lost_percent":	78.5678475935829,
				"omitted":	false,
				"sender":	false
			}
		}, {
			"streams":	[{
					"socket":	5,
					"start":	915.00109,
					"end":	916.001115,
					"seconds":	1.0000250339508057,
					"bytes":	24005184,
					"bits_per_second":	192036664.56358644,
					"jitter_ms":	0.0063863142176424264,
					"lost_packets":	66474,
					"packets":	84282,
					"lost_percent":	78.87093329536556,
					"omitted":	false,
					"sender":	false
				}],
			"sum":	{
				"start":	915.00109,
				"end":	916.001115,
				"seconds":	1.0000250339508057,
				"bytes":	24005184,
				"bits_per_second":	192036664.56358644,
				"jitter_ms":	0.0063863142176424264,
				"lost_packets":	66474,
				"packets":	84282,
				"lost_percent":	78.87093329536556,
				"omitted":	false,
				"sender":	false
			}
		}, {
			"streams":	[{
					"socket":	5,
					"start":	916.001115,
					"end":	917.003394,
					"seconds":	1.0022790431976318,
					"bytes":	23998444,
					"bits_per_second":	191550998.99873236,
					"jitter_ms":	0.0085398547077363256,
					"lost_packets":	65042,
					"packets":	82845,
					"lost_percent":	78.5104713621824,
					"omitted":	false,
					"sender":	false
				}],
			"sum":	{
				"start":	916.001115,
				"end":	917.003394,
				"seconds":	1.0022790431976318,
				"bytes":	23998444,
				"bits_per_second":	191550998.99873236,
				"jitter_ms":	0.0085398547077363256,
				"lost_packets":	65042,
				"packets":	82845,
				"lost_percent":	78.5104713621824,
				"omitted":	false,
				"sender":	false
			}
		}, {
			"streams":	[{
					"socket":	5,
					"start":	917.003394,
					"end":	918.001098,
					"seconds":	0.997704029083252,
					"bytes":	23793548,
					"bits_per_second":	190786424.08100033,
					"jitter_ms":	0.047872776603266345,
					"lost_packets":	65263,
					"packets":	82914,
					"lost_percent":	78.711677159466433,
					"omitted":	false,
					"sender":	false
				}],
			"sum":	{
				"start":	917.003394,
				"end":	918.001098,
				"seconds":	0.997704029083252,
				"bytes":	23793548,
				"bits_per_second":	190786424.08100033,
				"jitter_ms":	0.047872776603266345,
				"lost_packets":	65263,
				"packets":	82914,
				"lost_percent":	78.711677159466433,
				"omitted":	false,
				"sender":	false
			}
		}, {
			"streams":	[{
					"socket":	5,
					"start":	918.001098,
					"end":	919.001102,
					"seconds":	1.0000040531158447,
					"bytes":	24378580,
					"bits_per_second":	195027849.52953291,
					"jitter_ms":	0.007397191470423,
					"lost_packets":	67673,
					"packets":	85758,
					"lost_percent":	78.911588423237475,
					"omitted":	false,
					"sender":	false
				}],
			"sum":	{
				"start":	918.001098,
				"end":	919.001102,
				"seconds":	1.0000040531158447,
				"bytes":	24378580,
				"bits_per_second":	195027849.52953291,
				"jitter_ms":	0.007397191470423,
				"lost_packets":	67673,
				"packets":	85758,
				"lost_percent":	78.911588423237475,
				"omitted":	false,
				"sender":	false
			}
		}, {
			"streams":	[{
					"socket":	5,
					"start":	919.001102,
					"end":	920.000472,
					"seconds":	0.999369978904724,
					"bytes":	23552256,
					"bits_per_second":	188536830.18025,
					"jitter_ms":	0.00922975209851819,
					"lost_packets":	63680,
					"packets":	81152,
					"lost_percent":	78.4700315457413,
					"omitted":	false,
					"sender":	false
				}],
			"sum":	{
				"start":	919.001102,
				"end":	920.000472,
				"seconds":	0.999369978904724,
				"bytes":	23552256,
				"bits_per_second":	188536830.18025,
				"jitter_ms":	0.00922975209851819,
				"lost_packets":	63680,
				"packets":	81152,
				"lost_percent":	78.4700315457413,
				"omitted":	false,
				"sender":	false
			}
		}, {
			"streams":	[{
					"socket":	5,
					"start":	920.000472,
					"end":	921.001088,
					"seconds":	1.0006159543991089,
					"bytes":	24483724,
					"bits_per_second":	195749219.407184,
					"jitter_ms":	0.030186548874276825,
					"lost_packets":	66975,
					"packets":	85138,
					"lost_percent":	78.666400432239428,
					"omitted":	false,
					"sender":	false
				}],
			"sum":	{
				"start":	920.000472,
				"end":	921.001088,
				"seconds":	1.0006159543991089,
				"bytes":	24483724,
				"bits_per_second":	195749219.407184,
				"jitter_ms":	0.030186548874276825,
				"lost_packets":	66975,
				"packets":	85138,
				"lost_percent":	78.666400432239428,
				"omitted":	false,
				"sender":	false
			}
		}, {
			"streams":	[{
					"socket":	5,
					"start":	921.001088,
					"end":	922.001117,
					"seconds":	1.0000289678573608,
					"bytes":	23984964,
					"bits_per_second":	191874153.816881,
					"jitter_ms":	0.0063889395238053374,
					"lost_packets":	65652,
					"packets":	83445,
					"lost_percent":	78.676972856372458,
					"omitted":	false,
					"sender":	false
				}],
			"sum":	{
				"start":	921.001088,
				"end":	922.001117,
				"seconds":	1.0000289678573608,
				"bytes":	23984964,
				"bits_per_second":	191874153.816881,
				"jitter_ms":	0.0063889395238053374,
				"lost_packets":	65652,
				"packets":	83445,
				"lost_percent":	78.676972856372458,
				"omitted":	false,
				"sender":	false
			}
		}, {
			"streams":	[{
					"socket":	5,
					"start":	922.001117,
					"end":	923.001102,
					"seconds":	0.9999849796295166,
					"bytes":	23317704,
					"bits_per_second":	186544433.96650979,
					"jitter_ms":	0.04971323015237912,
					"lost_packets":	63658,
					"packets":	80956,
					"lost_percent":	78.632837590790061,
					"omitted":	false,
					"sender":	false
				}],
			"sum":	{
				"start":	922.001117,
				"end":	923.001102,
				"seconds":	0.9999849796295166,
				"bytes":	23317704,
				"bits_per_second":	186544433.96650979,
				"jitter_ms":	0.04971323015237912,
				"lost_packets":	63658,
				"packets":	80956,
				"lost_percent":	78.632837590790061,
				"omitted":	false,
				"sender":	false
			}
		}, {
			"streams":	[{
					"socket":	5,
					"start":	923.001102,
					"end":	924.000924,
					"seconds":	0.99982202053070068,
					"bytes":	23588652,
					"bits_per_second":	188742808.3448633,
					"jitter_ms":	0.0058209901958996956,
					"lost_packets":	64289,
					"packets":	81788,
					"lost_percent":	78.604440749254167,
					"omitted":	false,
					"sender":	false
				}],
			"sum":	{
				"start":	923.001102,
				"end":	924.000924,
				"seconds":	0.99982202053070068,
				"bytes":	23588652,
				"bits_per_second":	188742808.3448633,
				"jitter_ms":	0.0058209901958996956,
				"lost_packets":	64289,
				"packets":	81788,
				"lost_percent":	78.604440749254167,
				"omitted":	false,
				"sender":	false
			}
		}, {
			"streams":	[{
					"socket":	5,
					"start":	924.000924,
					"end":	925.001095,
					"seconds":	1.0001709461212158,
					"bytes":	24483724,
					"bits_per_second":	195836314.5416359,
					"jitter_ms":	0.0095037230798725048,
					"lost_packets":	68177,
					"packets":	86340,
					"lost_percent":	78.963400509613152,
					"omitted":	false,
					"sender":	false
				}],
			"sum":	{
				"start":	924.000924,
				"end":	925.001095,
				"seconds":	1.0001709461212158,
				"bytes":	24483724,
				"bits_per_second":	195836314.5416359,
				"jitter_ms":	0.0095037230798725048,
				"lost_packets":	68177,
				"packets":	86340,
				"lost_percent":	78.963400509613152,
				"omitted":	false,
				"sender":	false
			}
		}, {
			"streams":	[{
					"socket":	5,
					"start":	925.001095,
					"end":	926.001109,
					"seconds":	1.0000139474868774,
					"bytes":	23654704,
					"bits_per_second":	189234992.6474233,
					"jitter_ms":	0.00748748509296651,
					"lost_packets":	66842,
					"packets":	84390,
					"lost_percent":	79.206067069558,
					"omitted":	false,
					"sender":	false
				}],
			"sum":	{
				"start":	925.001095,
				"end":	926.001109,
				"seconds":	1.0000139474868774,
				"bytes":	23654704,
				"bits_per_second":	189234992.6474233,
				"jitter_ms":	0.00748748509296651,
				"lost_packets":	66842,
				"packets":	84390,
				"lost_percent":	79.206067069558,
				"omitted":	false,
				"sender":	false
			}
		}, {
			"streams":	[{
					"socket":	5,
					"start":	926.001109,
					"end":	927.002184,
					"seconds":	1.0010750293731689,
					"bytes":	24506640,
					"bits_per_second":	195842583.47025219,
					"jitter_ms":	0.0076868885084745318,
					"lost_packets":	66434,
					"packets":	84614,
					"lost_percent":	78.514193868626947,
					"omitted":	false,
					"sender":	false
				}],
			"sum":	{
				"start":	926.001109,
				"end":	927.002184,
				"seconds":	1.0010750293731689,
				"bytes":	24506640,
				"bits_per_second":	195842583.47025219,
				"jitter_ms":	0.0076868885084745318,
				"lost_packets":	66434,
				"packets":	84614,
				"lost_percent":	78.514193868626947,
				"omitted":	false,
				"sender":	false
			}
		}, {
			"streams":	[{
					"socket":	5,
					"start":	927.002184,
					"end":	928.001104,
					"seconds":	0.9989200234413147,
					"bytes":	23507772,
					"bits_per_second":	188265498.3250002,
					"jitter_ms":	0.0028680663828435059,
					"lost_packets":	64363,
					"packets":	81802,
					"lost_percent":	78.681450331287749,
					"omitted":	false,
					"sender":	false
				}],
			"sum":	{
				"start":	927.002184,
				"end":	928.001104,
				"seconds":	0.9989200234413147,
				"bytes":	23507772,
				"bits_per_second":	188265498.3250002,
				"jitter_ms":	0.0028680663828435059,
				"lost_packets":	64363,
				"packets":	81802,
				"lost_percent":	78.681450331287749,
				"omitted":	false,
				"sender":	false
			}
		}, {
			"streams":	[{
					"socket":	5,
					"start":	928.001104,
					"end":	929.001087,
					"seconds":	0.999983012676239,
					"bytes":	24028100,
					"bits_per_second":	192228065.44038358,
					"jitter_ms":	0.0072600553540188278,
					"lost_packets":	65353,
					"packets":	83178,
					"lost_percent":	78.570054581740365,
					"omitted":	false,
					"sender":	false
				}],
			"sum":	{
				"start":	928.001104,
				"end":	929.001087,
				"seconds":	0.999983012676239,
				"bytes":	24028100,
				"bits_per_second":	192228065.44038358,
				"jitter_ms":	0.0072600553540188278,
				"lost_packets":	65353,
				"packets":	83178,
				"lost_percent":	78.570054581740365,
				"omitted":	false,
				"sender":	false
			}
		}, {
			"streams":	[{
					"socket":	5,
					"start":	929.001087,
					"end":	930.001124,
					"seconds":	1.0000369548797607,
					"bytes":	23817812,
					"bits_per_second":	190535454.78517824,
					"jitter_ms":	0.010087099537709487,
					"lost_packets":	65118,
					"packets":	82787,
					"lost_percent":	78.6572771087248,
					"omitted":	false,
					"sender":	false
				}],
			"sum":	{
				"start":	929.001087,
				"end":	930.001124,
				"seconds":	1.0000369548797607,
				"bytes":	23817812,
				"bits_per_second":	190535454.78517824,
				"jitter_ms":	0.010087099537709487,
				"lost_packets":	65118,
				"packets":	82787,
				"lost_percent":	78.6572771087248,
				"omitted":	false,
				"sender":	false
			}
		}, {
			"streams":	[{
					"socket":	5,
					"start":	930.001124,
					"end":	931.001317,
					"seconds":	1.0001929998397827,
					"bytes":	24061800,
					"bits_per_second":	192457255.78046936,
					"jitter_ms":	0.006598476422919817,
					"lost_packets":	66234,
					"packets":	84084,
					"lost_percent":	78.771228771228778,
					"omitted":	false,
					"sender":	false
				}],
			"sum":	{
				"start":	930.001124,
				"end":	931.001317,
				"seconds":	1.0001929998397827,
				"bytes":	24061800,
				"bits_per_second":	192457255.78046936,
				"jitter_ms":	0.006598476422919817,
				"lost_packets":	66234,
				"packets":	84084,
				"lost_percent":	78.771228771228778,
				"omitted":	false,
				"sender":	false
			}
		}, {
			"streams":	[{
					"socket":	5,
					"start":	931.001317,
					"end":	932.001159,
					"seconds":	0.99984198808670044,
					"bytes":	23901388,
					"bits_per_second":	191241322.4072555,
					"jitter_ms":	0.08681482850413294,
					"lost_packets":	65729,
					"packets":	83460,
					"lost_percent":	78.755092259765163,
					"omitted":	false,
					"sender":	false
				}],
			"sum":	{
				"start":	931.001317,
				"end":	932.001159,
				"seconds":	0.99984198808670044,
				"bytes":	23901388,
				"bits_per_second":	191241322.4072555,
				"jitter_ms":	0.08681482850413294,
				"lost_packets":	65729,
				"packets":	83460,
				"lost_percent":	78.755092259765163,
				"omitted":	false,
				"sender":	false
			}
		}, {
			"streams":	[{
					"socket":	5,
					"start":	932.001159,
					"end":	933.001179,
					"seconds":	1.0000200271606445,
					"bytes":	23966092,
					"bits_per_second":	191724896.29470235,
					"jitter_ms":	0.002710619782056388,
					"lost_packets":	65677,
					"packets":	83456,
					"lost_percent":	78.696558665644176,
					"omitted":	false,
					"sender":	false
				}],
			"sum":	{
				"start":	932.001159,
				"end":	933.001179,
				"seconds":	1.0000200271606445,
				"bytes":	23966092,
				"bits_per_second":	191724896.29470235,
				"jitter_ms":	0.002710619782056388,
				"lost_packets":	65677,
				"packets":	83456,
				"lost_percent":	78.696558665644176,
				"omitted":	false,
				"sender":	false
			}
		}, {
			"streams":	[{
					"socket":	5,
					"start":	933.001179,
					"end":	934.001188,
					"seconds":	1.0000089406967163,
					"bytes":	23940480,
					"bits_per_second":	191522127.65874213,
					"jitter_ms":	0.00928625006637483,
					"lost_packets":	65071,
					"packets":	82831,
					"lost_percent":	78.558752158008474,
					"omitted":	false,
					"sender":	false
				}],
			"sum":	{
				"start":	933.001179,
				"end":	934.001188,
				"seconds":	1.0000089406967163,
				"bytes":	23940480,
				"bits_per_second":	191522127.65874213,
				"jitter_ms":	0.00928625006637483,
				"lost_packets":	65071,
				"packets":	82831,
				"lost_percent":	78.558752158008474,
				"omitted":	false,
				"sender":	false
			}
		}, {
			"streams":	[{
					"socket":	5,
					"start":	934.001188,
					"end":	935.001098,
					"seconds":	0.999909996986389,
					"bytes":	23956656,
					"bits_per_second":	191670498.92252332,
					"jitter_ms":	0.00792644476806279,
					"lost_packets":	65145,
					"packets":	82917,
					"lost_percent":	78.566518325554469,
					"omitted":	false,
					"sender":	false
				}],
			"sum":	{
				"start":	934.001188,
				"end":	935.001098,
				"seconds":	0.999909996986389,
				"bytes":	23956656,
				"bits_per_second":	191670498.92252332,
				"jitter_ms":	0.00792644476806279,
				"lost_packets":	65145,
				"packets":	82917,
				"lost_percent":	78.566518325554469,
				"omitted":	false,
				"sender":	false
			}
		}, {
			"streams":	[{
					"socket":	5,
					"start":	935.001098,
					"end":	936.000627,
					"seconds":	0.999529004096985,
					"bytes":	24040232,
					"bits_per_second":	192412481.490471,
					"jitter_ms":	0.010662487519901016,
					"lost_packets":	66162,
					"packets":	83996,
					"lost_percent":	78.76803657317015,
					"omitted":	false,
					"sender":	false
				}],
			"sum":	{
				"start":	935.001098,
				"end":	936.000627,
				"seconds":	0.999529004096985,
				"bytes":	24040232,
				"bits_per_second":	192412481.490471,
				"jitter_ms":	0.010662487519901016,
				"lost_packets":	66162,
				"packets":	83996,
				"lost_percent":	78.76803657317015,
				"omitted":	false,
				"sender":	false
			}
		}, {
			"streams":	[{
					"socket":	5,
					"start":	936.000627,
					"end":	937.001105,
					"seconds":	1.0004780292510986,
					"bytes":	23944524,
					"bits_per_second":	191464666.288962,
					"jitter_ms":	0.018905706241088449,
					"lost_packets":	65345,
					"packets":	83108,
					"lost_percent":	78.626606343552965,
					"omitted":	false,
					"sender":	false
				}],
			"sum":	{
				"start":	936.000627,
				"end":	937.001105,
				"seconds":	1.0004780292510986,
				"bytes":	23944524,
				"bits_per_second":	191464666.288962,
				"jitter_ms":	0.018905706241088449,
				"lost_packets":	65345,
				"packets":	83108,
				"lost_percent":	78.626606343552965,
				"omitted":	false,
				"sender":	false
			}
		}, {
			"streams":	[{
					"socket":	5,
					"start":	937.001105,
					"end":	938.000512,
					"seconds":	0.99940699338912964,
					"bytes":	23980920,
					"bits_per_second":	191961194.2572251,
					"jitter_ms":	0.029439988380571575,
					"lost_packets":	65657,
					"packets":	83447,
					"lost_percent":	78.681079008232771,
					"omitted":	false,
					"sender":	false
				}],
			"sum":	{
				"start":	937.001105,
				"end":	938.000512,
				"seconds":	0.99940699338912964,
				"bytes":	23980920,
				"bits_per_second":	191961194.2572251,
				"jitter_ms":	0.029439988380571575,
				"lost_packets":	65657,
				"packets":	83447,
				"lost_percent":	78.681079008232771,
				"omitted":	false,
				"sender":	false
			}
		}, {
			"streams":	[{
					"socket":	5,
					"start":	938.000512,
					"end":	939.000419,
					"seconds":	0.99990701675415039,
					"bytes":	24011924,
					"bits_per_second":	192113255.31404984,
					"jitter_ms":	0.008181307410080876,
					"lost_packets":	66630,
					"packets":	84443,
					"lost_percent":	78.9052970642919,
					"omitted":	false,
					"sender":	false
				}],
			"sum":	{
				"start":	938.000512,
				"end":	939.000419,
				"seconds":	0.99990701675415039,
				"bytes":	24011924,
				"bits_per_second":	192113255.31404984,
				"jitter_ms":	0.008181307410080876,
				"lost_packets":	66630,
				"packets":	84443,
				"lost_percent":	78.9052970642919,
				"omitted":	false,
				"sender":	false
			}
		}, {
			"streams":	[{
					"socket":	5,
					"start":	939.000419,
					"end":	940.001084,
					"seconds":	1.0006649494171143,
					"bytes":	24478332,
					"bits_per_second":	195696527.70796931,
					"jitter_ms":	0.008254201033637127,
					"lost_packets":	66503,
					"packets":	84662,
					"lost_percent":	78.55117998629845,
					"omitted":	false,
					"sender":	false
				}],
			"sum":	{
				"start":	939.000419,
				"end":	940.001084,
				"seconds":	1.0006649494171143,
				"bytes":	24478332,
				"bits_per_second":	195696527.70796931,
				"jitter_ms":	0.008254201033637127,
				"lost_packets":	66503,
				"packets":	84662,
				"lost_percent":	78.55117998629845,
				"omitted":	false,
				"sender":	false
			}
		}, {
			"streams":	[{
					"socket":	5,
					"start":	940.001084,
					"end":	941.002928,
					"seconds":	1.001844048500061,
					"bytes":	23730192,
					"bits_per_second":	189492103.3710053,
					"jitter_ms":	0.014068511493286218,
					"lost_packets":	64849,
					"packets":	82453,
					"lost_percent":	78.649654954944026,
					"omitted":	false,
					"sender":	false
				}],
			"sum":	{
				"start":	940.001084,
				"end":	941.002928,
				"seconds":	1.001844048500061,
				"bytes":	23730192,
				"bits_per_second":	189492103.3710053,
				"jitter_ms":	0.014068511493286218,
				"lost_packets":	64849,
				"packets":	82453,
				"lost_percent":	78.649654954944026,
				"omitted":	false,
				"sender":	false
			}
		}, {
			"streams":	[{
					"socket":	5,
					"start":	941.002928,
					"end":	942.001084,
					"seconds":	0.99815601110458374,
					"bytes":	24036188,
					"bits_per_second":	192644738.759032,
					"jitter_ms":	0.0031160939968765951,
					"lost_packets":	66256,
					"packets":	84087,
					"lost_percent":	78.794581802181071,
					"omitted":	false,
					"sender":	false
				}],
			"sum":	{
				"start":	941.002928,
				"end":	942.001084,
				"seconds":	0.99815601110458374,
				"bytes":	24036188,
				"bits_per_second":	192644738.759032,
				"jitter_ms":	0.0031160939968765951,
				"lost_packets":	66256,
				"packets":	84087,
				"lost_percent":	78.794581802181071,
				"omitted":	false,
				"sender":	false
			}
		}, {
			"streams":	[{
					"socket":	5,
					"start":	942.001084,
					"end":	943.001498,
					"seconds":	1.00041401386261,
					"bytes":	23922956,
					"bits_per_second":	191304445.30766374,
					"jitter_ms":	0.016429570006401828,
					"lost_packets":	65490,
					"packets":	83237,
					"lost_percent":	78.678952869517161,
					"omitted":	false,
					"sender":	false
				}],
			"sum":	{
				"start":	942.001084,
				"end":	943.001498,
				"seconds":	1.00041401386261,
				"bytes":	23922956,
				"bits_per_second":	191304445.30766374,
				"jitter_ms":	0.016429570006401828,
				"lost_packets":	65490,
				"packets":	83237,
				"lost_percent":	78.678952869517161,
				"omitted":	false,
				"sender":	false
			}
		}, {
			"streams":	[{
					"socket":	5,
					"start":	943.001498,
					"end":	944.00121,
					"seconds":	0.99971199035644531,
					"bytes":	24005184,
					"bits_per_second":	192096797.73024228,
					"jitter_ms":	0.00813828141452059,
					"lost_packets":	65026,
					"packets":	82834,
					"lost_percent":	78.5015814762054,
					"omitted":	false,
					"sender":	false
				}],
			"sum":	{
				"start":	943.001498,
				"end":	944.00121,
				"seconds":	0.99971199035644531,
				"bytes":	24005184,
				"bits_per_second":	192096797.73024228,
				"jitter_ms":	0.00813828141452059,
				"lost_packets":	65026,
				"packets":	82834,
				"lost_percent":	78.5015814762054,
				"omitted":	false,
				"sender":	false
			}
		}, {
			"streams":	[{
					"socket":	5,
					"start":	944.00121,
					"end":	945.001101,
					"seconds":	0.99989098310470581,
					"bytes":	23873080,
					"bits_per_second":	191005462.82254115,
					"jitter_ms":	0.00929214252958285,
					"lost_packets":	64917,
					"packets":	82627,
					"lost_percent":	78.5663281978046,
					"omitted":	false,
					"sender":	false
				}],
			"sum":	{
				"start":	944.00121,
				"end":	945.001101,
				"seconds":	0.99989098310470581,
				"bytes":	23873080,
				"bits_per_second":	191005462.82254115,
				"jitter_ms":	0.00929214252958285,
				"lost_packets":	64917,
				"packets":	82627,
				"lost_percent":	78.5663281978046,
				"omitted":	false,
				"sender":	false
			}
		}, {
			"streams":	[{
					"socket":	5,
					"start":	945.001101,
					"end":	946.0011,
					"seconds":	0.99999898672103882,
					"bytes":	23956656,
					"bits_per_second":	191653442.19840083,
					"jitter_ms":	0.013661644340256161,
					"lost_packets":	65642,
					"packets":	83414,
					"lost_percent":	78.694223991176543,
					"omitted":	false,
					"sender":	false
				}],
			"sum":	{
				"start":	945.001101,
				"end":	946.0011,
				"seconds":	0.99999898672103882,
				"bytes":	23956656,
				"bits_per_second":	191653442.19840083,
				"jitter_ms":	0.013661644340256161,
				"lost_packets":	65642,
				"packets":	83414,
				"lost_percent":	78.694223991176543,
				"omitted":	false,
				"sender":	false
			}
		}, {
			"streams":	[{
					"socket":	5,
					"start":	946.0011,
					"end":	947.001179,
					"seconds":	1.0000790357589722,
					"bytes":	24006532,
					"bits_per_second":	192037078.20377338,
					"jitter_ms":	0.012283939868104,
					"lost_packets":	65895,
					"packets":	83704,
					"lost_percent":	78.723836375800445,
					"omitted":	false,
					"sender":	false
				}],
			"sum":	{
				"start":	946.0011,
				"end":	947.001179,
				"seconds":	1.0000790357589722,
				"bytes":	24006532,
				"bits_per_second":	192037078.20377338,
				"jitter_ms":	0.012283939868104,
				"lost_packets":	65895,
				"packets":	83704,
				"lost_percent":	78.723836375800445,
				"omitted":	false,
				"sender":	false
			}
		}, {
			"streams":	[{
					"socket":	5,
					"start":	947.001179,
					"end":	948.001785,
					"seconds":	1.0006059408187866,
					"bytes":	23925652,
					"bits_per_second":	191289306.00129646,
					"jitter_ms":	0.027792804597001838,
					"lost_packets":	65362,
					"packets":	83111,
					"lost_percent":	78.6442227863941,
					"omitted":	false,
					"sender":	false
				}],
			"sum":	{
				"start":	947.001179,
				"end":	948.001785,
				"seconds":	1.0006059408187866,
				"bytes":	23925652,
				"bits_per_second":	191289306.00129646,
				"jitter_ms":	0.027792804597001838,
				"lost_packets":	65362,
				"packets":	83111,
				"lost_percent":	78.6442227863941,
				"omitted":	false,
				"sender":	false
			}
		}, {
			"streams":	[{
					"socket":	5,
					"start":	948.001785,
					"end":	949.001096,
					"seconds":	0.99931097030639648,
					"bytes":	24272088,
					"bits_per_second":	194310589.76613048,
					"jitter_ms":	0.00971693542850298,
					"lost_packets":	66640,
					"packets":	84646,
					"lost_percent":	78.727878458521374,
					"omitted":	false,
					"sender":	false
				}],
			"sum":	{
				"start":	948.001785,
				"end":	949.001096,
				"seconds":	0.99931097030639648,
				"bytes":	24272088,
				"bits_per_second":	194310589.76613048,
				"jitter_ms":	0.00971693542850298,
				"lost_packets":	66640,
				"packets":	84646,
				"lost_percent":	78.727878458521374,
				"omitted":	false,
				"sender":	false
			}
		}, {
			"streams":	[{
					"socket":	5,
					"start":	949.001096,
					"end":	950.001101,
					"seconds":	1.0000050067901611,
					"bytes":	24206036,
					"bits_per_second":	193647318.44851127,
					"jitter_ms":	0.0059015388508222247,
					"lost_packets":	66625,
					"packets":	84582,
					"lost_percent":	78.769714596486253,
					"omitted":	false,
					"sender":	false
				}],
			"sum":	{
				"start":	949.001096,
				"end":	950.001101,
				"seconds":	1.0000050067901611,
				"bytes":	24206036,
				"bits_per_second":	193647318.44851127,
				"jitter_ms":	0.0059015388508222247,
				"lost_packets":	66625,
				"packets":	84582,
				"lost_percent":	78.769714596486253,
				"omitted":	false,
				"sender":	false
			}
		}, {
			"streams":	[{
					"socket":	5,
					"start":	950.001101,
					"end":	951.001088,
					"seconds":	0.999987006187439,
					"bytes":	23564388,
					"bits_per_second":	188517553.56175545,
					"jitter_ms":	0.00819627989990689,
					"lost_packets":	64640,
					"packets":	82121,
					"lost_percent":	78.7131184471694,
					"omitted":	false,
					"sender":	false
				}],
			"sum":	{
				"start":	950.001101,
				"end":	951.001088,
				"seconds":	0.999987006187439,
				"bytes":	23564388,
				"bits_per_second":	188517553.56175545,
				"jitter_ms":	0.00819627989990689,
				"lost_packets":	64640,
				"packets":	82121,
				"lost_percent":	78.7131184471694,
				"omitted":	false,
				"sender":	false
			}
		}, {
			"streams":	[{
					"socket":	5,
					"start":	951.001088,
					"end":	952.001429,
					"seconds":	1.0003410577774048,
					"bytes":	24011924,
					"bits_per_second":	192029898.70955086,
					"jitter_ms":	0.011517944289643922,
					"lost_packets":	65019,
					"packets":	82832,
					"lost_percent":	78.4950260768785,
					"omitted":	false,
					"sender":	false
				}],
			"sum":	{
				"start":	951.001088,
				"end":	952.001429,
				"seconds":	1.0003410577774048,
				"bytes":	24011924,
				"bits_per_second":	192029898.70955086,
				"jitter_ms":	0.011517944289643922,
				"lost_packets":	65019,
				"packets":	82832,
				"lost_percent":	78.4950260768785,
				"omitted":	false,
				"sender":	false
			}
		}, {
			"streams":	[{
					"socket":	5,
					"start":	952.001429,
					"end":	953.001127,
					"seconds":	0.999697983264923,
					"bytes":	23905432,
					"bits_per_second":	191301232.17355725,
					"jitter_ms":	0.035464251876621583,
					"lost_packets":	65366,
					"packets":	83100,
					"lost_percent":	78.659446450060173,
					"omitted":	false,
					"sender":	false
				}],
			"sum":	{
				"start":	952.001429,
				"end":	953.001127,
				"seconds":	0.999697983264923,
				"bytes":	23905432,
				"bits_per_second":	191301232.17355725,
				"jitter_ms":	0.035464251876621583,
				"lost_packets":	65366,
				"packets":	83100,
				"lost_percent":	78.659446450060173,
				"omitted":	false,
				"sender":	false
			}
		}, {
			"streams":	[{
					"socket":	5,
					"start":	953.001127,
					"end":	954.00128,
					"seconds":	1.0001529455184937,
					"bytes":	23966092,
					"bits_per_second":	191699416.43335867,
					"jitter_ms":	0.00801138544865493,
					"lost_packets":	64723,
					"packets":	82502,
					"lost_percent":	78.4502193886209,
					"omitted":	false,
					"sender":	false
				}],
			"sum":	{
				"start":	953.001127,
				"end":	954.00128,
				"seconds":	1.0001529455184937,
				"bytes":	23966092,
				"bits_per_second":	191699416.43335867,
				"jitter_ms":	0.00801138544865493,
				"lost_packets":	64723,
				"packets":	82502,
				"lost_percent":	78.4502193886209,
				"omitted":	false,
				"sender":	false
			}
		}, {
			"streams":	[{
					"socket":	5,
					"start":	954.00128,
					"end":	955.001125,
					"seconds":	0.999845027923584,
					"bytes":	26976176,
					"bits_per_second":	215842857.61582428,
					"jitter_ms":	0.019176311697301066,
					"lost_packets":	7490,
					"packets":	27502,
					"lost_percent":	27.234382953966985,
					"omitted":	false,
					"sender":	false
				}],
			"sum":	{
				"start":	954.00128,
				"end":	955.001125,
				"seconds":	0.999845027923584,
				"bytes":	26976176,
				"bits_per_second":	215842857.61582428,
				"jitter_ms":	0.019176311697301066,
				"lost_packets":	7490,
				"packets":	27502,
				"lost_percent":	27.234382953966985,
				"omitted":	false,
				"sender":	false
			}
		}, {
			"streams":	[{
					"socket":	5,
					"start":	955.001125,
					"end":	956.00113,
					"seconds":	1.0000050067901611,
					"bytes":	20798292,
					"bits_per_second":	166385502.94270092,
					"jitter_ms":	0.046972870406279114,
					"lost_packets":	124764,
					"packets":	140193,
					"lost_percent":	88.9944576405384,
					"omitted":	false,
					"sender":	false
				}],
			"sum":	{
				"start":	955.001125,
				"end":	956.00113,
				"seconds":	1.0000050067901611,
				"bytes":	20798292,
				"bits_per_second":	166385502.94270092,
				"jitter_ms":	0.046972870406279114,
				"lost_packets":	124764,
				"packets":	140193,
				"lost_percent":	88.9944576405384,
				"omitted":	false,
				"sender":	false
			}
		}, {
			"streams":	[{
					"socket":	5,
					"start":	956.00113,
					"end":	957.00267,
					"seconds":	1.001539945602417,
					"bytes":	24606392,
					"bits_per_second":	196548462.06018859,
					"jitter_ms":	0.0071890462666991421,
					"lost_packets":	67657,
					"packets":	85911,
					"lost_percent":	78.752429840183439,
					"omitted":	false,
					"sender":	false
				}],
			"sum":	{
				"start":	956.00113,
				"end":	957.00267,
				"seconds":	1.001539945602417,
				"bytes":	24606392,
				"bits_per_second":	196548462.06018859,
				"jitter_ms":	0.0071890462666991421,
				"lost_packets":	67657,
				"packets":	85911,
				"lost_percent":	78.752429840183439,
				"omitted":	false,
				"sender":	false
			}
		}, {
			"streams":	[{
					"socket":	5,
					"start":	957.00267,
					"end":	958.001357,
					"seconds":	0.9986870288848877,
					"bytes":	23351404,
					"bits_per_second":	187056832.2175861,
					"jitter_ms":	0.0242926693231182,
					"lost_packets":	63776,
					"packets":	81099,
					"lost_percent":	78.6396872957743,
					"omitted":	false,
					"sender":	false
				}],
			"sum":	{
				"start":	957.00267,
				"end":	958.001357,
				"seconds":	0.9986870288848877,
				"bytes":	23351404,
				"bits_per_second":	187056832.2175861,
				"jitter_ms":	0.0242926693231182,
				"lost_packets":	63776,
				"packets":	81099,
				"lost_percent":	78.6396872957743,
				"omitted":	false,
				"sender":	false
			}
		}, {
			"streams":	[{
					"socket":	5,
					"start":	958.001357,
					"end":	959.001109,
					"seconds":	0.9997519850730896,
					"bytes":	23785460,
					"bits_per_second":	190330884.90050739,
					"jitter_ms":	0.0450619952024121,
					"lost_packets":	66318,
					"packets":	83963,
					"lost_percent":	78.9847909198099,
					"omitted":	false,
					"sender":	false
				}],
			"sum":	{
				"start":	958.001357,
				"end":	959.001109,
				"seconds":	0.9997519850730896,
				"bytes":	23785460,
				"bits_per_second":	190330884.90050739,
				"jitter_ms":	0.0450619952024121,
				"lost_packets":	66318,
				"packets":	83963,
				"lost_percent":	78.9847909198099,
				"omitted":	false,
				"sender":	false
			}
		}, {
			"streams":	[{
					"socket":	5,
					"start":	959.001109,
					"end":	960.001082,
					"seconds":	0.99997299909591675,
					"bytes":	24939348,
					"bits_per_second":	199520171.22500592,
					"jitter_ms":	0.012218184861799987,
					"lost_packets":	67472,
					"packets":	85973,
					"lost_percent":	78.4804531655287,
					"omitted":	false,
					"sender":	false
				}],
			"sum":	{
				"start":	959.001109,
				"end":	960.001082,
				"seconds":	0.99997299909591675,
				"bytes":	24939348,
				"bits_per_second":	199520171.22500592,
				"jitter_ms":	0.012218184861799987,
				"lost_packets":	67472,
				"packets":	85973,
				"lost_percent":	78.4804531655287,
				"omitted":	false,
				"sender":	false
			}
		}, {
			"streams":	[{
					"socket":	5,
					"start":	960.001082,
					"end":	961.000107,
					"seconds":	0.999024987220764,
					"bytes":	23162684,
					"bits_per_second":	185482319.63196346,
					"jitter_ms":	0.0130170527772281,
					"lost_packets":	63109,
					"packets":	80292,
					"lost_percent":	78.5993623275046,
					"omitted":	false,
					"sender":	false
				}],
			"sum":	{
				"start":	960.001082,
				"end":	961.000107,
				"seconds":	0.999024987220764,
				"bytes":	23162684,
				"bits_per_second":	185482319.63196346,
				"jitter_ms":	0.0130170527772281,
				"lost_packets":	63109,
				"packets":	80292,
				"lost_percent":	78.5993623275046,
				"omitted":	false,
				"sender":	false
			}
		}, {
			"streams":	[{
					"socket":	5,
					"start":	961.000107,
					"end":	962.001132,
					"seconds":	1.0010249614715576,
					"bytes":	24220864,
					"bits_per_second":	193568511.73336655,
					"jitter_ms":	0.040573976258309351,
					"lost_packets":	65705,
					"packets":	83673,
					"lost_percent":	78.52592831618324,
					"omitted":	false,
					"sender":	false
				}],
			"sum":	{
				"start":	961.000107,
				"end":	962.001132,
				"seconds":	1.0010249614715576,
				"bytes":	24220864,
				"bits_per_second":	193568511.73336655,
				"jitter_ms":	0.040573976258309351,
				"lost_packets":	65705,
				"packets":	83673,
				"lost_percent":	78.52592831618324,
				"omitted":	false,
				"sender":	false
			}
		}, {
			"streams":	[{
					"socket":	5,
					"start":	962.001132,
					"end":	963.001175,
					"seconds":	1.0000430345535278,
					"bytes":	23670880,
					"bits_per_second":	189358891.02466822,
					"jitter_ms":	0.048444148406084811,
					"lost_packets":	65060,
					"packets":	82620,
					"lost_percent":	78.746066327765675,
					"omitted":	false,
					"sender":	false
				}],
			"sum":	{
				"start":	962.001132,
				"end":	963.001175,
				"seconds":	1.0000430345535278,
				"bytes":	23670880,
				"bits_per_second":	189358891.02466822,
				"jitter_ms":	0.048444148406084811,
				"lost_packets":	65060,
				"packets":	82620,
				"lost_percent":	78.746066327765675,
				"omitted":	false,
				"sender":	false
			}
		}, {
			"streams":	[{
					"socket":	5,
					"start":	963.001175,
					"end":	964.001093,
					"seconds":	0.999917984008789,
					"bytes":	24505292,
					"bits_per_second":	196058415.92531735,
					"jitter_ms":	0.018601354153904039,
					"lost_packets":	67307,
					"packets":	85486,
					"lost_percent":	78.7345296305828,
					"omitted":	false,
					"sender":	false
				}],
			"sum":	{
				"start":	963.001175,
				"end":	964.001093,
				"seconds":	0.999917984008789,
				"bytes":	24505292,
				"bits_per_second":	196058415.92531735,
				"jitter_ms":	0.018601354153904039,
				"lost_packets":	67307,
				"packets":	85486,
				"lost_percent":	78.7345296305828,
				"omitted":	false,
				"sender":	false
			}
		}, {
			"streams":	[{
					"socket":	5,
					"start":	964.001093,
					"end":	965.00109,
					"seconds":	0.99999701976776123,
					"bytes":	23972832,
					"bits_per_second":	191783227.55855763,
					"jitter_ms":	0.0073334321653280576,
					"lost_packets":	65553,
					"packets":	83337,
					"lost_percent":	78.660138953886033,
					"omitted":	false,
					"sender":	false
				}],
			"sum":	{
				"start":	964.001093,
				"end":	965.00109,
				"seconds":	0.99999701976776123,
				"bytes":	23972832,
				"bits_per_second":	191783227.55855763,
				"jitter_ms":	0.0073334321653280576,
				"lost_packets":	65553,
				"packets":	83337,
				"lost_percent":	78.660138953886033,
				"omitted":	false,
				"sender":	false
			}
		}, {
			"streams":	[{
					"socket":	5,
					"start":	965.00109,
					"end":	966.001091,
					"seconds":	1.0000009536743164,
					"bytes":	24327356,
					"bits_per_second":	194618662.39718017,
					"jitter_ms":	0.0077672659275722453,
					"lost_packets":	66795,
					"packets":	84842,
					"lost_percent":	78.728695693170835,
					"omitted":	false,
					"sender":	false
				}],
			"sum":	{
				"start":	965.00109,
				"end":	966.001091,
				"seconds":	1.0000009536743164,
				"bytes":	24327356,
				"bits_per_second":	194618662.39718017,
				"jitter_ms":	0.0077672659275722453,
				"lost_packets":	66795,
				"packets":	84842,
				"lost_percent":	78.728695693170835,
				"omitted":	false,
				"sender":	false
			}
		}, {
			"streams":	[{
					"socket":	5,
					"start":	966.001091,
					"end":	967.001098,
					"seconds":	1.0000070333480835,
					"bytes":	24021360,
					"bits_per_second":	192169528.40481567,
					"jitter_ms":	0.0452673209308949,
					"lost_packets":	66016,
					"packets":	83836,
					"lost_percent":	78.74421489574884,
					"omitted":	false,
					"sender":	false
				}],
			"sum":	{
				"start":	966.001091,
				"end":	967.001098,
				"seconds":	1.0000070333480835,
				"bytes":	24021360,
				"bits_per_second":	192169528.40481567,
				"jitter_ms":	0.0452673209308949,
				"lost_packets":	66016,
				"packets":	83836,
				"lost_percent":	78.74421489574884,
				"omitted":	false,
				"sender":	false
			}
		}, {
			"streams":	[{
					"socket":	5,
					"start":	967.001098,
					"end":	968.001388,
					"seconds":	1.0002900362014771,
					"bytes":	23668184,
					"bits_per_second":	189290570.881846,
					"jitter_ms":	0.0082419474945007,
					"lost_packets":	64858,
					"packets":	82418,
					"lost_percent":	78.693974617195266,
					"omitted":	false,
					"sender":	false
				}],
			"sum":	{
				"start":	967.001098,
				"end":	968.001388,
				"seconds":	1.0002900362014771,
				"bytes":	23668184,
				"bits_per_second":	189290570.881846,
				"jitter_ms":	0.0082419474945007,
				"lost_packets":	64858,
				"packets":	82418,
				"lost_percent":	78.693974617195266,
				"omitted":	false,
				"sender":	false
			}
		}, {
			"streams":	[{
					"socket":	5,
					"start":	968.001388,
					"end":	969.000346,
					"seconds":	0.99895799160003662,
					"bytes":	24033492,
					"bits_per_second":	192468489.78308225,
					"jitter_ms":	0.015468952308893372,
					"lost_packets":	65848,
					"packets":	83678,
					"lost_percent":	78.692129352996,
					"omitted":	false,
					"sender":	false
				}],
			"sum":	{
				"start":	968.001388,
				"end":	969.000346,
				"seconds":	0.99895799160003662,
				"bytes":	24033492,
				"bits_per_second":	192468489.78308225,
				"jitter_ms":	0.015468952308893372,
				"lost_packets":	65848,
				"packets":	83678,
				"lost_percent":	78.692129352996,
				"omitted":	false,
				"sender":	false
			}
		}, {
			"streams":	[{
					"socket":	5,
					"start":	969.000346,
					"end":	970.001093,
					"seconds":	1.0007469654083252,
					"bytes":	23424196,
					"bits_per_second":	187253695.966532,
					"jitter_ms":	0.011090288755102321,
					"lost_packets":	64374,
					"packets":	81751,
					"lost_percent":	78.7439908991939,
					"omitted":	false,
					"sender":	false
				}],
			"sum":	{
				"start":	969.000346,
				"end":	970.001093,
				"seconds":	1.0007469654083252,
				"bytes":	23424196,
				"bits_per_second":	187253695.966532,
				"jitter_ms":	0.011090288755102321,
				"lost_packets":	64374,
				"packets":	81751,
				"lost_percent":	78.7439908991939,
				"omitted":	false,
				"sender":	false
			}
		}, {
			"streams":	[{
					"socket":	5,
					"start":	970.001093,
					"end":	971.000651,
					"seconds":	0.9995579719543457,
					"bytes":	23782764,
					"bits_per_second":	190346250.38105357,
					"jitter_ms":	0.017114070907977522,
					"lost_packets":	65697,
					"packets":	83340,
					"lost_percent":	78.8300935925126,
					"omitted":	false,
					"sender":	false
				}],
			"sum":	{
				"start":	970.001093,
				"end":	971.000651,
				"seconds":	0.9995579719543457,
				"bytes":	23782764,
				"bits_per_second":	190346250.38105357,
				"jitter_ms":	0.017114070907977522,
				"lost_packets":	65697,
				"packets":	83340,
				"lost_percent":	78.8300935925126,
				"omitted":	false,
				"sender":	false
			}
		}, {
			"streams":	[{
					"socket":	5,
					"start":	971.000651,
					"end":	972.001109,
					"seconds":	1.0004580020904541,
					"bytes":	23437676,
					"bits_per_second":	187415571.27657169,
					"jitter_ms":	0.0330222500258177,
					"lost_packets":	64630,
					"packets":	82017,
					"lost_percent":	78.8007364326908,
					"omitted":	false,
					"sender":	false
				}],
			"sum":	{
				"start":	971.000651,
				"end":	972.001109,
				"seconds":	1.0004580020904541,
				"bytes":	23437676,
				"bits_per_second":	187415571.27657169,
				"jitter_ms":	0.0330222500258177,
				"lost_packets":	64630,
				"packets":	82017,
				"lost_percent":	78.8007364326908,
				"omitted":	false,
				"sender":	false
			}
		}, {
			"streams":	[{
					"socket":	5,
					"start":	972.001109,
					"end":	973.001893,
					"seconds":	1.0007840394973755,
					"bytes":	24332748,
					"bits_per_second":	194509480.88437265,
					"jitter_ms":	0.0031216954897389593,
					"lost_packets":	67132,
					"packets":	85187,
					"lost_percent":	78.8054515360325,
					"omitted":	false,
					"sender":	false
				}],
			"sum":	{
				"start":	972.001109,
				"end":	973.001893,
				"seconds":	1.0007840394973755,
				"bytes":	24332748,
				"bits_per_second":	194509480.88437265,
				"jitter_ms":	0.0031216954897389593,
				"lost_packets":	67132,
				"packets":	85187,
				"lost_percent":	78.8054515360325,
				"omitted":	false,
				"sender":	false
			}
		}, {
			"streams":	[{
					"socket":	5,
					"start":	973.001893,
					"end":	974.001077,
					"seconds":	0.999184012413025,
					"bytes":	24832856,
					"bits_per_second":	198825086.80281034,
					"jitter_ms":	0.0041168611918154553,
					"lost_packets":	66768,
					"packets":	85192,
					"lost_percent":	78.3735562024603,
					"omitted":	false,
					"sender":	false
				}],
			"sum":	{
				"start":	973.001893,
				"end":	974.001077,
				"seconds":	0.999184012413025,
				"bytes":	24832856,
				"bits_per_second":	198825086.80281034,
				"jitter_ms":	0.0041168611918154553,
				"lost_packets":	66768,
				"packets":	85192,
				"lost_percent":	78.3735562024603,
				"omitted":	false,
				"sender":	false
			}
		}, {
			"streams":	[{
					"socket":	5,
					"start":	974.001077,
					"end":	975.001089,
					"seconds":	1.0000120401382446,
					"bytes":	23931044,
					"bits_per_second":	191446046.96312818,
					"jitter_ms":	0.022754376759581627,
					"lost_packets":	66165,
					"packets":	83918,
					"lost_percent":	78.8448247098358,
					"omitted":	false,
					"sender":	false
				}],
			"sum":	{
				"start":	974.001077,
				"end":	975.001089,
				"seconds":	1.0000120401382446,
				"bytes":	23931044,
				"bits_per_second":	191446046.96312818,
				"jitter_ms":	0.022754376759581627,
				"lost_packets":	66165,
				"packets":	83918,
				"lost_percent":	78.8448247098358,
				"omitted":	false,
				"sender":	false
			}
		}, {
			"streams":	[{
					"socket":	5,
					"start":	975.001089,
					"end":	976.0012,
					"seconds":	1.0001109838485718,
					"bytes":	23522600,
					"bits_per_second":	188159917.28823242,
					"jitter_ms":	0.029322941082212565,
					"lost_packets":	64980,
					"packets":	82430,
					"lost_percent":	78.8305228678879,
					"omitted":	false,
					"sender":	false
				}],
			"sum":	{
				"start":	975.001089,
				"end":	976.0012,
				"seconds":	1.0001109838485718,
				"bytes":	23522600,
				"bits_per_second":	188159917.28823242,
				"jitter_ms":	0.029322941082212565,
				"lost_packets":	64980,
				"packets":	82430,
				"lost_percent":	78.8305228678879,
				"omitted":	false,
				"sender":	false
			}
		}, {
			"streams":	[{
					"socket":	5,
					"start":	976.0012,
					"end":	977.00031,
					"seconds":	0.999109983444214,
					"bytes":	24048320,
					"bits_per_second":	192557939.75432941,
					"jitter_ms":	0.0088611394561074145,
					"lost_packets":	65088,
					"packets":	82928,
					"lost_percent":	78.4873625313525,
					"omitted":	false,
					"sender":	false
				}],
			"sum":	{
				"start":	976.0012,
				"end":	977.00031,
				"seconds":	0.999109983444214,
				"bytes":	24048320,
				"bits_per_second":	192557939.75432941,
				"jitter_ms":	0.0088611394561074145,
				"lost_packets":	65088,
				"packets":	82928,
				"lost_percent":	78.4873625313525,
				"omitted":	false,
				"sender":	false
			}
		}, {
			"streams":	[{
					"socket":	5,
					"start":	977.00031,
					"end":	978.001188,
					"seconds":	1.0008779764175415,
					"bytes":	24375884,
					"bits_per_second":	194836010.57742515,
					"jitter_ms":	0.011250443982812769,
					"lost_packets":	66367,
					"packets":	84450,
					"lost_percent":	78.587329780935463,
					"omitted":	false,
					"sender":	false
				}],
			"sum":	{
				"start":	977.00031,
				"end":	978.001188,
				"seconds":	1.0008779764175415,
				"bytes":	24375884,
				"bits_per_second":	194836010.57742515,
				"jitter_ms":	0.011250443982812769,
				"lost_packets":	66367,
				"packets":	84450,
				"lost_percent":	78.587329780935463,
				"omitted":	false,
				"sender":	false
			}
		}, {
			"streams":	[{
					"socket":	5,
					"start":	978.001188,
					"end":	979.00154,
					"seconds":	1.0003520250320435,
					"bytes":	24241084,
					"bits_per_second":	193860428.276524,
					"jitter_ms":	0.004036357504977447,
					"lost_packets":	65844,
					"packets":	83830,
					"lost_percent":	78.544673744482878,
					"omitted":	false,
					"sender":	false
				}],
			"sum":	{
				"start":	978.001188,
				"end":	979.00154,
				"seconds":	1.0003520250320435,
				"bytes":	24241084,
				"bits_per_second":	193860428.276524,
				"jitter_ms":	0.004036357504977447,
				"lost_packets":	65844,
				"packets":	83830,
				"lost_percent":	78.544673744482878,
				"omitted":	false,
				"sender":	false
			}
		}, {
			"streams":	[{
					"socket":	5,
					"start":	979.00154,
					"end":	980.0011,
					"seconds":	0.999559998512268,
					"bytes":	23800288,
					"bits_per_second":	190486118.17538944,
					"jitter_ms":	0.0096414720732145836,
					"lost_packets":	65625,
					"packets":	83282,
					"lost_percent":	78.79853990057876,
					"omitted":	false,
					"sender":	false
				}],
			"sum":	{
				"start":	979.00154,
				"end":	980.0011,
				"seconds":	0.999559998512268,
				"bytes":	23800288,
				"bits_per_second":	190486118.17538944,
				"jitter_ms":	0.0096414720732145836,
				"lost_packets":	65625,
				"packets":	83282,
				"lost_percent":	78.79853990057876,
				"omitted":	false,
				"sender":	false
			}
		}, {
			"streams":	[{
					"socket":	5,
					"start":	980.0011,
					"end":	981.001199,
					"seconds":	1.0000989437103271,
					"bytes":	24152116,
					"bits_per_second":	193197812.29162478,
					"jitter_ms":	0.015297997060964196,
					"lost_packets":	65164,
					"packets":	83081,
					"lost_percent":	78.434299057546255,
					"omitted":	false,
					"sender":	false
				}],
			"sum":	{
				"start":	980.0011,
				"end":	981.001199,
				"seconds":	1.0000989437103271,
				"bytes":	24152116,
				"bits_per_second":	193197812.29162478,
				"jitter_ms":	0.015297997060964196,
				"lost_packets":	65164,
				"packets":	83081,
				"lost_percent":	78.434299057546255,
				"omitted":	false,
				"sender":	false
			}
		}, {
			"streams":	[{
					"socket":	5,
					"start":	981.001199,
					"end":	982.002002,
					"seconds":	1.0008029937744141,
					"bytes":	23687056,
					"bits_per_second":	189344405.62106615,
					"jitter_ms":	0.039128304934824949,
					"lost_packets":	65112,
					"packets":	82685,
					"lost_percent":	78.7470520650662,
					"omitted":	false,
					"sender":	false
				}],
			"sum":	{
				"start":	981.001199,
				"end":	982.002002,
				"seconds":	1.0008029937744141,
				"bytes":	23687056,
				"bits_per_second":	189344405.62106615,
				"jitter_ms":	0.039128304934824949,
				"lost_packets":	65112,
				"packets":	82685,
				"lost_percent":	78.7470520650662,
				"omitted":	false,
				"sender":	false
			}
		}, {
			"streams":	[{
					"socket":	5,
					"start":	982.002002,
					"end":	983.001076,
					"seconds":	0.99907398223876953,
					"bytes":	24060452,
					"bits_per_second":	192662024.45656139,
					"jitter_ms":	0.021163499616696512,
					"lost_packets":	66448,
					"packets":	84304,
					"lost_percent":	78.8195103435187,
					"omitted":	false,
					"sender":	false
				}],
			"sum":	{
				"start":	982.002002,
				"end":	983.001076,
				"seconds":	0.99907398223876953,
				"bytes":	24060452,
				"bits_per_second":	192662024.45656139,
				"jitter_ms":	0.021163499616696512,
				"lost_packets":	66448,
				"packets":	84304,
				"lost_percent":	78.8195103435187,
				"omitted":	false,
				"sender":	false
			}
		}, {
			"streams":	[{
					"socket":	5,
					"start":	983.001076,
					"end":	984.001177,
					"seconds":	1.0001009702682495,
					"bytes":	17436380,
					"bits_per_second":	139476956.97423968,
					"jitter_ms":	0.015310269616977217,
					"lost_packets":	47516,
					"packets":	60451,
					"lost_percent":	78.602504507783166,
					"omitted":	false,
					"sender":	false
				}],
			"sum":	{
				"start":	983.001076,
				"end":	984.001177,
				"seconds":	1.0001009702682495,
				"bytes":	17436380,
				"bits_per_second":	139476956.97423968,
				"jitter_ms":	0.015310269616977217,
				"lost_packets":	47516,
				"packets":	60451,
				"lost_percent":	78.602504507783166,
				"omitted":	false,
				"sender":	false
			}
		}, {
			"streams":	[{
					"socket":	5,
					"start":	984.001177,
					"end":	985.002003,
					"seconds":	1.0008260011672974,
					"bytes":	0,
					"bits_per_second":	0,
					"jitter_ms":	0.015310269616977217,
					"lost_packets":	0,
					"packets":	0,
					"lost_percent":	0,
					"omitted":	false,
					"sender":	false
				}],
			"sum":	{
				"start":	984.001177,
				"end":	985.002003,
				"seconds":	1.0008260011672974,
				"bytes":	0,
				"bits_per_second":	0,
				"jitter_ms":	0.015310269616977217,
				"lost_packets":	0,
				"packets":	0,
				"lost_percent":	0,
				"omitted":	false,
				"sender":	false
			}
		}, {
			"streams":	[{
					"socket":	5,
					"start":	985.002003,
					"end":	986.001936,
					"seconds":	0.99993300437927246,
					"bytes":	0,
					"bits_per_second":	0,
					"jitter_ms":	0.015310269616977217,
					"lost_packets":	0,
					"packets":	0,
					"lost_percent":	0,
					"omitted":	false,
					"sender":	false
				}],
			"sum":	{
				"start":	985.002003,
				"end":	986.001936,
				"seconds":	0.99993300437927246,
				"bytes":	0,
				"bits_per_second":	0,
				"jitter_ms":	0.015310269616977217,
				"lost_packets":	0,
				"packets":	0,
				"lost_percent":	0,
				"omitted":	false,
				"sender":	false
			}
		}, {
			"streams":	[{
					"socket":	5,
					"start":	986.001936,
					"end":	987.00184,
					"seconds":	0.999903976917267,
					"bytes":	0,
					"bits_per_second":	0,
					"jitter_ms":	0.015310269616977217,
					"lost_packets":	0,
					"packets":	0,
					"lost_percent":	0,
					"omitted":	false,
					"sender":	false
				}],
			"sum":	{
				"start":	986.001936,
				"end":	987.00184,
				"seconds":	0.999903976917267,
				"bytes":	0,
				"bits_per_second":	0,
				"jitter_ms":	0.015310269616977217,
				"lost_packets":	0,
				"packets":	0,
				"lost_percent":	0,
				"omitted":	false,
				"sender":	false
			}
		}, {
			"streams":	[{
					"socket":	5,
					"start":	987.00184,
					"end":	988.002054,
					"seconds":	1.0002139806747437,
					"bytes":	0,
					"bits_per_second":	0,
					"jitter_ms":	0.015310269616977217,
					"lost_packets":	0,
					"packets":	0,
					"lost_percent":	0,
					"omitted":	false,
					"sender":	false
				}],
			"sum":	{
				"start":	987.00184,
				"end":	988.002054,
				"seconds":	1.0002139806747437,
				"bytes":	0,
				"bits_per_second":	0,
				"jitter_ms":	0.015310269616977217,
				"lost_packets":	0,
				"packets":	0,
				"lost_percent":	0,
				"omitted":	false,
				"sender":	false
			}
		}, {
			"streams":	[{
					"socket":	5,
					"start":	988.002054,
					"end":	989.001823,
					"seconds":	0.99976897239685059,
					"bytes":	0,
					"bits_per_second":	0,
					"jitter_ms":	0.015310269616977217,
					"lost_packets":	0,
					"packets":	0,
					"lost_percent":	0,
					"omitted":	false,
					"sender":	false
				}],
			"sum":	{
				"start":	988.002054,
				"end":	989.001823,
				"seconds":	0.99976897239685059,
				"bytes":	0,
				"bits_per_second":	0,
				"jitter_ms":	0.015310269616977217,
				"lost_packets":	0,
				"packets":	0,
				"lost_percent":	0,
				"omitted":	false,
				"sender":	false
			}
		}, {
			"streams":	[{
					"socket":	5,
					"start":	989.001823,
					"end":	990.001835,
					"seconds":	1.0000120401382446,
					"bytes":	0,
					"bits_per_second":	0,
					"jitter_ms":	0.015310269616977217,
					"lost_packets":	0,
					"packets":	0,
					"lost_percent":	0,
					"omitted":	false,
					"sender":	false
				}],
			"sum":	{
				"start":	989.001823,
				"end":	990.001835,
				"seconds":	1.0000120401382446,
				"bytes":	0,
				"bits_per_second":	0,
				"jitter_ms":	0.015310269616977217,
				"lost_packets":	0,
				"packets":	0,
				"lost_percent":	0,
				"omitted":	false,
				"sender":	false
			}
		}, {
			"streams":	[{
					"socket":	5,
					"start":	990.001835,
					"end":	991.001979,
					"seconds":	1.0001440048217773,
					"bytes":	0,
					"bits_per_second":	0,
					"jitter_ms":	0.015310269616977217,
					"lost_packets":	0,
					"packets":	0,
					"lost_percent":	0,
					"omitted":	false,
					"sender":	false
				}],
			"sum":	{
				"start":	990.001835,
				"end":	991.001979,
				"seconds":	1.0001440048217773,
				"bytes":	0,
				"bits_per_second":	0,
				"jitter_ms":	0.015310269616977217,
				"lost_packets":	0,
				"packets":	0,
				"lost_percent":	0,
				"omitted":	false,
				"sender":	false
			}
		}, {
			"streams":	[{
					"socket":	5,
					"start":	991.001979,
					"end":	992.001831,
					"seconds":	0.99985200166702271,
					"bytes":	0,
					"bits_per_second":	0,
					"jitter_ms":	0.015310269616977217,
					"lost_packets":	0,
					"packets":	0,
					"lost_percent":	0,
					"omitted":	false,
					"sender":	false
				}],
			"sum":	{
				"start":	991.001979,
				"end":	992.001831,
				"seconds":	0.99985200166702271,
				"bytes":	0,
				"bits_per_second":	0,
				"jitter_ms":	0.015310269616977217,
				"lost_packets":	0,
				"packets":	0,
				"lost_percent":	0,
				"omitted":	false,
				"sender":	false
			}
		}, {
			"streams":	[{
					"socket":	5,
					"start":	992.001831,
					"end":	993.001136,
					"seconds":	0.999305009841919,
					"bytes":	0,
					"bits_per_second":	0,
					"jitter_ms":	0.015310269616977217,
					"lost_packets":	0,
					"packets":	0,
					"lost_percent":	0,
					"omitted":	false,
					"sender":	false
				}],
			"sum":	{
				"start":	992.001831,
				"end":	993.001136,
				"seconds":	0.999305009841919,
				"bytes":	0,
				"bits_per_second":	0,
				"jitter_ms":	0.015310269616977217,
				"lost_packets":	0,
				"packets":	0,
				"lost_percent":	0,
				"omitted":	false,
				"sender":	false
			}
		}, {
			"streams":	[{
					"socket":	5,
					"start":	993.001136,
					"end":	994.001734,
					"seconds":	1.0005979537963867,
					"bytes":	0,
					"bits_per_second":	0,
					"jitter_ms":	0.015310269616977217,
					"lost_packets":	0,
					"packets":	0,
					"lost_percent":	0,
					"omitted":	false,
					"sender":	false
				}],
			"sum":	{
				"start":	993.001136,
				"end":	994.001734,
				"seconds":	1.0005979537963867,
				"bytes":	0,
				"bits_per_second":	0,
				"jitter_ms":	0.015310269616977217,
				"lost_packets":	0,
				"packets":	0,
				"lost_percent":	0,
				"omitted":	false,
				"sender":	false
			}
		}, {
			"streams":	[{
					"socket":	5,
					"start":	994.001734,
					"end":	995.001891,
					"seconds":	1.0001569986343384,
					"bytes":	0,
					"bits_per_second":	0,
					"jitter_ms":	0.015310269616977217,
					"lost_packets":	0,
					"packets":	0,
					"lost_percent":	0,
					"omitted":	false,
					"sender":	false
				}],
			"sum":	{
				"start":	994.001734,
				"end":	995.001891,
				"seconds":	1.0001569986343384,
				"bytes":	0,
				"bits_per_second":	0,
				"jitter_ms":	0.015310269616977217,
				"lost_packets":	0,
				"packets":	0,
				"lost_percent":	0,
				"omitted":	false,
				"sender":	false
			}
		}, {
			"streams":	[{
					"socket":	5,
					"start":	995.001891,
					"end":	996.001835,
					"seconds":	0.999943971633911,
					"bytes":	0,
					"bits_per_second":	0,
					"jitter_ms":	0.015310269616977217,
					"lost_packets":	0,
					"packets":	0,
					"lost_percent":	0,
					"omitted":	false,
					"sender":	false
				}],
			"sum":	{
				"start":	995.001891,
				"end":	996.001835,
				"seconds":	0.999943971633911,
				"bytes":	0,
				"bits_per_second":	0,
				"jitter_ms":	0.015310269616977217,
				"lost_packets":	0,
				"packets":	0,
				"lost_percent":	0,
				"omitted":	false,
				"sender":	false
			}
		}, {
			"streams":	[{
					"socket":	5,
					"start":	996.001835,
					"end":	997.001895,
					"seconds":	1.000059962272644,
					"bytes":	0,
					"bits_per_second":	0,
					"jitter_ms":	0.015310269616977217,
					"lost_packets":	0,
					"packets":	0,
					"lost_percent":	0,
					"omitted":	false,
					"sender":	false
				}],
			"sum":	{
				"start":	996.001835,
				"end":	997.001895,
				"seconds":	1.000059962272644,
				"bytes":	0,
				"bits_per_second":	0,
				"jitter_ms":	0.015310269616977217,
				"lost_packets":	0,
				"packets":	0,
				"lost_percent":	0,
				"omitted":	false,
				"sender":	false
			}
		}, {
			"streams":	[{
					"socket":	5,
					"start":	997.001895,
					"end":	998.001828,
					"seconds":	0.99993300437927246,
					"bytes":	0,
					"bits_per_second":	0,
					"jitter_ms":	0.015310269616977217,
					"lost_packets":	0,
					"packets":	0,
					"lost_percent":	0,
					"omitted":	false,
					"sender":	false
				}],
			"sum":	{
				"start":	997.001895,
				"end":	998.001828,
				"seconds":	0.99993300437927246,
				"bytes":	0,
				"bits_per_second":	0,
				"jitter_ms":	0.015310269616977217,
				"lost_packets":	0,
				"packets":	0,
				"lost_percent":	0,
				"omitted":	false,
				"sender":	false
			}
		}, {
			"streams":	[{
					"socket":	5,
					"start":	998.001828,
					"end":	999.001175,
					"seconds":	0.99934697151184082,
					"bytes":	0,
					"bits_per_second":	0,
					"jitter_ms":	0.015310269616977217,
					"lost_packets":	0,
					"packets":	0,
					"lost_percent":	0,
					"omitted":	false,
					"sender":	false
				}],
			"sum":	{
				"start":	998.001828,
				"end":	999.001175,
				"seconds":	0.99934697151184082,
				"bytes":	0,
				"bits_per_second":	0,
				"jitter_ms":	0.015310269616977217,
				"lost_packets":	0,
				"packets":	0,
				"lost_percent":	0,
				"omitted":	false,
				"sender":	false
			}
		}, {
			"streams":	[{
					"socket":	5,
					"start":	999.001175,
					"end":	1000.001939,
					"seconds":	1.000764012336731,
					"bytes":	0,
					"bits_per_second":	0,
					"jitter_ms":	0.015310269616977217,
					"lost_packets":	0,
					"packets":	0,
					"lost_percent":	0,
					"omitted":	false,
					"sender":	false
				}],
			"sum":	{
				"start":	999.001175,
				"end":	1000.001939,
				"seconds":	1.000764012336731,
				"bytes":	0,
				"bits_per_second":	0,
				"jitter_ms":	0.015310269616977217,
				"lost_packets":	0,
				"packets":	0,
				"lost_percent":	0,
				"omitted":	false,
				"sender":	false
			}
		}, {
			"streams":	[{
					"socket":	5,
					"start":	1000.001939,
					"end":	1001.001988,
					"seconds":	1.0000489950180054,
					"bytes":	0,
					"bits_per_second":	0,
					"jitter_ms":	0.015310269616977217,
					"lost_packets":	0,
					"packets":	0,
					"lost_percent":	0,
					"omitted":	false,
					"sender":	false
				}],
			"sum":	{
				"start":	1000.001939,
				"end":	1001.001988,
				"seconds":	1.0000489950180054,
				"bytes":	0,
				"bits_per_second":	0,
				"jitter_ms":	0.015310269616977217,
				"lost_packets":	0,
				"packets":	0,
				"lost_percent":	0,
				"omitted":	false,
				"sender":	false
			}
		}, {
			"streams":	[{
					"socket":	5,
					"start":	1001.001988,
					"end":	1002.001901,
					"seconds":	0.999912977218628,
					"bytes":	0,
					"bits_per_second":	0,
					"jitter_ms":	0.015310269616977217,
					"lost_packets":	0,
					"packets":	0,
					"lost_percent":	0,
					"omitted":	false,
					"sender":	false
				}],
			"sum":	{
				"start":	1001.001988,
				"end":	1002.001901,
				"seconds":	0.999912977218628,
				"bytes":	0,
				"bits_per_second":	0,
				"jitter_ms":	0.015310269616977217,
				"lost_packets":	0,
				"packets":	0,
				"lost_percent":	0,
				"omitted":	false,
				"sender":	false
			}
		}, {
			"streams":	[{
					"socket":	5,
					"start":	1002.001901,
					"end":	1003.00203,
					"seconds":	1.0001289844512939,
					"bytes":	0,
					"bits_per_second":	0,
					"jitter_ms":	0.015310269616977217,
					"lost_packets":	0,
					"packets":	0,
					"lost_percent":	0,
					"omitted":	false,
					"sender":	false
				}],
			"sum":	{
				"start":	1002.001901,
				"end":	1003.00203,
				"seconds":	1.0001289844512939,
				"bytes":	0,
				"bits_per_second":	0,
				"jitter_ms":	0.015310269616977217,
				"lost_packets":	0,
				"packets":	0,
				"lost_percent":	0,
				"omitted":	false,
				"sender":	false
			}
		}, {
			"streams":	[{
					"socket":	5,
					"start":	1003.00203,
					"end":	1004.001149,
					"seconds":	0.999118983745575,
					"bytes":	0,
					"bits_per_second":	0,
					"jitter_ms":	0.015310269616977217,
					"lost_packets":	0,
					"packets":	0,
					"lost_percent":	0,
					"omitted":	false,
					"sender":	false
				}],
			"sum":	{
				"start":	1003.00203,
				"end":	1004.001149,
				"seconds":	0.999118983745575,
				"bytes":	0,
				"bits_per_second":	0,
				"jitter_ms":	0.015310269616977217,
				"lost_packets":	0,
				"packets":	0,
				"lost_percent":	0,
				"omitted":	false,
				"sender":	false
			}
		}, {
			"streams":	[{
					"socket":	5,
					"start":	1004.001149,
					"end":	1005.001886,
					"seconds":	1.0007369518280029,
					"bytes":	0,
					"bits_per_second":	0,
					"jitter_ms":	0.015310269616977217,
					"lost_packets":	0,
					"packets":	0,
					"lost_percent":	0,
					"omitted":	false,
					"sender":	false
				}],
			"sum":	{
				"start":	1004.001149,
				"end":	1005.001886,
				"seconds":	1.0007369518280029,
				"bytes":	0,
				"bits_per_second":	0,
				"jitter_ms":	0.015310269616977217,
				"lost_packets":	0,
				"packets":	0,
				"lost_percent":	0,
				"omitted":	false,
				"sender":	false
			}
		}, {
			"streams":	[{
					"socket":	5,
					"start":	1005.001886,
					"end":	1006.001832,
					"seconds":	0.9999459981918335,
					"bytes":	0,
					"bits_per_second":	0,
					"jitter_ms":	0.015310269616977217,
					"lost_packets":	0,
					"packets":	0,
					"lost_percent":	0,
					"omitted":	false,
					"sender":	false
				}],
			"sum":	{
				"start":	1005.001886,
				"end":	1006.001832,
				"seconds":	0.9999459981918335,
				"bytes":	0,
				"bits_per_second":	0,
				"jitter_ms":	0.015310269616977217,
				"lost_packets":	0,
				"packets":	0,
				"lost_percent":	0,
				"omitted":	false,
				"sender":	false
			}
		}, {
			"streams":	[{
					"socket":	5,
					"start":	1006.001832,
					"end":	1007.001844,
					"seconds":	1.0000120401382446,
					"bytes":	0,
					"bits_per_second":	0,
					"jitter_ms":	0.015310269616977217,
					"lost_packets":	0,
					"packets":	0,
					"lost_percent":	0,
					"omitted":	false,
					"sender":	false
				}],
			"sum":	{
				"start":	1006.001832,
				"end":	1007.001844,
				"seconds":	1.0000120401382446,
				"bytes":	0,
				"bits_per_second":	0,
				"jitter_ms":	0.015310269616977217,
				"lost_packets":	0,
				"packets":	0,
				"lost_percent":	0,
				"omitted":	false,
				"sender":	false
			}
		}, {
			"streams":	[{
					"socket":	5,
					"start":	1007.001844,
					"end":	1008.001898,
					"seconds":	1.0000540018081665,
					"bytes":	0,
					"bits_per_second":	0,
					"jitter_ms":	0.015310269616977217,
					"lost_packets":	0,
					"packets":	0,
					"lost_percent":	0,
					"omitted":	false,
					"sender":	false
				}],
			"sum":	{
				"start":	1007.001844,
				"end":	1008.001898,
				"seconds":	1.0000540018081665,
				"bytes":	0,
				"bits_per_second":	0,
				"jitter_ms":	0.015310269616977217,
				"lost_packets":	0,
				"packets":	0,
				"lost_percent":	0,
				"omitted":	false,
				"sender":	false
			}
		}, {
			"streams":	[{
					"socket":	5,
					"start":	1008.001898,
					"end":	1009.001912,
					"seconds":	1.0000139474868774,
					"bytes":	0,
					"bits_per_second":	0,
					"jitter_ms":	0.015310269616977217,
					"lost_packets":	0,
					"packets":	0,
					"lost_percent":	0,
					"omitted":	false,
					"sender":	false
				}],
			"sum":	{
				"start":	1008.001898,
				"end":	1009.001912,
				"seconds":	1.0000139474868774,
				"bytes":	0,
				"bits_per_second":	0,
				"jitter_ms":	0.015310269616977217,
				"lost_packets":	0,
				"packets":	0,
				"lost_percent":	0,
				"omitted":	false,
				"sender":	false
			}
		}, {
			"streams":	[{
					"socket":	5,
					"start":	1009.001912,
					"end":	1010.0011,
					"seconds":	0.999188005924225,
					"bytes":	0,
					"bits_per_second":	0,
					"jitter_ms":	0.015310269616977217,
					"lost_packets":	0,
					"packets":	0,
					"lost_percent":	0,
					"omitted":	false,
					"sender":	false
				}],
			"sum":	{
				"start":	1009.001912,
				"end":	1010.0011,
				"seconds":	0.999188005924225,
				"bytes":	0,
				"bits_per_second":	0,
				"jitter_ms":	0.015310269616977217,
				"lost_packets":	0,
				"packets":	0,
				"lost_percent":	0,
				"omitted":	false,
				"sender":	false
			}
		}, {
			"streams":	[{
					"socket":	5,
					"start":	1010.0011,
					"end":	1011.00181,
					"seconds":	1.0007100105285645,
					"bytes":	0,
					"bits_per_second":	0,
					"jitter_ms":	0.015310269616977217,
					"lost_packets":	0,
					"packets":	0,
					"lost_percent":	0,
					"omitted":	false,
					"sender":	false
				}],
			"sum":	{
				"start":	1010.0011,
				"end":	1011.00181,
				"seconds":	1.0007100105285645,
				"bytes":	0,
				"bits_per_second":	0,
				"jitter_ms":	0.015310269616977217,
				"lost_packets":	0,
				"packets":	0,
				"lost_percent":	0,
				"omitted":	false,
				"sender":	false
			}
		}, {
			"streams":	[{
					"socket":	5,
					"start":	1011.00181,
					"end":	1012.001911,
					"seconds":	1.0001009702682495,
					"bytes":	0,
					"bits_per_second":	0,
					"jitter_ms":	0.015310269616977217,
					"lost_packets":	0,
					"packets":	0,
					"lost_percent":	0,
					"omitted":	false,
					"sender":	false
				}],
			"sum":	{
				"start":	1011.00181,
				"end":	1012.001911,
				"seconds":	1.0001009702682495,
				"bytes":	0,
				"bits_per_second":	0,
				"jitter_ms":	0.015310269616977217,
				"lost_packets":	0,
				"packets":	0,
				"lost_percent":	0,
				"omitted":	false,
				"sender":	false
			}
		}, {
			"streams":	[{
					"socket":	5,
					"start":	1012.001911,
					"end":	1013.001952,
					"seconds":	1.0000410079956055,
					"bytes":	0,
					"bits_per_second":	0,
					"jitter_ms":	0.015310269616977217,
					"lost_packets":	0,
					"packets":	0,
					"lost_percent":	0,
					"omitted":	false,
					"sender":	false
				}],
			"sum":	{
				"start":	1012.001911,
				"end":	1013.001952,
				"seconds":	1.0000410079956055,
				"bytes":	0,
				"bits_per_second":	0,
				"jitter_ms":	0.015310269616977217,
				"lost_packets":	0,
				"packets":	0,
				"lost_percent":	0,
				"omitted":	false,
				"sender":	false
			}
		}, {
			"streams":	[{
					"socket":	5,
					"start":	1013.001952,
					"end":	1014.001835,
					"seconds":	0.999882996082306,
					"bytes":	0,
					"bits_per_second":	0,
					"jitter_ms":	0.015310269616977217,
					"lost_packets":	0,
					"packets":	0,
					"lost_percent":	0,
					"omitted":	false,
					"sender":	false
				}],
			"sum":	{
				"start":	1013.001952,
				"end":	1014.001835,
				"seconds":	0.999882996082306,
				"bytes":	0,
				"bits_per_second":	0,
				"jitter_ms":	0.015310269616977217,
				"lost_packets":	0,
				"packets":	0,
				"lost_percent":	0,
				"omitted":	false,
				"sender":	false
			}
		}, {
			"streams":	[{
					"socket":	5,
					"start":	1014.001835,
					"end":	1015.001844,
					"seconds":	1.0000089406967163,
					"bytes":	0,
					"bits_per_second":	0,
					"jitter_ms":	0.015310269616977217,
					"lost_packets":	0,
					"packets":	0,
					"lost_percent":	0,
					"omitted":	false,
					"sender":	false
				}],
			"sum":	{
				"start":	1014.001835,
				"end":	1015.001844,
				"seconds":	1.0000089406967163,
				"bytes":	0,
				"bits_per_second":	0,
				"jitter_ms":	0.015310269616977217,
				"lost_packets":	0,
				"packets":	0,
				"lost_percent":	0,
				"omitted":	false,
				"sender":	false
			}
		}, {
			"streams":	[{
					"socket":	5,
					"start":	1015.001844,
					"end":	1016.001827,
					"seconds":	0.999983012676239,
					"bytes":	0,
					"bits_per_second":	0,
					"jitter_ms":	0.015310269616977217,
					"lost_packets":	0,
					"packets":	0,
					"lost_percent":	0,
					"omitted":	false,
					"sender":	false
				}],
			"sum":	{
				"start":	1015.001844,
				"end":	1016.001827,
				"seconds":	0.999983012676239,
				"bytes":	0,
				"bits_per_second":	0,
				"jitter_ms":	0.015310269616977217,
				"lost_packets":	0,
				"packets":	0,
				"lost_percent":	0,
				"omitted":	false,
				"sender":	false
			}
		}, {
			"streams":	[{
					"socket":	5,
					"start":	1016.001827,
					"end":	1017.001818,
					"seconds":	0.999990999698639,
					"bytes":	0,
					"bits_per_second":	0,
					"jitter_ms":	0.015310269616977217,
					"lost_packets":	0,
					"packets":	0,
					"lost_percent":	0,
					"omitted":	false,
					"sender":	false
				}],
			"sum":	{
				"start":	1016.001827,
				"end":	1017.001818,
				"seconds":	0.999990999698639,
				"bytes":	0,
				"bits_per_second":	0,
				"jitter_ms":	0.015310269616977217,
				"lost_packets":	0,
				"packets":	0,
				"lost_percent":	0,
				"omitted":	false,
				"sender":	false
			}
		}, {
			"streams":	[{
					"socket":	5,
					"start":	1017.001818,
					"end":	1018.001924,
					"seconds":	1.0001059770584106,
					"bytes":	0,
					"bits_per_second":	0,
					"jitter_ms":	0.015310269616977217,
					"lost_packets":	0,
					"packets":	0,
					"lost_percent":	0,
					"omitted":	false,
					"sender":	false
				}],
			"sum":	{
				"start":	1017.001818,
				"end":	1018.001924,
				"seconds":	1.0001059770584106,
				"bytes":	0,
				"bits_per_second":	0,
				"jitter_ms":	0.015310269616977217,
				"lost_packets":	0,
				"packets":	0,
				"lost_percent":	0,
				"omitted":	false,
				"sender":	false
			}
		}, {
			"streams":	[{
					"socket":	5,
					"start":	1018.001924,
					"end":	1019.001842,
					"seconds":	0.999917984008789,
					"bytes":	0,
					"bits_per_second":	0,
					"jitter_ms":	0.015310269616977217,
					"lost_packets":	0,
					"packets":	0,
					"lost_percent":	0,
					"omitted":	false,
					"sender":	false
				}],
			"sum":	{
				"start":	1018.001924,
				"end":	1019.001842,
				"seconds":	0.999917984008789,
				"bytes":	0,
				"bits_per_second":	0,
				"jitter_ms":	0.015310269616977217,
				"lost_packets":	0,
				"packets":	0,
				"lost_percent":	0,
				"omitted":	false,
				"sender":	false
			}
		}, {
			"streams":	[{
					"socket":	5,
					"start":	1019.001842,
					"end":	1020.001311,
					"seconds":	0.999468982219696,
					"bytes":	0,
					"bits_per_second":	0,
					"jitter_ms":	0.015310269616977217,
					"lost_packets":	0,
					"packets":	0,
					"lost_percent":	0,
					"omitted":	false,
					"sender":	false
				}],
			"sum":	{
				"start":	1019.001842,
				"end":	1020.001311,
				"seconds":	0.999468982219696,
				"bytes":	0,
				"bits_per_second":	0,
				"jitter_ms":	0.015310269616977217,
				"lost_packets":	0,
				"packets":	0,
				"lost_percent":	0,
				"omitted":	false,
				"sender":	false
			}
		}, {
			"streams":	[{
					"socket":	5,
					"start":	1020.001311,
					"end":	1021.001913,
					"seconds":	1.0006020069122314,
					"bytes":	0,
					"bits_per_second":	0,
					"jitter_ms":	0.015310269616977217,
					"lost_packets":	0,
					"packets":	0,
					"lost_percent":	0,
					"omitted":	false,
					"sender":	false
				}],
			"sum":	{
				"start":	1020.001311,
				"end":	1021.001913,
				"seconds":	1.0006020069122314,
				"bytes":	0,
				"bits_per_second":	0,
				"jitter_ms":	0.015310269616977217,
				"lost_packets":	0,
				"packets":	0,
				"lost_percent":	0,
				"omitted":	false,
				"sender":	false
			}
		}, {
			"streams":	[{
					"socket":	5,
					"start":	1021.001913,
					"end":	1022.001117,
					"seconds":	0.99920397996902466,
					"bytes":	0,
					"bits_per_second":	0,
					"jitter_ms":	0.015310269616977217,
					"lost_packets":	0,
					"packets":	0,
					"lost_percent":	0,
					"omitted":	false,
					"sender":	false
				}],
			"sum":	{
				"start":	1021.001913,
				"end":	1022.001117,
				"seconds":	0.99920397996902466,
				"bytes":	0,
				"bits_per_second":	0,
				"jitter_ms":	0.015310269616977217,
				"lost_packets":	0,
				"packets":	0,
				"lost_percent":	0,
				"omitted":	false,
				"sender":	false
			}
		}, {
			"streams":	[{
					"socket":	5,
					"start":	1022.001117,
					"end":	1023.001889,
					"seconds":	1.0007719993591309,
					"bytes":	0,
					"bits_per_second":	0,
					"jitter_ms":	0.015310269616977217,
					"lost_packets":	0,
					"packets":	0,
					"lost_percent":	0,
					"omitted":	false,
					"sender":	false
				}],
			"sum":	{
				"start":	1022.001117,
				"end":	1023.001889,
				"seconds":	1.0007719993591309,
				"bytes":	0,
				"bits_per_second":	0,
				"jitter_ms":	0.015310269616977217,
				"lost_packets":	0,
				"packets":	0,
				"lost_percent":	0,
				"omitted":	false,
				"sender":	false
			}
		}, {
			"streams":	[{
					"socket":	5,
					"start":	1023.001889,
					"end":	1024.001863,
					"seconds":	0.999974012374878,
					"bytes":	0,
					"bits_per_second":	0,
					"jitter_ms":	0.015310269616977217,
					"lost_packets":	0,
					"packets":	0,
					"lost_percent":	0,
					"omitted":	false,
					"sender":	false
				}],
			"sum":	{
				"start":	1023.001889,
				"end":	1024.001863,
				"seconds":	0.999974012374878,
				"bytes":	0,
				"bits_per_second":	0,
				"jitter_ms":	0.015310269616977217,
				"lost_packets":	0,
				"packets":	0,
				"lost_percent":	0,
				"omitted":	false,
				"sender":	false
			}
		}, {
			"streams":	[{
					"socket":	5,
					"start":	1024.001863,
					"end":	1025.001975,
					"seconds":	1.0001120567321777,
					"bytes":	0,
					"bits_per_second":	0,
					"jitter_ms":	0.015310269616977217,
					"lost_packets":	0,
					"packets":	0,
					"lost_percent":	0,
					"omitted":	false,
					"sender":	false
				}],
			"sum":	{
				"start":	1024.001863,
				"end":	1025.001975,
				"seconds":	1.0001120567321777,
				"bytes":	0,
				"bits_per_second":	0,
				"jitter_ms":	0.015310269616977217,
				"lost_packets":	0,
				"packets":	0,
				"lost_percent":	0,
				"omitted":	false,
				"sender":	false
			}
		}, {
			"streams":	[{
					"socket":	5,
					"start":	1025.001975,
					"end":	1026.001871,
					"seconds":	0.999895989894867,
					"bytes":	0,
					"bits_per_second":	0,
					"jitter_ms":	0.015310269616977217,
					"lost_packets":	0,
					"packets":	0,
					"lost_percent":	0,
					"omitted":	false,
					"sender":	false
				}],
			"sum":	{
				"start":	1025.001975,
				"end":	1026.001871,
				"seconds":	0.999895989894867,
				"bytes":	0,
				"bits_per_second":	0,
				"jitter_ms":	0.015310269616977217,
				"lost_packets":	0,
				"packets":	0,
				"lost_percent":	0,
				"omitted":	false,
				"sender":	false
			}
		}, {
			"streams":	[{
					"socket":	5,
					"start":	1026.001871,
					"end":	1027.001841,
					"seconds":	0.999970018863678,
					"bytes":	0,
					"bits_per_second":	0,
					"jitter_ms":	0.015310269616977217,
					"lost_packets":	0,
					"packets":	0,
					"lost_percent":	0,
					"omitted":	false,
					"sender":	false
				}],
			"sum":	{
				"start":	1026.001871,
				"end":	1027.001841,
				"seconds":	0.999970018863678,
				"bytes":	0,
				"bits_per_second":	0,
				"jitter_ms":	0.015310269616977217,
				"lost_packets":	0,
				"packets":	0,
				"lost_percent":	0,
				"omitted":	false,
				"sender":	false
			}
		}, {
			"streams":	[{
					"socket":	5,
					"start":	1027.001841,
					"end":	1028.001872,
					"seconds":	1.0000309944152832,
					"bytes":	0,
					"bits_per_second":	0,
					"jitter_ms":	0.015310269616977217,
					"lost_packets":	0,
					"packets":	0,
					"lost_percent":	0,
					"omitted":	false,
					"sender":	false
				}],
			"sum":	{
				"start":	1027.001841,
				"end":	1028.001872,
				"seconds":	1.0000309944152832,
				"bytes":	0,
				"bits_per_second":	0,
				"jitter_ms":	0.015310269616977217,
				"lost_packets":	0,
				"packets":	0,
				"lost_percent":	0,
				"omitted":	false,
				"sender":	false
			}
		}, {
			"streams":	[{
					"socket":	5,
					"start":	1028.001872,
					"end":	1029.001858,
					"seconds":	0.99998599290847778,
					"bytes":	0,
					"bits_per_second":	0,
					"jitter_ms":	0.015310269616977217,
					"lost_packets":	0,
					"packets":	0,
					"lost_percent":	0,
					"omitted":	false,
					"sender":	false
				}],
			"sum":	{
				"start":	1028.001872,
				"end":	1029.001858,
				"seconds":	0.99998599290847778,
				"bytes":	0,
				"bits_per_second":	0,
				"jitter_ms":	0.015310269616977217,
				"lost_packets":	0,
				"packets":	0,
				"lost_percent":	0,
				"omitted":	false,
				"sender":	false
			}
		}, {
			"streams":	[{
					"socket":	5,
					"start":	1029.001858,
					"end":	1030.001862,
					"seconds":	1.0000040531158447,
					"bytes":	0,
					"bits_per_second":	0,
					"jitter_ms":	0.015310269616977217,
					"lost_packets":	0,
					"packets":	0,
					"lost_percent":	0,
					"omitted":	false,
					"sender":	false
				}],
			"sum":	{
				"start":	1029.001858,
				"end":	1030.001862,
				"seconds":	1.0000040531158447,
				"bytes":	0,
				"bits_per_second":	0,
				"jitter_ms":	0.015310269616977217,
				"lost_packets":	0,
				"packets":	0,
				"lost_percent":	0,
				"omitted":	false,
				"sender":	false
			}
		}, {
			"streams":	[{
					"socket":	5,
					"start":	1030.001862,
					"end":	1031.001946,
					"seconds":	1.0000840425491333,
					"bytes":	0,
					"bits_per_second":	0,
					"jitter_ms":	0.015310269616977217,
					"lost_packets":	0,
					"packets":	0,
					"lost_percent":	0,
					"omitted":	false,
					"sender":	false
				}],
			"sum":	{
				"start":	1030.001862,
				"end":	1031.001946,
				"seconds":	1.0000840425491333,
				"bytes":	0,
				"bits_per_second":	0,
				"jitter_ms":	0.015310269616977217,
				"lost_packets":	0,
				"packets":	0,
				"lost_percent":	0,
				"omitted":	false,
				"sender":	false
			}
		}, {
			"streams":	[{
					"socket":	5,
					"start":	1031.001946,
					"end":	1032.00193,
					"seconds":	0.9999840259552002,
					"bytes":	0,
					"bits_per_second":	0,
					"jitter_ms":	0.015310269616977217,
					"lost_packets":	0,
					"packets":	0,
					"lost_percent":	0,
					"omitted":	false,
					"sender":	false
				}],
			"sum":	{
				"start":	1031.001946,
				"end":	1032.00193,
				"seconds":	0.9999840259552002,
				"bytes":	0,
				"bits_per_second":	0,
				"jitter_ms":	0.015310269616977217,
				"lost_packets":	0,
				"packets":	0,
				"lost_percent":	0,
				"omitted":	false,
				"sender":	false
			}
		}, {
			"streams":	[{
					"socket":	5,
					"start":	1032.00193,
					"end":	1033.001896,
					"seconds":	0.999966025352478,
					"bytes":	0,
					"bits_per_second":	0,
					"jitter_ms":	0.015310269616977217,
					"lost_packets":	0,
					"packets":	0,
					"lost_percent":	0,
					"omitted":	false,
					"sender":	false
				}],
			"sum":	{
				"start":	1032.00193,
				"end":	1033.001896,
				"seconds":	0.999966025352478,
				"bytes":	0,
				"bits_per_second":	0,
				"jitter_ms":	0.015310269616977217,
				"lost_packets":	0,
				"packets":	0,
				"lost_percent":	0,
				"omitted":	false,
				"sender":	false
			}
		}, {
			"streams":	[{
					"socket":	5,
					"start":	1033.001896,
					"end":	1034.001866,
					"seconds":	0.999970018863678,
					"bytes":	0,
					"bits_per_second":	0,
					"jitter_ms":	0.015310269616977217,
					"lost_packets":	0,
					"packets":	0,
					"lost_percent":	0,
					"omitted":	false,
					"sender":	false
				}],
			"sum":	{
				"start":	1033.001896,
				"end":	1034.001866,
				"seconds":	0.999970018863678,
				"bytes":	0,
				"bits_per_second":	0,
				"jitter_ms":	0.015310269616977217,
				"lost_packets":	0,
				"packets":	0,
				"lost_percent":	0,
				"omitted":	false,
				"sender":	false
			}
		}, {
			"streams":	[{
					"socket":	5,
					"start":	1034.001866,
					"end":	1035.001919,
					"seconds":	1.00005304813385,
					"bytes":	0,
					"bits_per_second":	0,
					"jitter_ms":	0.015310269616977217,
					"lost_packets":	0,
					"packets":	0,
					"lost_percent":	0,
					"omitted":	false,
					"sender":	false
				}],
			"sum":	{
				"start":	1034.001866,
				"end":	1035.001919,
				"seconds":	1.00005304813385,
				"bytes":	0,
				"bits_per_second":	0,
				"jitter_ms":	0.015310269616977217,
				"lost_packets":	0,
				"packets":	0,
				"lost_percent":	0,
				"omitted":	false,
				"sender":	false
			}
		}, {
			"streams":	[{
					"socket":	5,
					"start":	1035.001919,
					"end":	1036.001953,
					"seconds":	1.000033974647522,
					"bytes":	0,
					"bits_per_second":	0,
					"jitter_ms":	0.015310269616977217,
					"lost_packets":	0,
					"packets":	0,
					"lost_percent":	0,
					"omitted":	false,
					"sender":	false
				}],
			"sum":	{
				"start":	1035.001919,
				"end":	1036.001953,
				"seconds":	1.000033974647522,
				"bytes":	0,
				"bits_per_second":	0,
				"jitter_ms":	0.015310269616977217,
				"lost_packets":	0,
				"packets":	0,
				"lost_percent":	0,
				"omitted":	false,
				"sender":	false
			}
		}, {
			"streams":	[{
					"socket":	5,
					"start":	1036.001953,
					"end":	1037.00183,
					"seconds":	0.99987697601318359,
					"bytes":	0,
					"bits_per_second":	0,
					"jitter_ms":	0.015310269616977217,
					"lost_packets":	0,
					"packets":	0,
					"lost_percent":	0,
					"omitted":	false,
					"sender":	false
				}],
			"sum":	{
				"start":	1036.001953,
				"end":	1037.00183,
				"seconds":	0.99987697601318359,
				"bytes":	0,
				"bits_per_second":	0,
				"jitter_ms":	0.015310269616977217,
				"lost_packets":	0,
				"packets":	0,
				"lost_percent":	0,
				"omitted":	false,
				"sender":	false
			}
		}, {
			"streams":	[{
					"socket":	5,
					"start":	1037.00183,
					"end":	1038.001823,
					"seconds":	0.99999302625656128,
					"bytes":	0,
					"bits_per_second":	0,
					"jitter_ms":	0.015310269616977217,
					"lost_packets":	0,
					"packets":	0,
					"lost_percent":	0,
					"omitted":	false,
					"sender":	false
				}],
			"sum":	{
				"start":	1037.00183,
				"end":	1038.001823,
				"seconds":	0.99999302625656128,
				"bytes":	0,
				"bits_per_second":	0,
				"jitter_ms":	0.015310269616977217,
				"lost_packets":	0,
				"packets":	0,
				"lost_percent":	0,
				"omitted":	false,
				"sender":	false
			}
		}, {
			"streams":	[{
					"socket":	5,
					"start":	1038.001823,
					"end":	1039.001896,
					"seconds":	1.0000729560852051,
					"bytes":	0,
					"bits_per_second":	0,
					"jitter_ms":	0.015310269616977217,
					"lost_packets":	0,
					"packets":	0,
					"lost_percent":	0,
					"omitted":	false,
					"sender":	false
				}],
			"sum":	{
				"start":	1038.001823,
				"end":	1039.001896,
				"seconds":	1.0000729560852051,
				"bytes":	0,
				"bits_per_second":	0,
				"jitter_ms":	0.015310269616977217,
				"lost_packets":	0,
				"packets":	0,
				"lost_percent":	0,
				"omitted":	false,
				"sender":	false
			}
		}, {
			"streams":	[{
					"socket":	5,
					"start":	1039.001896,
					"end":	1040.0018,
					"seconds":	0.999903976917267,
					"bytes":	0,
					"bits_per_second":	0,
					"jitter_ms":	0.015310269616977217,
					"lost_packets":	0,
					"packets":	0,
					"lost_percent":	0,
					"omitted":	false,
					"sender":	false
				}],
			"sum":	{
				"start":	1039.001896,
				"end":	1040.0018,
				"seconds":	0.999903976917267,
				"bytes":	0,
				"bits_per_second":	0,
				"jitter_ms":	0.015310269616977217,
				"lost_packets":	0,
				"packets":	0,
				"lost_percent":	0,
				"omitted":	false,
				"sender":	false
			}
		}, {
			"streams":	[{
					"socket":	5,
					"start":	1040.0018,
					"end":	1041.001876,
					"seconds":	1.0000760555267334,
					"bytes":	0,
					"bits_per_second":	0,
					"jitter_ms":	0.015310269616977217,
					"lost_packets":	0,
					"packets":	0,
					"lost_percent":	0,
					"omitted":	false,
					"sender":	false
				}],
			"sum":	{
				"start":	1040.0018,
				"end":	1041.001876,
				"seconds":	1.0000760555267334,
				"bytes":	0,
				"bits_per_second":	0,
				"jitter_ms":	0.015310269616977217,
				"lost_packets":	0,
				"packets":	0,
				"lost_percent":	0,
				"omitted":	false,
				"sender":	false
			}
		}, {
			"streams":	[{
					"socket":	5,
					"start":	1041.001876,
					"end":	1042.001922,
					"seconds":	1.0000460147857666,
					"bytes":	0,
					"bits_per_second":	0,
					"jitter_ms":	0.015310269616977217,
					"lost_packets":	0,
					"packets":	0,
					"lost_percent":	0,
					"omitted":	false,
					"sender":	false
				}],
			"sum":	{
				"start":	1041.001876,
				"end":	1042.001922,
				"seconds":	1.0000460147857666,
				"bytes":	0,
				"bits_per_second":	0,
				"jitter_ms":	0.015310269616977217,
				"lost_packets":	0,
				"packets":	0,
				"lost_percent":	0,
				"omitted":	false,
				"sender":	false
			}
		}, {
			"streams":	[{
					"socket":	5,
					"start":	1042.001922,
					"end":	1043.001876,
					"seconds":	0.9999539852142334,
					"bytes":	0,
					"bits_per_second":	0,
					"jitter_ms":	0.015310269616977217,
					"lost_packets":	0,
					"packets":	0,
					"lost_percent":	0,
					"omitted":	false,
					"sender":	false
				}],
			"sum":	{
				"start":	1042.001922,
				"end":	1043.001876,
				"seconds":	0.9999539852142334,
				"bytes":	0,
				"bits_per_second":	0,
				"jitter_ms":	0.015310269616977217,
				"lost_packets":	0,
				"packets":	0,
				"lost_percent":	0,
				"omitted":	false,
				"sender":	false
			}
		}, {
			"streams":	[{
					"socket":	5,
					"start":	1043.001876,
					"end":	1044.001127,
					"seconds":	0.99925100803375244,
					"bytes":	0,
					"bits_per_second":	0,
					"jitter_ms":	0.015310269616977217,
					"lost_packets":	0,
					"packets":	0,
					"lost_percent":	0,
					"omitted":	false,
					"sender":	false
				}],
			"sum":	{
				"start":	1043.001876,
				"end":	1044.001127,
				"seconds":	0.99925100803375244,
				"bytes":	0,
				"bits_per_second":	0,
				"jitter_ms":	0.015310269616977217,
				"lost_packets":	0,
				"packets":	0,
				"lost_percent":	0,
				"omitted":	false,
				"sender":	false
			}
		}, {
			"streams":	[{
					"socket":	5,
					"start":	1044.001127,
					"end":	1045.001849,
					"seconds":	1.0007220506668091,
					"bytes":	0,
					"bits_per_second":	0,
					"jitter_ms":	0.015310269616977217,
					"lost_packets":	0,
					"packets":	0,
					"lost_percent":	0,
					"omitted":	false,
					"sender":	false
				}],
			"sum":	{
				"start":	1044.001127,
				"end":	1045.001849,
				"seconds":	1.0007220506668091,
				"bytes":	0,
				"bits_per_second":	0,
				"jitter_ms":	0.015310269616977217,
				"lost_packets":	0,
				"packets":	0,
				"lost_percent":	0,
				"omitted":	false,
				"sender":	false
			}
		}, {
			"streams":	[{
					"socket":	5,
					"start":	1045.001849,
					"end":	1046.001123,
					"seconds":	0.99927401542663574,
					"bytes":	0,
					"bits_per_second":	0,
					"jitter_ms":	0.015310269616977217,
					"lost_packets":	0,
					"packets":	0,
					"lost_percent":	0,
					"omitted":	false,
					"sender":	false
				}],
			"sum":	{
				"start":	1045.001849,
				"end":	1046.001123,
				"seconds":	0.99927401542663574,
				"bytes":	0,
				"bits_per_second":	0,
				"jitter_ms":	0.015310269616977217,
				"lost_packets":	0,
				"packets":	0,
				"lost_percent":	0,
				"omitted":	false,
				"sender":	false
			}
		}, {
			"streams":	[{
					"socket":	5,
					"start":	1046.001123,
					"end":	1047.001858,
					"seconds":	1.00073504447937,
					"bytes":	0,
					"bits_per_second":	0,
					"jitter_ms":	0.015310269616977217,
					"lost_packets":	0,
					"packets":	0,
					"lost_percent":	0,
					"omitted":	false,
					"sender":	false
				}],
			"sum":	{
				"start":	1046.001123,
				"end":	1047.001858,
				"seconds":	1.00073504447937,
				"bytes":	0,
				"bits_per_second":	0,
				"jitter_ms":	0.015310269616977217,
				"lost_packets":	0,
				"packets":	0,
				"lost_percent":	0,
				"omitted":	false,
				"sender":	false
			}
		}, {
			"streams":	[{
					"socket":	5,
					"start":	1047.001858,
					"end":	1048.001894,
					"seconds":	1.0000360012054443,
					"bytes":	0,
					"bits_per_second":	0,
					"jitter_ms":	0.015310269616977217,
					"lost_packets":	0,
					"packets":	0,
					"lost_percent":	0,
					"omitted":	false,
					"sender":	false
				}],
			"sum":	{
				"start":	1047.001858,
				"end":	1048.001894,
				"seconds":	1.0000360012054443,
				"bytes":	0,
				"bits_per_second":	0,
				"jitter_ms":	0.015310269616977217,
				"lost_packets":	0,
				"packets":	0,
				"lost_percent":	0,
				"omitted":	false,
				"sender":	false
			}
		}, {
			"streams":	[{
					"socket":	5,
					"start":	1048.001894,
					"end":	1049.001827,
					"seconds":	0.99993300437927246,
					"bytes":	0,
					"bits_per_second":	0,
					"jitter_ms":	0.015310269616977217,
					"lost_packets":	0,
					"packets":	0,
					"lost_percent":	0,
					"omitted":	false,
					"sender":	false
				}],
			"sum":	{
				"start":	1048.001894,
				"end":	1049.001827,
				"seconds":	0.99993300437927246,
				"bytes":	0,
				"bits_per_second":	0,
				"jitter_ms":	0.015310269616977217,
				"lost_packets":	0,
				"packets":	0,
				"lost_percent":	0,
				"omitted":	false,
				"sender":	false
			}
		}, {
			"streams":	[{
					"socket":	5,
					"start":	1049.001827,
					"end":	1050.001846,
					"seconds":	1.0000189542770386,
					"bytes":	0,
					"bits_per_second":	0,
					"jitter_ms":	0.015310269616977217,
					"lost_packets":	0,
					"packets":	0,
					"lost_percent":	0,
					"omitted":	false,
					"sender":	false
				}],
			"sum":	{
				"start":	1049.001827,
				"end":	1050.001846,
				"seconds":	1.0000189542770386,
				"bytes":	0,
				"bits_per_second":	0,
				"jitter_ms":	0.015310269616977217,
				"lost_packets":	0,
				"packets":	0,
				"lost_percent":	0,
				"omitted":	false,
				"sender":	false
			}
		}, {
			"streams":	[{
					"socket":	5,
					"start":	1050.001846,
					"end":	1051.001919,
					"seconds":	1.0000729560852051,
					"bytes":	0,
					"bits_per_second":	0,
					"jitter_ms":	0.015310269616977217,
					"lost_packets":	0,
					"packets":	0,
					"lost_percent":	0,
					"omitted":	false,
					"sender":	false
				}],
			"sum":	{
				"start":	1050.001846,
				"end":	1051.001919,
				"seconds":	1.0000729560852051,
				"bytes":	0,
				"bits_per_second":	0,
				"jitter_ms":	0.015310269616977217,
				"lost_packets":	0,
				"packets":	0,
				"lost_percent":	0,
				"omitted":	false,
				"sender":	false
			}
		}, {
			"streams":	[{
					"socket":	5,
					"start":	1051.001919,
					"end":	1052.00189,
					"seconds":	0.99997097253799438,
					"bytes":	0,
					"bits_per_second":	0,
					"jitter_ms":	0.015310269616977217,
					"lost_packets":	0,
					"packets":	0,
					"lost_percent":	0,
					"omitted":	false,
					"sender":	false
				}],
			"sum":	{
				"start":	1051.001919,
				"end":	1052.00189,
				"seconds":	0.99997097253799438,
				"bytes":	0,
				"bits_per_second":	0,
				"jitter_ms":	0.015310269616977217,
				"lost_packets":	0,
				"packets":	0,
				"lost_percent":	0,
				"omitted":	false,
				"sender":	false
			}
		}, {
			"streams":	[{
					"socket":	5,
					"start":	1052.00189,
					"end":	1053.001894,
					"seconds":	1.0000040531158447,
					"bytes":	0,
					"bits_per_second":	0,
					"jitter_ms":	0.015310269616977217,
					"lost_packets":	0,
					"packets":	0,
					"lost_percent":	0,
					"omitted":	false,
					"sender":	false
				}],
			"sum":	{
				"start":	1052.00189,
				"end":	1053.001894,
				"seconds":	1.0000040531158447,
				"bytes":	0,
				"bits_per_second":	0,
				"jitter_ms":	0.015310269616977217,
				"lost_packets":	0,
				"packets":	0,
				"lost_percent":	0,
				"omitted":	false,
				"sender":	false
			}
		}, {
			"streams":	[{
					"socket":	5,
					"start":	1053.001894,
					"end":	1054.001813,
					"seconds":	0.99991899728775024,
					"bytes":	0,
					"bits_per_second":	0,
					"jitter_ms":	0.015310269616977217,
					"lost_packets":	0,
					"packets":	0,
					"lost_percent":	0,
					"omitted":	false,
					"sender":	false
				}],
			"sum":	{
				"start":	1053.001894,
				"end":	1054.001813,
				"seconds":	0.99991899728775024,
				"bytes":	0,
				"bits_per_second":	0,
				"jitter_ms":	0.015310269616977217,
				"lost_packets":	0,
				"packets":	0,
				"lost_percent":	0,
				"omitted":	false,
				"sender":	false
			}
		}, {
			"streams":	[{
					"socket":	5,
					"start":	1054.001813,
					"end":	1055.001802,
					"seconds":	0.99998897314071655,
					"bytes":	0,
					"bits_per_second":	0,
					"jitter_ms":	0.015310269616977217,
					"lost_packets":	0,
					"packets":	0,
					"lost_percent":	0,
					"omitted":	false,
					"sender":	false
				}],
			"sum":	{
				"start":	1054.001813,
				"end":	1055.001802,
				"seconds":	0.99998897314071655,
				"bytes":	0,
				"bits_per_second":	0,
				"jitter_ms":	0.015310269616977217,
				"lost_packets":	0,
				"packets":	0,
				"lost_percent":	0,
				"omitted":	false,
				"sender":	false
			}
		}, {
			"streams":	[{
					"socket":	5,
					"start":	1055.001802,
					"end":	1056.001935,
					"seconds":	1.0001330375671387,
					"bytes":	0,
					"bits_per_second":	0,
					"jitter_ms":	0.015310269616977217,
					"lost_packets":	0,
					"packets":	0,
					"lost_percent":	0,
					"omitted":	false,
					"sender":	false
				}],
			"sum":	{
				"start":	1055.001802,
				"end":	1056.001935,
				"seconds":	1.0001330375671387,
				"bytes":	0,
				"bits_per_second":	0,
				"jitter_ms":	0.015310269616977217,
				"lost_packets":	0,
				"packets":	0,
				"lost_percent":	0,
				"omitted":	false,
				"sender":	false
			}
		}, {
			"streams":	[{
					"socket":	5,
					"start":	1056.001935,
					"end":	1057.001889,
					"seconds":	0.9999539852142334,
					"bytes":	0,
					"bits_per_second":	0,
					"jitter_ms":	0.015310269616977217,
					"lost_packets":	0,
					"packets":	0,
					"lost_percent":	0,
					"omitted":	false,
					"sender":	false
				}],
			"sum":	{
				"start":	1056.001935,
				"end":	1057.001889,
				"seconds":	0.9999539852142334,
				"bytes":	0,
				"bits_per_second":	0,
				"jitter_ms":	0.015310269616977217,
				"lost_packets":	0,
				"packets":	0,
				"lost_percent":	0,
				"omitted":	false,
				"sender":	false
			}
		}, {
			"streams":	[{
					"socket":	5,
					"start":	1057.001889,
					"end":	1058.001823,
					"seconds":	0.99993401765823364,
					"bytes":	0,
					"bits_per_second":	0,
					"jitter_ms":	0.015310269616977217,
					"lost_packets":	0,
					"packets":	0,
					"lost_percent":	0,
					"omitted":	false,
					"sender":	false
				}],
			"sum":	{
				"start":	1057.001889,
				"end":	1058.001823,
				"seconds":	0.99993401765823364,
				"bytes":	0,
				"bits_per_second":	0,
				"jitter_ms":	0.015310269616977217,
				"lost_packets":	0,
				"packets":	0,
				"lost_percent":	0,
				"omitted":	false,
				"sender":	false
			}
		}, {
			"streams":	[{
					"socket":	5,
					"start":	1058.001823,
					"end":	1059.001878,
					"seconds":	1.0000549554824829,
					"bytes":	0,
					"bits_per_second":	0,
					"jitter_ms":	0.015310269616977217,
					"lost_packets":	0,
					"packets":	0,
					"lost_percent":	0,
					"omitted":	false,
					"sender":	false
				}],
			"sum":	{
				"start":	1058.001823,
				"end":	1059.001878,
				"seconds":	1.0000549554824829,
				"bytes":	0,
				"bits_per_second":	0,
				"jitter_ms":	0.015310269616977217,
				"lost_packets":	0,
				"packets":	0,
				"lost_percent":	0,
				"omitted":	false,
				"sender":	false
			}
		}, {
			"streams":	[{
					"socket":	5,
					"start":	1059.001878,
					"end":	1060.001819,
					"seconds":	0.99994099140167236,
					"bytes":	0,
					"bits_per_second":	0,
					"jitter_ms":	0.015310269616977217,
					"lost_packets":	0,
					"packets":	0,
					"lost_percent":	0,
					"omitted":	false,
					"sender":	false
				}],
			"sum":	{
				"start":	1059.001878,
				"end":	1060.001819,
				"seconds":	0.99994099140167236,
				"bytes":	0,
				"bits_per_second":	0,
				"jitter_ms":	0.015310269616977217,
				"lost_packets":	0,
				"packets":	0,
				"lost_percent":	0,
				"omitted":	false,
				"sender":	false
			}
		}, {
			"streams":	[{
					"socket":	5,
					"start":	1060.001819,
					"end":	1061.001845,
					"seconds":	1.0000259876251221,
					"bytes":	0,
					"bits_per_second":	0,
					"jitter_ms":	0.015310269616977217,
					"lost_packets":	0,
					"packets":	0,
					"lost_percent":	0,
					"omitted":	false,
					"sender":	false
				}],
			"sum":	{
				"start":	1060.001819,
				"end":	1061.001845,
				"seconds":	1.0000259876251221,
				"bytes":	0,
				"bits_per_second":	0,
				"jitter_ms":	0.015310269616977217,
				"lost_packets":	0,
				"packets":	0,
				"lost_percent":	0,
				"omitted":	false,
				"sender":	false
			}
		}, {
			"streams":	[{
					"socket":	5,
					"start":	1061.001845,
					"end":	1062.001979,
					"seconds":	1.0001339912414551,
					"bytes":	0,
					"bits_per_second":	0,
					"jitter_ms":	0.015310269616977217,
					"lost_packets":	0,
					"packets":	0,
					"lost_percent":	0,
					"omitted":	false,
					"sender":	false
				}],
			"sum":	{
				"start":	1061.001845,
				"end":	1062.001979,
				"seconds":	1.0001339912414551,
				"bytes":	0,
				"bits_per_second":	0,
				"jitter_ms":	0.015310269616977217,
				"lost_packets":	0,
				"packets":	0,
				"lost_percent":	0,
				"omitted":	false,
				"sender":	false
			}
		}, {
			"streams":	[{
					"socket":	5,
					"start":	1062.001979,
					"end":	1063.001827,
					"seconds":	0.99984800815582275,
					"bytes":	0,
					"bits_per_second":	0,
					"jitter_ms":	0.015310269616977217,
					"lost_packets":	0,
					"packets":	0,
					"lost_percent":	0,
					"omitted":	false,
					"sender":	false
				}],
			"sum":	{
				"start":	1062.001979,
				"end":	1063.001827,
				"seconds":	0.99984800815582275,
				"bytes":	0,
				"bits_per_second":	0,
				"jitter_ms":	0.015310269616977217,
				"lost_packets":	0,
				"packets":	0,
				"lost_percent":	0,
				"omitted":	false,
				"sender":	false
			}
		}, {
			"streams":	[{
					"socket":	5,
					"start":	1063.001827,
					"end":	1064.001826,
					"seconds":	0.99999898672103882,
					"bytes":	0,
					"bits_per_second":	0,
					"jitter_ms":	0.015310269616977217,
					"lost_packets":	0,
					"packets":	0,
					"lost_percent":	0,
					"omitted":	false,
					"sender":	false
				}],
			"sum":	{
				"start":	1063.001827,
				"end":	1064.001826,
				"seconds":	0.99999898672103882,
				"bytes":	0,
				"bits_per_second":	0,
				"jitter_ms":	0.015310269616977217,
				"lost_packets":	0,
				"packets":	0,
				"lost_percent":	0,
				"omitted":	false,
				"sender":	false
			}
		}, {
			"streams":	[{
					"socket":	5,
					"start":	1064.001826,
					"end":	1065.001109,
					"seconds":	0.99928301572799683,
					"bytes":	0,
					"bits_per_second":	0,
					"jitter_ms":	0.015310269616977217,
					"lost_packets":	0,
					"packets":	0,
					"lost_percent":	0,
					"omitted":	false,
					"sender":	false
				}],
			"sum":	{
				"start":	1064.001826,
				"end":	1065.001109,
				"seconds":	0.99928301572799683,
				"bytes":	0,
				"bits_per_second":	0,
				"jitter_ms":	0.015310269616977217,
				"lost_packets":	0,
				"packets":	0,
				"lost_percent":	0,
				"omitted":	false,
				"sender":	false
			}
		}, {
			"streams":	[{
					"socket":	5,
					"start":	1065.001109,
					"end":	1066.001967,
					"seconds":	1.000857949256897,
					"bytes":	0,
					"bits_per_second":	0,
					"jitter_ms":	0.015310269616977217,
					"lost_packets":	0,
					"packets":	0,
					"lost_percent":	0,
					"omitted":	false,
					"sender":	false
				}],
			"sum":	{
				"start":	1065.001109,
				"end":	1066.001967,
				"seconds":	1.000857949256897,
				"bytes":	0,
				"bits_per_second":	0,
				"jitter_ms":	0.015310269616977217,
				"lost_packets":	0,
				"packets":	0,
				"lost_percent":	0,
				"omitted":	false,
				"sender":	false
			}
		}, {
			"streams":	[{
					"socket":	5,
					"start":	1066.001967,
					"end":	1067.001916,
					"seconds":	0.99994897842407227,
					"bytes":	0,
					"bits_per_second":	0,
					"jitter_ms":	0.015310269616977217,
					"lost_packets":	0,
					"packets":	0,
					"lost_percent":	0,
					"omitted":	false,
					"sender":	false
				}],
			"sum":	{
				"start":	1066.001967,
				"end":	1067.001916,
				"seconds":	0.99994897842407227,
				"bytes":	0,
				"bits_per_second":	0,
				"jitter_ms":	0.015310269616977217,
				"lost_packets":	0,
				"packets":	0,
				"lost_percent":	0,
				"omitted":	false,
				"sender":	false
			}
		}, {
			"streams":	[{
					"socket":	5,
					"start":	1067.001916,
					"end":	1068.000333,
					"seconds":	0.99841701984405518,
					"bytes":	0,
					"bits_per_second":	0,
					"jitter_ms":	0.015310269616977217,
					"lost_packets":	0,
					"packets":	0,
					"lost_percent":	0,
					"omitted":	false,
					"sender":	false
				}],
			"sum":	{
				"start":	1067.001916,
				"end":	1068.000333,
				"seconds":	0.99841701984405518,
				"bytes":	0,
				"bits_per_second":	0,
				"jitter_ms":	0.015310269616977217,
				"lost_packets":	0,
				"packets":	0,
				"lost_percent":	0,
				"omitted":	false,
				"sender":	false
			}
		}, {
			"streams":	[{
					"socket":	5,
					"start":	1068.000333,
					"end":	1069.001802,
					"seconds":	1.0014690160751343,
					"bytes":	0,
					"bits_per_second":	0,
					"jitter_ms":	0.015310269616977217,
					"lost_packets":	0,
					"packets":	0,
					"lost_percent":	0,
					"omitted":	false,
					"sender":	false
				}],
			"sum":	{
				"start":	1068.000333,
				"end":	1069.001802,
				"seconds":	1.0014690160751343,
				"bytes":	0,
				"bits_per_second":	0,
				"jitter_ms":	0.015310269616977217,
				"lost_packets":	0,
				"packets":	0,
				"lost_percent":	0,
				"omitted":	false,
				"sender":	false
			}
		}, {
			"streams":	[{
					"socket":	5,
					"start":	1069.001802,
					"end":	1070.00183,
					"seconds":	1.0000280141830444,
					"bytes":	0,
					"bits_per_second":	0,
					"jitter_ms":	0.015310269616977217,
					"lost_packets":	0,
					"packets":	0,
					"lost_percent":	0,
					"omitted":	false,
					"sender":	false
				}],
			"sum":	{
				"start":	1069.001802,
				"end":	1070.00183,
				"seconds":	1.0000280141830444,
				"bytes":	0,
				"bits_per_second":	0,
				"jitter_ms":	0.015310269616977217,
				"lost_packets":	0,
				"packets":	0,
				"lost_percent":	0,
				"omitted":	false,
				"sender":	false
			}
		}, {
			"streams":	[{
					"socket":	5,
					"start":	1070.00183,
					"end":	1071.001836,
					"seconds":	1.0000059604644775,
					"bytes":	0,
					"bits_per_second":	0,
					"jitter_ms":	0.015310269616977217,
					"lost_packets":	0,
					"packets":	0,
					"lost_percent":	0,
					"omitted":	false,
					"sender":	false
				}],
			"sum":	{
				"start":	1070.00183,
				"end":	1071.001836,
				"seconds":	1.0000059604644775,
				"bytes":	0,
				"bits_per_second":	0,
				"jitter_ms":	0.015310269616977217,
				"lost_packets":	0,
				"packets":	0,
				"lost_percent":	0,
				"omitted":	false,
				"sender":	false
			}
		}, {
			"streams":	[{
					"socket":	5,
					"start":	1071.001836,
					"end":	1072.001161,
					"seconds":	0.9993249773979187,
					"bytes":	0,
					"bits_per_second":	0,
					"jitter_ms":	0.015310269616977217,
					"lost_packets":	0,
					"packets":	0,
					"lost_percent":	0,
					"omitted":	false,
					"sender":	false
				}],
			"sum":	{
				"start":	1071.001836,
				"end":	1072.001161,
				"seconds":	0.9993249773979187,
				"bytes":	0,
				"bits_per_second":	0,
				"jitter_ms":	0.015310269616977217,
				"lost_packets":	0,
				"packets":	0,
				"lost_percent":	0,
				"omitted":	false,
				"sender":	false
			}
		}, {
			"streams":	[{
					"socket":	5,
					"start":	1072.001161,
					"end":	1073.001099,
					"seconds":	0.99993801116943359,
					"bytes":	0,
					"bits_per_second":	0,
					"jitter_ms":	0.015310269616977217,
					"lost_packets":	0,
					"packets":	0,
					"lost_percent":	0,
					"omitted":	false,
					"sender":	false
				}],
			"sum":	{
				"start":	1072.001161,
				"end":	1073.001099,
				"seconds":	0.99993801116943359,
				"bytes":	0,
				"bits_per_second":	0,
				"jitter_ms":	0.015310269616977217,
				"lost_packets":	0,
				"packets":	0,
				"lost_percent":	0,
				"omitted":	false,
				"sender":	false
			}
		}, {
			"streams":	[{
					"socket":	5,
					"start":	1073.001099,
					"end":	1074.001866,
					"seconds":	1.00076699256897,
					"bytes":	0,
					"bits_per_second":	0,
					"jitter_ms":	0.015310269616977217,
					"lost_packets":	0,
					"packets":	0,
					"lost_percent":	0,
					"omitted":	false,
					"sender":	false
				}],
			"sum":	{
				"start":	1073.001099,
				"end":	1074.001866,
				"seconds":	1.00076699256897,
				"bytes":	0,
				"bits_per_second":	0,
				"jitter_ms":	0.015310269616977217,
				"lost_packets":	0,
				"packets":	0,
				"lost_percent":	0,
				"omitted":	false,
				"sender":	false
			}
		}, {
			"streams":	[{
					"socket":	5,
					"start":	1074.001866,
					"end":	1075.001947,
					"seconds":	1.000080943107605,
					"bytes":	0,
					"bits_per_second":	0,
					"jitter_ms":	0.015310269616977217,
					"lost_packets":	0,
					"packets":	0,
					"lost_percent":	0,
					"omitted":	false,
					"sender":	false
				}],
			"sum":	{
				"start":	1074.001866,
				"end":	1075.001947,
				"seconds":	1.000080943107605,
				"bytes":	0,
				"bits_per_second":	0,
				"jitter_ms":	0.015310269616977217,
				"lost_packets":	0,
				"packets":	0,
				"lost_percent":	0,
				"omitted":	false,
				"sender":	false
			}
		}, {
			"streams":	[{
					"socket":	5,
					"start":	1075.001947,
					"end":	1076.001868,
					"seconds":	0.99992102384567261,
					"bytes":	0,
					"bits_per_second":	0,
					"jitter_ms":	0.015310269616977217,
					"lost_packets":	0,
					"packets":	0,
					"lost_percent":	0,
					"omitted":	false,
					"sender":	false
				}],
			"sum":	{
				"start":	1075.001947,
				"end":	1076.001868,
				"seconds":	0.99992102384567261,
				"bytes":	0,
				"bits_per_second":	0,
				"jitter_ms":	0.015310269616977217,
				"lost_packets":	0,
				"packets":	0,
				"lost_percent":	0,
				"omitted":	false,
				"sender":	false
			}
		}, {
			"streams":	[{
					"socket":	5,
					"start":	1076.001868,
					"end":	1077.001867,
					"seconds":	0.99999898672103882,
					"bytes":	0,
					"bits_per_second":	0,
					"jitter_ms":	0.015310269616977217,
					"lost_packets":	0,
					"packets":	0,
					"lost_percent":	0,
					"omitted":	false,
					"sender":	false
				}],
			"sum":	{
				"start":	1076.001868,
				"end":	1077.001867,
				"seconds":	0.99999898672103882,
				"bytes":	0,
				"bits_per_second":	0,
				"jitter_ms":	0.015310269616977217,
				"lost_packets":	0,
				"packets":	0,
				"lost_percent":	0,
				"omitted":	false,
				"sender":	false
			}
		}, {
			"streams":	[{
					"socket":	5,
					"start":	1077.001867,
					"end":	1078.001143,
					"seconds":	0.99927598237991333,
					"bytes":	0,
					"bits_per_second":	0,
					"jitter_ms":	0.015310269616977217,
					"lost_packets":	0,
					"packets":	0,
					"lost_percent":	0,
					"omitted":	false,
					"sender":	false
				}],
			"sum":	{
				"start":	1077.001867,
				"end":	1078.001143,
				"seconds":	0.99927598237991333,
				"bytes":	0,
				"bits_per_second":	0,
				"jitter_ms":	0.015310269616977217,
				"lost_packets":	0,
				"packets":	0,
				"lost_percent":	0,
				"omitted":	false,
				"sender":	false
			}
		}, {
			"streams":	[{
					"socket":	5,
					"start":	1078.001143,
					"end":	1079.001868,
					"seconds":	1.0007250308990479,
					"bytes":	0,
					"bits_per_second":	0,
					"jitter_ms":	0.015310269616977217,
					"lost_packets":	0,
					"packets":	0,
					"lost_percent":	0,
					"omitted":	false,
					"sender":	false
				}],
			"sum":	{
				"start":	1078.001143,
				"end":	1079.001868,
				"seconds":	1.0007250308990479,
				"bytes":	0,
				"bits_per_second":	0,
				"jitter_ms":	0.015310269616977217,
				"lost_packets":	0,
				"packets":	0,
				"lost_percent":	0,
				"omitted":	false,
				"sender":	false
			}
		}, {
			"streams":	[{
					"socket":	5,
					"start":	1079.001868,
					"end":	1080.00113,
					"seconds":	0.999261975288391,
					"bytes":	0,
					"bits_per_second":	0,
					"jitter_ms":	0.015310269616977217,
					"lost_packets":	0,
					"packets":	0,
					"lost_percent":	0,
					"omitted":	false,
					"sender":	false
				}],
			"sum":	{
				"start":	1079.001868,
				"end":	1080.00113,
				"seconds":	0.999261975288391,
				"bytes":	0,
				"bits_per_second":	0,
				"jitter_ms":	0.015310269616977217,
				"lost_packets":	0,
				"packets":	0,
				"lost_percent":	0,
				"omitted":	false,
				"sender":	false
			}
		}, {
			"streams":	[{
					"socket":	5,
					"start":	1080.00113,
					"end":	1081.002965,
					"seconds":	1.0018349885940552,
					"bytes":	0,
					"bits_per_second":	0,
					"jitter_ms":	0.015310269616977217,
					"lost_packets":	0,
					"packets":	0,
					"lost_percent":	0,
					"omitted":	false,
					"sender":	false
				}],
			"sum":	{
				"start":	1080.00113,
				"end":	1081.002965,
				"seconds":	1.0018349885940552,
				"bytes":	0,
				"bits_per_second":	0,
				"jitter_ms":	0.015310269616977217,
				"lost_packets":	0,
				"packets":	0,
				"lost_percent":	0,
				"omitted":	false,
				"sender":	false
			}
		}, {
			"streams":	[{
					"socket":	5,
					"start":	1081.002965,
					"end":	1082.001803,
					"seconds":	0.99883800745010376,
					"bytes":	0,
					"bits_per_second":	0,
					"jitter_ms":	0.015310269616977217,
					"lost_packets":	0,
					"packets":	0,
					"lost_percent":	0,
					"omitted":	false,
					"sender":	false
				}],
			"sum":	{
				"start":	1081.002965,
				"end":	1082.001803,
				"seconds":	0.99883800745010376,
				"bytes":	0,
				"bits_per_second":	0,
				"jitter_ms":	0.015310269616977217,
				"lost_packets":	0,
				"packets":	0,
				"lost_percent":	0,
				"omitted":	false,
				"sender":	false
			}
		}, {
			"streams":	[{
					"socket":	5,
					"start":	1082.001803,
					"end":	1083.001878,
					"seconds":	1.0000749826431274,
					"bytes":	0,
					"bits_per_second":	0,
					"jitter_ms":	0.015310269616977217,
					"lost_packets":	0,
					"packets":	0,
					"lost_percent":	0,
					"omitted":	false,
					"sender":	false
				}],
			"sum":	{
				"start":	1082.001803,
				"end":	1083.001878,
				"seconds":	1.0000749826431274,
				"bytes":	0,
				"bits_per_second":	0,
				"jitter_ms":	0.015310269616977217,
				"lost_packets":	0,
				"packets":	0,
				"lost_percent":	0,
				"omitted":	false,
				"sender":	false
			}
		}, {
			"streams":	[{
					"socket":	5,
					"start":	1083.001878,
					"end":	1084.001894,
					"seconds":	1.0000159740448,
					"bytes":	0,
					"bits_per_second":	0,
					"jitter_ms":	0.015310269616977217,
					"lost_packets":	0,
					"packets":	0,
					"lost_percent":	0,
					"omitted":	false,
					"sender":	false
				}],
			"sum":	{
				"start":	1083.001878,
				"end":	1084.001894,
				"seconds":	1.0000159740448,
				"bytes":	0,
				"bits_per_second":	0,
				"jitter_ms":	0.015310269616977217,
				"lost_packets":	0,
				"packets":	0,
				"lost_percent":	0,
				"omitted":	false,
				"sender":	false
			}
		}, {
			"streams":	[{
					"socket":	5,
					"start":	1084.001894,
					"end":	1085.001825,
					"seconds":	0.99993097782135,
					"bytes":	0,
					"bits_per_second":	0,
					"jitter_ms":	0.015310269616977217,
					"lost_packets":	0,
					"packets":	0,
					"lost_percent":	0,
					"omitted":	false,
					"sender":	false
				}],
			"sum":	{
				"start":	1084.001894,
				"end":	1085.001825,
				"seconds":	0.99993097782135,
				"bytes":	0,
				"bits_per_second":	0,
				"jitter_ms":	0.015310269616977217,
				"lost_packets":	0,
				"packets":	0,
				"lost_percent":	0,
				"omitted":	false,
				"sender":	false
			}
		}, {
			"streams":	[{
					"socket":	5,
					"start":	1085.001825,
					"end":	1086.001804,
					"seconds":	0.999979019165039,
					"bytes":	0,
					"bits_per_second":	0,
					"jitter_ms":	0.015310269616977217,
					"lost_packets":	0,
					"packets":	0,
					"lost_percent":	0,
					"omitted":	false,
					"sender":	false
				}],
			"sum":	{
				"start":	1085.001825,
				"end":	1086.001804,
				"seconds":	0.999979019165039,
				"bytes":	0,
				"bits_per_second":	0,
				"jitter_ms":	0.015310269616977217,
				"lost_packets":	0,
				"packets":	0,
				"lost_percent":	0,
				"omitted":	false,
				"sender":	false
			}
		}, {
			"streams":	[{
					"socket":	5,
					"start":	1086.001804,
					"end":	1087.001834,
					"seconds":	1.0000300407409668,
					"bytes":	0,
					"bits_per_second":	0,
					"jitter_ms":	0.015310269616977217,
					"lost_packets":	0,
					"packets":	0,
					"lost_percent":	0,
					"omitted":	false,
					"sender":	false
				}],
			"sum":	{
				"start":	1086.001804,
				"end":	1087.001834,
				"seconds":	1.0000300407409668,
				"bytes":	0,
				"bits_per_second":	0,
				"jitter_ms":	0.015310269616977217,
				"lost_packets":	0,
				"packets":	0,
				"lost_percent":	0,
				"omitted":	false,
				"sender":	false
			}
		}, {
			"streams":	[{
					"socket":	5,
					"start":	1087.001834,
					"end":	1088.00188,
					"seconds":	1.0000460147857666,
					"bytes":	0,
					"bits_per_second":	0,
					"jitter_ms":	0.015310269616977217,
					"lost_packets":	0,
					"packets":	0,
					"lost_percent":	0,
					"omitted":	false,
					"sender":	false
				}],
			"sum":	{
				"start":	1087.001834,
				"end":	1088.00188,
				"seconds":	1.0000460147857666,
				"bytes":	0,
				"bits_per_second":	0,
				"jitter_ms":	0.015310269616977217,
				"lost_packets":	0,
				"packets":	0,
				"lost_percent":	0,
				"omitted":	false,
				"sender":	false
			}
		}, {
			"streams":	[{
					"socket":	5,
					"start":	1088.00188,
					"end":	1089.001826,
					"seconds":	0.9999459981918335,
					"bytes":	0,
					"bits_per_second":	0,
					"jitter_ms":	0.015310269616977217,
					"lost_packets":	0,
					"packets":	0,
					"lost_percent":	0,
					"omitted":	false,
					"sender":	false
				}],
			"sum":	{
				"start":	1088.00188,
				"end":	1089.001826,
				"seconds":	0.9999459981918335,
				"bytes":	0,
				"bits_per_second":	0,
				"jitter_ms":	0.015310269616977217,
				"lost_packets":	0,
				"packets":	0,
				"lost_percent":	0,
				"omitted":	false,
				"sender":	false
			}
		}, {
			"streams":	[{
					"socket":	5,
					"start":	1089.001826,
					"end":	1090.0019,
					"seconds":	1.000074028968811,
					"bytes":	0,
					"bits_per_second":	0,
					"jitter_ms":	0.015310269616977217,
					"lost_packets":	0,
					"packets":	0,
					"lost_percent":	0,
					"omitted":	false,
					"sender":	false
				}],
			"sum":	{
				"start":	1089.001826,
				"end":	1090.0019,
				"seconds":	1.000074028968811,
				"bytes":	0,
				"bits_per_second":	0,
				"jitter_ms":	0.015310269616977217,
				"lost_packets":	0,
				"packets":	0,
				"lost_percent":	0,
				"omitted":	false,
				"sender":	false
			}
		}, {
			"streams":	[{
					"socket":	5,
					"start":	1090.0019,
					"end":	1091.00184,
					"seconds":	0.99993997812271118,
					"bytes":	0,
					"bits_per_second":	0,
					"jitter_ms":	0.015310269616977217,
					"lost_packets":	0,
					"packets":	0,
					"lost_percent":	0,
					"omitted":	false,
					"sender":	false
				}],
			"sum":	{
				"start":	1090.0019,
				"end":	1091.00184,
				"seconds":	0.99993997812271118,
				"bytes":	0,
				"bits_per_second":	0,
				"jitter_ms":	0.015310269616977217,
				"lost_packets":	0,
				"packets":	0,
				"lost_percent":	0,
				"omitted":	false,
				"sender":	false
			}
		}, {
			"streams":	[{
					"socket":	5,
					"start":	1091.00184,
					"end":	1092.001815,
					"seconds":	0.999975025653839,
					"bytes":	0,
					"bits_per_second":	0,
					"jitter_ms":	0.015310269616977217,
					"lost_packets":	0,
					"packets":	0,
					"lost_percent":	0,
					"omitted":	false,
					"sender":	false
				}],
			"sum":	{
				"start":	1091.00184,
				"end":	1092.001815,
				"seconds":	0.999975025653839,
				"bytes":	0,
				"bits_per_second":	0,
				"jitter_ms":	0.015310269616977217,
				"lost_packets":	0,
				"packets":	0,
				"lost_percent":	0,
				"omitted":	false,
				"sender":	false
			}
		}, {
			"streams":	[{
					"socket":	5,
					"start":	1092.001815,
					"end":	1093.001844,
					"seconds":	1.0000289678573608,
					"bytes":	0,
					"bits_per_second":	0,
					"jitter_ms":	0.015310269616977217,
					"lost_packets":	0,
					"packets":	0,
					"lost_percent":	0,
					"omitted":	false,
					"sender":	false
				}],
			"sum":	{
				"start":	1092.001815,
				"end":	1093.001844,
				"seconds":	1.0000289678573608,
				"bytes":	0,
				"bits_per_second":	0,
				"jitter_ms":	0.015310269616977217,
				"lost_packets":	0,
				"packets":	0,
				"lost_percent":	0,
				"omitted":	false,
				"sender":	false
			}
		}, {
			"streams":	[{
					"socket":	5,
					"start":	1093.001844,
					"end":	1094.001824,
					"seconds":	0.99997997283935547,
					"bytes":	0,
					"bits_per_second":	0,
					"jitter_ms":	0.015310269616977217,
					"lost_packets":	0,
					"packets":	0,
					"lost_percent":	0,
					"omitted":	false,
					"sender":	false
				}],
			"sum":	{
				"start":	1093.001844,
				"end":	1094.001824,
				"seconds":	0.99997997283935547,
				"bytes":	0,
				"bits_per_second":	0,
				"jitter_ms":	0.015310269616977217,
				"lost_packets":	0,
				"packets":	0,
				"lost_percent":	0,
				"omitted":	false,
				"sender":	false
			}
		}, {
			"streams":	[{
					"socket":	5,
					"start":	1094.001824,
					"end":	1095.00187,
					"seconds":	1.0000460147857666,
					"bytes":	0,
					"bits_per_second":	0,
					"jitter_ms":	0.015310269616977217,
					"lost_packets":	0,
					"packets":	0,
					"lost_percent":	0,
					"omitted":	false,
					"sender":	false
				}],
			"sum":	{
				"start":	1094.001824,
				"end":	1095.00187,
				"seconds":	1.0000460147857666,
				"bytes":	0,
				"bits_per_second":	0,
				"jitter_ms":	0.015310269616977217,
				"lost_packets":	0,
				"packets":	0,
				"lost_percent":	0,
				"omitted":	false,
				"sender":	false
			}
		}, {
			"streams":	[{
					"socket":	5,
					"start":	1095.00187,
					"end":	1096.001877,
					"seconds":	1.0000070333480835,
					"bytes":	0,
					"bits_per_second":	0,
					"jitter_ms":	0.015310269616977217,
					"lost_packets":	0,
					"packets":	0,
					"lost_percent":	0,
					"omitted":	false,
					"sender":	false
				}],
			"sum":	{
				"start":	1095.00187,
				"end":	1096.001877,
				"seconds":	1.0000070333480835,
				"bytes":	0,
				"bits_per_second":	0,
				"jitter_ms":	0.015310269616977217,
				"lost_packets":	0,
				"packets":	0,
				"lost_percent":	0,
				"omitted":	false,
				"sender":	false
			}
		}, {
			"streams":	[{
					"socket":	5,
					"start":	1096.001877,
					"end":	1097.001136,
					"seconds":	0.99925899505615234,
					"bytes":	0,
					"bits_per_second":	0,
					"jitter_ms":	0.015310269616977217,
					"lost_packets":	0,
					"packets":	0,
					"lost_percent":	0,
					"omitted":	false,
					"sender":	false
				}],
			"sum":	{
				"start":	1096.001877,
				"end":	1097.001136,
				"seconds":	0.99925899505615234,
				"bytes":	0,
				"bits_per_second":	0,
				"jitter_ms":	0.015310269616977217,
				"lost_packets":	0,
				"packets":	0,
				"lost_percent":	0,
				"omitted":	false,
				"sender":	false
			}
		}, {
			"streams":	[{
					"socket":	5,
					"start":	1097.001136,
					"end":	1098.001994,
					"seconds":	1.000857949256897,
					"bytes":	0,
					"bits_per_second":	0,
					"jitter_ms":	0.015310269616977217,
					"lost_packets":	0,
					"packets":	0,
					"lost_percent":	0,
					"omitted":	false,
					"sender":	false
				}],
			"sum":	{
				"start":	1097.001136,
				"end":	1098.001994,
				"seconds":	1.000857949256897,
				"bytes":	0,
				"bits_per_second":	0,
				"jitter_ms":	0.015310269616977217,
				"lost_packets":	0,
				"packets":	0,
				"lost_percent":	0,
				"omitted":	false,
				"sender":	false
			}
		}, {
			"streams":	[{
					"socket":	5,
					"start":	1098.001994,
					"end":	1099.001138,
					"seconds":	0.99914401769638062,
					"bytes":	0,
					"bits_per_second":	0,
					"jitter_ms":	0.015310269616977217,
					"lost_packets":	0,
					"packets":	0,
					"lost_percent":	0,
					"omitted":	false,
					"sender":	false
				}],
			"sum":	{
				"start":	1098.001994,
				"end":	1099.001138,
				"seconds":	0.99914401769638062,
				"bytes":	0,
				"bits_per_second":	0,
				"jitter_ms":	0.015310269616977217,
				"lost_packets":	0,
				"packets":	0,
				"lost_percent":	0,
				"omitted":	false,
				"sender":	false
			}
		}, {
			"streams":	[{
					"socket":	5,
					"start":	1099.001138,
					"end":	1100.001119,
					"seconds":	0.99998098611831665,
					"bytes":	0,
					"bits_per_second":	0,
					"jitter_ms":	0.015310269616977217,
					"lost_packets":	0,
					"packets":	0,
					"lost_percent":	0,
					"omitted":	false,
					"sender":	false
				}],
			"sum":	{
				"start":	1099.001138,
				"end":	1100.001119,
				"seconds":	0.99998098611831665,
				"bytes":	0,
				"bits_per_second":	0,
				"jitter_ms":	0.015310269616977217,
				"lost_packets":	0,
				"packets":	0,
				"lost_percent":	0,
				"omitted":	false,
				"sender":	false
			}
		}, {
			"streams":	[{
					"socket":	5,
					"start":	1100.001119,
					"end":	1101.001113,
					"seconds":	0.99999397993087769,
					"bytes":	0,
					"bits_per_second":	0,
					"jitter_ms":	0.015310269616977217,
					"lost_packets":	0,
					"packets":	0,
					"lost_percent":	0,
					"omitted":	false,
					"sender":	false
				}],
			"sum":	{
				"start":	1100.001119,
				"end":	1101.001113,
				"seconds":	0.99999397993087769,
				"bytes":	0,
				"bits_per_second":	0,
				"jitter_ms":	0.015310269616977217,
				"lost_packets":	0,
				"packets":	0,
				"lost_percent":	0,
				"omitted":	false,
				"sender":	false
			}
		}, {
			"streams":	[{
					"socket":	5,
					"start":	1101.001113,
					"end":	1102.001875,
					"seconds":	1.0007619857788086,
					"bytes":	0,
					"bits_per_second":	0,
					"jitter_ms":	0.015310269616977217,
					"lost_packets":	0,
					"packets":	0,
					"lost_percent":	0,
					"omitted":	false,
					"sender":	false
				}],
			"sum":	{
				"start":	1101.001113,
				"end":	1102.001875,
				"seconds":	1.0007619857788086,
				"bytes":	0,
				"bits_per_second":	0,
				"jitter_ms":	0.015310269616977217,
				"lost_packets":	0,
				"packets":	0,
				"lost_percent":	0,
				"omitted":	false,
				"sender":	false
			}
		}, {
			"streams":	[{
					"socket":	5,
					"start":	1102.001875,
					"end":	1103.001833,
					"seconds":	0.99995797872543335,
					"bytes":	0,
					"bits_per_second":	0,
					"jitter_ms":	0.015310269616977217,
					"lost_packets":	0,
					"packets":	0,
					"lost_percent":	0,
					"omitted":	false,
					"sender":	false
				}],
			"sum":	{
				"start":	1102.001875,
				"end":	1103.001833,
				"seconds":	0.99995797872543335,
				"bytes":	0,
				"bits_per_second":	0,
				"jitter_ms":	0.015310269616977217,
				"lost_packets":	0,
				"packets":	0,
				"lost_percent":	0,
				"omitted":	false,
				"sender":	false
			}
		}, {
			"streams":	[{
					"socket":	5,
					"start":	1102.001875,
					"end":	1103.001833,
					"seconds":	0.99995797872543335,
					"bytes":	0,
					"bits_per_second":	0,
					"jitter_ms":	0.015310269616977217,
					"lost_packets":	0,
					"packets":	0,
					"lost_percent":	0,
					"omitted":	false,
					"sender":	false
				}],
			"sum":	{
				"start":	1102.001875,
				"end":	1103.001833,
				"seconds":	0.99995797872543335,
				"bytes":	0,
				"bits_per_second":	0,
				"jitter_ms":	0.015310269616977217,
				"lost_packets":	0,
				"packets":	0,
				"lost_percent":	0,
				"omitted":	false,
				"sender":	false
			}
		}],
	"end":	{
	},
	"error":	"idle timeout for receiving data"
}
